service_date,route_id,trip_id,stop_id,arrival_time,departure_time,stop_sequence,direction_id,direction
2025-01-01,Red,trip_00000,stop_001,05:00:00,05:01:00,1,0,Outbound
2025-01-02,Orange,trip_00001,stop_002,06:01:00,06:02:00,2,1,Inbound
2025-01-03,Red,trip_00002,stop_003,07:02:00,07:03:00,3,0,Outbound
2025-01-04,Orange,trip_00003,stop_004,08:03:00,08:04:00,4,1,Inbound
2025-01-05,Red,trip_00004,stop_005,09:04:00,09:05:00,5,0,Outbound
2025-01-06,Orange,trip_00005,stop_006,10:05:00,10:06:00,6,1,Inbound
2025-01-07,Red,trip_00006,stop_007,11:06:00,11:07:00,7,0,Outbound
2025-01-08,Orange,trip_00007,stop_008,12:07:00,12:08:00,8,1,Inbound
2025-01-09,Red,trip_00008,stop_009,13:08:00,13:09:00,9,0,Outbound
2025-01-10,Orange,trip_00009,stop_010,14:09:00,14:10:00,10,1,Inbound
2025-01-11,Red,trip_00010,stop_011,15:10:00,15:11:00,11,0,Outbound
2025-01-12,Orange,trip_00011,stop_012,16:11:00,16:12:00,12,1,Inbound
2025-01-13,Red,trip_00012,stop_013,17:12:00,17:13:00,13,0,Outbound
2025-01-14,Orange,trip_00013,stop_014,18:13:00,18:14:00,14,1,Inbound
2025-01-15,Red,trip_00014,stop_015,19:14:00,19:15:00,15,0,Outbound
2025-01-16,Orange,trip_00015,stop_016,20:15:00,20:16:00,16,1,Inbound
2025-01-17,Red,trip_00016,stop_017,21:16:00,21:17:00,17,0,Outbound
2025-01-18,Orange,trip_00017,stop_018,22:17:00,22:18:00,18,1,Inbound
2025-01-19,Red,trip_00018,stop_019,05:18:00,05:19:00,19,0,Outbound
2025-01-20,Orange,trip_00019,stop_020,06:19:00,06:20:00,20,1,Inbound
2025-01-21,Red,trip_00020,stop_021,07:20:00,07:21:00,21,0,Outbound
2025-01-22,Orange,trip_00021,stop_022,08:21:00,08:22:00,22,1,Inbound
2025-01-23,Red,trip_00022,stop_023,09:22:00,09:23:00,23,0,Outbound
2025-01-24,Orange,trip_00023,stop_024,10:23:00,10:24:00,24,1,Inbound
2025-01-25,Red,trip_00024,stop_025,11:24:00,11:25:00,25,0,Outbound
2025-01-26,Orange,trip_00025,stop_026,12:25:00,12:26:00,1,1,Inbound
2025-01-27,Red,trip_00026,stop_027,13:26:00,13:27:00,2,0,Outbound
2025-01-28,Orange,trip_00027,stop_028,14:27:00,14:28:00,3,1,Inbound
2025-01-29,Red,trip_00028,stop_029,15:28:00,15:29:00,4,0,Outbound
2025-01-30,Orange,trip_00029,stop_030,16:29:00,16:30:00,5,1,Inbound
2025-01-31,Red,trip_00030,stop_001,17:30:00,17:31:00,6,0,Outbound
2025-01-01,Orange,trip_00031,stop_002,18:31:00,18:32:00,7,1,Inbound
2025-01-02,Red,trip_00032,stop_003,19:32:00,19:33:00,8,0,Outbound
2025-01-03,Orange,trip_00033,stop_004,20:33:00,20:34:00,9,1,Inbound
2025-01-04,Red,trip_00034,stop_005,21:34:00,21:35:00,10,0,Outbound
2025-01-05,Orange,trip_00035,stop_006,22:35:00,22:36:00,11,1,Inbound
2025-01-06,Red,trip_00036,stop_007,05:36:00,05:37:00,12,0,Outbound
2025-01-07,Orange,trip_00037,stop_008,06:37:00,06:38:00,13,1,Inbound
2025-01-08,Red,trip_00038,stop_009,07:38:00,07:39:00,14,0,Outbound
2025-01-09,Orange,trip_00039,stop_010,08:39:00,08:40:00,15,1,Inbound
2025-01-10,Red,trip_00040,stop_011,09:40:00,09:41:00,16,0,Outbound
2025-01-11,Orange,trip_00041,stop_012,10:41:00,10:42:00,17,1,Inbound
2025-01-12,Red,trip_00042,stop_013,11:42:00,11:43:00,18,0,Outbound
2025-01-13,Orange,trip_00043,stop_014,12:43:00,12:44:00,19,1,Inbound
2025-01-14,Red,trip_00044,stop_015,13:44:00,13:45:00,20,0,Outbound
2025-01-15,Orange,trip_00045,stop_016,14:45:00,14:46:00,21,1,Inbound
2025-01-16,Red,trip_00046,stop_017,15:46:00,15:47:00,22,0,Outbound
2025-01-17,Orange,trip_00047,stop_018,16:47:00,16:48:00,23,1,Inbound
2025-01-18,Red,trip_00048,stop_019,17:48:00,17:49:00,24,0,Outbound
2025-01-19,Orange,trip_00049,stop_020,18:49:00,18:50:00,25,1,Inbound
2025-01-20,Red,trip_00050,stop_021,19:50:00,19:51:00,1,0,Outbound
2025-01-21,Orange,trip_00051,stop_022,20:51:00,20:52:00,2,1,Inbound
2025-01-22,Red,trip_00052,stop_023,21:52:00,21:53:00,3,0,Outbound
2025-01-23,Orange,trip_00053,stop_024,22:53:00,22:54:00,4,1,Inbound
2025-01-24,Red,trip_00054,stop_025,05:54:00,05:55:00,5,0,Outbound
2025-01-25,Orange,trip_00055,stop_026,06:55:00,06:56:00,6,1,Inbound
2025-01-26,Red,trip_00056,stop_027,07:56:00,07:57:00,7,0,Outbound
2025-01-27,Orange,trip_00057,stop_028,08:57:00,08:58:00,8,1,Inbound
2025-01-28,Red,trip_00058,stop_029,09:58:00,09:59:00,9,0,Outbound
2025-01-29,Orange,trip_00059,stop_030,10:59:00,10:00:00,10,1,Inbound
2025-01-30,Red,trip_00060,stop_001,11:00:00,11:01:00,11,0,Outbound
2025-01-31,Orange,trip_00061,stop_002,12:01:00,12:02:00,12,1,Inbound
2025-01-01,Red,trip_00062,stop_003,13:02:00,13:03:00,13,0,Outbound
2025-01-02,Orange,trip_00063,stop_004,14:03:00,14:04:00,14,1,Inbound
2025-01-03,Red,trip_00064,stop_005,15:04:00,15:05:00,15,0,Outbound
2025-01-04,Orange,trip_00065,stop_006,16:05:00,16:06:00,16,1,Inbound
2025-01-05,Red,trip_00066,stop_007,17:06:00,17:07:00,17,0,Outbound
2025-01-06,Orange,trip_00067,stop_008,18:07:00,18:08:00,18,1,Inbound
2025-01-07,Red,trip_00068,stop_009,19:08:00,19:09:00,19,0,Outbound
2025-01-08,Orange,trip_00069,stop_010,20:09:00,20:10:00,20,1,Inbound
2025-01-09,Red,trip_00070,stop_011,21:10:00,21:11:00,21,0,Outbound
2025-01-10,Orange,trip_00071,stop_012,22:11:00,22:12:00,22,1,Inbound
2025-01-11,Red,trip_00072,stop_013,05:12:00,05:13:00,23,0,Outbound
2025-01-12,Orange,trip_00073,stop_014,06:13:00,06:14:00,24,1,Inbound
2025-01-13,Red,trip_00074,stop_015,07:14:00,07:15:00,25,0,Outbound
2025-01-14,Orange,trip_00075,stop_016,08:15:00,08:16:00,1,1,Inbound
2025-01-15,Red,trip_00076,stop_017,09:16:00,09:17:00,2,0,Outbound
2025-01-16,Orange,trip_00077,stop_018,10:17:00,10:18:00,3,1,Inbound
2025-01-17,Red,trip_00078,stop_019,11:18:00,11:19:00,4,0,Outbound
2025-01-18,Orange,trip_00079,stop_020,12:19:00,12:20:00,5,1,Inbound
2025-01-19,Red,trip_00080,stop_021,13:20:00,13:21:00,6,0,Outbound
2025-01-20,Orange,trip_00081,stop_022,14:21:00,14:22:00,7,1,Inbound
2025-01-21,Red,trip_00082,stop_023,15:22:00,15:23:00,8,0,Outbound
2025-01-22,Orange,trip_00083,stop_024,16:23:00,16:24:00,9,1,Inbound
2025-01-23,Red,trip_00084,stop_025,17:24:00,17:25:00,10,0,Outbound
2025-01-24,Orange,trip_00085,stop_026,18:25:00,18:26:00,11,1,Inbound
2025-01-25,Red,trip_00086,stop_027,19:26:00,19:27:00,12,0,Outbound
2025-01-26,Orange,trip_00087,stop_028,20:27:00,20:28:00,13,1,Inbound
2025-01-27,Red,trip_00088,stop_029,21:28:00,21:29:00,14,0,Outbound
2025-01-28,Orange,trip_00089,stop_030,22:29:00,22:30:00,15,1,Inbound
2025-01-29,Red,trip_00090,stop_001,05:30:00,05:31:00,16,0,Outbound
2025-01-30,Orange,trip_00091,stop_002,06:31:00,06:32:00,17,1,Inbound
2025-01-31,Red,trip_00092,stop_003,07:32:00,07:33:00,18,0,Outbound
2025-01-01,Orange,trip_00093,stop_004,08:33:00,08:34:00,19,1,Inbound
2025-01-02,Red,trip_00094,stop_005,09:34:00,09:35:00,20,0,Outbound
2025-01-03,Orange,trip_00095,stop_006,10:35:00,10:36:00,21,1,Inbound
2025-01-04,Red,trip_00096,stop_007,11:36:00,11:37:00,22,0,Outbound
2025-01-05,Orange,trip_00097,stop_008,12:37:00,12:38:00,23,1,Inbound
2025-01-06,Red,trip_00098,stop_009,13:38:00,13:39:00,24,0,Outbound
2025-01-07,Orange,trip_00099,stop_010,14:39:00,14:40:00,25,1,Inbound
2025-01-08,Red,trip_00100,stop_011,15:40:00,15:41:00,1,0,Outbound
2025-01-09,Orange,trip_00101,stop_012,16:41:00,16:42:00,2,1,Inbound
2025-01-10,Red,trip_00102,stop_013,17:42:00,17:43:00,3,0,Outbound
2025-01-11,Orange,trip_00103,stop_014,18:43:00,18:44:00,4,1,Inbound
2025-01-12,Red,trip_00104,stop_015,19:44:00,19:45:00,5,0,Outbound
2025-01-13,Orange,trip_00105,stop_016,20:45:00,20:46:00,6,1,Inbound
2025-01-14,Red,trip_00106,stop_017,21:46:00,21:47:00,7,0,Outbound
2025-01-15,Orange,trip_00107,stop_018,22:47:00,22:48:00,8,1,Inbound
2025-01-16,Red,trip_00108,stop_019,05:48:00,05:49:00,9,0,Outbound
2025-01-17,Orange,trip_00109,stop_020,06:49:00,06:50:00,10,1,Inbound
2025-01-18,Red,trip_00110,stop_021,07:50:00,07:51:00,11,0,Outbound
2025-01-19,Orange,trip_00111,stop_022,08:51:00,08:52:00,12,1,Inbound
2025-01-20,Red,trip_00112,stop_023,09:52:00,09:53:00,13,0,Outbound
2025-01-21,Orange,trip_00113,stop_024,10:53:00,10:54:00,14,1,Inbound
2025-01-22,Red,trip_00114,stop_025,11:54:00,11:55:00,15,0,Outbound
2025-01-23,Orange,trip_00115,stop_026,12:55:00,12:56:00,16,1,Inbound
2025-01-24,Red,trip_00116,stop_027,13:56:00,13:57:00,17,0,Outbound
2025-01-25,Orange,trip_00117,stop_028,14:57:00,14:58:00,18,1,Inbound
2025-01-26,Red,trip_00118,stop_029,15:58:00,15:59:00,19,0,Outbound
2025-01-27,Orange,trip_00119,stop_030,16:59:00,16:00:00,20,1,Inbound
2025-01-28,Red,trip_00120,stop_001,17:00:00,17:01:00,21,0,Outbound
2025-01-29,Orange,trip_00121,stop_002,18:01:00,18:02:00,22,1,Inbound
2025-01-30,Red,trip_00122,stop_003,19:02:00,19:03:00,23,0,Outbound
2025-01-31,Orange,trip_00123,stop_004,20:03:00,20:04:00,24,1,Inbound
2025-01-01,Red,trip_00124,stop_005,21:04:00,21:05:00,25,0,Outbound
2025-01-02,Orange,trip_00125,stop_006,22:05:00,22:06:00,1,1,Inbound
2025-01-03,Red,trip_00126,stop_007,05:06:00,05:07:00,2,0,Outbound
2025-01-04,Orange,trip_00127,stop_008,06:07:00,06:08:00,3,1,Inbound
2025-01-05,Red,trip_00128,stop_009,07:08:00,07:09:00,4,0,Outbound
2025-01-06,Orange,trip_00129,stop_010,08:09:00,08:10:00,5,1,Inbound
2025-01-07,Red,trip_00130,stop_011,09:10:00,09:11:00,6,0,Outbound
2025-01-08,Orange,trip_00131,stop_012,10:11:00,10:12:00,7,1,Inbound
2025-01-09,Red,trip_00132,stop_013,11:12:00,11:13:00,8,0,Outbound
2025-01-10,Orange,trip_00133,stop_014,12:13:00,12:14:00,9,1,Inbound
2025-01-11,Red,trip_00134,stop_015,13:14:00,13:15:00,10,0,Outbound
2025-01-12,Orange,trip_00135,stop_016,14:15:00,14:16:00,11,1,Inbound
2025-01-13,Red,trip_00136,stop_017,15:16:00,15:17:00,12,0,Outbound
2025-01-14,Orange,trip_00137,stop_018,16:17:00,16:18:00,13,1,Inbound
2025-01-15,Red,trip_00138,stop_019,17:18:00,17:19:00,14,0,Outbound
2025-01-16,Orange,trip_00139,stop_020,18:19:00,18:20:00,15,1,Inbound
2025-01-17,Red,trip_00140,stop_021,19:20:00,19:21:00,16,0,Outbound
2025-01-18,Orange,trip_00141,stop_022,20:21:00,20:22:00,17,1,Inbound
2025-01-19,Red,trip_00142,stop_023,21:22:00,21:23:00,18,0,Outbound
2025-01-20,Orange,trip_00143,stop_024,22:23:00,22:24:00,19,1,Inbound
2025-01-21,Red,trip_00144,stop_025,05:24:00,05:25:00,20,0,Outbound
2025-01-22,Orange,trip_00145,stop_026,06:25:00,06:26:00,21,1,Inbound
2025-01-23,Red,trip_00146,stop_027,07:26:00,07:27:00,22,0,Outbound
2025-01-24,Orange,trip_00147,stop_028,08:27:00,08:28:00,23,1,Inbound
2025-01-25,Red,trip_00148,stop_029,09:28:00,09:29:00,24,0,Outbound
2025-01-26,Orange,trip_00149,stop_030,10:29:00,10:30:00,25,1,Inbound
2025-01-27,Red,trip_00150,stop_001,11:30:00,11:31:00,1,0,Outbound
2025-01-28,Orange,trip_00151,stop_002,12:31:00,12:32:00,2,1,Inbound
2025-01-29,Red,trip_00152,stop_003,13:32:00,13:33:00,3,0,Outbound
2025-01-30,Orange,trip_00153,stop_004,14:33:00,14:34:00,4,1,Inbound
2025-01-31,Red,trip_00154,stop_005,15:34:00,15:35:00,5,0,Outbound
2025-01-01,Orange,trip_00155,stop_006,16:35:00,16:36:00,6,1,Inbound
2025-01-02,Red,trip_00156,stop_007,17:36:00,17:37:00,7,0,Outbound
2025-01-03,Orange,trip_00157,stop_008,18:37:00,18:38:00,8,1,Inbound
2025-01-04,Red,trip_00158,stop_009,19:38:00,19:39:00,9,0,Outbound
2025-01-05,Orange,trip_00159,stop_010,20:39:00,20:40:00,10,1,Inbound
2025-01-06,Red,trip_00160,stop_011,21:40:00,21:41:00,11,0,Outbound
2025-01-07,Orange,trip_00161,stop_012,22:41:00,22:42:00,12,1,Inbound
2025-01-08,Red,trip_00162,stop_013,05:42:00,05:43:00,13,0,Outbound
2025-01-09,Orange,trip_00163,stop_014,06:43:00,06:44:00,14,1,Inbound
2025-01-10,Red,trip_00164,stop_015,07:44:00,07:45:00,15,0,Outbound
2025-01-11,Orange,trip_00165,stop_016,08:45:00,08:46:00,16,1,Inbound
2025-01-12,Red,trip_00166,stop_017,09:46:00,09:47:00,17,0,Outbound
2025-01-13,Orange,trip_00167,stop_018,10:47:00,10:48:00,18,1,Inbound
2025-01-14,Red,trip_00168,stop_019,11:48:00,11:49:00,19,0,Outbound
2025-01-15,Orange,trip_00169,stop_020,12:49:00,12:50:00,20,1,Inbound
2025-01-16,Red,trip_00170,stop_021,13:50:00,13:51:00,21,0,Outbound
2025-01-17,Orange,trip_00171,stop_022,14:51:00,14:52:00,22,1,Inbound
2025-01-18,Red,trip_00172,stop_023,15:52:00,15:53:00,23,0,Outbound
2025-01-19,Orange,trip_00173,stop_024,16:53:00,16:54:00,24,1,Inbound
2025-01-20,Red,trip_00174,stop_025,17:54:00,17:55:00,25,0,Outbound
2025-01-21,Orange,trip_00175,stop_026,18:55:00,18:56:00,1,1,Inbound
2025-01-22,Red,trip_00176,stop_027,19:56:00,19:57:00,2,0,Outbound
2025-01-23,Orange,trip_00177,stop_028,20:57:00,20:58:00,3,1,Inbound
2025-01-24,Red,trip_00178,stop_029,21:58:00,21:59:00,4,0,Outbound
2025-01-25,Orange,trip_00179,stop_030,22:59:00,22:00:00,5,1,Inbound
2025-01-26,Red,trip_00180,stop_001,05:00:00,05:01:00,6,0,Outbound
2025-01-27,Orange,trip_00181,stop_002,06:01:00,06:02:00,7,1,Inbound
2025-01-28,Red,trip_00182,stop_003,07:02:00,07:03:00,8,0,Outbound
2025-01-29,Orange,trip_00183,stop_004,08:03:00,08:04:00,9,1,Inbound
2025-01-30,Red,trip_00184,stop_005,09:04:00,09:05:00,10,0,Outbound
2025-01-31,Orange,trip_00185,stop_006,10:05:00,10:06:00,11,1,Inbound
2025-01-01,Red,trip_00186,stop_007,11:06:00,11:07:00,12,0,Outbound
2025-01-02,Orange,trip_00187,stop_008,12:07:00,12:08:00,13,1,Inbound
2025-01-03,Red,trip_00188,stop_009,13:08:00,13:09:00,14,0,Outbound
2025-01-04,Orange,trip_00189,stop_010,14:09:00,14:10:00,15,1,Inbound
2025-01-05,Red,trip_00190,stop_011,15:10:00,15:11:00,16,0,Outbound
2025-01-06,Orange,trip_00191,stop_012,16:11:00,16:12:00,17,1,Inbound
2025-01-07,Red,trip_00192,stop_013,17:12:00,17:13:00,18,0,Outbound
2025-01-08,Orange,trip_00193,stop_014,18:13:00,18:14:00,19,1,Inbound
2025-01-09,Red,trip_00194,stop_015,19:14:00,19:15:00,20,0,Outbound
2025-01-10,Orange,trip_00195,stop_016,20:15:00,20:16:00,21,1,Inbound
2025-01-11,Red,trip_00196,stop_017,21:16:00,21:17:00,22,0,Outbound
2025-01-12,Orange,trip_00197,stop_018,22:17:00,22:18:00,23,1,Inbound
2025-01-13,Red,trip_00198,stop_019,05:18:00,05:19:00,24,0,Outbound
2025-01-14,Orange,trip_00199,stop_020,06:19:00,06:20:00,25,1,Inbound
2025-01-15,Red,trip_00200,stop_021,07:20:00,07:21:00,1,0,Outbound
2025-01-16,Orange,trip_00201,stop_022,08:21:00,08:22:00,2,1,Inbound
2025-01-17,Red,trip_00202,stop_023,09:22:00,09:23:00,3,0,Outbound
2025-01-18,Orange,trip_00203,stop_024,10:23:00,10:24:00,4,1,Inbound
2025-01-19,Red,trip_00204,stop_025,11:24:00,11:25:00,5,0,Outbound
2025-01-20,Orange,trip_00205,stop_026,12:25:00,12:26:00,6,1,Inbound
2025-01-21,Red,trip_00206,stop_027,13:26:00,13:27:00,7,0,Outbound
2025-01-22,Orange,trip_00207,stop_028,14:27:00,14:28:00,8,1,Inbound
2025-01-23,Red,trip_00208,stop_029,15:28:00,15:29:00,9,0,Outbound
2025-01-24,Orange,trip_00209,stop_030,16:29:00,16:30:00,10,1,Inbound
2025-01-25,Red,trip_00210,stop_001,17:30:00,17:31:00,11,0,Outbound
2025-01-26,Orange,trip_00211,stop_002,18:31:00,18:32:00,12,1,Inbound
2025-01-27,Red,trip_00212,stop_003,19:32:00,19:33:00,13,0,Outbound
2025-01-28,Orange,trip_00213,stop_004,20:33:00,20:34:00,14,1,Inbound
2025-01-29,Red,trip_00214,stop_005,21:34:00,21:35:00,15,0,Outbound
2025-01-30,Orange,trip_00215,stop_006,22:35:00,22:36:00,16,1,Inbound
2025-01-31,Red,trip_00216,stop_007,05:36:00,05:37:00,17,0,Outbound
2025-01-01,Orange,trip_00217,stop_008,06:37:00,06:38:00,18,1,Inbound
2025-01-02,Red,trip_00218,stop_009,07:38:00,07:39:00,19,0,Outbound
2025-01-03,Orange,trip_00219,stop_010,08:39:00,08:40:00,20,1,Inbound
2025-01-04,Red,trip_00220,stop_011,09:40:00,09:41:00,21,0,Outbound
2025-01-05,Orange,trip_00221,stop_012,10:41:00,10:42:00,22,1,Inbound
2025-01-06,Red,trip_00222,stop_013,11:42:00,11:43:00,23,0,Outbound
2025-01-07,Orange,trip_00223,stop_014,12:43:00,12:44:00,24,1,Inbound
2025-01-08,Red,trip_00224,stop_015,13:44:00,13:45:00,25,0,Outbound
2025-01-09,Orange,trip_00225,stop_016,14:45:00,14:46:00,1,1,Inbound
2025-01-10,Red,trip_00226,stop_017,15:46:00,15:47:00,2,0,Outbound
2025-01-11,Orange,trip_00227,stop_018,16:47:00,16:48:00,3,1,Inbound
2025-01-12,Red,trip_00228,stop_019,17:48:00,17:49:00,4,0,Outbound
2025-01-13,Orange,trip_00229,stop_020,18:49:00,18:50:00,5,1,Inbound
2025-01-14,Red,trip_00230,stop_021,19:50:00,19:51:00,6,0,Outbound
2025-01-15,Orange,trip_00231,stop_022,20:51:00,20:52:00,7,1,Inbound
2025-01-16,Red,trip_00232,stop_023,21:52:00,21:53:00,8,0,Outbound
2025-01-17,Orange,trip_00233,stop_024,22:53:00,22:54:00,9,1,Inbound
2025-01-18,Red,trip_00234,stop_025,05:54:00,05:55:00,10,0,Outbound
2025-01-19,Orange,trip_00235,stop_026,06:55:00,06:56:00,11,1,Inbound
2025-01-20,Red,trip_00236,stop_027,07:56:00,07:57:00,12,0,Outbound
2025-01-21,Orange,trip_00237,stop_028,08:57:00,08:58:00,13,1,Inbound
2025-01-22,Red,trip_00238,stop_029,09:58:00,09:59:00,14,0,Outbound
2025-01-23,Orange,trip_00239,stop_030,10:59:00,10:00:00,15,1,Inbound
2025-01-24,Red,trip_00240,stop_001,11:00:00,11:01:00,16,0,Outbound
2025-01-25,Orange,trip_00241,stop_002,12:01:00,12:02:00,17,1,Inbound
2025-01-26,Red,trip_00242,stop_003,13:02:00,13:03:00,18,0,Outbound
2025-01-27,Orange,trip_00243,stop_004,14:03:00,14:04:00,19,1,Inbound
2025-01-28,Red,trip_00244,stop_005,15:04:00,15:05:00,20,0,Outbound
2025-01-29,Orange,trip_00245,stop_006,16:05:00,16:06:00,21,1,Inbound
2025-01-30,Red,trip_00246,stop_007,17:06:00,17:07:00,22,0,Outbound
2025-01-31,Orange,trip_00247,stop_008,18:07:00,18:08:00,23,1,Inbound
2025-01-01,Red,trip_00248,stop_009,19:08:00,19:09:00,24,0,Outbound
2025-01-02,Orange,trip_00249,stop_010,20:09:00,20:10:00,25,1,Inbound
2025-01-03,Red,trip_00250,stop_011,21:10:00,21:11:00,1,0,Outbound
2025-01-04,Orange,trip_00251,stop_012,22:11:00,22:12:00,2,1,Inbound
2025-01-05,Red,trip_00252,stop_013,05:12:00,05:13:00,3,0,Outbound
2025-01-06,Orange,trip_00253,stop_014,06:13:00,06:14:00,4,1,Inbound
2025-01-07,Red,trip_00254,stop_015,07:14:00,07:15:00,5,0,Outbound
2025-01-08,Orange,trip_00255,stop_016,08:15:00,08:16:00,6,1,Inbound
2025-01-09,Red,trip_00256,stop_017,09:16:00,09:17:00,7,0,Outbound
2025-01-10,Orange,trip_00257,stop_018,10:17:00,10:18:00,8,1,Inbound
2025-01-11,Red,trip_00258,stop_019,11:18:00,11:19:00,9,0,Outbound
2025-01-12,Orange,trip_00259,stop_020,12:19:00,12:20:00,10,1,Inbound
2025-01-13,Red,trip_00260,stop_021,13:20:00,13:21:00,11,0,Outbound
2025-01-14,Orange,trip_00261,stop_022,14:21:00,14:22:00,12,1,Inbound
2025-01-15,Red,trip_00262,stop_023,15:22:00,15:23:00,13,0,Outbound
2025-01-16,Orange,trip_00263,stop_024,16:23:00,16:24:00,14,1,Inbound
2025-01-17,Red,trip_00264,stop_025,17:24:00,17:25:00,15,0,Outbound
2025-01-18,Orange,trip_00265,stop_026,18:25:00,18:26:00,16,1,Inbound
2025-01-19,Red,trip_00266,stop_027,19:26:00,19:27:00,17,0,Outbound
2025-01-20,Orange,trip_00267,stop_028,20:27:00,20:28:00,18,1,Inbound
2025-01-21,Red,trip_00268,stop_029,21:28:00,21:29:00,19,0,Outbound
2025-01-22,Orange,trip_00269,stop_030,22:29:00,22:30:00,20,1,Inbound
2025-01-23,Red,trip_00270,stop_001,05:30:00,05:31:00,21,0,Outbound
2025-01-24,Orange,trip_00271,stop_002,06:31:00,06:32:00,22,1,Inbound
2025-01-25,Red,trip_00272,stop_003,07:32:00,07:33:00,23,0,Outbound
2025-01-26,Orange,trip_00273,stop_004,08:33:00,08:34:00,24,1,Inbound
2025-01-27,Red,trip_00274,stop_005,09:34:00,09:35:00,25,0,Outbound
2025-01-28,Orange,trip_00275,stop_006,10:35:00,10:36:00,1,1,Inbound
2025-01-29,Red,trip_00276,stop_007,11:36:00,11:37:00,2,0,Outbound
2025-01-30,Orange,trip_00277,stop_008,12:37:00,12:38:00,3,1,Inbound
2025-01-31,Red,trip_00278,stop_009,13:38:00,13:39:00,4,0,Outbound
2025-01-01,Orange,trip_00279,stop_010,14:39:00,14:40:00,5,1,Inbound
2025-01-02,Red,trip_00280,stop_011,15:40:00,15:41:00,6,0,Outbound
2025-01-03,Orange,trip_00281,stop_012,16:41:00,16:42:00,7,1,Inbound
2025-01-04,Red,trip_00282,stop_013,17:42:00,17:43:00,8,0,Outbound
2025-01-05,Orange,trip_00283,stop_014,18:43:00,18:44:00,9,1,Inbound
2025-01-06,Red,trip_00284,stop_015,19:44:00,19:45:00,10,0,Outbound
2025-01-07,Orange,trip_00285,stop_016,20:45:00,20:46:00,11,1,Inbound
2025-01-08,Red,trip_00286,stop_017,21:46:00,21:47:00,12,0,Outbound
2025-01-09,Orange,trip_00287,stop_018,22:47:00,22:48:00,13,1,Inbound
2025-01-10,Red,trip_00288,stop_019,05:48:00,05:49:00,14,0,Outbound
2025-01-11,Orange,trip_00289,stop_020,06:49:00,06:50:00,15,1,Inbound
2025-01-12,Red,trip_00290,stop_021,07:50:00,07:51:00,16,0,Outbound
2025-01-13,Orange,trip_00291,stop_022,08:51:00,08:52:00,17,1,Inbound
2025-01-14,Red,trip_00292,stop_023,09:52:00,09:53:00,18,0,Outbound
2025-01-15,Orange,trip_00293,stop_024,10:53:00,10:54:00,19,1,Inbound
2025-01-16,Red,trip_00294,stop_025,11:54:00,11:55:00,20,0,Outbound
2025-01-17,Orange,trip_00295,stop_026,12:55:00,12:56:00,21,1,Inbound
2025-01-18,Red,trip_00296,stop_027,13:56:00,13:57:00,22,0,Outbound
2025-01-19,Orange,trip_00297,stop_028,14:57:00,14:58:00,23,1,Inbound
2025-01-20,Red,trip_00298,stop_029,15:58:00,15:59:00,24,0,Outbound
2025-01-21,Orange,trip_00299,stop_030,16:59:00,16:00:00,25,1,Inbound
2025-01-22,Red,trip_00300,stop_001,17:00:00,17:01:00,1,0,Outbound
2025-01-23,Orange,trip_00301,stop_002,18:01:00,18:02:00,2,1,Inbound
2025-01-24,Red,trip_00302,stop_003,19:02:00,19:03:00,3,0,Outbound
2025-01-25,Orange,trip_00303,stop_004,20:03:00,20:04:00,4,1,Inbound
2025-01-26,Red,trip_00304,stop_005,21:04:00,21:05:00,5,0,Outbound
2025-01-27,Orange,trip_00305,stop_006,22:05:00,22:06:00,6,1,Inbound
2025-01-28,Red,trip_00306,stop_007,05:06:00,05:07:00,7,0,Outbound
2025-01-29,Orange,trip_00307,stop_008,06:07:00,06:08:00,8,1,Inbound
2025-01-30,Red,trip_00308,stop_009,07:08:00,07:09:00,9,0,Outbound
2025-01-31,Orange,trip_00309,stop_010,08:09:00,08:10:00,10,1,Inbound
2025-01-01,Red,trip_00310,stop_011,09:10:00,09:11:00,11,0,Outbound
2025-01-02,Orange,trip_00311,stop_012,10:11:00,10:12:00,12,1,Inbound
2025-01-03,Red,trip_00312,stop_013,11:12:00,11:13:00,13,0,Outbound
2025-01-04,Orange,trip_00313,stop_014,12:13:00,12:14:00,14,1,Inbound
2025-01-05,Red,trip_00314,stop_015,13:14:00,13:15:00,15,0,Outbound
2025-01-06,Orange,trip_00315,stop_016,14:15:00,14:16:00,16,1,Inbound
2025-01-07,Red,trip_00316,stop_017,15:16:00,15:17:00,17,0,Outbound
2025-01-08,Orange,trip_00317,stop_018,16:17:00,16:18:00,18,1,Inbound
2025-01-09,Red,trip_00318,stop_019,17:18:00,17:19:00,19,0,Outbound
2025-01-10,Orange,trip_00319,stop_020,18:19:00,18:20:00,20,1,Inbound
2025-01-11,Red,trip_00320,stop_021,19:20:00,19:21:00,21,0,Outbound
2025-01-12,Orange,trip_00321,stop_022,20:21:00,20:22:00,22,1,Inbound
2025-01-13,Red,trip_00322,stop_023,21:22:00,21:23:00,23,0,Outbound
2025-01-14,Orange,trip_00323,stop_024,22:23:00,22:24:00,24,1,Inbound
2025-01-15,Red,trip_00324,stop_025,05:24:00,05:25:00,25,0,Outbound
2025-01-16,Orange,trip_00325,stop_026,06:25:00,06:26:00,1,1,Inbound
2025-01-17,Red,trip_00326,stop_027,07:26:00,07:27:00,2,0,Outbound
2025-01-18,Orange,trip_00327,stop_028,08:27:00,08:28:00,3,1,Inbound
2025-01-19,Red,trip_00328,stop_029,09:28:00,09:29:00,4,0,Outbound
2025-01-20,Orange,trip_00329,stop_030,10:29:00,10:30:00,5,1,Inbound
2025-01-21,Red,trip_00330,stop_001,11:30:00,11:31:00,6,0,Outbound
2025-01-22,Orange,trip_00331,stop_002,12:31:00,12:32:00,7,1,Inbound
2025-01-23,Red,trip_00332,stop_003,13:32:00,13:33:00,8,0,Outbound
2025-01-24,Orange,trip_00333,stop_004,14:33:00,14:34:00,9,1,Inbound
2025-01-25,Red,trip_00334,stop_005,15:34:00,15:35:00,10,0,Outbound
2025-01-26,Orange,trip_00335,stop_006,16:35:00,16:36:00,11,1,Inbound
2025-01-27,Red,trip_00336,stop_007,17:36:00,17:37:00,12,0,Outbound
2025-01-28,Orange,trip_00337,stop_008,18:37:00,18:38:00,13,1,Inbound
2025-01-29,Red,trip_00338,stop_009,19:38:00,19:39:00,14,0,Outbound
2025-01-30,Orange,trip_00339,stop_010,20:39:00,20:40:00,15,1,Inbound
2025-01-31,Red,trip_00340,stop_011,21:40:00,21:41:00,16,0,Outbound
2025-01-01,Orange,trip_00341,stop_012,22:41:00,22:42:00,17,1,Inbound
2025-01-02,Red,trip_00342,stop_013,05:42:00,05:43:00,18,0,Outbound
2025-01-03,Orange,trip_00343,stop_014,06:43:00,06:44:00,19,1,Inbound
2025-01-04,Red,trip_00344,stop_015,07:44:00,07:45:00,20,0,Outbound
2025-01-05,Orange,trip_00345,stop_016,08:45:00,08:46:00,21,1,Inbound
2025-01-06,Red,trip_00346,stop_017,09:46:00,09:47:00,22,0,Outbound
2025-01-07,Orange,trip_00347,stop_018,10:47:00,10:48:00,23,1,Inbound
2025-01-08,Red,trip_00348,stop_019,11:48:00,11:49:00,24,0,Outbound
2025-01-09,Orange,trip_00349,stop_020,12:49:00,12:50:00,25,1,Inbound
2025-01-10,Red,trip_00350,stop_021,13:50:00,13:51:00,1,0,Outbound
2025-01-11,Orange,trip_00351,stop_022,14:51:00,14:52:00,2,1,Inbound
2025-01-12,Red,trip_00352,stop_023,15:52:00,15:53:00,3,0,Outbound
2025-01-13,Orange,trip_00353,stop_024,16:53:00,16:54:00,4,1,Inbound
2025-01-14,Red,trip_00354,stop_025,17:54:00,17:55:00,5,0,Outbound
2025-01-15,Orange,trip_00355,stop_026,18:55:00,18:56:00,6,1,Inbound
2025-01-16,Red,trip_00356,stop_027,19:56:00,19:57:00,7,0,Outbound
2025-01-17,Orange,trip_00357,stop_028,20:57:00,20:58:00,8,1,Inbound
2025-01-18,Red,trip_00358,stop_029,21:58:00,21:59:00,9,0,Outbound
2025-01-19,Orange,trip_00359,stop_030,22:59:00,22:00:00,10,1,Inbound
2025-01-20,Red,trip_00360,stop_001,05:00:00,05:01:00,11,0,Outbound
2025-01-21,Orange,trip_00361,stop_002,06:01:00,06:02:00,12,1,Inbound
2025-01-22,Red,trip_00362,stop_003,07:02:00,07:03:00,13,0,Outbound
2025-01-23,Orange,trip_00363,stop_004,08:03:00,08:04:00,14,1,Inbound
2025-01-24,Red,trip_00364,stop_005,09:04:00,09:05:00,15,0,Outbound
2025-01-25,Orange,trip_00365,stop_006,10:05:00,10:06:00,16,1,Inbound
2025-01-26,Red,trip_00366,stop_007,11:06:00,11:07:00,17,0,Outbound
2025-01-27,Orange,trip_00367,stop_008,12:07:00,12:08:00,18,1,Inbound
2025-01-28,Red,trip_00368,stop_009,13:08:00,13:09:00,19,0,Outbound
2025-01-29,Orange,trip_00369,stop_010,14:09:00,14:10:00,20,1,Inbound
2025-01-30,Red,trip_00370,stop_011,15:10:00,15:11:00,21,0,Outbound
2025-01-31,Orange,trip_00371,stop_012,16:11:00,16:12:00,22,1,Inbound
2025-01-01,Red,trip_00372,stop_013,17:12:00,17:13:00,23,0,Outbound
2025-01-02,Orange,trip_00373,stop_014,18:13:00,18:14:00,24,1,Inbound
2025-01-03,Red,trip_00374,stop_015,19:14:00,19:15:00,25,0,Outbound
2025-01-04,Orange,trip_00375,stop_016,20:15:00,20:16:00,1,1,Inbound
2025-01-05,Red,trip_00376,stop_017,21:16:00,21:17:00,2,0,Outbound
2025-01-06,Orange,trip_00377,stop_018,22:17:00,22:18:00,3,1,Inbound
2025-01-07,Red,trip_00378,stop_019,05:18:00,05:19:00,4,0,Outbound
2025-01-08,Orange,trip_00379,stop_020,06:19:00,06:20:00,5,1,Inbound
2025-01-09,Red,trip_00380,stop_021,07:20:00,07:21:00,6,0,Outbound
2025-01-10,Orange,trip_00381,stop_022,08:21:00,08:22:00,7,1,Inbound
2025-01-11,Red,trip_00382,stop_023,09:22:00,09:23:00,8,0,Outbound
2025-01-12,Orange,trip_00383,stop_024,10:23:00,10:24:00,9,1,Inbound
2025-01-13,Red,trip_00384,stop_025,11:24:00,11:25:00,10,0,Outbound
2025-01-14,Orange,trip_00385,stop_026,12:25:00,12:26:00,11,1,Inbound
2025-01-15,Red,trip_00386,stop_027,13:26:00,13:27:00,12,0,Outbound
2025-01-16,Orange,trip_00387,stop_028,14:27:00,14:28:00,13,1,Inbound
2025-01-17,Red,trip_00388,stop_029,15:28:00,15:29:00,14,0,Outbound
2025-01-18,Orange,trip_00389,stop_030,16:29:00,16:30:00,15,1,Inbound
2025-01-19,Red,trip_00390,stop_001,17:30:00,17:31:00,16,0,Outbound
2025-01-20,Orange,trip_00391,stop_002,18:31:00,18:32:00,17,1,Inbound
2025-01-21,Red,trip_00392,stop_003,19:32:00,19:33:00,18,0,Outbound
2025-01-22,Orange,trip_00393,stop_004,20:33:00,20:34:00,19,1,Inbound
2025-01-23,Red,trip_00394,stop_005,21:34:00,21:35:00,20,0,Outbound
2025-01-24,Orange,trip_00395,stop_006,22:35:00,22:36:00,21,1,Inbound
2025-01-25,Red,trip_00396,stop_007,05:36:00,05:37:00,22,0,Outbound
2025-01-26,Orange,trip_00397,stop_008,06:37:00,06:38:00,23,1,Inbound
2025-01-27,Red,trip_00398,stop_009,07:38:00,07:39:00,24,0,Outbound
2025-01-28,Orange,trip_00399,stop_010,08:39:00,08:40:00,25,1,Inbound
2025-01-29,Red,trip_00400,stop_011,09:40:00,09:41:00,1,0,Outbound
2025-01-30,Orange,trip_00401,stop_012,10:41:00,10:42:00,2,1,Inbound
2025-01-31,Red,trip_00402,stop_013,11:42:00,11:43:00,3,0,Outbound
2025-01-01,Orange,trip_00403,stop_014,12:43:00,12:44:00,4,1,Inbound
2025-01-02,Red,trip_00404,stop_015,13:44:00,13:45:00,5,0,Outbound
2025-01-03,Orange,trip_00405,stop_016,14:45:00,14:46:00,6,1,Inbound
2025-01-04,Red,trip_00406,stop_017,15:46:00,15:47:00,7,0,Outbound
2025-01-05,Orange,trip_00407,stop_018,16:47:00,16:48:00,8,1,Inbound
2025-01-06,Red,trip_00408,stop_019,17:48:00,17:49:00,9,0,Outbound
2025-01-07,Orange,trip_00409,stop_020,18:49:00,18:50:00,10,1,Inbound
2025-01-08,Red,trip_00410,stop_021,19:50:00,19:51:00,11,0,Outbound
2025-01-09,Orange,trip_00411,stop_022,20:51:00,20:52:00,12,1,Inbound
2025-01-10,Red,trip_00412,stop_023,21:52:00,21:53:00,13,0,Outbound
2025-01-11,Orange,trip_00413,stop_024,22:53:00,22:54:00,14,1,Inbound
2025-01-12,Red,trip_00414,stop_025,05:54:00,05:55:00,15,0,Outbound
2025-01-13,Orange,trip_00415,stop_026,06:55:00,06:56:00,16,1,Inbound
2025-01-14,Red,trip_00416,stop_027,07:56:00,07:57:00,17,0,Outbound
2025-01-15,Orange,trip_00417,stop_028,08:57:00,08:58:00,18,1,Inbound
2025-01-16,Red,trip_00418,stop_029,09:58:00,09:59:00,19,0,Outbound
2025-01-17,Orange,trip_00419,stop_030,10:59:00,10:00:00,20,1,Inbound
2025-01-18,Red,trip_00420,stop_001,11:00:00,11:01:00,21,0,Outbound
2025-01-19,Orange,trip_00421,stop_002,12:01:00,12:02:00,22,1,Inbound
2025-01-20,Red,trip_00422,stop_003,13:02:00,13:03:00,23,0,Outbound
2025-01-21,Orange,trip_00423,stop_004,14:03:00,14:04:00,24,1,Inbound
2025-01-22,Red,trip_00424,stop_005,15:04:00,15:05:00,25,0,Outbound
2025-01-23,Orange,trip_00425,stop_006,16:05:00,16:06:00,1,1,Inbound
2025-01-24,Red,trip_00426,stop_007,17:06:00,17:07:00,2,0,Outbound
2025-01-25,Orange,trip_00427,stop_008,18:07:00,18:08:00,3,1,Inbound
2025-01-26,Red,trip_00428,stop_009,19:08:00,19:09:00,4,0,Outbound
2025-01-27,Orange,trip_00429,stop_010,20:09:00,20:10:00,5,1,Inbound
2025-01-28,Red,trip_00430,stop_011,21:10:00,21:11:00,6,0,Outbound
2025-01-29,Orange,trip_00431,stop_012,22:11:00,22:12:00,7,1,Inbound
2025-01-30,Red,trip_00432,stop_013,05:12:00,05:13:00,8,0,Outbound
2025-01-31,Orange,trip_00433,stop_014,06:13:00,06:14:00,9,1,Inbound
2025-01-01,Red,trip_00434,stop_015,07:14:00,07:15:00,10,0,Outbound
2025-01-02,Orange,trip_00435,stop_016,08:15:00,08:16:00,11,1,Inbound
2025-01-03,Red,trip_00436,stop_017,09:16:00,09:17:00,12,0,Outbound
2025-01-04,Orange,trip_00437,stop_018,10:17:00,10:18:00,13,1,Inbound
2025-01-05,Red,trip_00438,stop_019,11:18:00,11:19:00,14,0,Outbound
2025-01-06,Orange,trip_00439,stop_020,12:19:00,12:20:00,15,1,Inbound
2025-01-07,Red,trip_00440,stop_021,13:20:00,13:21:00,16,0,Outbound
2025-01-08,Orange,trip_00441,stop_022,14:21:00,14:22:00,17,1,Inbound
2025-01-09,Red,trip_00442,stop_023,15:22:00,15:23:00,18,0,Outbound
2025-01-10,Orange,trip_00443,stop_024,16:23:00,16:24:00,19,1,Inbound
2025-01-11,Red,trip_00444,stop_025,17:24:00,17:25:00,20,0,Outbound
2025-01-12,Orange,trip_00445,stop_026,18:25:00,18:26:00,21,1,Inbound
2025-01-13,Red,trip_00446,stop_027,19:26:00,19:27:00,22,0,Outbound
2025-01-14,Orange,trip_00447,stop_028,20:27:00,20:28:00,23,1,Inbound
2025-01-15,Red,trip_00448,stop_029,21:28:00,21:29:00,24,0,Outbound
2025-01-16,Orange,trip_00449,stop_030,22:29:00,22:30:00,25,1,Inbound
2025-01-17,Red,trip_00450,stop_001,05:30:00,05:31:00,1,0,Outbound
2025-01-18,Orange,trip_00451,stop_002,06:31:00,06:32:00,2,1,Inbound
2025-01-19,Red,trip_00452,stop_003,07:32:00,07:33:00,3,0,Outbound
2025-01-20,Orange,trip_00453,stop_004,08:33:00,08:34:00,4,1,Inbound
2025-01-21,Red,trip_00454,stop_005,09:34:00,09:35:00,5,0,Outbound
2025-01-22,Orange,trip_00455,stop_006,10:35:00,10:36:00,6,1,Inbound
2025-01-23,Red,trip_00456,stop_007,11:36:00,11:37:00,7,0,Outbound
2025-01-24,Orange,trip_00457,stop_008,12:37:00,12:38:00,8,1,Inbound
2025-01-25,Red,trip_00458,stop_009,13:38:00,13:39:00,9,0,Outbound
2025-01-26,Orange,trip_00459,stop_010,14:39:00,14:40:00,10,1,Inbound
2025-01-27,Red,trip_00460,stop_011,15:40:00,15:41:00,11,0,Outbound
2025-01-28,Orange,trip_00461,stop_012,16:41:00,16:42:00,12,1,Inbound
2025-01-29,Red,trip_00462,stop_013,17:42:00,17:43:00,13,0,Outbound
2025-01-30,Orange,trip_00463,stop_014,18:43:00,18:44:00,14,1,Inbound
2025-01-31,Red,trip_00464,stop_015,19:44:00,19:45:00,15,0,Outbound
2025-01-01,Orange,trip_00465,stop_016,20:45:00,20:46:00,16,1,Inbound
2025-01-02,Red,trip_00466,stop_017,21:46:00,21:47:00,17,0,Outbound
2025-01-03,Orange,trip_00467,stop_018,22:47:00,22:48:00,18,1,Inbound
2025-01-04,Red,trip_00468,stop_019,05:48:00,05:49:00,19,0,Outbound
2025-01-05,Orange,trip_00469,stop_020,06:49:00,06:50:00,20,1,Inbound
2025-01-06,Red,trip_00470,stop_021,07:50:00,07:51:00,21,0,Outbound
2025-01-07,Orange,trip_00471,stop_022,08:51:00,08:52:00,22,1,Inbound
2025-01-08,Red,trip_00472,stop_023,09:52:00,09:53:00,23,0,Outbound
2025-01-09,Orange,trip_00473,stop_024,10:53:00,10:54:00,24,1,Inbound
2025-01-10,Red,trip_00474,stop_025,11:54:00,11:55:00,25,0,Outbound
2025-01-11,Orange,trip_00475,stop_026,12:55:00,12:56:00,1,1,Inbound
2025-01-12,Red,trip_00476,stop_027,13:56:00,13:57:00,2,0,Outbound
2025-01-13,Orange,trip_00477,stop_028,14:57:00,14:58:00,3,1,Inbound
2025-01-14,Red,trip_00478,stop_029,15:58:00,15:59:00,4,0,Outbound
2025-01-15,Orange,trip_00479,stop_030,16:59:00,16:00:00,5,1,Inbound
2025-01-16,Red,trip_00480,stop_001,17:00:00,17:01:00,6,0,Outbound
2025-01-17,Orange,trip_00481,stop_002,18:01:00,18:02:00,7,1,Inbound
2025-01-18,Red,trip_00482,stop_003,19:02:00,19:03:00,8,0,Outbound
2025-01-19,Orange,trip_00483,stop_004,20:03:00,20:04:00,9,1,Inbound
2025-01-20,Red,trip_00484,stop_005,21:04:00,21:05:00,10,0,Outbound
2025-01-21,Orange,trip_00485,stop_006,22:05:00,22:06:00,11,1,Inbound
2025-01-22,Red,trip_00486,stop_007,05:06:00,05:07:00,12,0,Outbound
2025-01-23,Orange,trip_00487,stop_008,06:07:00,06:08:00,13,1,Inbound
2025-01-24,Red,trip_00488,stop_009,07:08:00,07:09:00,14,0,Outbound
2025-01-25,Orange,trip_00489,stop_010,08:09:00,08:10:00,15,1,Inbound
2025-01-26,Red,trip_00490,stop_011,09:10:00,09:11:00,16,0,Outbound
2025-01-27,Orange,trip_00491,stop_012,10:11:00,10:12:00,17,1,Inbound
2025-01-28,Red,trip_00492,stop_013,11:12:00,11:13:00,18,0,Outbound
2025-01-29,Orange,trip_00493,stop_014,12:13:00,12:14:00,19,1,Inbound
2025-01-30,Red,trip_00494,stop_015,13:14:00,13:15:00,20,0,Outbound
2025-01-31,Orange,trip_00495,stop_016,14:15:00,14:16:00,21,1,Inbound
2025-01-01,Red,trip_00496,stop_017,15:16:00,15:17:00,22,0,Outbound
2025-01-02,Orange,trip_00497,stop_018,16:17:00,16:18:00,23,1,Inbound
2025-01-03,Red,trip_00498,stop_019,17:18:00,17:19:00,24,0,Outbound
2025-01-04,Orange,trip_00499,stop_020,18:19:00,18:20:00,25,1,Inbound
2025-01-05,Red,trip_00500,stop_021,19:20:00,19:21:00,1,0,Outbound
2025-01-06,Orange,trip_00501,stop_022,20:21:00,20:22:00,2,1,Inbound
2025-01-07,Red,trip_00502,stop_023,21:22:00,21:23:00,3,0,Outbound
2025-01-08,Orange,trip_00503,stop_024,22:23:00,22:24:00,4,1,Inbound
2025-01-09,Red,trip_00504,stop_025,05:24:00,05:25:00,5,0,Outbound
2025-01-10,Orange,trip_00505,stop_026,06:25:00,06:26:00,6,1,Inbound
2025-01-11,Red,trip_00506,stop_027,07:26:00,07:27:00,7,0,Outbound
2025-01-12,Orange,trip_00507,stop_028,08:27:00,08:28:00,8,1,Inbound
2025-01-13,Red,trip_00508,stop_029,09:28:00,09:29:00,9,0,Outbound
2025-01-14,Orange,trip_00509,stop_030,10:29:00,10:30:00,10,1,Inbound
2025-01-15,Red,trip_00510,stop_001,11:30:00,11:31:00,11,0,Outbound
2025-01-16,Orange,trip_00511,stop_002,12:31:00,12:32:00,12,1,Inbound
2025-01-17,Red,trip_00512,stop_003,13:32:00,13:33:00,13,0,Outbound
2025-01-18,Orange,trip_00513,stop_004,14:33:00,14:34:00,14,1,Inbound
2025-01-19,Red,trip_00514,stop_005,15:34:00,15:35:00,15,0,Outbound
2025-01-20,Orange,trip_00515,stop_006,16:35:00,16:36:00,16,1,Inbound
2025-01-21,Red,trip_00516,stop_007,17:36:00,17:37:00,17,0,Outbound
2025-01-22,Orange,trip_00517,stop_008,18:37:00,18:38:00,18,1,Inbound
2025-01-23,Red,trip_00518,stop_009,19:38:00,19:39:00,19,0,Outbound
2025-01-24,Orange,trip_00519,stop_010,20:39:00,20:40:00,20,1,Inbound
2025-01-25,Red,trip_00520,stop_011,21:40:00,21:41:00,21,0,Outbound
2025-01-26,Orange,trip_00521,stop_012,22:41:00,22:42:00,22,1,Inbound
2025-01-27,Red,trip_00522,stop_013,05:42:00,05:43:00,23,0,Outbound
2025-01-28,Orange,trip_00523,stop_014,06:43:00,06:44:00,24,1,Inbound
2025-01-29,Red,trip_00524,stop_015,07:44:00,07:45:00,25,0,Outbound
2025-01-30,Orange,trip_00525,stop_016,08:45:00,08:46:00,1,1,Inbound
2025-01-31,Red,trip_00526,stop_017,09:46:00,09:47:00,2,0,Outbound
2025-01-01,Orange,trip_00527,stop_018,10:47:00,10:48:00,3,1,Inbound
2025-01-02,Red,trip_00528,stop_019,11:48:00,11:49:00,4,0,Outbound
2025-01-03,Orange,trip_00529,stop_020,12:49:00,12:50:00,5,1,Inbound
2025-01-04,Red,trip_00530,stop_021,13:50:00,13:51:00,6,0,Outbound
2025-01-05,Orange,trip_00531,stop_022,14:51:00,14:52:00,7,1,Inbound
2025-01-06,Red,trip_00532,stop_023,15:52:00,15:53:00,8,0,Outbound
2025-01-07,Orange,trip_00533,stop_024,16:53:00,16:54:00,9,1,Inbound
2025-01-08,Red,trip_00534,stop_025,17:54:00,17:55:00,10,0,Outbound
2025-01-09,Orange,trip_00535,stop_026,18:55:00,18:56:00,11,1,Inbound
2025-01-10,Red,trip_00536,stop_027,19:56:00,19:57:00,12,0,Outbound
2025-01-11,Orange,trip_00537,stop_028,20:57:00,20:58:00,13,1,Inbound
2025-01-12,Red,trip_00538,stop_029,21:58:00,21:59:00,14,0,Outbound
2025-01-13,Orange,trip_00539,stop_030,22:59:00,22:00:00,15,1,Inbound
2025-01-14,Red,trip_00540,stop_001,05:00:00,05:01:00,16,0,Outbound
2025-01-15,Orange,trip_00541,stop_002,06:01:00,06:02:00,17,1,Inbound
2025-01-16,Red,trip_00542,stop_003,07:02:00,07:03:00,18,0,Outbound
2025-01-17,Orange,trip_00543,stop_004,08:03:00,08:04:00,19,1,Inbound
2025-01-18,Red,trip_00544,stop_005,09:04:00,09:05:00,20,0,Outbound
2025-01-19,Orange,trip_00545,stop_006,10:05:00,10:06:00,21,1,Inbound
2025-01-20,Red,trip_00546,stop_007,11:06:00,11:07:00,22,0,Outbound
2025-01-21,Orange,trip_00547,stop_008,12:07:00,12:08:00,23,1,Inbound
2025-01-22,Red,trip_00548,stop_009,13:08:00,13:09:00,24,0,Outbound
2025-01-23,Orange,trip_00549,stop_010,14:09:00,14:10:00,25,1,Inbound
2025-01-24,Red,trip_00550,stop_011,15:10:00,15:11:00,1,0,Outbound
2025-01-25,Orange,trip_00551,stop_012,16:11:00,16:12:00,2,1,Inbound
2025-01-26,Red,trip_00552,stop_013,17:12:00,17:13:00,3,0,Outbound
2025-01-27,Orange,trip_00553,stop_014,18:13:00,18:14:00,4,1,Inbound
2025-01-28,Red,trip_00554,stop_015,19:14:00,19:15:00,5,0,Outbound
2025-01-29,Orange,trip_00555,stop_016,20:15:00,20:16:00,6,1,Inbound
2025-01-30,Red,trip_00556,stop_017,21:16:00,21:17:00,7,0,Outbound
2025-01-31,Orange,trip_00557,stop_018,22:17:00,22:18:00,8,1,Inbound
2025-01-01,Red,trip_00558,stop_019,05:18:00,05:19:00,9,0,Outbound
2025-01-02,Orange,trip_00559,stop_020,06:19:00,06:20:00,10,1,Inbound
2025-01-03,Red,trip_00560,stop_021,07:20:00,07:21:00,11,0,Outbound
2025-01-04,Orange,trip_00561,stop_022,08:21:00,08:22:00,12,1,Inbound
2025-01-05,Red,trip_00562,stop_023,09:22:00,09:23:00,13,0,Outbound
2025-01-06,Orange,trip_00563,stop_024,10:23:00,10:24:00,14,1,Inbound
2025-01-07,Red,trip_00564,stop_025,11:24:00,11:25:00,15,0,Outbound
2025-01-08,Orange,trip_00565,stop_026,12:25:00,12:26:00,16,1,Inbound
2025-01-09,Red,trip_00566,stop_027,13:26:00,13:27:00,17,0,Outbound
2025-01-10,Orange,trip_00567,stop_028,14:27:00,14:28:00,18,1,Inbound
2025-01-11,Red,trip_00568,stop_029,15:28:00,15:29:00,19,0,Outbound
2025-01-12,Orange,trip_00569,stop_030,16:29:00,16:30:00,20,1,Inbound
2025-01-13,Red,trip_00570,stop_001,17:30:00,17:31:00,21,0,Outbound
2025-01-14,Orange,trip_00571,stop_002,18:31:00,18:32:00,22,1,Inbound
2025-01-15,Red,trip_00572,stop_003,19:32:00,19:33:00,23,0,Outbound
2025-01-16,Orange,trip_00573,stop_004,20:33:00,20:34:00,24,1,Inbound
2025-01-17,Red,trip_00574,stop_005,21:34:00,21:35:00,25,0,Outbound
2025-01-18,Orange,trip_00575,stop_006,22:35:00,22:36:00,1,1,Inbound
2025-01-19,Red,trip_00576,stop_007,05:36:00,05:37:00,2,0,Outbound
2025-01-20,Orange,trip_00577,stop_008,06:37:00,06:38:00,3,1,Inbound
2025-01-21,Red,trip_00578,stop_009,07:38:00,07:39:00,4,0,Outbound
2025-01-22,Orange,trip_00579,stop_010,08:39:00,08:40:00,5,1,Inbound
2025-01-23,Red,trip_00580,stop_011,09:40:00,09:41:00,6,0,Outbound
2025-01-24,Orange,trip_00581,stop_012,10:41:00,10:42:00,7,1,Inbound
2025-01-25,Red,trip_00582,stop_013,11:42:00,11:43:00,8,0,Outbound
2025-01-26,Orange,trip_00583,stop_014,12:43:00,12:44:00,9,1,Inbound
2025-01-27,Red,trip_00584,stop_015,13:44:00,13:45:00,10,0,Outbound
2025-01-28,Orange,trip_00585,stop_016,14:45:00,14:46:00,11,1,Inbound
2025-01-29,Red,trip_00586,stop_017,15:46:00,15:47:00,12,0,Outbound
2025-01-30,Orange,trip_00587,stop_018,16:47:00,16:48:00,13,1,Inbound
2025-01-31,Red,trip_00588,stop_019,17:48:00,17:49:00,14,0,Outbound
2025-01-01,Orange,trip_00589,stop_020,18:49:00,18:50:00,15,1,Inbound
2025-01-02,Red,trip_00590,stop_021,19:50:00,19:51:00,16,0,Outbound
2025-01-03,Orange,trip_00591,stop_022,20:51:00,20:52:00,17,1,Inbound
2025-01-04,Red,trip_00592,stop_023,21:52:00,21:53:00,18,0,Outbound
2025-01-05,Orange,trip_00593,stop_024,22:53:00,22:54:00,19,1,Inbound
2025-01-06,Red,trip_00594,stop_025,05:54:00,05:55:00,20,0,Outbound
2025-01-07,Orange,trip_00595,stop_026,06:55:00,06:56:00,21,1,Inbound
2025-01-08,Red,trip_00596,stop_027,07:56:00,07:57:00,22,0,Outbound
2025-01-09,Orange,trip_00597,stop_028,08:57:00,08:58:00,23,1,Inbound
2025-01-10,Red,trip_00598,stop_029,09:58:00,09:59:00,24,0,Outbound
2025-01-11,Orange,trip_00599,stop_030,10:59:00,10:00:00,25,1,Inbound
2025-01-12,Red,trip_00600,stop_001,11:00:00,11:01:00,1,0,Outbound
2025-01-13,Orange,trip_00601,stop_002,12:01:00,12:02:00,2,1,Inbound
2025-01-14,Red,trip_00602,stop_003,13:02:00,13:03:00,3,0,Outbound
2025-01-15,Orange,trip_00603,stop_004,14:03:00,14:04:00,4,1,Inbound
2025-01-16,Red,trip_00604,stop_005,15:04:00,15:05:00,5,0,Outbound
2025-01-17,Orange,trip_00605,stop_006,16:05:00,16:06:00,6,1,Inbound
2025-01-18,Red,trip_00606,stop_007,17:06:00,17:07:00,7,0,Outbound
2025-01-19,Orange,trip_00607,stop_008,18:07:00,18:08:00,8,1,Inbound
2025-01-20,Red,trip_00608,stop_009,19:08:00,19:09:00,9,0,Outbound
2025-01-21,Orange,trip_00609,stop_010,20:09:00,20:10:00,10,1,Inbound
2025-01-22,Red,trip_00610,stop_011,21:10:00,21:11:00,11,0,Outbound
2025-01-23,Orange,trip_00611,stop_012,22:11:00,22:12:00,12,1,Inbound
2025-01-24,Red,trip_00612,stop_013,05:12:00,05:13:00,13,0,Outbound
2025-01-25,Orange,trip_00613,stop_014,06:13:00,06:14:00,14,1,Inbound
2025-01-26,Red,trip_00614,stop_015,07:14:00,07:15:00,15,0,Outbound
2025-01-27,Orange,trip_00615,stop_016,08:15:00,08:16:00,16,1,Inbound
2025-01-28,Red,trip_00616,stop_017,09:16:00,09:17:00,17,0,Outbound
2025-01-29,Orange,trip_00617,stop_018,10:17:00,10:18:00,18,1,Inbound
2025-01-30,Red,trip_00618,stop_019,11:18:00,11:19:00,19,0,Outbound
2025-01-31,Orange,trip_00619,stop_020,12:19:00,12:20:00,20,1,Inbound
2025-01-01,Red,trip_00620,stop_021,13:20:00,13:21:00,21,0,Outbound
2025-01-02,Orange,trip_00621,stop_022,14:21:00,14:22:00,22,1,Inbound
2025-01-03,Red,trip_00622,stop_023,15:22:00,15:23:00,23,0,Outbound
2025-01-04,Orange,trip_00623,stop_024,16:23:00,16:24:00,24,1,Inbound
2025-01-05,Red,trip_00624,stop_025,17:24:00,17:25:00,25,0,Outbound
2025-01-06,Orange,trip_00625,stop_026,18:25:00,18:26:00,1,1,Inbound
2025-01-07,Red,trip_00626,stop_027,19:26:00,19:27:00,2,0,Outbound
2025-01-08,Orange,trip_00627,stop_028,20:27:00,20:28:00,3,1,Inbound
2025-01-09,Red,trip_00628,stop_029,21:28:00,21:29:00,4,0,Outbound
2025-01-10,Orange,trip_00629,stop_030,22:29:00,22:30:00,5,1,Inbound
2025-01-11,Red,trip_00630,stop_001,05:30:00,05:31:00,6,0,Outbound
2025-01-12,Orange,trip_00631,stop_002,06:31:00,06:32:00,7,1,Inbound
2025-01-13,Red,trip_00632,stop_003,07:32:00,07:33:00,8,0,Outbound
2025-01-14,Orange,trip_00633,stop_004,08:33:00,08:34:00,9,1,Inbound
2025-01-15,Red,trip_00634,stop_005,09:34:00,09:35:00,10,0,Outbound
2025-01-16,Orange,trip_00635,stop_006,10:35:00,10:36:00,11,1,Inbound
2025-01-17,Red,trip_00636,stop_007,11:36:00,11:37:00,12,0,Outbound
2025-01-18,Orange,trip_00637,stop_008,12:37:00,12:38:00,13,1,Inbound
2025-01-19,Red,trip_00638,stop_009,13:38:00,13:39:00,14,0,Outbound
2025-01-20,Orange,trip_00639,stop_010,14:39:00,14:40:00,15,1,Inbound
2025-01-21,Red,trip_00640,stop_011,15:40:00,15:41:00,16,0,Outbound
2025-01-22,Orange,trip_00641,stop_012,16:41:00,16:42:00,17,1,Inbound
2025-01-23,Red,trip_00642,stop_013,17:42:00,17:43:00,18,0,Outbound
2025-01-24,Orange,trip_00643,stop_014,18:43:00,18:44:00,19,1,Inbound
2025-01-25,Red,trip_00644,stop_015,19:44:00,19:45:00,20,0,Outbound
2025-01-26,Orange,trip_00645,stop_016,20:45:00,20:46:00,21,1,Inbound
2025-01-27,Red,trip_00646,stop_017,21:46:00,21:47:00,22,0,Outbound
2025-01-28,Orange,trip_00647,stop_018,22:47:00,22:48:00,23,1,Inbound
2025-01-29,Red,trip_00648,stop_019,05:48:00,05:49:00,24,0,Outbound
2025-01-30,Orange,trip_00649,stop_020,06:49:00,06:50:00,25,1,Inbound
2025-01-31,Red,trip_00650,stop_021,07:50:00,07:51:00,1,0,Outbound
2025-01-01,Orange,trip_00651,stop_022,08:51:00,08:52:00,2,1,Inbound
2025-01-02,Red,trip_00652,stop_023,09:52:00,09:53:00,3,0,Outbound
2025-01-03,Orange,trip_00653,stop_024,10:53:00,10:54:00,4,1,Inbound
2025-01-04,Red,trip_00654,stop_025,11:54:00,11:55:00,5,0,Outbound
2025-01-05,Orange,trip_00655,stop_026,12:55:00,12:56:00,6,1,Inbound
2025-01-06,Red,trip_00656,stop_027,13:56:00,13:57:00,7,0,Outbound
2025-01-07,Orange,trip_00657,stop_028,14:57:00,14:58:00,8,1,Inbound
2025-01-08,Red,trip_00658,stop_029,15:58:00,15:59:00,9,0,Outbound
2025-01-09,Orange,trip_00659,stop_030,16:59:00,16:00:00,10,1,Inbound
2025-01-10,Red,trip_00660,stop_001,17:00:00,17:01:00,11,0,Outbound
2025-01-11,Orange,trip_00661,stop_002,18:01:00,18:02:00,12,1,Inbound
2025-01-12,Red,trip_00662,stop_003,19:02:00,19:03:00,13,0,Outbound
2025-01-13,Orange,trip_00663,stop_004,20:03:00,20:04:00,14,1,Inbound
2025-01-14,Red,trip_00664,stop_005,21:04:00,21:05:00,15,0,Outbound
2025-01-15,Orange,trip_00665,stop_006,22:05:00,22:06:00,16,1,Inbound
2025-01-16,Red,trip_00666,stop_007,05:06:00,05:07:00,17,0,Outbound
2025-01-17,Orange,trip_00667,stop_008,06:07:00,06:08:00,18,1,Inbound
2025-01-18,Red,trip_00668,stop_009,07:08:00,07:09:00,19,0,Outbound
2025-01-19,Orange,trip_00669,stop_010,08:09:00,08:10:00,20,1,Inbound
2025-01-20,Red,trip_00670,stop_011,09:10:00,09:11:00,21,0,Outbound
2025-01-21,Orange,trip_00671,stop_012,10:11:00,10:12:00,22,1,Inbound
2025-01-22,Red,trip_00672,stop_013,11:12:00,11:13:00,23,0,Outbound
2025-01-23,Orange,trip_00673,stop_014,12:13:00,12:14:00,24,1,Inbound
2025-01-24,Red,trip_00674,stop_015,13:14:00,13:15:00,25,0,Outbound
2025-01-25,Orange,trip_00675,stop_016,14:15:00,14:16:00,1,1,Inbound
2025-01-26,Red,trip_00676,stop_017,15:16:00,15:17:00,2,0,Outbound
2025-01-27,Orange,trip_00677,stop_018,16:17:00,16:18:00,3,1,Inbound
2025-01-28,Red,trip_00678,stop_019,17:18:00,17:19:00,4,0,Outbound
2025-01-29,Orange,trip_00679,stop_020,18:19:00,18:20:00,5,1,Inbound
2025-01-30,Red,trip_00680,stop_021,19:20:00,19:21:00,6,0,Outbound
2025-01-31,Orange,trip_00681,stop_022,20:21:00,20:22:00,7,1,Inbound
2025-01-01,Red,trip_00682,stop_023,21:22:00,21:23:00,8,0,Outbound
2025-01-02,Orange,trip_00683,stop_024,22:23:00,22:24:00,9,1,Inbound
2025-01-03,Red,trip_00684,stop_025,05:24:00,05:25:00,10,0,Outbound
2025-01-04,Orange,trip_00685,stop_026,06:25:00,06:26:00,11,1,Inbound
2025-01-05,Red,trip_00686,stop_027,07:26:00,07:27:00,12,0,Outbound
2025-01-06,Orange,trip_00687,stop_028,08:27:00,08:28:00,13,1,Inbound
2025-01-07,Red,trip_00688,stop_029,09:28:00,09:29:00,14,0,Outbound
2025-01-08,Orange,trip_00689,stop_030,10:29:00,10:30:00,15,1,Inbound
2025-01-09,Red,trip_00690,stop_001,11:30:00,11:31:00,16,0,Outbound
2025-01-10,Orange,trip_00691,stop_002,12:31:00,12:32:00,17,1,Inbound
2025-01-11,Red,trip_00692,stop_003,13:32:00,13:33:00,18,0,Outbound
2025-01-12,Orange,trip_00693,stop_004,14:33:00,14:34:00,19,1,Inbound
2025-01-13,Red,trip_00694,stop_005,15:34:00,15:35:00,20,0,Outbound
2025-01-14,Orange,trip_00695,stop_006,16:35:00,16:36:00,21,1,Inbound
2025-01-15,Red,trip_00696,stop_007,17:36:00,17:37:00,22,0,Outbound
2025-01-16,Orange,trip_00697,stop_008,18:37:00,18:38:00,23,1,Inbound
2025-01-17,Red,trip_00698,stop_009,19:38:00,19:39:00,24,0,Outbound
2025-01-18,Orange,trip_00699,stop_010,20:39:00,20:40:00,25,1,Inbound
2025-01-19,Red,trip_00700,stop_011,21:40:00,21:41:00,1,0,Outbound
2025-01-20,Orange,trip_00701,stop_012,22:41:00,22:42:00,2,1,Inbound
2025-01-21,Red,trip_00702,stop_013,05:42:00,05:43:00,3,0,Outbound
2025-01-22,Orange,trip_00703,stop_014,06:43:00,06:44:00,4,1,Inbound
2025-01-23,Red,trip_00704,stop_015,07:44:00,07:45:00,5,0,Outbound
2025-01-24,Orange,trip_00705,stop_016,08:45:00,08:46:00,6,1,Inbound
2025-01-25,Red,trip_00706,stop_017,09:46:00,09:47:00,7,0,Outbound
2025-01-26,Orange,trip_00707,stop_018,10:47:00,10:48:00,8,1,Inbound
2025-01-27,Red,trip_00708,stop_019,11:48:00,11:49:00,9,0,Outbound
2025-01-28,Orange,trip_00709,stop_020,12:49:00,12:50:00,10,1,Inbound
2025-01-29,Red,trip_00710,stop_021,13:50:00,13:51:00,11,0,Outbound
2025-01-30,Orange,trip_00711,stop_022,14:51:00,14:52:00,12,1,Inbound
2025-01-31,Red,trip_00712,stop_023,15:52:00,15:53:00,13,0,Outbound
2025-01-01,Orange,trip_00713,stop_024,16:53:00,16:54:00,14,1,Inbound
2025-01-02,Red,trip_00714,stop_025,17:54:00,17:55:00,15,0,Outbound
2025-01-03,Orange,trip_00715,stop_026,18:55:00,18:56:00,16,1,Inbound
2025-01-04,Red,trip_00716,stop_027,19:56:00,19:57:00,17,0,Outbound
2025-01-05,Orange,trip_00717,stop_028,20:57:00,20:58:00,18,1,Inbound
2025-01-06,Red,trip_00718,stop_029,21:58:00,21:59:00,19,0,Outbound
2025-01-07,Orange,trip_00719,stop_030,22:59:00,22:00:00,20,1,Inbound
2025-01-08,Red,trip_00720,stop_001,05:00:00,05:01:00,21,0,Outbound
2025-01-09,Orange,trip_00721,stop_002,06:01:00,06:02:00,22,1,Inbound
2025-01-10,Red,trip_00722,stop_003,07:02:00,07:03:00,23,0,Outbound
2025-01-11,Orange,trip_00723,stop_004,08:03:00,08:04:00,24,1,Inbound
2025-01-12,Red,trip_00724,stop_005,09:04:00,09:05:00,25,0,Outbound
2025-01-13,Orange,trip_00725,stop_006,10:05:00,10:06:00,1,1,Inbound
2025-01-14,Red,trip_00726,stop_007,11:06:00,11:07:00,2,0,Outbound
2025-01-15,Orange,trip_00727,stop_008,12:07:00,12:08:00,3,1,Inbound
2025-01-16,Red,trip_00728,stop_009,13:08:00,13:09:00,4,0,Outbound
2025-01-17,Orange,trip_00729,stop_010,14:09:00,14:10:00,5,1,Inbound
2025-01-18,Red,trip_00730,stop_011,15:10:00,15:11:00,6,0,Outbound
2025-01-19,Orange,trip_00731,stop_012,16:11:00,16:12:00,7,1,Inbound
2025-01-20,Red,trip_00732,stop_013,17:12:00,17:13:00,8,0,Outbound
2025-01-21,Orange,trip_00733,stop_014,18:13:00,18:14:00,9,1,Inbound
2025-01-22,Red,trip_00734,stop_015,19:14:00,19:15:00,10,0,Outbound
2025-01-23,Orange,trip_00735,stop_016,20:15:00,20:16:00,11,1,Inbound
2025-01-24,Red,trip_00736,stop_017,21:16:00,21:17:00,12,0,Outbound
2025-01-25,Orange,trip_00737,stop_018,22:17:00,22:18:00,13,1,Inbound
2025-01-26,Red,trip_00738,stop_019,05:18:00,05:19:00,14,0,Outbound
2025-01-27,Orange,trip_00739,stop_020,06:19:00,06:20:00,15,1,Inbound
2025-01-28,Red,trip_00740,stop_021,07:20:00,07:21:00,16,0,Outbound
2025-01-29,Orange,trip_00741,stop_022,08:21:00,08:22:00,17,1,Inbound
2025-01-30,Red,trip_00742,stop_023,09:22:00,09:23:00,18,0,Outbound
2025-01-31,Orange,trip_00743,stop_024,10:23:00,10:24:00,19,1,Inbound
2025-01-01,Red,trip_00744,stop_025,11:24:00,11:25:00,20,0,Outbound
2025-01-02,Orange,trip_00745,stop_026,12:25:00,12:26:00,21,1,Inbound
2025-01-03,Red,trip_00746,stop_027,13:26:00,13:27:00,22,0,Outbound
2025-01-04,Orange,trip_00747,stop_028,14:27:00,14:28:00,23,1,Inbound
2025-01-05,Red,trip_00748,stop_029,15:28:00,15:29:00,24,0,Outbound
2025-01-06,Orange,trip_00749,stop_030,16:29:00,16:30:00,25,1,Inbound
2025-01-07,Red,trip_00750,stop_001,17:30:00,17:31:00,1,0,Outbound
2025-01-08,Orange,trip_00751,stop_002,18:31:00,18:32:00,2,1,Inbound
2025-01-09,Red,trip_00752,stop_003,19:32:00,19:33:00,3,0,Outbound
2025-01-10,Orange,trip_00753,stop_004,20:33:00,20:34:00,4,1,Inbound
2025-01-11,Red,trip_00754,stop_005,21:34:00,21:35:00,5,0,Outbound
2025-01-12,Orange,trip_00755,stop_006,22:35:00,22:36:00,6,1,Inbound
2025-01-13,Red,trip_00756,stop_007,05:36:00,05:37:00,7,0,Outbound
2025-01-14,Orange,trip_00757,stop_008,06:37:00,06:38:00,8,1,Inbound
2025-01-15,Red,trip_00758,stop_009,07:38:00,07:39:00,9,0,Outbound
2025-01-16,Orange,trip_00759,stop_010,08:39:00,08:40:00,10,1,Inbound
2025-01-17,Red,trip_00760,stop_011,09:40:00,09:41:00,11,0,Outbound
2025-01-18,Orange,trip_00761,stop_012,10:41:00,10:42:00,12,1,Inbound
2025-01-19,Red,trip_00762,stop_013,11:42:00,11:43:00,13,0,Outbound
2025-01-20,Orange,trip_00763,stop_014,12:43:00,12:44:00,14,1,Inbound
2025-01-21,Red,trip_00764,stop_015,13:44:00,13:45:00,15,0,Outbound
2025-01-22,Orange,trip_00765,stop_016,14:45:00,14:46:00,16,1,Inbound
2025-01-23,Red,trip_00766,stop_017,15:46:00,15:47:00,17,0,Outbound
2025-01-24,Orange,trip_00767,stop_018,16:47:00,16:48:00,18,1,Inbound
2025-01-25,Red,trip_00768,stop_019,17:48:00,17:49:00,19,0,Outbound
2025-01-26,Orange,trip_00769,stop_020,18:49:00,18:50:00,20,1,Inbound
2025-01-27,Red,trip_00770,stop_021,19:50:00,19:51:00,21,0,Outbound
2025-01-28,Orange,trip_00771,stop_022,20:51:00,20:52:00,22,1,Inbound
2025-01-29,Red,trip_00772,stop_023,21:52:00,21:53:00,23,0,Outbound
2025-01-30,Orange,trip_00773,stop_024,22:53:00,22:54:00,24,1,Inbound
2025-01-31,Red,trip_00774,stop_025,05:54:00,05:55:00,25,0,Outbound
2025-01-01,Orange,trip_00775,stop_026,06:55:00,06:56:00,1,1,Inbound
2025-01-02,Red,trip_00776,stop_027,07:56:00,07:57:00,2,0,Outbound
2025-01-03,Orange,trip_00777,stop_028,08:57:00,08:58:00,3,1,Inbound
2025-01-04,Red,trip_00778,stop_029,09:58:00,09:59:00,4,0,Outbound
2025-01-05,Orange,trip_00779,stop_030,10:59:00,10:00:00,5,1,Inbound
2025-01-06,Red,trip_00780,stop_001,11:00:00,11:01:00,6,0,Outbound
2025-01-07,Orange,trip_00781,stop_002,12:01:00,12:02:00,7,1,Inbound
2025-01-08,Red,trip_00782,stop_003,13:02:00,13:03:00,8,0,Outbound
2025-01-09,Orange,trip_00783,stop_004,14:03:00,14:04:00,9,1,Inbound
2025-01-10,Red,trip_00784,stop_005,15:04:00,15:05:00,10,0,Outbound
2025-01-11,Orange,trip_00785,stop_006,16:05:00,16:06:00,11,1,Inbound
2025-01-12,Red,trip_00786,stop_007,17:06:00,17:07:00,12,0,Outbound
2025-01-13,Orange,trip_00787,stop_008,18:07:00,18:08:00,13,1,Inbound
2025-01-14,Red,trip_00788,stop_009,19:08:00,19:09:00,14,0,Outbound
2025-01-15,Orange,trip_00789,stop_010,20:09:00,20:10:00,15,1,Inbound
2025-01-16,Red,trip_00790,stop_011,21:10:00,21:11:00,16,0,Outbound
2025-01-17,Orange,trip_00791,stop_012,22:11:00,22:12:00,17,1,Inbound
2025-01-18,Red,trip_00792,stop_013,05:12:00,05:13:00,18,0,Outbound
2025-01-19,Orange,trip_00793,stop_014,06:13:00,06:14:00,19,1,Inbound
2025-01-20,Red,trip_00794,stop_015,07:14:00,07:15:00,20,0,Outbound
2025-01-21,Orange,trip_00795,stop_016,08:15:00,08:16:00,21,1,Inbound
2025-01-22,Red,trip_00796,stop_017,09:16:00,09:17:00,22,0,Outbound
2025-01-23,Orange,trip_00797,stop_018,10:17:00,10:18:00,23,1,Inbound
2025-01-24,Red,trip_00798,stop_019,11:18:00,11:19:00,24,0,Outbound
2025-01-25,Orange,trip_00799,stop_020,12:19:00,12:20:00,25,1,Inbound
2025-01-26,Red,trip_00800,stop_021,13:20:00,13:21:00,1,0,Outbound
2025-01-27,Orange,trip_00801,stop_022,14:21:00,14:22:00,2,1,Inbound
2025-01-28,Red,trip_00802,stop_023,15:22:00,15:23:00,3,0,Outbound
2025-01-29,Orange,trip_00803,stop_024,16:23:00,16:24:00,4,1,Inbound
2025-01-30,Red,trip_00804,stop_025,17:24:00,17:25:00,5,0,Outbound
2025-01-31,Orange,trip_00805,stop_026,18:25:00,18:26:00,6,1,Inbound
2025-01-01,Red,trip_00806,stop_027,19:26:00,19:27:00,7,0,Outbound
2025-01-02,Orange,trip_00807,stop_028,20:27:00,20:28:00,8,1,Inbound
2025-01-03,Red,trip_00808,stop_029,21:28:00,21:29:00,9,0,Outbound
2025-01-04,Orange,trip_00809,stop_030,22:29:00,22:30:00,10,1,Inbound
2025-01-05,Red,trip_00810,stop_001,05:30:00,05:31:00,11,0,Outbound
2025-01-06,Orange,trip_00811,stop_002,06:31:00,06:32:00,12,1,Inbound
2025-01-07,Red,trip_00812,stop_003,07:32:00,07:33:00,13,0,Outbound
2025-01-08,Orange,trip_00813,stop_004,08:33:00,08:34:00,14,1,Inbound
2025-01-09,Red,trip_00814,stop_005,09:34:00,09:35:00,15,0,Outbound
2025-01-10,Orange,trip_00815,stop_006,10:35:00,10:36:00,16,1,Inbound
2025-01-11,Red,trip_00816,stop_007,11:36:00,11:37:00,17,0,Outbound
2025-01-12,Orange,trip_00817,stop_008,12:37:00,12:38:00,18,1,Inbound
2025-01-13,Red,trip_00818,stop_009,13:38:00,13:39:00,19,0,Outbound
2025-01-14,Orange,trip_00819,stop_010,14:39:00,14:40:00,20,1,Inbound
2025-01-15,Red,trip_00820,stop_011,15:40:00,15:41:00,21,0,Outbound
2025-01-16,Orange,trip_00821,stop_012,16:41:00,16:42:00,22,1,Inbound
2025-01-17,Red,trip_00822,stop_013,17:42:00,17:43:00,23,0,Outbound
2025-01-18,Orange,trip_00823,stop_014,18:43:00,18:44:00,24,1,Inbound
2025-01-19,Red,trip_00824,stop_015,19:44:00,19:45:00,25,0,Outbound
2025-01-20,Orange,trip_00825,stop_016,20:45:00,20:46:00,1,1,Inbound
2025-01-21,Red,trip_00826,stop_017,21:46:00,21:47:00,2,0,Outbound
2025-01-22,Orange,trip_00827,stop_018,22:47:00,22:48:00,3,1,Inbound
2025-01-23,Red,trip_00828,stop_019,05:48:00,05:49:00,4,0,Outbound
2025-01-24,Orange,trip_00829,stop_020,06:49:00,06:50:00,5,1,Inbound
2025-01-25,Red,trip_00830,stop_021,07:50:00,07:51:00,6,0,Outbound
2025-01-26,Orange,trip_00831,stop_022,08:51:00,08:52:00,7,1,Inbound
2025-01-27,Red,trip_00832,stop_023,09:52:00,09:53:00,8,0,Outbound
2025-01-28,Orange,trip_00833,stop_024,10:53:00,10:54:00,9,1,Inbound
2025-01-29,Red,trip_00834,stop_025,11:54:00,11:55:00,10,0,Outbound
2025-01-30,Orange,trip_00835,stop_026,12:55:00,12:56:00,11,1,Inbound
2025-01-31,Red,trip_00836,stop_027,13:56:00,13:57:00,12,0,Outbound
2025-01-01,Orange,trip_00837,stop_028,14:57:00,14:58:00,13,1,Inbound
2025-01-02,Red,trip_00838,stop_029,15:58:00,15:59:00,14,0,Outbound
2025-01-03,Orange,trip_00839,stop_030,16:59:00,16:00:00,15,1,Inbound
2025-01-04,Red,trip_00840,stop_001,17:00:00,17:01:00,16,0,Outbound
2025-01-05,Orange,trip_00841,stop_002,18:01:00,18:02:00,17,1,Inbound
2025-01-06,Red,trip_00842,stop_003,19:02:00,19:03:00,18,0,Outbound
2025-01-07,Orange,trip_00843,stop_004,20:03:00,20:04:00,19,1,Inbound
2025-01-08,Red,trip_00844,stop_005,21:04:00,21:05:00,20,0,Outbound
2025-01-09,Orange,trip_00845,stop_006,22:05:00,22:06:00,21,1,Inbound
2025-01-10,Red,trip_00846,stop_007,05:06:00,05:07:00,22,0,Outbound
2025-01-11,Orange,trip_00847,stop_008,06:07:00,06:08:00,23,1,Inbound
2025-01-12,Red,trip_00848,stop_009,07:08:00,07:09:00,24,0,Outbound
2025-01-13,Orange,trip_00849,stop_010,08:09:00,08:10:00,25,1,Inbound
2025-01-14,Red,trip_00850,stop_011,09:10:00,09:11:00,1,0,Outbound
2025-01-15,Orange,trip_00851,stop_012,10:11:00,10:12:00,2,1,Inbound
2025-01-16,Red,trip_00852,stop_013,11:12:00,11:13:00,3,0,Outbound
2025-01-17,Orange,trip_00853,stop_014,12:13:00,12:14:00,4,1,Inbound
2025-01-18,Red,trip_00854,stop_015,13:14:00,13:15:00,5,0,Outbound
2025-01-19,Orange,trip_00855,stop_016,14:15:00,14:16:00,6,1,Inbound
2025-01-20,Red,trip_00856,stop_017,15:16:00,15:17:00,7,0,Outbound
2025-01-21,Orange,trip_00857,stop_018,16:17:00,16:18:00,8,1,Inbound
2025-01-22,Red,trip_00858,stop_019,17:18:00,17:19:00,9,0,Outbound
2025-01-23,Orange,trip_00859,stop_020,18:19:00,18:20:00,10,1,Inbound
2025-01-24,Red,trip_00860,stop_021,19:20:00,19:21:00,11,0,Outbound
2025-01-25,Orange,trip_00861,stop_022,20:21:00,20:22:00,12,1,Inbound
2025-01-26,Red,trip_00862,stop_023,21:22:00,21:23:00,13,0,Outbound
2025-01-27,Orange,trip_00863,stop_024,22:23:00,22:24:00,14,1,Inbound
2025-01-28,Red,trip_00864,stop_025,05:24:00,05:25:00,15,0,Outbound
2025-01-29,Orange,trip_00865,stop_026,06:25:00,06:26:00,16,1,Inbound
2025-01-30,Red,trip_00866,stop_027,07:26:00,07:27:00,17,0,Outbound
2025-01-31,Orange,trip_00867,stop_028,08:27:00,08:28:00,18,1,Inbound
2025-01-01,Red,trip_00868,stop_029,09:28:00,09:29:00,19,0,Outbound
2025-01-02,Orange,trip_00869,stop_030,10:29:00,10:30:00,20,1,Inbound
2025-01-03,Red,trip_00870,stop_001,11:30:00,11:31:00,21,0,Outbound
2025-01-04,Orange,trip_00871,stop_002,12:31:00,12:32:00,22,1,Inbound
2025-01-05,Red,trip_00872,stop_003,13:32:00,13:33:00,23,0,Outbound
2025-01-06,Orange,trip_00873,stop_004,14:33:00,14:34:00,24,1,Inbound
2025-01-07,Red,trip_00874,stop_005,15:34:00,15:35:00,25,0,Outbound
2025-01-08,Orange,trip_00875,stop_006,16:35:00,16:36:00,1,1,Inbound
2025-01-09,Red,trip_00876,stop_007,17:36:00,17:37:00,2,0,Outbound
2025-01-10,Orange,trip_00877,stop_008,18:37:00,18:38:00,3,1,Inbound
2025-01-11,Red,trip_00878,stop_009,19:38:00,19:39:00,4,0,Outbound
2025-01-12,Orange,trip_00879,stop_010,20:39:00,20:40:00,5,1,Inbound
2025-01-13,Red,trip_00880,stop_011,21:40:00,21:41:00,6,0,Outbound
2025-01-14,Orange,trip_00881,stop_012,22:41:00,22:42:00,7,1,Inbound
2025-01-15,Red,trip_00882,stop_013,05:42:00,05:43:00,8,0,Outbound
2025-01-16,Orange,trip_00883,stop_014,06:43:00,06:44:00,9,1,Inbound
2025-01-17,Red,trip_00884,stop_015,07:44:00,07:45:00,10,0,Outbound
2025-01-18,Orange,trip_00885,stop_016,08:45:00,08:46:00,11,1,Inbound
2025-01-19,Red,trip_00886,stop_017,09:46:00,09:47:00,12,0,Outbound
2025-01-20,Orange,trip_00887,stop_018,10:47:00,10:48:00,13,1,Inbound
2025-01-21,Red,trip_00888,stop_019,11:48:00,11:49:00,14,0,Outbound
2025-01-22,Orange,trip_00889,stop_020,12:49:00,12:50:00,15,1,Inbound
2025-01-23,Red,trip_00890,stop_021,13:50:00,13:51:00,16,0,Outbound
2025-01-24,Orange,trip_00891,stop_022,14:51:00,14:52:00,17,1,Inbound
2025-01-25,Red,trip_00892,stop_023,15:52:00,15:53:00,18,0,Outbound
2025-01-26,Orange,trip_00893,stop_024,16:53:00,16:54:00,19,1,Inbound
2025-01-27,Red,trip_00894,stop_025,17:54:00,17:55:00,20,0,Outbound
2025-01-28,Orange,trip_00895,stop_026,18:55:00,18:56:00,21,1,Inbound
2025-01-29,Red,trip_00896,stop_027,19:56:00,19:57:00,22,0,Outbound
2025-01-30,Orange,trip_00897,stop_028,20:57:00,20:58:00,23,1,Inbound
2025-01-31,Red,trip_00898,stop_029,21:58:00,21:59:00,24,0,Outbound
2025-01-01,Orange,trip_00899,stop_030,22:59:00,22:00:00,25,1,Inbound
2025-01-02,Red,trip_00900,stop_001,05:00:00,05:01:00,1,0,Outbound
2025-01-03,Orange,trip_00901,stop_002,06:01:00,06:02:00,2,1,Inbound
2025-01-04,Red,trip_00902,stop_003,07:02:00,07:03:00,3,0,Outbound
2025-01-05,Orange,trip_00903,stop_004,08:03:00,08:04:00,4,1,Inbound
2025-01-06,Red,trip_00904,stop_005,09:04:00,09:05:00,5,0,Outbound
2025-01-07,Orange,trip_00905,stop_006,10:05:00,10:06:00,6,1,Inbound
2025-01-08,Red,trip_00906,stop_007,11:06:00,11:07:00,7,0,Outbound
2025-01-09,Orange,trip_00907,stop_008,12:07:00,12:08:00,8,1,Inbound
2025-01-10,Red,trip_00908,stop_009,13:08:00,13:09:00,9,0,Outbound
2025-01-11,Orange,trip_00909,stop_010,14:09:00,14:10:00,10,1,Inbound
2025-01-12,Red,trip_00910,stop_011,15:10:00,15:11:00,11,0,Outbound
2025-01-13,Orange,trip_00911,stop_012,16:11:00,16:12:00,12,1,Inbound
2025-01-14,Red,trip_00912,stop_013,17:12:00,17:13:00,13,0,Outbound
2025-01-15,Orange,trip_00913,stop_014,18:13:00,18:14:00,14,1,Inbound
2025-01-16,Red,trip_00914,stop_015,19:14:00,19:15:00,15,0,Outbound
2025-01-17,Orange,trip_00915,stop_016,20:15:00,20:16:00,16,1,Inbound
2025-01-18,Red,trip_00916,stop_017,21:16:00,21:17:00,17,0,Outbound
2025-01-19,Orange,trip_00917,stop_018,22:17:00,22:18:00,18,1,Inbound
2025-01-20,Red,trip_00918,stop_019,05:18:00,05:19:00,19,0,Outbound
2025-01-21,Orange,trip_00919,stop_020,06:19:00,06:20:00,20,1,Inbound
2025-01-22,Red,trip_00920,stop_021,07:20:00,07:21:00,21,0,Outbound
2025-01-23,Orange,trip_00921,stop_022,08:21:00,08:22:00,22,1,Inbound
2025-01-24,Red,trip_00922,stop_023,09:22:00,09:23:00,23,0,Outbound
2025-01-25,Orange,trip_00923,stop_024,10:23:00,10:24:00,24,1,Inbound
2025-01-26,Red,trip_00924,stop_025,11:24:00,11:25:00,25,0,Outbound
2025-01-27,Orange,trip_00925,stop_026,12:25:00,12:26:00,1,1,Inbound
2025-01-28,Red,trip_00926,stop_027,13:26:00,13:27:00,2,0,Outbound
2025-01-29,Orange,trip_00927,stop_028,14:27:00,14:28:00,3,1,Inbound
2025-01-30,Red,trip_00928,stop_029,15:28:00,15:29:00,4,0,Outbound
2025-01-31,Orange,trip_00929,stop_030,16:29:00,16:30:00,5,1,Inbound
2025-01-01,Red,trip_00930,stop_001,17:30:00,17:31:00,6,0,Outbound
2025-01-02,Orange,trip_00931,stop_002,18:31:00,18:32:00,7,1,Inbound
2025-01-03,Red,trip_00932,stop_003,19:32:00,19:33:00,8,0,Outbound
2025-01-04,Orange,trip_00933,stop_004,20:33:00,20:34:00,9,1,Inbound
2025-01-05,Red,trip_00934,stop_005,21:34:00,21:35:00,10,0,Outbound
2025-01-06,Orange,trip_00935,stop_006,22:35:00,22:36:00,11,1,Inbound
2025-01-07,Red,trip_00936,stop_007,05:36:00,05:37:00,12,0,Outbound
2025-01-08,Orange,trip_00937,stop_008,06:37:00,06:38:00,13,1,Inbound
2025-01-09,Red,trip_00938,stop_009,07:38:00,07:39:00,14,0,Outbound
2025-01-10,Orange,trip_00939,stop_010,08:39:00,08:40:00,15,1,Inbound
2025-01-11,Red,trip_00940,stop_011,09:40:00,09:41:00,16,0,Outbound
2025-01-12,Orange,trip_00941,stop_012,10:41:00,10:42:00,17,1,Inbound
2025-01-13,Red,trip_00942,stop_013,11:42:00,11:43:00,18,0,Outbound
2025-01-14,Orange,trip_00943,stop_014,12:43:00,12:44:00,19,1,Inbound
2025-01-15,Red,trip_00944,stop_015,13:44:00,13:45:00,20,0,Outbound
2025-01-16,Orange,trip_00945,stop_016,14:45:00,14:46:00,21,1,Inbound
2025-01-17,Red,trip_00946,stop_017,15:46:00,15:47:00,22,0,Outbound
2025-01-18,Orange,trip_00947,stop_018,16:47:00,16:48:00,23,1,Inbound
2025-01-19,Red,trip_00948,stop_019,17:48:00,17:49:00,24,0,Outbound
2025-01-20,Orange,trip_00949,stop_020,18:49:00,18:50:00,25,1,Inbound
2025-01-21,Red,trip_00950,stop_021,19:50:00,19:51:00,1,0,Outbound
2025-01-22,Orange,trip_00951,stop_022,20:51:00,20:52:00,2,1,Inbound
2025-01-23,Red,trip_00952,stop_023,21:52:00,21:53:00,3,0,Outbound
2025-01-24,Orange,trip_00953,stop_024,22:53:00,22:54:00,4,1,Inbound
2025-01-25,Red,trip_00954,stop_025,05:54:00,05:55:00,5,0,Outbound
2025-01-26,Orange,trip_00955,stop_026,06:55:00,06:56:00,6,1,Inbound
2025-01-27,Red,trip_00956,stop_027,07:56:00,07:57:00,7,0,Outbound
2025-01-28,Orange,trip_00957,stop_028,08:57:00,08:58:00,8,1,Inbound
2025-01-29,Red,trip_00958,stop_029,09:58:00,09:59:00,9,0,Outbound
2025-01-30,Orange,trip_00959,stop_030,10:59:00,10:00:00,10,1,Inbound
2025-01-31,Red,trip_00960,stop_001,11:00:00,11:01:00,11,0,Outbound
2025-01-01,Orange,trip_00961,stop_002,12:01:00,12:02:00,12,1,Inbound
2025-01-02,Red,trip_00962,stop_003,13:02:00,13:03:00,13,0,Outbound
2025-01-03,Orange,trip_00963,stop_004,14:03:00,14:04:00,14,1,Inbound
2025-01-04,Red,trip_00964,stop_005,15:04:00,15:05:00,15,0,Outbound
2025-01-05,Orange,trip_00965,stop_006,16:05:00,16:06:00,16,1,Inbound
2025-01-06,Red,trip_00966,stop_007,17:06:00,17:07:00,17,0,Outbound
2025-01-07,Orange,trip_00967,stop_008,18:07:00,18:08:00,18,1,Inbound
2025-01-08,Red,trip_00968,stop_009,19:08:00,19:09:00,19,0,Outbound
2025-01-09,Orange,trip_00969,stop_010,20:09:00,20:10:00,20,1,Inbound
2025-01-10,Red,trip_00970,stop_011,21:10:00,21:11:00,21,0,Outbound
2025-01-11,Orange,trip_00971,stop_012,22:11:00,22:12:00,22,1,Inbound
2025-01-12,Red,trip_00972,stop_013,05:12:00,05:13:00,23,0,Outbound
2025-01-13,Orange,trip_00973,stop_014,06:13:00,06:14:00,24,1,Inbound
2025-01-14,Red,trip_00974,stop_015,07:14:00,07:15:00,25,0,Outbound
2025-01-15,Orange,trip_00975,stop_016,08:15:00,08:16:00,1,1,Inbound
2025-01-16,Red,trip_00976,stop_017,09:16:00,09:17:00,2,0,Outbound
2025-01-17,Orange,trip_00977,stop_018,10:17:00,10:18:00,3,1,Inbound
2025-01-18,Red,trip_00978,stop_019,11:18:00,11:19:00,4,0,Outbound
2025-01-19,Orange,trip_00979,stop_020,12:19:00,12:20:00,5,1,Inbound
2025-01-20,Red,trip_00980,stop_021,13:20:00,13:21:00,6,0,Outbound
2025-01-21,Orange,trip_00981,stop_022,14:21:00,14:22:00,7,1,Inbound
2025-01-22,Red,trip_00982,stop_023,15:22:00,15:23:00,8,0,Outbound
2025-01-23,Orange,trip_00983,stop_024,16:23:00,16:24:00,9,1,Inbound
2025-01-24,Red,trip_00984,stop_025,17:24:00,17:25:00,10,0,Outbound
2025-01-25,Orange,trip_00985,stop_026,18:25:00,18:26:00,11,1,Inbound
2025-01-26,Red,trip_00986,stop_027,19:26:00,19:27:00,12,0,Outbound
2025-01-27,Orange,trip_00987,stop_028,20:27:00,20:28:00,13,1,Inbound
2025-01-28,Red,trip_00988,stop_029,21:28:00,21:29:00,14,0,Outbound
2025-01-29,Orange,trip_00989,stop_030,22:29:00,22:30:00,15,1,Inbound
2025-01-30,Red,trip_00990,stop_001,05:30:00,05:31:00,16,0,Outbound
2025-01-31,Orange,trip_00991,stop_002,06:31:00,06:32:00,17,1,Inbound
2025-01-01,Red,trip_00992,stop_003,07:32:00,07:33:00,18,0,Outbound
2025-01-02,Orange,trip_00993,stop_004,08:33:00,08:34:00,19,1,Inbound
2025-01-03,Red,trip_00994,stop_005,09:34:00,09:35:00,20,0,Outbound
2025-01-04,Orange,trip_00995,stop_006,10:35:00,10:36:00,21,1,Inbound
2025-01-05,Red,trip_00996,stop_007,11:36:00,11:37:00,22,0,Outbound
2025-01-06,Orange,trip_00997,stop_008,12:37:00,12:38:00,23,1,Inbound
2025-01-07,Red,trip_00998,stop_009,13:38:00,13:39:00,24,0,Outbound
2025-01-08,Orange,trip_00999,stop_010,14:39:00,14:40:00,25,1,Inbound
2025-01-09,Red,trip_01000,stop_011,15:40:00,15:41:00,1,0,Outbound
2025-01-10,Orange,trip_01001,stop_012,16:41:00,16:42:00,2,1,Inbound
2025-01-11,Red,trip_01002,stop_013,17:42:00,17:43:00,3,0,Outbound
2025-01-12,Orange,trip_01003,stop_014,18:43:00,18:44:00,4,1,Inbound
2025-01-13,Red,trip_01004,stop_015,19:44:00,19:45:00,5,0,Outbound
2025-01-14,Orange,trip_01005,stop_016,20:45:00,20:46:00,6,1,Inbound
2025-01-15,Red,trip_01006,stop_017,21:46:00,21:47:00,7,0,Outbound
2025-01-16,Orange,trip_01007,stop_018,22:47:00,22:48:00,8,1,Inbound
2025-01-17,Red,trip_01008,stop_019,05:48:00,05:49:00,9,0,Outbound
2025-01-18,Orange,trip_01009,stop_020,06:49:00,06:50:00,10,1,Inbound
2025-01-19,Red,trip_01010,stop_021,07:50:00,07:51:00,11,0,Outbound
2025-01-20,Orange,trip_01011,stop_022,08:51:00,08:52:00,12,1,Inbound
2025-01-21,Red,trip_01012,stop_023,09:52:00,09:53:00,13,0,Outbound
2025-01-22,Orange,trip_01013,stop_024,10:53:00,10:54:00,14,1,Inbound
2025-01-23,Red,trip_01014,stop_025,11:54:00,11:55:00,15,0,Outbound
2025-01-24,Orange,trip_01015,stop_026,12:55:00,12:56:00,16,1,Inbound
2025-01-25,Red,trip_01016,stop_027,13:56:00,13:57:00,17,0,Outbound
2025-01-26,Orange,trip_01017,stop_028,14:57:00,14:58:00,18,1,Inbound
2025-01-27,Red,trip_01018,stop_029,15:58:00,15:59:00,19,0,Outbound
2025-01-28,Orange,trip_01019,stop_030,16:59:00,16:00:00,20,1,Inbound
2025-01-29,Red,trip_01020,stop_001,17:00:00,17:01:00,21,0,Outbound
2025-01-30,Orange,trip_01021,stop_002,18:01:00,18:02:00,22,1,Inbound
2025-01-31,Red,trip_01022,stop_003,19:02:00,19:03:00,23,0,Outbound
2025-01-01,Orange,trip_01023,stop_004,20:03:00,20:04:00,24,1,Inbound
2025-01-02,Red,trip_01024,stop_005,21:04:00,21:05:00,25,0,Outbound
2025-01-03,Orange,trip_01025,stop_006,22:05:00,22:06:00,1,1,Inbound
2025-01-04,Red,trip_01026,stop_007,05:06:00,05:07:00,2,0,Outbound
2025-01-05,Orange,trip_01027,stop_008,06:07:00,06:08:00,3,1,Inbound
2025-01-06,Red,trip_01028,stop_009,07:08:00,07:09:00,4,0,Outbound
2025-01-07,Orange,trip_01029,stop_010,08:09:00,08:10:00,5,1,Inbound
2025-01-08,Red,trip_01030,stop_011,09:10:00,09:11:00,6,0,Outbound
2025-01-09,Orange,trip_01031,stop_012,10:11:00,10:12:00,7,1,Inbound
2025-01-10,Red,trip_01032,stop_013,11:12:00,11:13:00,8,0,Outbound
2025-01-11,Orange,trip_01033,stop_014,12:13:00,12:14:00,9,1,Inbound
2025-01-12,Red,trip_01034,stop_015,13:14:00,13:15:00,10,0,Outbound
2025-01-13,Orange,trip_01035,stop_016,14:15:00,14:16:00,11,1,Inbound
2025-01-14,Red,trip_01036,stop_017,15:16:00,15:17:00,12,0,Outbound
2025-01-15,Orange,trip_01037,stop_018,16:17:00,16:18:00,13,1,Inbound
2025-01-16,Red,trip_01038,stop_019,17:18:00,17:19:00,14,0,Outbound
2025-01-17,Orange,trip_01039,stop_020,18:19:00,18:20:00,15,1,Inbound
2025-01-18,Red,trip_01040,stop_021,19:20:00,19:21:00,16,0,Outbound
2025-01-19,Orange,trip_01041,stop_022,20:21:00,20:22:00,17,1,Inbound
2025-01-20,Red,trip_01042,stop_023,21:22:00,21:23:00,18,0,Outbound
2025-01-21,Orange,trip_01043,stop_024,22:23:00,22:24:00,19,1,Inbound
2025-01-22,Red,trip_01044,stop_025,05:24:00,05:25:00,20,0,Outbound
2025-01-23,Orange,trip_01045,stop_026,06:25:00,06:26:00,21,1,Inbound
2025-01-24,Red,trip_01046,stop_027,07:26:00,07:27:00,22,0,Outbound
2025-01-25,Orange,trip_01047,stop_028,08:27:00,08:28:00,23,1,Inbound
2025-01-26,Red,trip_01048,stop_029,09:28:00,09:29:00,24,0,Outbound
2025-01-27,Orange,trip_01049,stop_030,10:29:00,10:30:00,25,1,Inbound
2025-01-28,Red,trip_01050,stop_001,11:30:00,11:31:00,1,0,Outbound
2025-01-29,Orange,trip_01051,stop_002,12:31:00,12:32:00,2,1,Inbound
2025-01-30,Red,trip_01052,stop_003,13:32:00,13:33:00,3,0,Outbound
2025-01-31,Orange,trip_01053,stop_004,14:33:00,14:34:00,4,1,Inbound
2025-01-01,Red,trip_01054,stop_005,15:34:00,15:35:00,5,0,Outbound
2025-01-02,Orange,trip_01055,stop_006,16:35:00,16:36:00,6,1,Inbound
2025-01-03,Red,trip_01056,stop_007,17:36:00,17:37:00,7,0,Outbound
2025-01-04,Orange,trip_01057,stop_008,18:37:00,18:38:00,8,1,Inbound
2025-01-05,Red,trip_01058,stop_009,19:38:00,19:39:00,9,0,Outbound
2025-01-06,Orange,trip_01059,stop_010,20:39:00,20:40:00,10,1,Inbound
2025-01-07,Red,trip_01060,stop_011,21:40:00,21:41:00,11,0,Outbound
2025-01-08,Orange,trip_01061,stop_012,22:41:00,22:42:00,12,1,Inbound
2025-01-09,Red,trip_01062,stop_013,05:42:00,05:43:00,13,0,Outbound
2025-01-10,Orange,trip_01063,stop_014,06:43:00,06:44:00,14,1,Inbound
2025-01-11,Red,trip_01064,stop_015,07:44:00,07:45:00,15,0,Outbound
2025-01-12,Orange,trip_01065,stop_016,08:45:00,08:46:00,16,1,Inbound
2025-01-13,Red,trip_01066,stop_017,09:46:00,09:47:00,17,0,Outbound
2025-01-14,Orange,trip_01067,stop_018,10:47:00,10:48:00,18,1,Inbound
2025-01-15,Red,trip_01068,stop_019,11:48:00,11:49:00,19,0,Outbound
2025-01-16,Orange,trip_01069,stop_020,12:49:00,12:50:00,20,1,Inbound
2025-01-17,Red,trip_01070,stop_021,13:50:00,13:51:00,21,0,Outbound
2025-01-18,Orange,trip_01071,stop_022,14:51:00,14:52:00,22,1,Inbound
2025-01-19,Red,trip_01072,stop_023,15:52:00,15:53:00,23,0,Outbound
2025-01-20,Orange,trip_01073,stop_024,16:53:00,16:54:00,24,1,Inbound
2025-01-21,Red,trip_01074,stop_025,17:54:00,17:55:00,25,0,Outbound
2025-01-22,Orange,trip_01075,stop_026,18:55:00,18:56:00,1,1,Inbound
2025-01-23,Red,trip_01076,stop_027,19:56:00,19:57:00,2,0,Outbound
2025-01-24,Orange,trip_01077,stop_028,20:57:00,20:58:00,3,1,Inbound
2025-01-25,Red,trip_01078,stop_029,21:58:00,21:59:00,4,0,Outbound
2025-01-26,Orange,trip_01079,stop_030,22:59:00,22:00:00,5,1,Inbound
2025-01-27,Red,trip_01080,stop_001,05:00:00,05:01:00,6,0,Outbound
2025-01-28,Orange,trip_01081,stop_002,06:01:00,06:02:00,7,1,Inbound
2025-01-29,Red,trip_01082,stop_003,07:02:00,07:03:00,8,0,Outbound
2025-01-30,Orange,trip_01083,stop_004,08:03:00,08:04:00,9,1,Inbound
2025-01-31,Red,trip_01084,stop_005,09:04:00,09:05:00,10,0,Outbound
2025-01-01,Orange,trip_01085,stop_006,10:05:00,10:06:00,11,1,Inbound
2025-01-02,Red,trip_01086,stop_007,11:06:00,11:07:00,12,0,Outbound
2025-01-03,Orange,trip_01087,stop_008,12:07:00,12:08:00,13,1,Inbound
2025-01-04,Red,trip_01088,stop_009,13:08:00,13:09:00,14,0,Outbound
2025-01-05,Orange,trip_01089,stop_010,14:09:00,14:10:00,15,1,Inbound
2025-01-06,Red,trip_01090,stop_011,15:10:00,15:11:00,16,0,Outbound
2025-01-07,Orange,trip_01091,stop_012,16:11:00,16:12:00,17,1,Inbound
2025-01-08,Red,trip_01092,stop_013,17:12:00,17:13:00,18,0,Outbound
2025-01-09,Orange,trip_01093,stop_014,18:13:00,18:14:00,19,1,Inbound
2025-01-10,Red,trip_01094,stop_015,19:14:00,19:15:00,20,0,Outbound
2025-01-11,Orange,trip_01095,stop_016,20:15:00,20:16:00,21,1,Inbound
2025-01-12,Red,trip_01096,stop_017,21:16:00,21:17:00,22,0,Outbound
2025-01-13,Orange,trip_01097,stop_018,22:17:00,22:18:00,23,1,Inbound
2025-01-14,Red,trip_01098,stop_019,05:18:00,05:19:00,24,0,Outbound
2025-01-15,Orange,trip_01099,stop_020,06:19:00,06:20:00,25,1,Inbound
2025-01-16,Red,trip_01100,stop_021,07:20:00,07:21:00,1,0,Outbound
2025-01-17,Orange,trip_01101,stop_022,08:21:00,08:22:00,2,1,Inbound
2025-01-18,Red,trip_01102,stop_023,09:22:00,09:23:00,3,0,Outbound
2025-01-19,Orange,trip_01103,stop_024,10:23:00,10:24:00,4,1,Inbound
2025-01-20,Red,trip_01104,stop_025,11:24:00,11:25:00,5,0,Outbound
2025-01-21,Orange,trip_01105,stop_026,12:25:00,12:26:00,6,1,Inbound
2025-01-22,Red,trip_01106,stop_027,13:26:00,13:27:00,7,0,Outbound
2025-01-23,Orange,trip_01107,stop_028,14:27:00,14:28:00,8,1,Inbound
2025-01-24,Red,trip_01108,stop_029,15:28:00,15:29:00,9,0,Outbound
2025-01-25,Orange,trip_01109,stop_030,16:29:00,16:30:00,10,1,Inbound
2025-01-26,Red,trip_01110,stop_001,17:30:00,17:31:00,11,0,Outbound
2025-01-27,Orange,trip_01111,stop_002,18:31:00,18:32:00,12,1,Inbound
2025-01-28,Red,trip_01112,stop_003,19:32:00,19:33:00,13,0,Outbound
2025-01-29,Orange,trip_01113,stop_004,20:33:00,20:34:00,14,1,Inbound
2025-01-30,Red,trip_01114,stop_005,21:34:00,21:35:00,15,0,Outbound
2025-01-31,Orange,trip_01115,stop_006,22:35:00,22:36:00,16,1,Inbound
2025-01-01,Red,trip_01116,stop_007,05:36:00,05:37:00,17,0,Outbound
2025-01-02,Orange,trip_01117,stop_008,06:37:00,06:38:00,18,1,Inbound
2025-01-03,Red,trip_01118,stop_009,07:38:00,07:39:00,19,0,Outbound
2025-01-04,Orange,trip_01119,stop_010,08:39:00,08:40:00,20,1,Inbound
2025-01-05,Red,trip_01120,stop_011,09:40:00,09:41:00,21,0,Outbound
2025-01-06,Orange,trip_01121,stop_012,10:41:00,10:42:00,22,1,Inbound
2025-01-07,Red,trip_01122,stop_013,11:42:00,11:43:00,23,0,Outbound
2025-01-08,Orange,trip_01123,stop_014,12:43:00,12:44:00,24,1,Inbound
2025-01-09,Red,trip_01124,stop_015,13:44:00,13:45:00,25,0,Outbound
2025-01-10,Orange,trip_01125,stop_016,14:45:00,14:46:00,1,1,Inbound
2025-01-11,Red,trip_01126,stop_017,15:46:00,15:47:00,2,0,Outbound
2025-01-12,Orange,trip_01127,stop_018,16:47:00,16:48:00,3,1,Inbound
2025-01-13,Red,trip_01128,stop_019,17:48:00,17:49:00,4,0,Outbound
2025-01-14,Orange,trip_01129,stop_020,18:49:00,18:50:00,5,1,Inbound
2025-01-15,Red,trip_01130,stop_021,19:50:00,19:51:00,6,0,Outbound
2025-01-16,Orange,trip_01131,stop_022,20:51:00,20:52:00,7,1,Inbound
2025-01-17,Red,trip_01132,stop_023,21:52:00,21:53:00,8,0,Outbound
2025-01-18,Orange,trip_01133,stop_024,22:53:00,22:54:00,9,1,Inbound
2025-01-19,Red,trip_01134,stop_025,05:54:00,05:55:00,10,0,Outbound
2025-01-20,Orange,trip_01135,stop_026,06:55:00,06:56:00,11,1,Inbound
2025-01-21,Red,trip_01136,stop_027,07:56:00,07:57:00,12,0,Outbound
2025-01-22,Orange,trip_01137,stop_028,08:57:00,08:58:00,13,1,Inbound
2025-01-23,Red,trip_01138,stop_029,09:58:00,09:59:00,14,0,Outbound
2025-01-24,Orange,trip_01139,stop_030,10:59:00,10:00:00,15,1,Inbound
2025-01-25,Red,trip_01140,stop_001,11:00:00,11:01:00,16,0,Outbound
2025-01-26,Orange,trip_01141,stop_002,12:01:00,12:02:00,17,1,Inbound
2025-01-27,Red,trip_01142,stop_003,13:02:00,13:03:00,18,0,Outbound
2025-01-28,Orange,trip_01143,stop_004,14:03:00,14:04:00,19,1,Inbound
2025-01-29,Red,trip_01144,stop_005,15:04:00,15:05:00,20,0,Outbound
2025-01-30,Orange,trip_01145,stop_006,16:05:00,16:06:00,21,1,Inbound
2025-01-31,Red,trip_01146,stop_007,17:06:00,17:07:00,22,0,Outbound
2025-01-01,Orange,trip_01147,stop_008,18:07:00,18:08:00,23,1,Inbound
2025-01-02,Red,trip_01148,stop_009,19:08:00,19:09:00,24,0,Outbound
2025-01-03,Orange,trip_01149,stop_010,20:09:00,20:10:00,25,1,Inbound
2025-01-04,Red,trip_01150,stop_011,21:10:00,21:11:00,1,0,Outbound
2025-01-05,Orange,trip_01151,stop_012,22:11:00,22:12:00,2,1,Inbound
2025-01-06,Red,trip_01152,stop_013,05:12:00,05:13:00,3,0,Outbound
2025-01-07,Orange,trip_01153,stop_014,06:13:00,06:14:00,4,1,Inbound
2025-01-08,Red,trip_01154,stop_015,07:14:00,07:15:00,5,0,Outbound
2025-01-09,Orange,trip_01155,stop_016,08:15:00,08:16:00,6,1,Inbound
2025-01-10,Red,trip_01156,stop_017,09:16:00,09:17:00,7,0,Outbound
2025-01-11,Orange,trip_01157,stop_018,10:17:00,10:18:00,8,1,Inbound
2025-01-12,Red,trip_01158,stop_019,11:18:00,11:19:00,9,0,Outbound
2025-01-13,Orange,trip_01159,stop_020,12:19:00,12:20:00,10,1,Inbound
2025-01-14,Red,trip_01160,stop_021,13:20:00,13:21:00,11,0,Outbound
2025-01-15,Orange,trip_01161,stop_022,14:21:00,14:22:00,12,1,Inbound
2025-01-16,Red,trip_01162,stop_023,15:22:00,15:23:00,13,0,Outbound
2025-01-17,Orange,trip_01163,stop_024,16:23:00,16:24:00,14,1,Inbound
2025-01-18,Red,trip_01164,stop_025,17:24:00,17:25:00,15,0,Outbound
2025-01-19,Orange,trip_01165,stop_026,18:25:00,18:26:00,16,1,Inbound
2025-01-20,Red,trip_01166,stop_027,19:26:00,19:27:00,17,0,Outbound
2025-01-21,Orange,trip_01167,stop_028,20:27:00,20:28:00,18,1,Inbound
2025-01-22,Red,trip_01168,stop_029,21:28:00,21:29:00,19,0,Outbound
2025-01-23,Orange,trip_01169,stop_030,22:29:00,22:30:00,20,1,Inbound
2025-01-24,Red,trip_01170,stop_001,05:30:00,05:31:00,21,0,Outbound
2025-01-25,Orange,trip_01171,stop_002,06:31:00,06:32:00,22,1,Inbound
2025-01-26,Red,trip_01172,stop_003,07:32:00,07:33:00,23,0,Outbound
2025-01-27,Orange,trip_01173,stop_004,08:33:00,08:34:00,24,1,Inbound
2025-01-28,Red,trip_01174,stop_005,09:34:00,09:35:00,25,0,Outbound
2025-01-29,Orange,trip_01175,stop_006,10:35:00,10:36:00,1,1,Inbound
2025-01-30,Red,trip_01176,stop_007,11:36:00,11:37:00,2,0,Outbound
2025-01-31,Orange,trip_01177,stop_008,12:37:00,12:38:00,3,1,Inbound
2025-01-01,Red,trip_01178,stop_009,13:38:00,13:39:00,4,0,Outbound
2025-01-02,Orange,trip_01179,stop_010,14:39:00,14:40:00,5,1,Inbound
2025-01-03,Red,trip_01180,stop_011,15:40:00,15:41:00,6,0,Outbound
2025-01-04,Orange,trip_01181,stop_012,16:41:00,16:42:00,7,1,Inbound
2025-01-05,Red,trip_01182,stop_013,17:42:00,17:43:00,8,0,Outbound
2025-01-06,Orange,trip_01183,stop_014,18:43:00,18:44:00,9,1,Inbound
2025-01-07,Red,trip_01184,stop_015,19:44:00,19:45:00,10,0,Outbound
2025-01-08,Orange,trip_01185,stop_016,20:45:00,20:46:00,11,1,Inbound
2025-01-09,Red,trip_01186,stop_017,21:46:00,21:47:00,12,0,Outbound
2025-01-10,Orange,trip_01187,stop_018,22:47:00,22:48:00,13,1,Inbound
2025-01-11,Red,trip_01188,stop_019,05:48:00,05:49:00,14,0,Outbound
2025-01-12,Orange,trip_01189,stop_020,06:49:00,06:50:00,15,1,Inbound
2025-01-13,Red,trip_01190,stop_021,07:50:00,07:51:00,16,0,Outbound
2025-01-14,Orange,trip_01191,stop_022,08:51:00,08:52:00,17,1,Inbound
2025-01-15,Red,trip_01192,stop_023,09:52:00,09:53:00,18,0,Outbound
2025-01-16,Orange,trip_01193,stop_024,10:53:00,10:54:00,19,1,Inbound
2025-01-17,Red,trip_01194,stop_025,11:54:00,11:55:00,20,0,Outbound
2025-01-18,Orange,trip_01195,stop_026,12:55:00,12:56:00,21,1,Inbound
2025-01-19,Red,trip_01196,stop_027,13:56:00,13:57:00,22,0,Outbound
2025-01-20,Orange,trip_01197,stop_028,14:57:00,14:58:00,23,1,Inbound
2025-01-21,Red,trip_01198,stop_029,15:58:00,15:59:00,24,0,Outbound
2025-01-22,Orange,trip_01199,stop_030,16:59:00,16:00:00,25,1,Inbound
2025-01-23,Red,trip_01200,stop_001,17:00:00,17:01:00,1,0,Outbound
2025-01-24,Orange,trip_01201,stop_002,18:01:00,18:02:00,2,1,Inbound
2025-01-25,Red,trip_01202,stop_003,19:02:00,19:03:00,3,0,Outbound
2025-01-26,Orange,trip_01203,stop_004,20:03:00,20:04:00,4,1,Inbound
2025-01-27,Red,trip_01204,stop_005,21:04:00,21:05:00,5,0,Outbound
2025-01-28,Orange,trip_01205,stop_006,22:05:00,22:06:00,6,1,Inbound
2025-01-29,Red,trip_01206,stop_007,05:06:00,05:07:00,7,0,Outbound
2025-01-30,Orange,trip_01207,stop_008,06:07:00,06:08:00,8,1,Inbound
2025-01-31,Red,trip_01208,stop_009,07:08:00,07:09:00,9,0,Outbound
2025-01-01,Orange,trip_01209,stop_010,08:09:00,08:10:00,10,1,Inbound
2025-01-02,Red,trip_01210,stop_011,09:10:00,09:11:00,11,0,Outbound
2025-01-03,Orange,trip_01211,stop_012,10:11:00,10:12:00,12,1,Inbound
2025-01-04,Red,trip_01212,stop_013,11:12:00,11:13:00,13,0,Outbound
2025-01-05,Orange,trip_01213,stop_014,12:13:00,12:14:00,14,1,Inbound
2025-01-06,Red,trip_01214,stop_015,13:14:00,13:15:00,15,0,Outbound
2025-01-07,Orange,trip_01215,stop_016,14:15:00,14:16:00,16,1,Inbound
2025-01-08,Red,trip_01216,stop_017,15:16:00,15:17:00,17,0,Outbound
2025-01-09,Orange,trip_01217,stop_018,16:17:00,16:18:00,18,1,Inbound
2025-01-10,Red,trip_01218,stop_019,17:18:00,17:19:00,19,0,Outbound
2025-01-11,Orange,trip_01219,stop_020,18:19:00,18:20:00,20,1,Inbound
2025-01-12,Red,trip_01220,stop_021,19:20:00,19:21:00,21,0,Outbound
2025-01-13,Orange,trip_01221,stop_022,20:21:00,20:22:00,22,1,Inbound
2025-01-14,Red,trip_01222,stop_023,21:22:00,21:23:00,23,0,Outbound
2025-01-15,Orange,trip_01223,stop_024,22:23:00,22:24:00,24,1,Inbound
2025-01-16,Red,trip_01224,stop_025,05:24:00,05:25:00,25,0,Outbound
2025-01-17,Orange,trip_01225,stop_026,06:25:00,06:26:00,1,1,Inbound
2025-01-18,Red,trip_01226,stop_027,07:26:00,07:27:00,2,0,Outbound
2025-01-19,Orange,trip_01227,stop_028,08:27:00,08:28:00,3,1,Inbound
2025-01-20,Red,trip_01228,stop_029,09:28:00,09:29:00,4,0,Outbound
2025-01-21,Orange,trip_01229,stop_030,10:29:00,10:30:00,5,1,Inbound
2025-01-22,Red,trip_01230,stop_001,11:30:00,11:31:00,6,0,Outbound
2025-01-23,Orange,trip_01231,stop_002,12:31:00,12:32:00,7,1,Inbound
2025-01-24,Red,trip_01232,stop_003,13:32:00,13:33:00,8,0,Outbound
2025-01-25,Orange,trip_01233,stop_004,14:33:00,14:34:00,9,1,Inbound
2025-01-26,Red,trip_01234,stop_005,15:34:00,15:35:00,10,0,Outbound
2025-01-27,Orange,trip_01235,stop_006,16:35:00,16:36:00,11,1,Inbound
2025-01-28,Red,trip_01236,stop_007,17:36:00,17:37:00,12,0,Outbound
2025-01-29,Orange,trip_01237,stop_008,18:37:00,18:38:00,13,1,Inbound
2025-01-30,Red,trip_01238,stop_009,19:38:00,19:39:00,14,0,Outbound
2025-01-31,Orange,trip_01239,stop_010,20:39:00,20:40:00,15,1,Inbound
2025-01-01,Red,trip_01240,stop_011,21:40:00,21:41:00,16,0,Outbound
2025-01-02,Orange,trip_01241,stop_012,22:41:00,22:42:00,17,1,Inbound
2025-01-03,Red,trip_01242,stop_013,05:42:00,05:43:00,18,0,Outbound
2025-01-04,Orange,trip_01243,stop_014,06:43:00,06:44:00,19,1,Inbound
2025-01-05,Red,trip_01244,stop_015,07:44:00,07:45:00,20,0,Outbound
2025-01-06,Orange,trip_01245,stop_016,08:45:00,08:46:00,21,1,Inbound
2025-01-07,Red,trip_01246,stop_017,09:46:00,09:47:00,22,0,Outbound
2025-01-08,Orange,trip_01247,stop_018,10:47:00,10:48:00,23,1,Inbound
2025-01-09,Red,trip_01248,stop_019,11:48:00,11:49:00,24,0,Outbound
2025-01-10,Orange,trip_01249,stop_020,12:49:00,12:50:00,25,1,Inbound
2025-01-11,Red,trip_01250,stop_021,13:50:00,13:51:00,1,0,Outbound
2025-01-12,Orange,trip_01251,stop_022,14:51:00,14:52:00,2,1,Inbound
2025-01-13,Red,trip_01252,stop_023,15:52:00,15:53:00,3,0,Outbound
2025-01-14,Orange,trip_01253,stop_024,16:53:00,16:54:00,4,1,Inbound
2025-01-15,Red,trip_01254,stop_025,17:54:00,17:55:00,5,0,Outbound
2025-01-16,Orange,trip_01255,stop_026,18:55:00,18:56:00,6,1,Inbound
2025-01-17,Red,trip_01256,stop_027,19:56:00,19:57:00,7,0,Outbound
2025-01-18,Orange,trip_01257,stop_028,20:57:00,20:58:00,8,1,Inbound
2025-01-19,Red,trip_01258,stop_029,21:58:00,21:59:00,9,0,Outbound
2025-01-20,Orange,trip_01259,stop_030,22:59:00,22:00:00,10,1,Inbound
2025-01-21,Red,trip_01260,stop_001,05:00:00,05:01:00,11,0,Outbound
2025-01-22,Orange,trip_01261,stop_002,06:01:00,06:02:00,12,1,Inbound
2025-01-23,Red,trip_01262,stop_003,07:02:00,07:03:00,13,0,Outbound
2025-01-24,Orange,trip_01263,stop_004,08:03:00,08:04:00,14,1,Inbound
2025-01-25,Red,trip_01264,stop_005,09:04:00,09:05:00,15,0,Outbound
2025-01-26,Orange,trip_01265,stop_006,10:05:00,10:06:00,16,1,Inbound
2025-01-27,Red,trip_01266,stop_007,11:06:00,11:07:00,17,0,Outbound
2025-01-28,Orange,trip_01267,stop_008,12:07:00,12:08:00,18,1,Inbound
2025-01-29,Red,trip_01268,stop_009,13:08:00,13:09:00,19,0,Outbound
2025-01-30,Orange,trip_01269,stop_010,14:09:00,14:10:00,20,1,Inbound
2025-01-31,Red,trip_01270,stop_011,15:10:00,15:11:00,21,0,Outbound
2025-01-01,Orange,trip_01271,stop_012,16:11:00,16:12:00,22,1,Inbound
2025-01-02,Red,trip_01272,stop_013,17:12:00,17:13:00,23,0,Outbound
2025-01-03,Orange,trip_01273,stop_014,18:13:00,18:14:00,24,1,Inbound
2025-01-04,Red,trip_01274,stop_015,19:14:00,19:15:00,25,0,Outbound
2025-01-05,Orange,trip_01275,stop_016,20:15:00,20:16:00,1,1,Inbound
2025-01-06,Red,trip_01276,stop_017,21:16:00,21:17:00,2,0,Outbound
2025-01-07,Orange,trip_01277,stop_018,22:17:00,22:18:00,3,1,Inbound
2025-01-08,Red,trip_01278,stop_019,05:18:00,05:19:00,4,0,Outbound
2025-01-09,Orange,trip_01279,stop_020,06:19:00,06:20:00,5,1,Inbound
2025-01-10,Red,trip_01280,stop_021,07:20:00,07:21:00,6,0,Outbound
2025-01-11,Orange,trip_01281,stop_022,08:21:00,08:22:00,7,1,Inbound
2025-01-12,Red,trip_01282,stop_023,09:22:00,09:23:00,8,0,Outbound
2025-01-13,Orange,trip_01283,stop_024,10:23:00,10:24:00,9,1,Inbound
2025-01-14,Red,trip_01284,stop_025,11:24:00,11:25:00,10,0,Outbound
2025-01-15,Orange,trip_01285,stop_026,12:25:00,12:26:00,11,1,Inbound
2025-01-16,Red,trip_01286,stop_027,13:26:00,13:27:00,12,0,Outbound
2025-01-17,Orange,trip_01287,stop_028,14:27:00,14:28:00,13,1,Inbound
2025-01-18,Red,trip_01288,stop_029,15:28:00,15:29:00,14,0,Outbound
2025-01-19,Orange,trip_01289,stop_030,16:29:00,16:30:00,15,1,Inbound
2025-01-20,Red,trip_01290,stop_001,17:30:00,17:31:00,16,0,Outbound
2025-01-21,Orange,trip_01291,stop_002,18:31:00,18:32:00,17,1,Inbound
2025-01-22,Red,trip_01292,stop_003,19:32:00,19:33:00,18,0,Outbound
2025-01-23,Orange,trip_01293,stop_004,20:33:00,20:34:00,19,1,Inbound
2025-01-24,Red,trip_01294,stop_005,21:34:00,21:35:00,20,0,Outbound
2025-01-25,Orange,trip_01295,stop_006,22:35:00,22:36:00,21,1,Inbound
2025-01-26,Red,trip_01296,stop_007,05:36:00,05:37:00,22,0,Outbound
2025-01-27,Orange,trip_01297,stop_008,06:37:00,06:38:00,23,1,Inbound
2025-01-28,Red,trip_01298,stop_009,07:38:00,07:39:00,24,0,Outbound
2025-01-29,Orange,trip_01299,stop_010,08:39:00,08:40:00,25,1,Inbound
2025-01-30,Red,trip_01300,stop_011,09:40:00,09:41:00,1,0,Outbound
2025-01-31,Orange,trip_01301,stop_012,10:41:00,10:42:00,2,1,Inbound
2025-01-01,Red,trip_01302,stop_013,11:42:00,11:43:00,3,0,Outbound
2025-01-02,Orange,trip_01303,stop_014,12:43:00,12:44:00,4,1,Inbound
2025-01-03,Red,trip_01304,stop_015,13:44:00,13:45:00,5,0,Outbound
2025-01-04,Orange,trip_01305,stop_016,14:45:00,14:46:00,6,1,Inbound
2025-01-05,Red,trip_01306,stop_017,15:46:00,15:47:00,7,0,Outbound
2025-01-06,Orange,trip_01307,stop_018,16:47:00,16:48:00,8,1,Inbound
2025-01-07,Red,trip_01308,stop_019,17:48:00,17:49:00,9,0,Outbound
2025-01-08,Orange,trip_01309,stop_020,18:49:00,18:50:00,10,1,Inbound
2025-01-09,Red,trip_01310,stop_021,19:50:00,19:51:00,11,0,Outbound
2025-01-10,Orange,trip_01311,stop_022,20:51:00,20:52:00,12,1,Inbound
2025-01-11,Red,trip_01312,stop_023,21:52:00,21:53:00,13,0,Outbound
2025-01-12,Orange,trip_01313,stop_024,22:53:00,22:54:00,14,1,Inbound
2025-01-13,Red,trip_01314,stop_025,05:54:00,05:55:00,15,0,Outbound
2025-01-14,Orange,trip_01315,stop_026,06:55:00,06:56:00,16,1,Inbound
2025-01-15,Red,trip_01316,stop_027,07:56:00,07:57:00,17,0,Outbound
2025-01-16,Orange,trip_01317,stop_028,08:57:00,08:58:00,18,1,Inbound
2025-01-17,Red,trip_01318,stop_029,09:58:00,09:59:00,19,0,Outbound
2025-01-18,Orange,trip_01319,stop_030,10:59:00,10:00:00,20,1,Inbound
2025-01-19,Red,trip_01320,stop_001,11:00:00,11:01:00,21,0,Outbound
2025-01-20,Orange,trip_01321,stop_002,12:01:00,12:02:00,22,1,Inbound
2025-01-21,Red,trip_01322,stop_003,13:02:00,13:03:00,23,0,Outbound
2025-01-22,Orange,trip_01323,stop_004,14:03:00,14:04:00,24,1,Inbound
2025-01-23,Red,trip_01324,stop_005,15:04:00,15:05:00,25,0,Outbound
2025-01-24,Orange,trip_01325,stop_006,16:05:00,16:06:00,1,1,Inbound
2025-01-25,Red,trip_01326,stop_007,17:06:00,17:07:00,2,0,Outbound
2025-01-26,Orange,trip_01327,stop_008,18:07:00,18:08:00,3,1,Inbound
2025-01-27,Red,trip_01328,stop_009,19:08:00,19:09:00,4,0,Outbound
2025-01-28,Orange,trip_01329,stop_010,20:09:00,20:10:00,5,1,Inbound
2025-01-29,Red,trip_01330,stop_011,21:10:00,21:11:00,6,0,Outbound
2025-01-30,Orange,trip_01331,stop_012,22:11:00,22:12:00,7,1,Inbound
2025-01-31,Red,trip_01332,stop_013,05:12:00,05:13:00,8,0,Outbound
2025-01-01,Orange,trip_01333,stop_014,06:13:00,06:14:00,9,1,Inbound
2025-01-02,Red,trip_01334,stop_015,07:14:00,07:15:00,10,0,Outbound
2025-01-03,Orange,trip_01335,stop_016,08:15:00,08:16:00,11,1,Inbound
2025-01-04,Red,trip_01336,stop_017,09:16:00,09:17:00,12,0,Outbound
2025-01-05,Orange,trip_01337,stop_018,10:17:00,10:18:00,13,1,Inbound
2025-01-06,Red,trip_01338,stop_019,11:18:00,11:19:00,14,0,Outbound
2025-01-07,Orange,trip_01339,stop_020,12:19:00,12:20:00,15,1,Inbound
2025-01-08,Red,trip_01340,stop_021,13:20:00,13:21:00,16,0,Outbound
2025-01-09,Orange,trip_01341,stop_022,14:21:00,14:22:00,17,1,Inbound
2025-01-10,Red,trip_01342,stop_023,15:22:00,15:23:00,18,0,Outbound
2025-01-11,Orange,trip_01343,stop_024,16:23:00,16:24:00,19,1,Inbound
2025-01-12,Red,trip_01344,stop_025,17:24:00,17:25:00,20,0,Outbound
2025-01-13,Orange,trip_01345,stop_026,18:25:00,18:26:00,21,1,Inbound
2025-01-14,Red,trip_01346,stop_027,19:26:00,19:27:00,22,0,Outbound
2025-01-15,Orange,trip_01347,stop_028,20:27:00,20:28:00,23,1,Inbound
2025-01-16,Red,trip_01348,stop_029,21:28:00,21:29:00,24,0,Outbound
2025-01-17,Orange,trip_01349,stop_030,22:29:00,22:30:00,25,1,Inbound
2025-01-18,Red,trip_01350,stop_001,05:30:00,05:31:00,1,0,Outbound
2025-01-19,Orange,trip_01351,stop_002,06:31:00,06:32:00,2,1,Inbound
2025-01-20,Red,trip_01352,stop_003,07:32:00,07:33:00,3,0,Outbound
2025-01-21,Orange,trip_01353,stop_004,08:33:00,08:34:00,4,1,Inbound
2025-01-22,Red,trip_01354,stop_005,09:34:00,09:35:00,5,0,Outbound
2025-01-23,Orange,trip_01355,stop_006,10:35:00,10:36:00,6,1,Inbound
2025-01-24,Red,trip_01356,stop_007,11:36:00,11:37:00,7,0,Outbound
2025-01-25,Orange,trip_01357,stop_008,12:37:00,12:38:00,8,1,Inbound
2025-01-26,Red,trip_01358,stop_009,13:38:00,13:39:00,9,0,Outbound
2025-01-27,Orange,trip_01359,stop_010,14:39:00,14:40:00,10,1,Inbound
2025-01-28,Red,trip_01360,stop_011,15:40:00,15:41:00,11,0,Outbound
2025-01-29,Orange,trip_01361,stop_012,16:41:00,16:42:00,12,1,Inbound
2025-01-30,Red,trip_01362,stop_013,17:42:00,17:43:00,13,0,Outbound
2025-01-31,Orange,trip_01363,stop_014,18:43:00,18:44:00,14,1,Inbound
2025-01-01,Red,trip_01364,stop_015,19:44:00,19:45:00,15,0,Outbound
2025-01-02,Orange,trip_01365,stop_016,20:45:00,20:46:00,16,1,Inbound
2025-01-03,Red,trip_01366,stop_017,21:46:00,21:47:00,17,0,Outbound
2025-01-04,Orange,trip_01367,stop_018,22:47:00,22:48:00,18,1,Inbound
2025-01-05,Red,trip_01368,stop_019,05:48:00,05:49:00,19,0,Outbound
2025-01-06,Orange,trip_01369,stop_020,06:49:00,06:50:00,20,1,Inbound
2025-01-07,Red,trip_01370,stop_021,07:50:00,07:51:00,21,0,Outbound
2025-01-08,Orange,trip_01371,stop_022,08:51:00,08:52:00,22,1,Inbound
2025-01-09,Red,trip_01372,stop_023,09:52:00,09:53:00,23,0,Outbound
2025-01-10,Orange,trip_01373,stop_024,10:53:00,10:54:00,24,1,Inbound
2025-01-11,Red,trip_01374,stop_025,11:54:00,11:55:00,25,0,Outbound
2025-01-12,Orange,trip_01375,stop_026,12:55:00,12:56:00,1,1,Inbound
2025-01-13,Red,trip_01376,stop_027,13:56:00,13:57:00,2,0,Outbound
2025-01-14,Orange,trip_01377,stop_028,14:57:00,14:58:00,3,1,Inbound
2025-01-15,Red,trip_01378,stop_029,15:58:00,15:59:00,4,0,Outbound
2025-01-16,Orange,trip_01379,stop_030,16:59:00,16:00:00,5,1,Inbound
2025-01-17,Red,trip_01380,stop_001,17:00:00,17:01:00,6,0,Outbound
2025-01-18,Orange,trip_01381,stop_002,18:01:00,18:02:00,7,1,Inbound
2025-01-19,Red,trip_01382,stop_003,19:02:00,19:03:00,8,0,Outbound
2025-01-20,Orange,trip_01383,stop_004,20:03:00,20:04:00,9,1,Inbound
2025-01-21,Red,trip_01384,stop_005,21:04:00,21:05:00,10,0,Outbound
2025-01-22,Orange,trip_01385,stop_006,22:05:00,22:06:00,11,1,Inbound
2025-01-23,Red,trip_01386,stop_007,05:06:00,05:07:00,12,0,Outbound
2025-01-24,Orange,trip_01387,stop_008,06:07:00,06:08:00,13,1,Inbound
2025-01-25,Red,trip_01388,stop_009,07:08:00,07:09:00,14,0,Outbound
2025-01-26,Orange,trip_01389,stop_010,08:09:00,08:10:00,15,1,Inbound
2025-01-27,Red,trip_01390,stop_011,09:10:00,09:11:00,16,0,Outbound
2025-01-28,Orange,trip_01391,stop_012,10:11:00,10:12:00,17,1,Inbound
2025-01-29,Red,trip_01392,stop_013,11:12:00,11:13:00,18,0,Outbound
2025-01-30,Orange,trip_01393,stop_014,12:13:00,12:14:00,19,1,Inbound
2025-01-31,Red,trip_01394,stop_015,13:14:00,13:15:00,20,0,Outbound
2025-01-01,Orange,trip_01395,stop_016,14:15:00,14:16:00,21,1,Inbound
2025-01-02,Red,trip_01396,stop_017,15:16:00,15:17:00,22,0,Outbound
2025-01-03,Orange,trip_01397,stop_018,16:17:00,16:18:00,23,1,Inbound
2025-01-04,Red,trip_01398,stop_019,17:18:00,17:19:00,24,0,Outbound
2025-01-05,Orange,trip_01399,stop_020,18:19:00,18:20:00,25,1,Inbound
2025-01-06,Red,trip_01400,stop_021,19:20:00,19:21:00,1,0,Outbound
2025-01-07,Orange,trip_01401,stop_022,20:21:00,20:22:00,2,1,Inbound
2025-01-08,Red,trip_01402,stop_023,21:22:00,21:23:00,3,0,Outbound
2025-01-09,Orange,trip_01403,stop_024,22:23:00,22:24:00,4,1,Inbound
2025-01-10,Red,trip_01404,stop_025,05:24:00,05:25:00,5,0,Outbound
2025-01-11,Orange,trip_01405,stop_026,06:25:00,06:26:00,6,1,Inbound
2025-01-12,Red,trip_01406,stop_027,07:26:00,07:27:00,7,0,Outbound
2025-01-13,Orange,trip_01407,stop_028,08:27:00,08:28:00,8,1,Inbound
2025-01-14,Red,trip_01408,stop_029,09:28:00,09:29:00,9,0,Outbound
2025-01-15,Orange,trip_01409,stop_030,10:29:00,10:30:00,10,1,Inbound
2025-01-16,Red,trip_01410,stop_001,11:30:00,11:31:00,11,0,Outbound
2025-01-17,Orange,trip_01411,stop_002,12:31:00,12:32:00,12,1,Inbound
2025-01-18,Red,trip_01412,stop_003,13:32:00,13:33:00,13,0,Outbound
2025-01-19,Orange,trip_01413,stop_004,14:33:00,14:34:00,14,1,Inbound
2025-01-20,Red,trip_01414,stop_005,15:34:00,15:35:00,15,0,Outbound
2025-01-21,Orange,trip_01415,stop_006,16:35:00,16:36:00,16,1,Inbound
2025-01-22,Red,trip_01416,stop_007,17:36:00,17:37:00,17,0,Outbound
2025-01-23,Orange,trip_01417,stop_008,18:37:00,18:38:00,18,1,Inbound
2025-01-24,Red,trip_01418,stop_009,19:38:00,19:39:00,19,0,Outbound
2025-01-25,Orange,trip_01419,stop_010,20:39:00,20:40:00,20,1,Inbound
2025-01-26,Red,trip_01420,stop_011,21:40:00,21:41:00,21,0,Outbound
2025-01-27,Orange,trip_01421,stop_012,22:41:00,22:42:00,22,1,Inbound
2025-01-28,Red,trip_01422,stop_013,05:42:00,05:43:00,23,0,Outbound
2025-01-29,Orange,trip_01423,stop_014,06:43:00,06:44:00,24,1,Inbound
2025-01-30,Red,trip_01424,stop_015,07:44:00,07:45:00,25,0,Outbound
2025-01-31,Orange,trip_01425,stop_016,08:45:00,08:46:00,1,1,Inbound
2025-01-01,Red,trip_01426,stop_017,09:46:00,09:47:00,2,0,Outbound
2025-01-02,Orange,trip_01427,stop_018,10:47:00,10:48:00,3,1,Inbound
2025-01-03,Red,trip_01428,stop_019,11:48:00,11:49:00,4,0,Outbound
2025-01-04,Orange,trip_01429,stop_020,12:49:00,12:50:00,5,1,Inbound
2025-01-05,Red,trip_01430,stop_021,13:50:00,13:51:00,6,0,Outbound
2025-01-06,Orange,trip_01431,stop_022,14:51:00,14:52:00,7,1,Inbound
2025-01-07,Red,trip_01432,stop_023,15:52:00,15:53:00,8,0,Outbound
2025-01-08,Orange,trip_01433,stop_024,16:53:00,16:54:00,9,1,Inbound
2025-01-09,Red,trip_01434,stop_025,17:54:00,17:55:00,10,0,Outbound
2025-01-10,Orange,trip_01435,stop_026,18:55:00,18:56:00,11,1,Inbound
2025-01-11,Red,trip_01436,stop_027,19:56:00,19:57:00,12,0,Outbound
2025-01-12,Orange,trip_01437,stop_028,20:57:00,20:58:00,13,1,Inbound
2025-01-13,Red,trip_01438,stop_029,21:58:00,21:59:00,14,0,Outbound
2025-01-14,Orange,trip_01439,stop_030,22:59:00,22:00:00,15,1,Inbound
2025-01-15,Red,trip_01440,stop_001,05:00:00,05:01:00,16,0,Outbound
2025-01-16,Orange,trip_01441,stop_002,06:01:00,06:02:00,17,1,Inbound
2025-01-17,Red,trip_01442,stop_003,07:02:00,07:03:00,18,0,Outbound
2025-01-18,Orange,trip_01443,stop_004,08:03:00,08:04:00,19,1,Inbound
2025-01-19,Red,trip_01444,stop_005,09:04:00,09:05:00,20,0,Outbound
2025-01-20,Orange,trip_01445,stop_006,10:05:00,10:06:00,21,1,Inbound
2025-01-21,Red,trip_01446,stop_007,11:06:00,11:07:00,22,0,Outbound
2025-01-22,Orange,trip_01447,stop_008,12:07:00,12:08:00,23,1,Inbound
2025-01-23,Red,trip_01448,stop_009,13:08:00,13:09:00,24,0,Outbound
2025-01-24,Orange,trip_01449,stop_010,14:09:00,14:10:00,25,1,Inbound
2025-01-25,Red,trip_01450,stop_011,15:10:00,15:11:00,1,0,Outbound
2025-01-26,Orange,trip_01451,stop_012,16:11:00,16:12:00,2,1,Inbound
2025-01-27,Red,trip_01452,stop_013,17:12:00,17:13:00,3,0,Outbound
2025-01-28,Orange,trip_01453,stop_014,18:13:00,18:14:00,4,1,Inbound
2025-01-29,Red,trip_01454,stop_015,19:14:00,19:15:00,5,0,Outbound
2025-01-30,Orange,trip_01455,stop_016,20:15:00,20:16:00,6,1,Inbound
2025-01-31,Red,trip_01456,stop_017,21:16:00,21:17:00,7,0,Outbound
2025-01-01,Orange,trip_01457,stop_018,22:17:00,22:18:00,8,1,Inbound
2025-01-02,Red,trip_01458,stop_019,05:18:00,05:19:00,9,0,Outbound
2025-01-03,Orange,trip_01459,stop_020,06:19:00,06:20:00,10,1,Inbound
2025-01-04,Red,trip_01460,stop_021,07:20:00,07:21:00,11,0,Outbound
2025-01-05,Orange,trip_01461,stop_022,08:21:00,08:22:00,12,1,Inbound
2025-01-06,Red,trip_01462,stop_023,09:22:00,09:23:00,13,0,Outbound
2025-01-07,Orange,trip_01463,stop_024,10:23:00,10:24:00,14,1,Inbound
2025-01-08,Red,trip_01464,stop_025,11:24:00,11:25:00,15,0,Outbound
2025-01-09,Orange,trip_01465,stop_026,12:25:00,12:26:00,16,1,Inbound
2025-01-10,Red,trip_01466,stop_027,13:26:00,13:27:00,17,0,Outbound
2025-01-11,Orange,trip_01467,stop_028,14:27:00,14:28:00,18,1,Inbound
2025-01-12,Red,trip_01468,stop_029,15:28:00,15:29:00,19,0,Outbound
2025-01-13,Orange,trip_01469,stop_030,16:29:00,16:30:00,20,1,Inbound
2025-01-14,Red,trip_01470,stop_001,17:30:00,17:31:00,21,0,Outbound
2025-01-15,Orange,trip_01471,stop_002,18:31:00,18:32:00,22,1,Inbound
2025-01-16,Red,trip_01472,stop_003,19:32:00,19:33:00,23,0,Outbound
2025-01-17,Orange,trip_01473,stop_004,20:33:00,20:34:00,24,1,Inbound
2025-01-18,Red,trip_01474,stop_005,21:34:00,21:35:00,25,0,Outbound
2025-01-19,Orange,trip_01475,stop_006,22:35:00,22:36:00,1,1,Inbound
2025-01-20,Red,trip_01476,stop_007,05:36:00,05:37:00,2,0,Outbound
2025-01-21,Orange,trip_01477,stop_008,06:37:00,06:38:00,3,1,Inbound
2025-01-22,Red,trip_01478,stop_009,07:38:00,07:39:00,4,0,Outbound
2025-01-23,Orange,trip_01479,stop_010,08:39:00,08:40:00,5,1,Inbound
2025-01-24,Red,trip_01480,stop_011,09:40:00,09:41:00,6,0,Outbound
2025-01-25,Orange,trip_01481,stop_012,10:41:00,10:42:00,7,1,Inbound
2025-01-26,Red,trip_01482,stop_013,11:42:00,11:43:00,8,0,Outbound
2025-01-27,Orange,trip_01483,stop_014,12:43:00,12:44:00,9,1,Inbound
2025-01-28,Red,trip_01484,stop_015,13:44:00,13:45:00,10,0,Outbound
2025-01-29,Orange,trip_01485,stop_016,14:45:00,14:46:00,11,1,Inbound
2025-01-30,Red,trip_01486,stop_017,15:46:00,15:47:00,12,0,Outbound
2025-01-31,Orange,trip_01487,stop_018,16:47:00,16:48:00,13,1,Inbound
2025-01-01,Red,trip_01488,stop_019,17:48:00,17:49:00,14,0,Outbound
2025-01-02,Orange,trip_01489,stop_020,18:49:00,18:50:00,15,1,Inbound
2025-01-03,Red,trip_01490,stop_021,19:50:00,19:51:00,16,0,Outbound
2025-01-04,Orange,trip_01491,stop_022,20:51:00,20:52:00,17,1,Inbound
2025-01-05,Red,trip_01492,stop_023,21:52:00,21:53:00,18,0,Outbound
2025-01-06,Orange,trip_01493,stop_024,22:53:00,22:54:00,19,1,Inbound
2025-01-07,Red,trip_01494,stop_025,05:54:00,05:55:00,20,0,Outbound
2025-01-08,Orange,trip_01495,stop_026,06:55:00,06:56:00,21,1,Inbound
2025-01-09,Red,trip_01496,stop_027,07:56:00,07:57:00,22,0,Outbound
2025-01-10,Orange,trip_01497,stop_028,08:57:00,08:58:00,23,1,Inbound
2025-01-11,Red,trip_01498,stop_029,09:58:00,09:59:00,24,0,Outbound
2025-01-12,Orange,trip_01499,stop_030,10:59:00,10:00:00,25,1,Inbound
2025-01-13,Red,trip_01500,stop_001,11:00:00,11:01:00,1,0,Outbound
2025-01-14,Orange,trip_01501,stop_002,12:01:00,12:02:00,2,1,Inbound
2025-01-15,Red,trip_01502,stop_003,13:02:00,13:03:00,3,0,Outbound
2025-01-16,Orange,trip_01503,stop_004,14:03:00,14:04:00,4,1,Inbound
2025-01-17,Red,trip_01504,stop_005,15:04:00,15:05:00,5,0,Outbound
2025-01-18,Orange,trip_01505,stop_006,16:05:00,16:06:00,6,1,Inbound
2025-01-19,Red,trip_01506,stop_007,17:06:00,17:07:00,7,0,Outbound
2025-01-20,Orange,trip_01507,stop_008,18:07:00,18:08:00,8,1,Inbound
2025-01-21,Red,trip_01508,stop_009,19:08:00,19:09:00,9,0,Outbound
2025-01-22,Orange,trip_01509,stop_010,20:09:00,20:10:00,10,1,Inbound
2025-01-23,Red,trip_01510,stop_011,21:10:00,21:11:00,11,0,Outbound
2025-01-24,Orange,trip_01511,stop_012,22:11:00,22:12:00,12,1,Inbound
2025-01-25,Red,trip_01512,stop_013,05:12:00,05:13:00,13,0,Outbound
2025-01-26,Orange,trip_01513,stop_014,06:13:00,06:14:00,14,1,Inbound
2025-01-27,Red,trip_01514,stop_015,07:14:00,07:15:00,15,0,Outbound
2025-01-28,Orange,trip_01515,stop_016,08:15:00,08:16:00,16,1,Inbound
2025-01-29,Red,trip_01516,stop_017,09:16:00,09:17:00,17,0,Outbound
2025-01-30,Orange,trip_01517,stop_018,10:17:00,10:18:00,18,1,Inbound
2025-01-31,Red,trip_01518,stop_019,11:18:00,11:19:00,19,0,Outbound
2025-01-01,Orange,trip_01519,stop_020,12:19:00,12:20:00,20,1,Inbound
2025-01-02,Red,trip_01520,stop_021,13:20:00,13:21:00,21,0,Outbound
2025-01-03,Orange,trip_01521,stop_022,14:21:00,14:22:00,22,1,Inbound
2025-01-04,Red,trip_01522,stop_023,15:22:00,15:23:00,23,0,Outbound
2025-01-05,Orange,trip_01523,stop_024,16:23:00,16:24:00,24,1,Inbound
2025-01-06,Red,trip_01524,stop_025,17:24:00,17:25:00,25,0,Outbound
2025-01-07,Orange,trip_01525,stop_026,18:25:00,18:26:00,1,1,Inbound
2025-01-08,Red,trip_01526,stop_027,19:26:00,19:27:00,2,0,Outbound
2025-01-09,Orange,trip_01527,stop_028,20:27:00,20:28:00,3,1,Inbound
2025-01-10,Red,trip_01528,stop_029,21:28:00,21:29:00,4,0,Outbound
2025-01-11,Orange,trip_01529,stop_030,22:29:00,22:30:00,5,1,Inbound
2025-01-12,Red,trip_01530,stop_001,05:30:00,05:31:00,6,0,Outbound
2025-01-13,Orange,trip_01531,stop_002,06:31:00,06:32:00,7,1,Inbound
2025-01-14,Red,trip_01532,stop_003,07:32:00,07:33:00,8,0,Outbound
2025-01-15,Orange,trip_01533,stop_004,08:33:00,08:34:00,9,1,Inbound
2025-01-16,Red,trip_01534,stop_005,09:34:00,09:35:00,10,0,Outbound
2025-01-17,Orange,trip_01535,stop_006,10:35:00,10:36:00,11,1,Inbound
2025-01-18,Red,trip_01536,stop_007,11:36:00,11:37:00,12,0,Outbound
2025-01-19,Orange,trip_01537,stop_008,12:37:00,12:38:00,13,1,Inbound
2025-01-20,Red,trip_01538,stop_009,13:38:00,13:39:00,14,0,Outbound
2025-01-21,Orange,trip_01539,stop_010,14:39:00,14:40:00,15,1,Inbound
2025-01-22,Red,trip_01540,stop_011,15:40:00,15:41:00,16,0,Outbound
2025-01-23,Orange,trip_01541,stop_012,16:41:00,16:42:00,17,1,Inbound
2025-01-24,Red,trip_01542,stop_013,17:42:00,17:43:00,18,0,Outbound
2025-01-25,Orange,trip_01543,stop_014,18:43:00,18:44:00,19,1,Inbound
2025-01-26,Red,trip_01544,stop_015,19:44:00,19:45:00,20,0,Outbound
2025-01-27,Orange,trip_01545,stop_016,20:45:00,20:46:00,21,1,Inbound
2025-01-28,Red,trip_01546,stop_017,21:46:00,21:47:00,22,0,Outbound
2025-01-29,Orange,trip_01547,stop_018,22:47:00,22:48:00,23,1,Inbound
2025-01-30,Red,trip_01548,stop_019,05:48:00,05:49:00,24,0,Outbound
2025-01-31,Orange,trip_01549,stop_020,06:49:00,06:50:00,25,1,Inbound
2025-01-01,Red,trip_01550,stop_021,07:50:00,07:51:00,1,0,Outbound
2025-01-02,Orange,trip_01551,stop_022,08:51:00,08:52:00,2,1,Inbound
2025-01-03,Red,trip_01552,stop_023,09:52:00,09:53:00,3,0,Outbound
2025-01-04,Orange,trip_01553,stop_024,10:53:00,10:54:00,4,1,Inbound
2025-01-05,Red,trip_01554,stop_025,11:54:00,11:55:00,5,0,Outbound
2025-01-06,Orange,trip_01555,stop_026,12:55:00,12:56:00,6,1,Inbound
2025-01-07,Red,trip_01556,stop_027,13:56:00,13:57:00,7,0,Outbound
2025-01-08,Orange,trip_01557,stop_028,14:57:00,14:58:00,8,1,Inbound
2025-01-09,Red,trip_01558,stop_029,15:58:00,15:59:00,9,0,Outbound
2025-01-10,Orange,trip_01559,stop_030,16:59:00,16:00:00,10,1,Inbound
2025-01-11,Red,trip_01560,stop_001,17:00:00,17:01:00,11,0,Outbound
2025-01-12,Orange,trip_01561,stop_002,18:01:00,18:02:00,12,1,Inbound
2025-01-13,Red,trip_01562,stop_003,19:02:00,19:03:00,13,0,Outbound
2025-01-14,Orange,trip_01563,stop_004,20:03:00,20:04:00,14,1,Inbound
2025-01-15,Red,trip_01564,stop_005,21:04:00,21:05:00,15,0,Outbound
2025-01-16,Orange,trip_01565,stop_006,22:05:00,22:06:00,16,1,Inbound
2025-01-17,Red,trip_01566,stop_007,05:06:00,05:07:00,17,0,Outbound
2025-01-18,Orange,trip_01567,stop_008,06:07:00,06:08:00,18,1,Inbound
2025-01-19,Red,trip_01568,stop_009,07:08:00,07:09:00,19,0,Outbound
2025-01-20,Orange,trip_01569,stop_010,08:09:00,08:10:00,20,1,Inbound
2025-01-21,Red,trip_01570,stop_011,09:10:00,09:11:00,21,0,Outbound
2025-01-22,Orange,trip_01571,stop_012,10:11:00,10:12:00,22,1,Inbound
2025-01-23,Red,trip_01572,stop_013,11:12:00,11:13:00,23,0,Outbound
2025-01-24,Orange,trip_01573,stop_014,12:13:00,12:14:00,24,1,Inbound
2025-01-25,Red,trip_01574,stop_015,13:14:00,13:15:00,25,0,Outbound
2025-01-26,Orange,trip_01575,stop_016,14:15:00,14:16:00,1,1,Inbound
2025-01-27,Red,trip_01576,stop_017,15:16:00,15:17:00,2,0,Outbound
2025-01-28,Orange,trip_01577,stop_018,16:17:00,16:18:00,3,1,Inbound
2025-01-29,Red,trip_01578,stop_019,17:18:00,17:19:00,4,0,Outbound
2025-01-30,Orange,trip_01579,stop_020,18:19:00,18:20:00,5,1,Inbound
2025-01-31,Red,trip_01580,stop_021,19:20:00,19:21:00,6,0,Outbound
2025-01-01,Orange,trip_01581,stop_022,20:21:00,20:22:00,7,1,Inbound
2025-01-02,Red,trip_01582,stop_023,21:22:00,21:23:00,8,0,Outbound
2025-01-03,Orange,trip_01583,stop_024,22:23:00,22:24:00,9,1,Inbound
2025-01-04,Red,trip_01584,stop_025,05:24:00,05:25:00,10,0,Outbound
2025-01-05,Orange,trip_01585,stop_026,06:25:00,06:26:00,11,1,Inbound
2025-01-06,Red,trip_01586,stop_027,07:26:00,07:27:00,12,0,Outbound
2025-01-07,Orange,trip_01587,stop_028,08:27:00,08:28:00,13,1,Inbound
2025-01-08,Red,trip_01588,stop_029,09:28:00,09:29:00,14,0,Outbound
2025-01-09,Orange,trip_01589,stop_030,10:29:00,10:30:00,15,1,Inbound
2025-01-10,Red,trip_01590,stop_001,11:30:00,11:31:00,16,0,Outbound
2025-01-11,Orange,trip_01591,stop_002,12:31:00,12:32:00,17,1,Inbound
2025-01-12,Red,trip_01592,stop_003,13:32:00,13:33:00,18,0,Outbound
2025-01-13,Orange,trip_01593,stop_004,14:33:00,14:34:00,19,1,Inbound
2025-01-14,Red,trip_01594,stop_005,15:34:00,15:35:00,20,0,Outbound
2025-01-15,Orange,trip_01595,stop_006,16:35:00,16:36:00,21,1,Inbound
2025-01-16,Red,trip_01596,stop_007,17:36:00,17:37:00,22,0,Outbound
2025-01-17,Orange,trip_01597,stop_008,18:37:00,18:38:00,23,1,Inbound
2025-01-18,Red,trip_01598,stop_009,19:38:00,19:39:00,24,0,Outbound
2025-01-19,Orange,trip_01599,stop_010,20:39:00,20:40:00,25,1,Inbound
2025-01-20,Red,trip_01600,stop_011,21:40:00,21:41:00,1,0,Outbound
2025-01-21,Orange,trip_01601,stop_012,22:41:00,22:42:00,2,1,Inbound
2025-01-22,Red,trip_01602,stop_013,05:42:00,05:43:00,3,0,Outbound
2025-01-23,Orange,trip_01603,stop_014,06:43:00,06:44:00,4,1,Inbound
2025-01-24,Red,trip_01604,stop_015,07:44:00,07:45:00,5,0,Outbound
2025-01-25,Orange,trip_01605,stop_016,08:45:00,08:46:00,6,1,Inbound
2025-01-26,Red,trip_01606,stop_017,09:46:00,09:47:00,7,0,Outbound
2025-01-27,Orange,trip_01607,stop_018,10:47:00,10:48:00,8,1,Inbound
2025-01-28,Red,trip_01608,stop_019,11:48:00,11:49:00,9,0,Outbound
2025-01-29,Orange,trip_01609,stop_020,12:49:00,12:50:00,10,1,Inbound
2025-01-30,Red,trip_01610,stop_021,13:50:00,13:51:00,11,0,Outbound
2025-01-31,Orange,trip_01611,stop_022,14:51:00,14:52:00,12,1,Inbound
2025-01-01,Red,trip_01612,stop_023,15:52:00,15:53:00,13,0,Outbound
2025-01-02,Orange,trip_01613,stop_024,16:53:00,16:54:00,14,1,Inbound
2025-01-03,Red,trip_01614,stop_025,17:54:00,17:55:00,15,0,Outbound
2025-01-04,Orange,trip_01615,stop_026,18:55:00,18:56:00,16,1,Inbound
2025-01-05,Red,trip_01616,stop_027,19:56:00,19:57:00,17,0,Outbound
2025-01-06,Orange,trip_01617,stop_028,20:57:00,20:58:00,18,1,Inbound
2025-01-07,Red,trip_01618,stop_029,21:58:00,21:59:00,19,0,Outbound
2025-01-08,Orange,trip_01619,stop_030,22:59:00,22:00:00,20,1,Inbound
2025-01-09,Red,trip_01620,stop_001,05:00:00,05:01:00,21,0,Outbound
2025-01-10,Orange,trip_01621,stop_002,06:01:00,06:02:00,22,1,Inbound
2025-01-11,Red,trip_01622,stop_003,07:02:00,07:03:00,23,0,Outbound
2025-01-12,Orange,trip_01623,stop_004,08:03:00,08:04:00,24,1,Inbound
2025-01-13,Red,trip_01624,stop_005,09:04:00,09:05:00,25,0,Outbound
2025-01-14,Orange,trip_01625,stop_006,10:05:00,10:06:00,1,1,Inbound
2025-01-15,Red,trip_01626,stop_007,11:06:00,11:07:00,2,0,Outbound
2025-01-16,Orange,trip_01627,stop_008,12:07:00,12:08:00,3,1,Inbound
2025-01-17,Red,trip_01628,stop_009,13:08:00,13:09:00,4,0,Outbound
2025-01-18,Orange,trip_01629,stop_010,14:09:00,14:10:00,5,1,Inbound
2025-01-19,Red,trip_01630,stop_011,15:10:00,15:11:00,6,0,Outbound
2025-01-20,Orange,trip_01631,stop_012,16:11:00,16:12:00,7,1,Inbound
2025-01-21,Red,trip_01632,stop_013,17:12:00,17:13:00,8,0,Outbound
2025-01-22,Orange,trip_01633,stop_014,18:13:00,18:14:00,9,1,Inbound
2025-01-23,Red,trip_01634,stop_015,19:14:00,19:15:00,10,0,Outbound
2025-01-24,Orange,trip_01635,stop_016,20:15:00,20:16:00,11,1,Inbound
2025-01-25,Red,trip_01636,stop_017,21:16:00,21:17:00,12,0,Outbound
2025-01-26,Orange,trip_01637,stop_018,22:17:00,22:18:00,13,1,Inbound
2025-01-27,Red,trip_01638,stop_019,05:18:00,05:19:00,14,0,Outbound
2025-01-28,Orange,trip_01639,stop_020,06:19:00,06:20:00,15,1,Inbound
2025-01-29,Red,trip_01640,stop_021,07:20:00,07:21:00,16,0,Outbound
2025-01-30,Orange,trip_01641,stop_022,08:21:00,08:22:00,17,1,Inbound
2025-01-31,Red,trip_01642,stop_023,09:22:00,09:23:00,18,0,Outbound
2025-01-01,Orange,trip_01643,stop_024,10:23:00,10:24:00,19,1,Inbound
2025-01-02,Red,trip_01644,stop_025,11:24:00,11:25:00,20,0,Outbound
2025-01-03,Orange,trip_01645,stop_026,12:25:00,12:26:00,21,1,Inbound
2025-01-04,Red,trip_01646,stop_027,13:26:00,13:27:00,22,0,Outbound
2025-01-05,Orange,trip_01647,stop_028,14:27:00,14:28:00,23,1,Inbound
2025-01-06,Red,trip_01648,stop_029,15:28:00,15:29:00,24,0,Outbound
2025-01-07,Orange,trip_01649,stop_030,16:29:00,16:30:00,25,1,Inbound
2025-01-08,Red,trip_01650,stop_001,17:30:00,17:31:00,1,0,Outbound
2025-01-09,Orange,trip_01651,stop_002,18:31:00,18:32:00,2,1,Inbound
2025-01-10,Red,trip_01652,stop_003,19:32:00,19:33:00,3,0,Outbound
2025-01-11,Orange,trip_01653,stop_004,20:33:00,20:34:00,4,1,Inbound
2025-01-12,Red,trip_01654,stop_005,21:34:00,21:35:00,5,0,Outbound
2025-01-13,Orange,trip_01655,stop_006,22:35:00,22:36:00,6,1,Inbound
2025-01-14,Red,trip_01656,stop_007,05:36:00,05:37:00,7,0,Outbound
2025-01-15,Orange,trip_01657,stop_008,06:37:00,06:38:00,8,1,Inbound
2025-01-16,Red,trip_01658,stop_009,07:38:00,07:39:00,9,0,Outbound
2025-01-17,Orange,trip_01659,stop_010,08:39:00,08:40:00,10,1,Inbound
2025-01-18,Red,trip_01660,stop_011,09:40:00,09:41:00,11,0,Outbound
2025-01-19,Orange,trip_01661,stop_012,10:41:00,10:42:00,12,1,Inbound
2025-01-20,Red,trip_01662,stop_013,11:42:00,11:43:00,13,0,Outbound
2025-01-21,Orange,trip_01663,stop_014,12:43:00,12:44:00,14,1,Inbound
2025-01-22,Red,trip_01664,stop_015,13:44:00,13:45:00,15,0,Outbound
2025-01-23,Orange,trip_01665,stop_016,14:45:00,14:46:00,16,1,Inbound
2025-01-24,Red,trip_01666,stop_017,15:46:00,15:47:00,17,0,Outbound
2025-01-25,Orange,trip_01667,stop_018,16:47:00,16:48:00,18,1,Inbound
2025-01-26,Red,trip_01668,stop_019,17:48:00,17:49:00,19,0,Outbound
2025-01-27,Orange,trip_01669,stop_020,18:49:00,18:50:00,20,1,Inbound
2025-01-28,Red,trip_01670,stop_021,19:50:00,19:51:00,21,0,Outbound
2025-01-29,Orange,trip_01671,stop_022,20:51:00,20:52:00,22,1,Inbound
2025-01-30,Red,trip_01672,stop_023,21:52:00,21:53:00,23,0,Outbound
2025-01-31,Orange,trip_01673,stop_024,22:53:00,22:54:00,24,1,Inbound
2025-01-01,Red,trip_01674,stop_025,05:54:00,05:55:00,25,0,Outbound
2025-01-02,Orange,trip_01675,stop_026,06:55:00,06:56:00,1,1,Inbound
2025-01-03,Red,trip_01676,stop_027,07:56:00,07:57:00,2,0,Outbound
2025-01-04,Orange,trip_01677,stop_028,08:57:00,08:58:00,3,1,Inbound
2025-01-05,Red,trip_01678,stop_029,09:58:00,09:59:00,4,0,Outbound
2025-01-06,Orange,trip_01679,stop_030,10:59:00,10:00:00,5,1,Inbound
2025-01-07,Red,trip_01680,stop_001,11:00:00,11:01:00,6,0,Outbound
2025-01-08,Orange,trip_01681,stop_002,12:01:00,12:02:00,7,1,Inbound
2025-01-09,Red,trip_01682,stop_003,13:02:00,13:03:00,8,0,Outbound
2025-01-10,Orange,trip_01683,stop_004,14:03:00,14:04:00,9,1,Inbound
2025-01-11,Red,trip_01684,stop_005,15:04:00,15:05:00,10,0,Outbound
2025-01-12,Orange,trip_01685,stop_006,16:05:00,16:06:00,11,1,Inbound
2025-01-13,Red,trip_01686,stop_007,17:06:00,17:07:00,12,0,Outbound
2025-01-14,Orange,trip_01687,stop_008,18:07:00,18:08:00,13,1,Inbound
2025-01-15,Red,trip_01688,stop_009,19:08:00,19:09:00,14,0,Outbound
2025-01-16,Orange,trip_01689,stop_010,20:09:00,20:10:00,15,1,Inbound
2025-01-17,Red,trip_01690,stop_011,21:10:00,21:11:00,16,0,Outbound
2025-01-18,Orange,trip_01691,stop_012,22:11:00,22:12:00,17,1,Inbound
2025-01-19,Red,trip_01692,stop_013,05:12:00,05:13:00,18,0,Outbound
2025-01-20,Orange,trip_01693,stop_014,06:13:00,06:14:00,19,1,Inbound
2025-01-21,Red,trip_01694,stop_015,07:14:00,07:15:00,20,0,Outbound
2025-01-22,Orange,trip_01695,stop_016,08:15:00,08:16:00,21,1,Inbound
2025-01-23,Red,trip_01696,stop_017,09:16:00,09:17:00,22,0,Outbound
2025-01-24,Orange,trip_01697,stop_018,10:17:00,10:18:00,23,1,Inbound
2025-01-25,Red,trip_01698,stop_019,11:18:00,11:19:00,24,0,Outbound
2025-01-26,Orange,trip_01699,stop_020,12:19:00,12:20:00,25,1,Inbound
2025-01-27,Red,trip_01700,stop_021,13:20:00,13:21:00,1,0,Outbound
2025-01-28,Orange,trip_01701,stop_022,14:21:00,14:22:00,2,1,Inbound
2025-01-29,Red,trip_01702,stop_023,15:22:00,15:23:00,3,0,Outbound
2025-01-30,Orange,trip_01703,stop_024,16:23:00,16:24:00,4,1,Inbound
2025-01-31,Red,trip_01704,stop_025,17:24:00,17:25:00,5,0,Outbound
2025-01-01,Orange,trip_01705,stop_026,18:25:00,18:26:00,6,1,Inbound
2025-01-02,Red,trip_01706,stop_027,19:26:00,19:27:00,7,0,Outbound
2025-01-03,Orange,trip_01707,stop_028,20:27:00,20:28:00,8,1,Inbound
2025-01-04,Red,trip_01708,stop_029,21:28:00,21:29:00,9,0,Outbound
2025-01-05,Orange,trip_01709,stop_030,22:29:00,22:30:00,10,1,Inbound
2025-01-06,Red,trip_01710,stop_001,05:30:00,05:31:00,11,0,Outbound
2025-01-07,Orange,trip_01711,stop_002,06:31:00,06:32:00,12,1,Inbound
2025-01-08,Red,trip_01712,stop_003,07:32:00,07:33:00,13,0,Outbound
2025-01-09,Orange,trip_01713,stop_004,08:33:00,08:34:00,14,1,Inbound
2025-01-10,Red,trip_01714,stop_005,09:34:00,09:35:00,15,0,Outbound
2025-01-11,Orange,trip_01715,stop_006,10:35:00,10:36:00,16,1,Inbound
2025-01-12,Red,trip_01716,stop_007,11:36:00,11:37:00,17,0,Outbound
2025-01-13,Orange,trip_01717,stop_008,12:37:00,12:38:00,18,1,Inbound
2025-01-14,Red,trip_01718,stop_009,13:38:00,13:39:00,19,0,Outbound
2025-01-15,Orange,trip_01719,stop_010,14:39:00,14:40:00,20,1,Inbound
2025-01-16,Red,trip_01720,stop_011,15:40:00,15:41:00,21,0,Outbound
2025-01-17,Orange,trip_01721,stop_012,16:41:00,16:42:00,22,1,Inbound
2025-01-18,Red,trip_01722,stop_013,17:42:00,17:43:00,23,0,Outbound
2025-01-19,Orange,trip_01723,stop_014,18:43:00,18:44:00,24,1,Inbound
2025-01-20,Red,trip_01724,stop_015,19:44:00,19:45:00,25,0,Outbound
2025-01-21,Orange,trip_01725,stop_016,20:45:00,20:46:00,1,1,Inbound
2025-01-22,Red,trip_01726,stop_017,21:46:00,21:47:00,2,0,Outbound
2025-01-23,Orange,trip_01727,stop_018,22:47:00,22:48:00,3,1,Inbound
2025-01-24,Red,trip_01728,stop_019,05:48:00,05:49:00,4,0,Outbound
2025-01-25,Orange,trip_01729,stop_020,06:49:00,06:50:00,5,1,Inbound
2025-01-26,Red,trip_01730,stop_021,07:50:00,07:51:00,6,0,Outbound
2025-01-27,Orange,trip_01731,stop_022,08:51:00,08:52:00,7,1,Inbound
2025-01-28,Red,trip_01732,stop_023,09:52:00,09:53:00,8,0,Outbound
2025-01-29,Orange,trip_01733,stop_024,10:53:00,10:54:00,9,1,Inbound
2025-01-30,Red,trip_01734,stop_025,11:54:00,11:55:00,10,0,Outbound
2025-01-31,Orange,trip_01735,stop_026,12:55:00,12:56:00,11,1,Inbound
2025-01-01,Red,trip_01736,stop_027,13:56:00,13:57:00,12,0,Outbound
2025-01-02,Orange,trip_01737,stop_028,14:57:00,14:58:00,13,1,Inbound
2025-01-03,Red,trip_01738,stop_029,15:58:00,15:59:00,14,0,Outbound
2025-01-04,Orange,trip_01739,stop_030,16:59:00,16:00:00,15,1,Inbound
2025-01-05,Red,trip_01740,stop_001,17:00:00,17:01:00,16,0,Outbound
2025-01-06,Orange,trip_01741,stop_002,18:01:00,18:02:00,17,1,Inbound
2025-01-07,Red,trip_01742,stop_003,19:02:00,19:03:00,18,0,Outbound
2025-01-08,Orange,trip_01743,stop_004,20:03:00,20:04:00,19,1,Inbound
2025-01-09,Red,trip_01744,stop_005,21:04:00,21:05:00,20,0,Outbound
2025-01-10,Orange,trip_01745,stop_006,22:05:00,22:06:00,21,1,Inbound
2025-01-11,Red,trip_01746,stop_007,05:06:00,05:07:00,22,0,Outbound
2025-01-12,Orange,trip_01747,stop_008,06:07:00,06:08:00,23,1,Inbound
2025-01-13,Red,trip_01748,stop_009,07:08:00,07:09:00,24,0,Outbound
2025-01-14,Orange,trip_01749,stop_010,08:09:00,08:10:00,25,1,Inbound
2025-01-15,Red,trip_01750,stop_011,09:10:00,09:11:00,1,0,Outbound
2025-01-16,Orange,trip_01751,stop_012,10:11:00,10:12:00,2,1,Inbound
2025-01-17,Red,trip_01752,stop_013,11:12:00,11:13:00,3,0,Outbound
2025-01-18,Orange,trip_01753,stop_014,12:13:00,12:14:00,4,1,Inbound
2025-01-19,Red,trip_01754,stop_015,13:14:00,13:15:00,5,0,Outbound
2025-01-20,Orange,trip_01755,stop_016,14:15:00,14:16:00,6,1,Inbound
2025-01-21,Red,trip_01756,stop_017,15:16:00,15:17:00,7,0,Outbound
2025-01-22,Orange,trip_01757,stop_018,16:17:00,16:18:00,8,1,Inbound
2025-01-23,Red,trip_01758,stop_019,17:18:00,17:19:00,9,0,Outbound
2025-01-24,Orange,trip_01759,stop_020,18:19:00,18:20:00,10,1,Inbound
2025-01-25,Red,trip_01760,stop_021,19:20:00,19:21:00,11,0,Outbound
2025-01-26,Orange,trip_01761,stop_022,20:21:00,20:22:00,12,1,Inbound
2025-01-27,Red,trip_01762,stop_023,21:22:00,21:23:00,13,0,Outbound
2025-01-28,Orange,trip_01763,stop_024,22:23:00,22:24:00,14,1,Inbound
2025-01-29,Red,trip_01764,stop_025,05:24:00,05:25:00,15,0,Outbound
2025-01-30,Orange,trip_01765,stop_026,06:25:00,06:26:00,16,1,Inbound
2025-01-31,Red,trip_01766,stop_027,07:26:00,07:27:00,17,0,Outbound
2025-01-01,Orange,trip_01767,stop_028,08:27:00,08:28:00,18,1,Inbound
2025-01-02,Red,trip_01768,stop_029,09:28:00,09:29:00,19,0,Outbound
2025-01-03,Orange,trip_01769,stop_030,10:29:00,10:30:00,20,1,Inbound
2025-01-04,Red,trip_01770,stop_001,11:30:00,11:31:00,21,0,Outbound
2025-01-05,Orange,trip_01771,stop_002,12:31:00,12:32:00,22,1,Inbound
2025-01-06,Red,trip_01772,stop_003,13:32:00,13:33:00,23,0,Outbound
2025-01-07,Orange,trip_01773,stop_004,14:33:00,14:34:00,24,1,Inbound
2025-01-08,Red,trip_01774,stop_005,15:34:00,15:35:00,25,0,Outbound
2025-01-09,Orange,trip_01775,stop_006,16:35:00,16:36:00,1,1,Inbound
2025-01-10,Red,trip_01776,stop_007,17:36:00,17:37:00,2,0,Outbound
2025-01-11,Orange,trip_01777,stop_008,18:37:00,18:38:00,3,1,Inbound
2025-01-12,Red,trip_01778,stop_009,19:38:00,19:39:00,4,0,Outbound
2025-01-13,Orange,trip_01779,stop_010,20:39:00,20:40:00,5,1,Inbound
2025-01-14,Red,trip_01780,stop_011,21:40:00,21:41:00,6,0,Outbound
2025-01-15,Orange,trip_01781,stop_012,22:41:00,22:42:00,7,1,Inbound
2025-01-16,Red,trip_01782,stop_013,05:42:00,05:43:00,8,0,Outbound
2025-01-17,Orange,trip_01783,stop_014,06:43:00,06:44:00,9,1,Inbound
2025-01-18,Red,trip_01784,stop_015,07:44:00,07:45:00,10,0,Outbound
2025-01-19,Orange,trip_01785,stop_016,08:45:00,08:46:00,11,1,Inbound
2025-01-20,Red,trip_01786,stop_017,09:46:00,09:47:00,12,0,Outbound
2025-01-21,Orange,trip_01787,stop_018,10:47:00,10:48:00,13,1,Inbound
2025-01-22,Red,trip_01788,stop_019,11:48:00,11:49:00,14,0,Outbound
2025-01-23,Orange,trip_01789,stop_020,12:49:00,12:50:00,15,1,Inbound
2025-01-24,Red,trip_01790,stop_021,13:50:00,13:51:00,16,0,Outbound
2025-01-25,Orange,trip_01791,stop_022,14:51:00,14:52:00,17,1,Inbound
2025-01-26,Red,trip_01792,stop_023,15:52:00,15:53:00,18,0,Outbound
2025-01-27,Orange,trip_01793,stop_024,16:53:00,16:54:00,19,1,Inbound
2025-01-28,Red,trip_01794,stop_025,17:54:00,17:55:00,20,0,Outbound
2025-01-29,Orange,trip_01795,stop_026,18:55:00,18:56:00,21,1,Inbound
2025-01-30,Red,trip_01796,stop_027,19:56:00,19:57:00,22,0,Outbound
2025-01-31,Orange,trip_01797,stop_028,20:57:00,20:58:00,23,1,Inbound
2025-01-01,Red,trip_01798,stop_029,21:58:00,21:59:00,24,0,Outbound
2025-01-02,Orange,trip_01799,stop_030,22:59:00,22:00:00,25,1,Inbound
2025-01-03,Red,trip_01800,stop_001,05:00:00,05:01:00,1,0,Outbound
2025-01-04,Orange,trip_01801,stop_002,06:01:00,06:02:00,2,1,Inbound
2025-01-05,Red,trip_01802,stop_003,07:02:00,07:03:00,3,0,Outbound
2025-01-06,Orange,trip_01803,stop_004,08:03:00,08:04:00,4,1,Inbound
2025-01-07,Red,trip_01804,stop_005,09:04:00,09:05:00,5,0,Outbound
2025-01-08,Orange,trip_01805,stop_006,10:05:00,10:06:00,6,1,Inbound
2025-01-09,Red,trip_01806,stop_007,11:06:00,11:07:00,7,0,Outbound
2025-01-10,Orange,trip_01807,stop_008,12:07:00,12:08:00,8,1,Inbound
2025-01-11,Red,trip_01808,stop_009,13:08:00,13:09:00,9,0,Outbound
2025-01-12,Orange,trip_01809,stop_010,14:09:00,14:10:00,10,1,Inbound
2025-01-13,Red,trip_01810,stop_011,15:10:00,15:11:00,11,0,Outbound
2025-01-14,Orange,trip_01811,stop_012,16:11:00,16:12:00,12,1,Inbound
2025-01-15,Red,trip_01812,stop_013,17:12:00,17:13:00,13,0,Outbound
2025-01-16,Orange,trip_01813,stop_014,18:13:00,18:14:00,14,1,Inbound
2025-01-17,Red,trip_01814,stop_015,19:14:00,19:15:00,15,0,Outbound
2025-01-18,Orange,trip_01815,stop_016,20:15:00,20:16:00,16,1,Inbound
2025-01-19,Red,trip_01816,stop_017,21:16:00,21:17:00,17,0,Outbound
2025-01-20,Orange,trip_01817,stop_018,22:17:00,22:18:00,18,1,Inbound
2025-01-21,Red,trip_01818,stop_019,05:18:00,05:19:00,19,0,Outbound
2025-01-22,Orange,trip_01819,stop_020,06:19:00,06:20:00,20,1,Inbound
2025-01-23,Red,trip_01820,stop_021,07:20:00,07:21:00,21,0,Outbound
2025-01-24,Orange,trip_01821,stop_022,08:21:00,08:22:00,22,1,Inbound
2025-01-25,Red,trip_01822,stop_023,09:22:00,09:23:00,23,0,Outbound
2025-01-26,Orange,trip_01823,stop_024,10:23:00,10:24:00,24,1,Inbound
2025-01-27,Red,trip_01824,stop_025,11:24:00,11:25:00,25,0,Outbound
2025-01-28,Orange,trip_01825,stop_026,12:25:00,12:26:00,1,1,Inbound
2025-01-29,Red,trip_01826,stop_027,13:26:00,13:27:00,2,0,Outbound
2025-01-30,Orange,trip_01827,stop_028,14:27:00,14:28:00,3,1,Inbound
2025-01-31,Red,trip_01828,stop_029,15:28:00,15:29:00,4,0,Outbound
2025-01-01,Orange,trip_01829,stop_030,16:29:00,16:30:00,5,1,Inbound
2025-01-02,Red,trip_01830,stop_001,17:30:00,17:31:00,6,0,Outbound
2025-01-03,Orange,trip_01831,stop_002,18:31:00,18:32:00,7,1,Inbound
2025-01-04,Red,trip_01832,stop_003,19:32:00,19:33:00,8,0,Outbound
2025-01-05,Orange,trip_01833,stop_004,20:33:00,20:34:00,9,1,Inbound
2025-01-06,Red,trip_01834,stop_005,21:34:00,21:35:00,10,0,Outbound
2025-01-07,Orange,trip_01835,stop_006,22:35:00,22:36:00,11,1,Inbound
2025-01-08,Red,trip_01836,stop_007,05:36:00,05:37:00,12,0,Outbound
2025-01-09,Orange,trip_01837,stop_008,06:37:00,06:38:00,13,1,Inbound
2025-01-10,Red,trip_01838,stop_009,07:38:00,07:39:00,14,0,Outbound
2025-01-11,Orange,trip_01839,stop_010,08:39:00,08:40:00,15,1,Inbound
2025-01-12,Red,trip_01840,stop_011,09:40:00,09:41:00,16,0,Outbound
2025-01-13,Orange,trip_01841,stop_012,10:41:00,10:42:00,17,1,Inbound
2025-01-14,Red,trip_01842,stop_013,11:42:00,11:43:00,18,0,Outbound
2025-01-15,Orange,trip_01843,stop_014,12:43:00,12:44:00,19,1,Inbound
2025-01-16,Red,trip_01844,stop_015,13:44:00,13:45:00,20,0,Outbound
2025-01-17,Orange,trip_01845,stop_016,14:45:00,14:46:00,21,1,Inbound
2025-01-18,Red,trip_01846,stop_017,15:46:00,15:47:00,22,0,Outbound
2025-01-19,Orange,trip_01847,stop_018,16:47:00,16:48:00,23,1,Inbound
2025-01-20,Red,trip_01848,stop_019,17:48:00,17:49:00,24,0,Outbound
2025-01-21,Orange,trip_01849,stop_020,18:49:00,18:50:00,25,1,Inbound
2025-01-22,Red,trip_01850,stop_021,19:50:00,19:51:00,1,0,Outbound
2025-01-23,Orange,trip_01851,stop_022,20:51:00,20:52:00,2,1,Inbound
2025-01-24,Red,trip_01852,stop_023,21:52:00,21:53:00,3,0,Outbound
2025-01-25,Orange,trip_01853,stop_024,22:53:00,22:54:00,4,1,Inbound
2025-01-26,Red,trip_01854,stop_025,05:54:00,05:55:00,5,0,Outbound
2025-01-27,Orange,trip_01855,stop_026,06:55:00,06:56:00,6,1,Inbound
2025-01-28,Red,trip_01856,stop_027,07:56:00,07:57:00,7,0,Outbound
2025-01-29,Orange,trip_01857,stop_028,08:57:00,08:58:00,8,1,Inbound
2025-01-30,Red,trip_01858,stop_029,09:58:00,09:59:00,9,0,Outbound
2025-01-31,Orange,trip_01859,stop_030,10:59:00,10:00:00,10,1,Inbound
2025-01-01,Red,trip_01860,stop_001,11:00:00,11:01:00,11,0,Outbound
2025-01-02,Orange,trip_01861,stop_002,12:01:00,12:02:00,12,1,Inbound
2025-01-03,Red,trip_01862,stop_003,13:02:00,13:03:00,13,0,Outbound
2025-01-04,Orange,trip_01863,stop_004,14:03:00,14:04:00,14,1,Inbound
2025-01-05,Red,trip_01864,stop_005,15:04:00,15:05:00,15,0,Outbound
2025-01-06,Orange,trip_01865,stop_006,16:05:00,16:06:00,16,1,Inbound
2025-01-07,Red,trip_01866,stop_007,17:06:00,17:07:00,17,0,Outbound
2025-01-08,Orange,trip_01867,stop_008,18:07:00,18:08:00,18,1,Inbound
2025-01-09,Red,trip_01868,stop_009,19:08:00,19:09:00,19,0,Outbound
2025-01-10,Orange,trip_01869,stop_010,20:09:00,20:10:00,20,1,Inbound
2025-01-11,Red,trip_01870,stop_011,21:10:00,21:11:00,21,0,Outbound
2025-01-12,Orange,trip_01871,stop_012,22:11:00,22:12:00,22,1,Inbound
2025-01-13,Red,trip_01872,stop_013,05:12:00,05:13:00,23,0,Outbound
2025-01-14,Orange,trip_01873,stop_014,06:13:00,06:14:00,24,1,Inbound
2025-01-15,Red,trip_01874,stop_015,07:14:00,07:15:00,25,0,Outbound
2025-01-16,Orange,trip_01875,stop_016,08:15:00,08:16:00,1,1,Inbound
2025-01-17,Red,trip_01876,stop_017,09:16:00,09:17:00,2,0,Outbound
2025-01-18,Orange,trip_01877,stop_018,10:17:00,10:18:00,3,1,Inbound
2025-01-19,Red,trip_01878,stop_019,11:18:00,11:19:00,4,0,Outbound
2025-01-20,Orange,trip_01879,stop_020,12:19:00,12:20:00,5,1,Inbound
2025-01-21,Red,trip_01880,stop_021,13:20:00,13:21:00,6,0,Outbound
2025-01-22,Orange,trip_01881,stop_022,14:21:00,14:22:00,7,1,Inbound
2025-01-23,Red,trip_01882,stop_023,15:22:00,15:23:00,8,0,Outbound
2025-01-24,Orange,trip_01883,stop_024,16:23:00,16:24:00,9,1,Inbound
2025-01-25,Red,trip_01884,stop_025,17:24:00,17:25:00,10,0,Outbound
2025-01-26,Orange,trip_01885,stop_026,18:25:00,18:26:00,11,1,Inbound
2025-01-27,Red,trip_01886,stop_027,19:26:00,19:27:00,12,0,Outbound
2025-01-28,Orange,trip_01887,stop_028,20:27:00,20:28:00,13,1,Inbound
2025-01-29,Red,trip_01888,stop_029,21:28:00,21:29:00,14,0,Outbound
2025-01-30,Orange,trip_01889,stop_030,22:29:00,22:30:00,15,1,Inbound
2025-01-31,Red,trip_01890,stop_001,05:30:00,05:31:00,16,0,Outbound
2025-01-01,Orange,trip_01891,stop_002,06:31:00,06:32:00,17,1,Inbound
2025-01-02,Red,trip_01892,stop_003,07:32:00,07:33:00,18,0,Outbound
2025-01-03,Orange,trip_01893,stop_004,08:33:00,08:34:00,19,1,Inbound
2025-01-04,Red,trip_01894,stop_005,09:34:00,09:35:00,20,0,Outbound
2025-01-05,Orange,trip_01895,stop_006,10:35:00,10:36:00,21,1,Inbound
2025-01-06,Red,trip_01896,stop_007,11:36:00,11:37:00,22,0,Outbound
2025-01-07,Orange,trip_01897,stop_008,12:37:00,12:38:00,23,1,Inbound
2025-01-08,Red,trip_01898,stop_009,13:38:00,13:39:00,24,0,Outbound
2025-01-09,Orange,trip_01899,stop_010,14:39:00,14:40:00,25,1,Inbound
2025-01-10,Red,trip_01900,stop_011,15:40:00,15:41:00,1,0,Outbound
2025-01-11,Orange,trip_01901,stop_012,16:41:00,16:42:00,2,1,Inbound
2025-01-12,Red,trip_01902,stop_013,17:42:00,17:43:00,3,0,Outbound
2025-01-13,Orange,trip_01903,stop_014,18:43:00,18:44:00,4,1,Inbound
2025-01-14,Red,trip_01904,stop_015,19:44:00,19:45:00,5,0,Outbound
2025-01-15,Orange,trip_01905,stop_016,20:45:00,20:46:00,6,1,Inbound
2025-01-16,Red,trip_01906,stop_017,21:46:00,21:47:00,7,0,Outbound
2025-01-17,Orange,trip_01907,stop_018,22:47:00,22:48:00,8,1,Inbound
2025-01-18,Red,trip_01908,stop_019,05:48:00,05:49:00,9,0,Outbound
2025-01-19,Orange,trip_01909,stop_020,06:49:00,06:50:00,10,1,Inbound
2025-01-20,Red,trip_01910,stop_021,07:50:00,07:51:00,11,0,Outbound
2025-01-21,Orange,trip_01911,stop_022,08:51:00,08:52:00,12,1,Inbound
2025-01-22,Red,trip_01912,stop_023,09:52:00,09:53:00,13,0,Outbound
2025-01-23,Orange,trip_01913,stop_024,10:53:00,10:54:00,14,1,Inbound
2025-01-24,Red,trip_01914,stop_025,11:54:00,11:55:00,15,0,Outbound
2025-01-25,Orange,trip_01915,stop_026,12:55:00,12:56:00,16,1,Inbound
2025-01-26,Red,trip_01916,stop_027,13:56:00,13:57:00,17,0,Outbound
2025-01-27,Orange,trip_01917,stop_028,14:57:00,14:58:00,18,1,Inbound
2025-01-28,Red,trip_01918,stop_029,15:58:00,15:59:00,19,0,Outbound
2025-01-29,Orange,trip_01919,stop_030,16:59:00,16:00:00,20,1,Inbound
2025-01-30,Red,trip_01920,stop_001,17:00:00,17:01:00,21,0,Outbound
2025-01-31,Orange,trip_01921,stop_002,18:01:00,18:02:00,22,1,Inbound
2025-01-01,Red,trip_01922,stop_003,19:02:00,19:03:00,23,0,Outbound
2025-01-02,Orange,trip_01923,stop_004,20:03:00,20:04:00,24,1,Inbound
2025-01-03,Red,trip_01924,stop_005,21:04:00,21:05:00,25,0,Outbound
2025-01-04,Orange,trip_01925,stop_006,22:05:00,22:06:00,1,1,Inbound
2025-01-05,Red,trip_01926,stop_007,05:06:00,05:07:00,2,0,Outbound
2025-01-06,Orange,trip_01927,stop_008,06:07:00,06:08:00,3,1,Inbound
2025-01-07,Red,trip_01928,stop_009,07:08:00,07:09:00,4,0,Outbound
2025-01-08,Orange,trip_01929,stop_010,08:09:00,08:10:00,5,1,Inbound
2025-01-09,Red,trip_01930,stop_011,09:10:00,09:11:00,6,0,Outbound
2025-01-10,Orange,trip_01931,stop_012,10:11:00,10:12:00,7,1,Inbound
2025-01-11,Red,trip_01932,stop_013,11:12:00,11:13:00,8,0,Outbound
2025-01-12,Orange,trip_01933,stop_014,12:13:00,12:14:00,9,1,Inbound
2025-01-13,Red,trip_01934,stop_015,13:14:00,13:15:00,10,0,Outbound
2025-01-14,Orange,trip_01935,stop_016,14:15:00,14:16:00,11,1,Inbound
2025-01-15,Red,trip_01936,stop_017,15:16:00,15:17:00,12,0,Outbound
2025-01-16,Orange,trip_01937,stop_018,16:17:00,16:18:00,13,1,Inbound
2025-01-17,Red,trip_01938,stop_019,17:18:00,17:19:00,14,0,Outbound
2025-01-18,Orange,trip_01939,stop_020,18:19:00,18:20:00,15,1,Inbound
2025-01-19,Red,trip_01940,stop_021,19:20:00,19:21:00,16,0,Outbound
2025-01-20,Orange,trip_01941,stop_022,20:21:00,20:22:00,17,1,Inbound
2025-01-21,Red,trip_01942,stop_023,21:22:00,21:23:00,18,0,Outbound
2025-01-22,Orange,trip_01943,stop_024,22:23:00,22:24:00,19,1,Inbound
2025-01-23,Red,trip_01944,stop_025,05:24:00,05:25:00,20,0,Outbound
2025-01-24,Orange,trip_01945,stop_026,06:25:00,06:26:00,21,1,Inbound
2025-01-25,Red,trip_01946,stop_027,07:26:00,07:27:00,22,0,Outbound
2025-01-26,Orange,trip_01947,stop_028,08:27:00,08:28:00,23,1,Inbound
2025-01-27,Red,trip_01948,stop_029,09:28:00,09:29:00,24,0,Outbound
2025-01-28,Orange,trip_01949,stop_030,10:29:00,10:30:00,25,1,Inbound
2025-01-29,Red,trip_01950,stop_001,11:30:00,11:31:00,1,0,Outbound
2025-01-30,Orange,trip_01951,stop_002,12:31:00,12:32:00,2,1,Inbound
2025-01-31,Red,trip_01952,stop_003,13:32:00,13:33:00,3,0,Outbound
2025-01-01,Orange,trip_01953,stop_004,14:33:00,14:34:00,4,1,Inbound
2025-01-02,Red,trip_01954,stop_005,15:34:00,15:35:00,5,0,Outbound
2025-01-03,Orange,trip_01955,stop_006,16:35:00,16:36:00,6,1,Inbound
2025-01-04,Red,trip_01956,stop_007,17:36:00,17:37:00,7,0,Outbound
2025-01-05,Orange,trip_01957,stop_008,18:37:00,18:38:00,8,1,Inbound
2025-01-06,Red,trip_01958,stop_009,19:38:00,19:39:00,9,0,Outbound
2025-01-07,Orange,trip_01959,stop_010,20:39:00,20:40:00,10,1,Inbound
2025-01-08,Red,trip_01960,stop_011,21:40:00,21:41:00,11,0,Outbound
2025-01-09,Orange,trip_01961,stop_012,22:41:00,22:42:00,12,1,Inbound
2025-01-10,Red,trip_01962,stop_013,05:42:00,05:43:00,13,0,Outbound
2025-01-11,Orange,trip_01963,stop_014,06:43:00,06:44:00,14,1,Inbound
2025-01-12,Red,trip_01964,stop_015,07:44:00,07:45:00,15,0,Outbound
2025-01-13,Orange,trip_01965,stop_016,08:45:00,08:46:00,16,1,Inbound
2025-01-14,Red,trip_01966,stop_017,09:46:00,09:47:00,17,0,Outbound
2025-01-15,Orange,trip_01967,stop_018,10:47:00,10:48:00,18,1,Inbound
2025-01-16,Red,trip_01968,stop_019,11:48:00,11:49:00,19,0,Outbound
2025-01-17,Orange,trip_01969,stop_020,12:49:00,12:50:00,20,1,Inbound
2025-01-18,Red,trip_01970,stop_021,13:50:00,13:51:00,21,0,Outbound
2025-01-19,Orange,trip_01971,stop_022,14:51:00,14:52:00,22,1,Inbound
2025-01-20,Red,trip_01972,stop_023,15:52:00,15:53:00,23,0,Outbound
2025-01-21,Orange,trip_01973,stop_024,16:53:00,16:54:00,24,1,Inbound
2025-01-22,Red,trip_01974,stop_025,17:54:00,17:55:00,25,0,Outbound
2025-01-23,Orange,trip_01975,stop_026,18:55:00,18:56:00,1,1,Inbound
2025-01-24,Red,trip_01976,stop_027,19:56:00,19:57:00,2,0,Outbound
2025-01-25,Orange,trip_01977,stop_028,20:57:00,20:58:00,3,1,Inbound
2025-01-26,Red,trip_01978,stop_029,21:58:00,21:59:00,4,0,Outbound
2025-01-27,Orange,trip_01979,stop_030,22:59:00,22:00:00,5,1,Inbound
2025-01-28,Red,trip_01980,stop_001,05:00:00,05:01:00,6,0,Outbound
2025-01-29,Orange,trip_01981,stop_002,06:01:00,06:02:00,7,1,Inbound
2025-01-30,Red,trip_01982,stop_003,07:02:00,07:03:00,8,0,Outbound
2025-01-31,Orange,trip_01983,stop_004,08:03:00,08:04:00,9,1,Inbound
2025-01-01,Red,trip_01984,stop_005,09:04:00,09:05:00,10,0,Outbound
2025-01-02,Orange,trip_01985,stop_006,10:05:00,10:06:00,11,1,Inbound
2025-01-03,Red,trip_01986,stop_007,11:06:00,11:07:00,12,0,Outbound
2025-01-04,Orange,trip_01987,stop_008,12:07:00,12:08:00,13,1,Inbound
2025-01-05,Red,trip_01988,stop_009,13:08:00,13:09:00,14,0,Outbound
2025-01-06,Orange,trip_01989,stop_010,14:09:00,14:10:00,15,1,Inbound
2025-01-07,Red,trip_01990,stop_011,15:10:00,15:11:00,16,0,Outbound
2025-01-08,Orange,trip_01991,stop_012,16:11:00,16:12:00,17,1,Inbound
2025-01-09,Red,trip_01992,stop_013,17:12:00,17:13:00,18,0,Outbound
2025-01-10,Orange,trip_01993,stop_014,18:13:00,18:14:00,19,1,Inbound
2025-01-11,Red,trip_01994,stop_015,19:14:00,19:15:00,20,0,Outbound
2025-01-12,Orange,trip_01995,stop_016,20:15:00,20:16:00,21,1,Inbound
2025-01-13,Red,trip_01996,stop_017,21:16:00,21:17:00,22,0,Outbound
2025-01-14,Orange,trip_01997,stop_018,22:17:00,22:18:00,23,1,Inbound
2025-01-15,Red,trip_01998,stop_019,05:18:00,05:19:00,24,0,Outbound
2025-01-16,Orange,trip_01999,stop_020,06:19:00,06:20:00,25,1,Inbound
2025-01-17,Red,trip_02000,stop_021,07:20:00,07:21:00,1,0,Outbound
2025-01-18,Orange,trip_02001,stop_022,08:21:00,08:22:00,2,1,Inbound
2025-01-19,Red,trip_02002,stop_023,09:22:00,09:23:00,3,0,Outbound
2025-01-20,Orange,trip_02003,stop_024,10:23:00,10:24:00,4,1,Inbound
2025-01-21,Red,trip_02004,stop_025,11:24:00,11:25:00,5,0,Outbound
2025-01-22,Orange,trip_02005,stop_026,12:25:00,12:26:00,6,1,Inbound
2025-01-23,Red,trip_02006,stop_027,13:26:00,13:27:00,7,0,Outbound
2025-01-24,Orange,trip_02007,stop_028,14:27:00,14:28:00,8,1,Inbound
2025-01-25,Red,trip_02008,stop_029,15:28:00,15:29:00,9,0,Outbound
2025-01-26,Orange,trip_02009,stop_030,16:29:00,16:30:00,10,1,Inbound
2025-01-27,Red,trip_02010,stop_001,17:30:00,17:31:00,11,0,Outbound
2025-01-28,Orange,trip_02011,stop_002,18:31:00,18:32:00,12,1,Inbound
2025-01-29,Red,trip_02012,stop_003,19:32:00,19:33:00,13,0,Outbound
2025-01-30,Orange,trip_02013,stop_004,20:33:00,20:34:00,14,1,Inbound
2025-01-31,Red,trip_02014,stop_005,21:34:00,21:35:00,15,0,Outbound
2025-01-01,Orange,trip_02015,stop_006,22:35:00,22:36:00,16,1,Inbound
2025-01-02,Red,trip_02016,stop_007,05:36:00,05:37:00,17,0,Outbound
2025-01-03,Orange,trip_02017,stop_008,06:37:00,06:38:00,18,1,Inbound
2025-01-04,Red,trip_02018,stop_009,07:38:00,07:39:00,19,0,Outbound
2025-01-05,Orange,trip_02019,stop_010,08:39:00,08:40:00,20,1,Inbound
2025-01-06,Red,trip_02020,stop_011,09:40:00,09:41:00,21,0,Outbound
2025-01-07,Orange,trip_02021,stop_012,10:41:00,10:42:00,22,1,Inbound
2025-01-08,Red,trip_02022,stop_013,11:42:00,11:43:00,23,0,Outbound
2025-01-09,Orange,trip_02023,stop_014,12:43:00,12:44:00,24,1,Inbound
2025-01-10,Red,trip_02024,stop_015,13:44:00,13:45:00,25,0,Outbound
2025-01-11,Orange,trip_02025,stop_016,14:45:00,14:46:00,1,1,Inbound
2025-01-12,Red,trip_02026,stop_017,15:46:00,15:47:00,2,0,Outbound
2025-01-13,Orange,trip_02027,stop_018,16:47:00,16:48:00,3,1,Inbound
2025-01-14,Red,trip_02028,stop_019,17:48:00,17:49:00,4,0,Outbound
2025-01-15,Orange,trip_02029,stop_020,18:49:00,18:50:00,5,1,Inbound
2025-01-16,Red,trip_02030,stop_021,19:50:00,19:51:00,6,0,Outbound
2025-01-17,Orange,trip_02031,stop_022,20:51:00,20:52:00,7,1,Inbound
2025-01-18,Red,trip_02032,stop_023,21:52:00,21:53:00,8,0,Outbound
2025-01-19,Orange,trip_02033,stop_024,22:53:00,22:54:00,9,1,Inbound
2025-01-20,Red,trip_02034,stop_025,05:54:00,05:55:00,10,0,Outbound
2025-01-21,Orange,trip_02035,stop_026,06:55:00,06:56:00,11,1,Inbound
2025-01-22,Red,trip_02036,stop_027,07:56:00,07:57:00,12,0,Outbound
2025-01-23,Orange,trip_02037,stop_028,08:57:00,08:58:00,13,1,Inbound
2025-01-24,Red,trip_02038,stop_029,09:58:00,09:59:00,14,0,Outbound
2025-01-25,Orange,trip_02039,stop_030,10:59:00,10:00:00,15,1,Inbound
2025-01-26,Red,trip_02040,stop_001,11:00:00,11:01:00,16,0,Outbound
2025-01-27,Orange,trip_02041,stop_002,12:01:00,12:02:00,17,1,Inbound
2025-01-28,Red,trip_02042,stop_003,13:02:00,13:03:00,18,0,Outbound
2025-01-29,Orange,trip_02043,stop_004,14:03:00,14:04:00,19,1,Inbound
2025-01-30,Red,trip_02044,stop_005,15:04:00,15:05:00,20,0,Outbound
2025-01-31,Orange,trip_02045,stop_006,16:05:00,16:06:00,21,1,Inbound
2025-01-01,Red,trip_02046,stop_007,17:06:00,17:07:00,22,0,Outbound
2025-01-02,Orange,trip_02047,stop_008,18:07:00,18:08:00,23,1,Inbound
2025-01-03,Red,trip_02048,stop_009,19:08:00,19:09:00,24,0,Outbound
2025-01-04,Orange,trip_02049,stop_010,20:09:00,20:10:00,25,1,Inbound
2025-01-05,Red,trip_02050,stop_011,21:10:00,21:11:00,1,0,Outbound
2025-01-06,Orange,trip_02051,stop_012,22:11:00,22:12:00,2,1,Inbound
2025-01-07,Red,trip_02052,stop_013,05:12:00,05:13:00,3,0,Outbound
2025-01-08,Orange,trip_02053,stop_014,06:13:00,06:14:00,4,1,Inbound
2025-01-09,Red,trip_02054,stop_015,07:14:00,07:15:00,5,0,Outbound
2025-01-10,Orange,trip_02055,stop_016,08:15:00,08:16:00,6,1,Inbound
2025-01-11,Red,trip_02056,stop_017,09:16:00,09:17:00,7,0,Outbound
2025-01-12,Orange,trip_02057,stop_018,10:17:00,10:18:00,8,1,Inbound
2025-01-13,Red,trip_02058,stop_019,11:18:00,11:19:00,9,0,Outbound
2025-01-14,Orange,trip_02059,stop_020,12:19:00,12:20:00,10,1,Inbound
2025-01-15,Red,trip_02060,stop_021,13:20:00,13:21:00,11,0,Outbound
2025-01-16,Orange,trip_02061,stop_022,14:21:00,14:22:00,12,1,Inbound
2025-01-17,Red,trip_02062,stop_023,15:22:00,15:23:00,13,0,Outbound
2025-01-18,Orange,trip_02063,stop_024,16:23:00,16:24:00,14,1,Inbound
2025-01-19,Red,trip_02064,stop_025,17:24:00,17:25:00,15,0,Outbound
2025-01-20,Orange,trip_02065,stop_026,18:25:00,18:26:00,16,1,Inbound
2025-01-21,Red,trip_02066,stop_027,19:26:00,19:27:00,17,0,Outbound
2025-01-22,Orange,trip_02067,stop_028,20:27:00,20:28:00,18,1,Inbound
2025-01-23,Red,trip_02068,stop_029,21:28:00,21:29:00,19,0,Outbound
2025-01-24,Orange,trip_02069,stop_030,22:29:00,22:30:00,20,1,Inbound
2025-01-25,Red,trip_02070,stop_001,05:30:00,05:31:00,21,0,Outbound
2025-01-26,Orange,trip_02071,stop_002,06:31:00,06:32:00,22,1,Inbound
2025-01-27,Red,trip_02072,stop_003,07:32:00,07:33:00,23,0,Outbound
2025-01-28,Orange,trip_02073,stop_004,08:33:00,08:34:00,24,1,Inbound
2025-01-29,Red,trip_02074,stop_005,09:34:00,09:35:00,25,0,Outbound
2025-01-30,Orange,trip_02075,stop_006,10:35:00,10:36:00,1,1,Inbound
2025-01-31,Red,trip_02076,stop_007,11:36:00,11:37:00,2,0,Outbound
2025-01-01,Orange,trip_02077,stop_008,12:37:00,12:38:00,3,1,Inbound
2025-01-02,Red,trip_02078,stop_009,13:38:00,13:39:00,4,0,Outbound
2025-01-03,Orange,trip_02079,stop_010,14:39:00,14:40:00,5,1,Inbound
2025-01-04,Red,trip_02080,stop_011,15:40:00,15:41:00,6,0,Outbound
2025-01-05,Orange,trip_02081,stop_012,16:41:00,16:42:00,7,1,Inbound
2025-01-06,Red,trip_02082,stop_013,17:42:00,17:43:00,8,0,Outbound
2025-01-07,Orange,trip_02083,stop_014,18:43:00,18:44:00,9,1,Inbound
2025-01-08,Red,trip_02084,stop_015,19:44:00,19:45:00,10,0,Outbound
2025-01-09,Orange,trip_02085,stop_016,20:45:00,20:46:00,11,1,Inbound
2025-01-10,Red,trip_02086,stop_017,21:46:00,21:47:00,12,0,Outbound
2025-01-11,Orange,trip_02087,stop_018,22:47:00,22:48:00,13,1,Inbound
2025-01-12,Red,trip_02088,stop_019,05:48:00,05:49:00,14,0,Outbound
2025-01-13,Orange,trip_02089,stop_020,06:49:00,06:50:00,15,1,Inbound
2025-01-14,Red,trip_02090,stop_021,07:50:00,07:51:00,16,0,Outbound
2025-01-15,Orange,trip_02091,stop_022,08:51:00,08:52:00,17,1,Inbound
2025-01-16,Red,trip_02092,stop_023,09:52:00,09:53:00,18,0,Outbound
2025-01-17,Orange,trip_02093,stop_024,10:53:00,10:54:00,19,1,Inbound
2025-01-18,Red,trip_02094,stop_025,11:54:00,11:55:00,20,0,Outbound
2025-01-19,Orange,trip_02095,stop_026,12:55:00,12:56:00,21,1,Inbound
2025-01-20,Red,trip_02096,stop_027,13:56:00,13:57:00,22,0,Outbound
2025-01-21,Orange,trip_02097,stop_028,14:57:00,14:58:00,23,1,Inbound
2025-01-22,Red,trip_02098,stop_029,15:58:00,15:59:00,24,0,Outbound
2025-01-23,Orange,trip_02099,stop_030,16:59:00,16:00:00,25,1,Inbound
2025-01-24,Red,trip_02100,stop_001,17:00:00,17:01:00,1,0,Outbound
2025-01-25,Orange,trip_02101,stop_002,18:01:00,18:02:00,2,1,Inbound
2025-01-26,Red,trip_02102,stop_003,19:02:00,19:03:00,3,0,Outbound
2025-01-27,Orange,trip_02103,stop_004,20:03:00,20:04:00,4,1,Inbound
2025-01-28,Red,trip_02104,stop_005,21:04:00,21:05:00,5,0,Outbound
2025-01-29,Orange,trip_02105,stop_006,22:05:00,22:06:00,6,1,Inbound
2025-01-30,Red,trip_02106,stop_007,05:06:00,05:07:00,7,0,Outbound
2025-01-31,Orange,trip_02107,stop_008,06:07:00,06:08:00,8,1,Inbound
2025-01-01,Red,trip_02108,stop_009,07:08:00,07:09:00,9,0,Outbound
2025-01-02,Orange,trip_02109,stop_010,08:09:00,08:10:00,10,1,Inbound
2025-01-03,Red,trip_02110,stop_011,09:10:00,09:11:00,11,0,Outbound
2025-01-04,Orange,trip_02111,stop_012,10:11:00,10:12:00,12,1,Inbound
2025-01-05,Red,trip_02112,stop_013,11:12:00,11:13:00,13,0,Outbound
2025-01-06,Orange,trip_02113,stop_014,12:13:00,12:14:00,14,1,Inbound
2025-01-07,Red,trip_02114,stop_015,13:14:00,13:15:00,15,0,Outbound
2025-01-08,Orange,trip_02115,stop_016,14:15:00,14:16:00,16,1,Inbound
2025-01-09,Red,trip_02116,stop_017,15:16:00,15:17:00,17,0,Outbound
2025-01-10,Orange,trip_02117,stop_018,16:17:00,16:18:00,18,1,Inbound
2025-01-11,Red,trip_02118,stop_019,17:18:00,17:19:00,19,0,Outbound
2025-01-12,Orange,trip_02119,stop_020,18:19:00,18:20:00,20,1,Inbound
2025-01-13,Red,trip_02120,stop_021,19:20:00,19:21:00,21,0,Outbound
2025-01-14,Orange,trip_02121,stop_022,20:21:00,20:22:00,22,1,Inbound
2025-01-15,Red,trip_02122,stop_023,21:22:00,21:23:00,23,0,Outbound
2025-01-16,Orange,trip_02123,stop_024,22:23:00,22:24:00,24,1,Inbound
2025-01-17,Red,trip_02124,stop_025,05:24:00,05:25:00,25,0,Outbound
2025-01-18,Orange,trip_02125,stop_026,06:25:00,06:26:00,1,1,Inbound
2025-01-19,Red,trip_02126,stop_027,07:26:00,07:27:00,2,0,Outbound
2025-01-20,Orange,trip_02127,stop_028,08:27:00,08:28:00,3,1,Inbound
2025-01-21,Red,trip_02128,stop_029,09:28:00,09:29:00,4,0,Outbound
2025-01-22,Orange,trip_02129,stop_030,10:29:00,10:30:00,5,1,Inbound
2025-01-23,Red,trip_02130,stop_001,11:30:00,11:31:00,6,0,Outbound
2025-01-24,Orange,trip_02131,stop_002,12:31:00,12:32:00,7,1,Inbound
2025-01-25,Red,trip_02132,stop_003,13:32:00,13:33:00,8,0,Outbound
2025-01-26,Orange,trip_02133,stop_004,14:33:00,14:34:00,9,1,Inbound
2025-01-27,Red,trip_02134,stop_005,15:34:00,15:35:00,10,0,Outbound
2025-01-28,Orange,trip_02135,stop_006,16:35:00,16:36:00,11,1,Inbound
2025-01-29,Red,trip_02136,stop_007,17:36:00,17:37:00,12,0,Outbound
2025-01-30,Orange,trip_02137,stop_008,18:37:00,18:38:00,13,1,Inbound
2025-01-31,Red,trip_02138,stop_009,19:38:00,19:39:00,14,0,Outbound
2025-01-01,Orange,trip_02139,stop_010,20:39:00,20:40:00,15,1,Inbound
2025-01-02,Red,trip_02140,stop_011,21:40:00,21:41:00,16,0,Outbound
2025-01-03,Orange,trip_02141,stop_012,22:41:00,22:42:00,17,1,Inbound
2025-01-04,Red,trip_02142,stop_013,05:42:00,05:43:00,18,0,Outbound
2025-01-05,Orange,trip_02143,stop_014,06:43:00,06:44:00,19,1,Inbound
2025-01-06,Red,trip_02144,stop_015,07:44:00,07:45:00,20,0,Outbound
2025-01-07,Orange,trip_02145,stop_016,08:45:00,08:46:00,21,1,Inbound
2025-01-08,Red,trip_02146,stop_017,09:46:00,09:47:00,22,0,Outbound
2025-01-09,Orange,trip_02147,stop_018,10:47:00,10:48:00,23,1,Inbound
2025-01-10,Red,trip_02148,stop_019,11:48:00,11:49:00,24,0,Outbound
2025-01-11,Orange,trip_02149,stop_020,12:49:00,12:50:00,25,1,Inbound
2025-01-12,Red,trip_02150,stop_021,13:50:00,13:51:00,1,0,Outbound
2025-01-13,Orange,trip_02151,stop_022,14:51:00,14:52:00,2,1,Inbound
2025-01-14,Red,trip_02152,stop_023,15:52:00,15:53:00,3,0,Outbound
2025-01-15,Orange,trip_02153,stop_024,16:53:00,16:54:00,4,1,Inbound
2025-01-16,Red,trip_02154,stop_025,17:54:00,17:55:00,5,0,Outbound
2025-01-17,Orange,trip_02155,stop_026,18:55:00,18:56:00,6,1,Inbound
2025-01-18,Red,trip_02156,stop_027,19:56:00,19:57:00,7,0,Outbound
2025-01-19,Orange,trip_02157,stop_028,20:57:00,20:58:00,8,1,Inbound
2025-01-20,Red,trip_02158,stop_029,21:58:00,21:59:00,9,0,Outbound
2025-01-21,Orange,trip_02159,stop_030,22:59:00,22:00:00,10,1,Inbound
2025-01-22,Red,trip_02160,stop_001,05:00:00,05:01:00,11,0,Outbound
2025-01-23,Orange,trip_02161,stop_002,06:01:00,06:02:00,12,1,Inbound
2025-01-24,Red,trip_02162,stop_003,07:02:00,07:03:00,13,0,Outbound
2025-01-25,Orange,trip_02163,stop_004,08:03:00,08:04:00,14,1,Inbound
2025-01-26,Red,trip_02164,stop_005,09:04:00,09:05:00,15,0,Outbound
2025-01-27,Orange,trip_02165,stop_006,10:05:00,10:06:00,16,1,Inbound
2025-01-28,Red,trip_02166,stop_007,11:06:00,11:07:00,17,0,Outbound
2025-01-29,Orange,trip_02167,stop_008,12:07:00,12:08:00,18,1,Inbound
2025-01-30,Red,trip_02168,stop_009,13:08:00,13:09:00,19,0,Outbound
2025-01-31,Orange,trip_02169,stop_010,14:09:00,14:10:00,20,1,Inbound
2025-01-01,Red,trip_02170,stop_011,15:10:00,15:11:00,21,0,Outbound
2025-01-02,Orange,trip_02171,stop_012,16:11:00,16:12:00,22,1,Inbound
2025-01-03,Red,trip_02172,stop_013,17:12:00,17:13:00,23,0,Outbound
2025-01-04,Orange,trip_02173,stop_014,18:13:00,18:14:00,24,1,Inbound
2025-01-05,Red,trip_02174,stop_015,19:14:00,19:15:00,25,0,Outbound
2025-01-06,Orange,trip_02175,stop_016,20:15:00,20:16:00,1,1,Inbound
2025-01-07,Red,trip_02176,stop_017,21:16:00,21:17:00,2,0,Outbound
2025-01-08,Orange,trip_02177,stop_018,22:17:00,22:18:00,3,1,Inbound
2025-01-09,Red,trip_02178,stop_019,05:18:00,05:19:00,4,0,Outbound
2025-01-10,Orange,trip_02179,stop_020,06:19:00,06:20:00,5,1,Inbound
2025-01-11,Red,trip_02180,stop_021,07:20:00,07:21:00,6,0,Outbound
2025-01-12,Orange,trip_02181,stop_022,08:21:00,08:22:00,7,1,Inbound
2025-01-13,Red,trip_02182,stop_023,09:22:00,09:23:00,8,0,Outbound
2025-01-14,Orange,trip_02183,stop_024,10:23:00,10:24:00,9,1,Inbound
2025-01-15,Red,trip_02184,stop_025,11:24:00,11:25:00,10,0,Outbound
2025-01-16,Orange,trip_02185,stop_026,12:25:00,12:26:00,11,1,Inbound
2025-01-17,Red,trip_02186,stop_027,13:26:00,13:27:00,12,0,Outbound
2025-01-18,Orange,trip_02187,stop_028,14:27:00,14:28:00,13,1,Inbound
2025-01-19,Red,trip_02188,stop_029,15:28:00,15:29:00,14,0,Outbound
2025-01-20,Orange,trip_02189,stop_030,16:29:00,16:30:00,15,1,Inbound
2025-01-21,Red,trip_02190,stop_001,17:30:00,17:31:00,16,0,Outbound
2025-01-22,Orange,trip_02191,stop_002,18:31:00,18:32:00,17,1,Inbound
2025-01-23,Red,trip_02192,stop_003,19:32:00,19:33:00,18,0,Outbound
2025-01-24,Orange,trip_02193,stop_004,20:33:00,20:34:00,19,1,Inbound
2025-01-25,Red,trip_02194,stop_005,21:34:00,21:35:00,20,0,Outbound
2025-01-26,Orange,trip_02195,stop_006,22:35:00,22:36:00,21,1,Inbound
2025-01-27,Red,trip_02196,stop_007,05:36:00,05:37:00,22,0,Outbound
2025-01-28,Orange,trip_02197,stop_008,06:37:00,06:38:00,23,1,Inbound
2025-01-29,Red,trip_02198,stop_009,07:38:00,07:39:00,24,0,Outbound
2025-01-30,Orange,trip_02199,stop_010,08:39:00,08:40:00,25,1,Inbound
2025-01-31,Red,trip_02200,stop_011,09:40:00,09:41:00,1,0,Outbound
2025-01-01,Orange,trip_02201,stop_012,10:41:00,10:42:00,2,1,Inbound
2025-01-02,Red,trip_02202,stop_013,11:42:00,11:43:00,3,0,Outbound
2025-01-03,Orange,trip_02203,stop_014,12:43:00,12:44:00,4,1,Inbound
2025-01-04,Red,trip_02204,stop_015,13:44:00,13:45:00,5,0,Outbound
2025-01-05,Orange,trip_02205,stop_016,14:45:00,14:46:00,6,1,Inbound
2025-01-06,Red,trip_02206,stop_017,15:46:00,15:47:00,7,0,Outbound
2025-01-07,Orange,trip_02207,stop_018,16:47:00,16:48:00,8,1,Inbound
2025-01-08,Red,trip_02208,stop_019,17:48:00,17:49:00,9,0,Outbound
2025-01-09,Orange,trip_02209,stop_020,18:49:00,18:50:00,10,1,Inbound
2025-01-10,Red,trip_02210,stop_021,19:50:00,19:51:00,11,0,Outbound
2025-01-11,Orange,trip_02211,stop_022,20:51:00,20:52:00,12,1,Inbound
2025-01-12,Red,trip_02212,stop_023,21:52:00,21:53:00,13,0,Outbound
2025-01-13,Orange,trip_02213,stop_024,22:53:00,22:54:00,14,1,Inbound
2025-01-14,Red,trip_02214,stop_025,05:54:00,05:55:00,15,0,Outbound
2025-01-15,Orange,trip_02215,stop_026,06:55:00,06:56:00,16,1,Inbound
2025-01-16,Red,trip_02216,stop_027,07:56:00,07:57:00,17,0,Outbound
2025-01-17,Orange,trip_02217,stop_028,08:57:00,08:58:00,18,1,Inbound
2025-01-18,Red,trip_02218,stop_029,09:58:00,09:59:00,19,0,Outbound
2025-01-19,Orange,trip_02219,stop_030,10:59:00,10:00:00,20,1,Inbound
2025-01-20,Red,trip_02220,stop_001,11:00:00,11:01:00,21,0,Outbound
2025-01-21,Orange,trip_02221,stop_002,12:01:00,12:02:00,22,1,Inbound
2025-01-22,Red,trip_02222,stop_003,13:02:00,13:03:00,23,0,Outbound
2025-01-23,Orange,trip_02223,stop_004,14:03:00,14:04:00,24,1,Inbound
2025-01-24,Red,trip_02224,stop_005,15:04:00,15:05:00,25,0,Outbound
2025-01-25,Orange,trip_02225,stop_006,16:05:00,16:06:00,1,1,Inbound
2025-01-26,Red,trip_02226,stop_007,17:06:00,17:07:00,2,0,Outbound
2025-01-27,Orange,trip_02227,stop_008,18:07:00,18:08:00,3,1,Inbound
2025-01-28,Red,trip_02228,stop_009,19:08:00,19:09:00,4,0,Outbound
2025-01-29,Orange,trip_02229,stop_010,20:09:00,20:10:00,5,1,Inbound
2025-01-30,Red,trip_02230,stop_011,21:10:00,21:11:00,6,0,Outbound
2025-01-31,Orange,trip_02231,stop_012,22:11:00,22:12:00,7,1,Inbound
2025-01-01,Red,trip_02232,stop_013,05:12:00,05:13:00,8,0,Outbound
2025-01-02,Orange,trip_02233,stop_014,06:13:00,06:14:00,9,1,Inbound
2025-01-03,Red,trip_02234,stop_015,07:14:00,07:15:00,10,0,Outbound
2025-01-04,Orange,trip_02235,stop_016,08:15:00,08:16:00,11,1,Inbound
2025-01-05,Red,trip_02236,stop_017,09:16:00,09:17:00,12,0,Outbound
2025-01-06,Orange,trip_02237,stop_018,10:17:00,10:18:00,13,1,Inbound
2025-01-07,Red,trip_02238,stop_019,11:18:00,11:19:00,14,0,Outbound
2025-01-08,Orange,trip_02239,stop_020,12:19:00,12:20:00,15,1,Inbound
2025-01-09,Red,trip_02240,stop_021,13:20:00,13:21:00,16,0,Outbound
2025-01-10,Orange,trip_02241,stop_022,14:21:00,14:22:00,17,1,Inbound
2025-01-11,Red,trip_02242,stop_023,15:22:00,15:23:00,18,0,Outbound
2025-01-12,Orange,trip_02243,stop_024,16:23:00,16:24:00,19,1,Inbound
2025-01-13,Red,trip_02244,stop_025,17:24:00,17:25:00,20,0,Outbound
2025-01-14,Orange,trip_02245,stop_026,18:25:00,18:26:00,21,1,Inbound
2025-01-15,Red,trip_02246,stop_027,19:26:00,19:27:00,22,0,Outbound
2025-01-16,Orange,trip_02247,stop_028,20:27:00,20:28:00,23,1,Inbound
2025-01-17,Red,trip_02248,stop_029,21:28:00,21:29:00,24,0,Outbound
2025-01-18,Orange,trip_02249,stop_030,22:29:00,22:30:00,25,1,Inbound
2025-01-19,Red,trip_02250,stop_001,05:30:00,05:31:00,1,0,Outbound
2025-01-20,Orange,trip_02251,stop_002,06:31:00,06:32:00,2,1,Inbound
2025-01-21,Red,trip_02252,stop_003,07:32:00,07:33:00,3,0,Outbound
2025-01-22,Orange,trip_02253,stop_004,08:33:00,08:34:00,4,1,Inbound
2025-01-23,Red,trip_02254,stop_005,09:34:00,09:35:00,5,0,Outbound
2025-01-24,Orange,trip_02255,stop_006,10:35:00,10:36:00,6,1,Inbound
2025-01-25,Red,trip_02256,stop_007,11:36:00,11:37:00,7,0,Outbound
2025-01-26,Orange,trip_02257,stop_008,12:37:00,12:38:00,8,1,Inbound
2025-01-27,Red,trip_02258,stop_009,13:38:00,13:39:00,9,0,Outbound
2025-01-28,Orange,trip_02259,stop_010,14:39:00,14:40:00,10,1,Inbound
2025-01-29,Red,trip_02260,stop_011,15:40:00,15:41:00,11,0,Outbound
2025-01-30,Orange,trip_02261,stop_012,16:41:00,16:42:00,12,1,Inbound
2025-01-31,Red,trip_02262,stop_013,17:42:00,17:43:00,13,0,Outbound
2025-01-01,Orange,trip_02263,stop_014,18:43:00,18:44:00,14,1,Inbound
2025-01-02,Red,trip_02264,stop_015,19:44:00,19:45:00,15,0,Outbound
2025-01-03,Orange,trip_02265,stop_016,20:45:00,20:46:00,16,1,Inbound
2025-01-04,Red,trip_02266,stop_017,21:46:00,21:47:00,17,0,Outbound
2025-01-05,Orange,trip_02267,stop_018,22:47:00,22:48:00,18,1,Inbound
2025-01-06,Red,trip_02268,stop_019,05:48:00,05:49:00,19,0,Outbound
2025-01-07,Orange,trip_02269,stop_020,06:49:00,06:50:00,20,1,Inbound
2025-01-08,Red,trip_02270,stop_021,07:50:00,07:51:00,21,0,Outbound
2025-01-09,Orange,trip_02271,stop_022,08:51:00,08:52:00,22,1,Inbound
2025-01-10,Red,trip_02272,stop_023,09:52:00,09:53:00,23,0,Outbound
2025-01-11,Orange,trip_02273,stop_024,10:53:00,10:54:00,24,1,Inbound
2025-01-12,Red,trip_02274,stop_025,11:54:00,11:55:00,25,0,Outbound
2025-01-13,Orange,trip_02275,stop_026,12:55:00,12:56:00,1,1,Inbound
2025-01-14,Red,trip_02276,stop_027,13:56:00,13:57:00,2,0,Outbound
2025-01-15,Orange,trip_02277,stop_028,14:57:00,14:58:00,3,1,Inbound
2025-01-16,Red,trip_02278,stop_029,15:58:00,15:59:00,4,0,Outbound
2025-01-17,Orange,trip_02279,stop_030,16:59:00,16:00:00,5,1,Inbound
2025-01-18,Red,trip_02280,stop_001,17:00:00,17:01:00,6,0,Outbound
2025-01-19,Orange,trip_02281,stop_002,18:01:00,18:02:00,7,1,Inbound
2025-01-20,Red,trip_02282,stop_003,19:02:00,19:03:00,8,0,Outbound
2025-01-21,Orange,trip_02283,stop_004,20:03:00,20:04:00,9,1,Inbound
2025-01-22,Red,trip_02284,stop_005,21:04:00,21:05:00,10,0,Outbound
2025-01-23,Orange,trip_02285,stop_006,22:05:00,22:06:00,11,1,Inbound
2025-01-24,Red,trip_02286,stop_007,05:06:00,05:07:00,12,0,Outbound
2025-01-25,Orange,trip_02287,stop_008,06:07:00,06:08:00,13,1,Inbound
2025-01-26,Red,trip_02288,stop_009,07:08:00,07:09:00,14,0,Outbound
2025-01-27,Orange,trip_02289,stop_010,08:09:00,08:10:00,15,1,Inbound
2025-01-28,Red,trip_02290,stop_011,09:10:00,09:11:00,16,0,Outbound
2025-01-29,Orange,trip_02291,stop_012,10:11:00,10:12:00,17,1,Inbound
2025-01-30,Red,trip_02292,stop_013,11:12:00,11:13:00,18,0,Outbound
2025-01-31,Orange,trip_02293,stop_014,12:13:00,12:14:00,19,1,Inbound
2025-01-01,Red,trip_02294,stop_015,13:14:00,13:15:00,20,0,Outbound
2025-01-02,Orange,trip_02295,stop_016,14:15:00,14:16:00,21,1,Inbound
2025-01-03,Red,trip_02296,stop_017,15:16:00,15:17:00,22,0,Outbound
2025-01-04,Orange,trip_02297,stop_018,16:17:00,16:18:00,23,1,Inbound
2025-01-05,Red,trip_02298,stop_019,17:18:00,17:19:00,24,0,Outbound
2025-01-06,Orange,trip_02299,stop_020,18:19:00,18:20:00,25,1,Inbound
2025-01-07,Red,trip_02300,stop_021,19:20:00,19:21:00,1,0,Outbound
2025-01-08,Orange,trip_02301,stop_022,20:21:00,20:22:00,2,1,Inbound
2025-01-09,Red,trip_02302,stop_023,21:22:00,21:23:00,3,0,Outbound
2025-01-10,Orange,trip_02303,stop_024,22:23:00,22:24:00,4,1,Inbound
2025-01-11,Red,trip_02304,stop_025,05:24:00,05:25:00,5,0,Outbound
2025-01-12,Orange,trip_02305,stop_026,06:25:00,06:26:00,6,1,Inbound
2025-01-13,Red,trip_02306,stop_027,07:26:00,07:27:00,7,0,Outbound
2025-01-14,Orange,trip_02307,stop_028,08:27:00,08:28:00,8,1,Inbound
2025-01-15,Red,trip_02308,stop_029,09:28:00,09:29:00,9,0,Outbound
2025-01-16,Orange,trip_02309,stop_030,10:29:00,10:30:00,10,1,Inbound
2025-01-17,Red,trip_02310,stop_001,11:30:00,11:31:00,11,0,Outbound
2025-01-18,Orange,trip_02311,stop_002,12:31:00,12:32:00,12,1,Inbound
2025-01-19,Red,trip_02312,stop_003,13:32:00,13:33:00,13,0,Outbound
2025-01-20,Orange,trip_02313,stop_004,14:33:00,14:34:00,14,1,Inbound
2025-01-21,Red,trip_02314,stop_005,15:34:00,15:35:00,15,0,Outbound
2025-01-22,Orange,trip_02315,stop_006,16:35:00,16:36:00,16,1,Inbound
2025-01-23,Red,trip_02316,stop_007,17:36:00,17:37:00,17,0,Outbound
2025-01-24,Orange,trip_02317,stop_008,18:37:00,18:38:00,18,1,Inbound
2025-01-25,Red,trip_02318,stop_009,19:38:00,19:39:00,19,0,Outbound
2025-01-26,Orange,trip_02319,stop_010,20:39:00,20:40:00,20,1,Inbound
2025-01-27,Red,trip_02320,stop_011,21:40:00,21:41:00,21,0,Outbound
2025-01-28,Orange,trip_02321,stop_012,22:41:00,22:42:00,22,1,Inbound
2025-01-29,Red,trip_02322,stop_013,05:42:00,05:43:00,23,0,Outbound
2025-01-30,Orange,trip_02323,stop_014,06:43:00,06:44:00,24,1,Inbound
2025-01-31,Red,trip_02324,stop_015,07:44:00,07:45:00,25,0,Outbound
2025-01-01,Orange,trip_02325,stop_016,08:45:00,08:46:00,1,1,Inbound
2025-01-02,Red,trip_02326,stop_017,09:46:00,09:47:00,2,0,Outbound
2025-01-03,Orange,trip_02327,stop_018,10:47:00,10:48:00,3,1,Inbound
2025-01-04,Red,trip_02328,stop_019,11:48:00,11:49:00,4,0,Outbound
2025-01-05,Orange,trip_02329,stop_020,12:49:00,12:50:00,5,1,Inbound
2025-01-06,Red,trip_02330,stop_021,13:50:00,13:51:00,6,0,Outbound
2025-01-07,Orange,trip_02331,stop_022,14:51:00,14:52:00,7,1,Inbound
2025-01-08,Red,trip_02332,stop_023,15:52:00,15:53:00,8,0,Outbound
2025-01-09,Orange,trip_02333,stop_024,16:53:00,16:54:00,9,1,Inbound
2025-01-10,Red,trip_02334,stop_025,17:54:00,17:55:00,10,0,Outbound
2025-01-11,Orange,trip_02335,stop_026,18:55:00,18:56:00,11,1,Inbound
2025-01-12,Red,trip_02336,stop_027,19:56:00,19:57:00,12,0,Outbound
2025-01-13,Orange,trip_02337,stop_028,20:57:00,20:58:00,13,1,Inbound
2025-01-14,Red,trip_02338,stop_029,21:58:00,21:59:00,14,0,Outbound
2025-01-15,Orange,trip_02339,stop_030,22:59:00,22:00:00,15,1,Inbound
2025-01-16,Red,trip_02340,stop_001,05:00:00,05:01:00,16,0,Outbound
2025-01-17,Orange,trip_02341,stop_002,06:01:00,06:02:00,17,1,Inbound
2025-01-18,Red,trip_02342,stop_003,07:02:00,07:03:00,18,0,Outbound
2025-01-19,Orange,trip_02343,stop_004,08:03:00,08:04:00,19,1,Inbound
2025-01-20,Red,trip_02344,stop_005,09:04:00,09:05:00,20,0,Outbound
2025-01-21,Orange,trip_02345,stop_006,10:05:00,10:06:00,21,1,Inbound
2025-01-22,Red,trip_02346,stop_007,11:06:00,11:07:00,22,0,Outbound
2025-01-23,Orange,trip_02347,stop_008,12:07:00,12:08:00,23,1,Inbound
2025-01-24,Red,trip_02348,stop_009,13:08:00,13:09:00,24,0,Outbound
2025-01-25,Orange,trip_02349,stop_010,14:09:00,14:10:00,25,1,Inbound
2025-01-26,Red,trip_02350,stop_011,15:10:00,15:11:00,1,0,Outbound
2025-01-27,Orange,trip_02351,stop_012,16:11:00,16:12:00,2,1,Inbound
2025-01-28,Red,trip_02352,stop_013,17:12:00,17:13:00,3,0,Outbound
2025-01-29,Orange,trip_02353,stop_014,18:13:00,18:14:00,4,1,Inbound
2025-01-30,Red,trip_02354,stop_015,19:14:00,19:15:00,5,0,Outbound
2025-01-31,Orange,trip_02355,stop_016,20:15:00,20:16:00,6,1,Inbound
2025-01-01,Red,trip_02356,stop_017,21:16:00,21:17:00,7,0,Outbound
2025-01-02,Orange,trip_02357,stop_018,22:17:00,22:18:00,8,1,Inbound
2025-01-03,Red,trip_02358,stop_019,05:18:00,05:19:00,9,0,Outbound
2025-01-04,Orange,trip_02359,stop_020,06:19:00,06:20:00,10,1,Inbound
2025-01-05,Red,trip_02360,stop_021,07:20:00,07:21:00,11,0,Outbound
2025-01-06,Orange,trip_02361,stop_022,08:21:00,08:22:00,12,1,Inbound
2025-01-07,Red,trip_02362,stop_023,09:22:00,09:23:00,13,0,Outbound
2025-01-08,Orange,trip_02363,stop_024,10:23:00,10:24:00,14,1,Inbound
2025-01-09,Red,trip_02364,stop_025,11:24:00,11:25:00,15,0,Outbound
2025-01-10,Orange,trip_02365,stop_026,12:25:00,12:26:00,16,1,Inbound
2025-01-11,Red,trip_02366,stop_027,13:26:00,13:27:00,17,0,Outbound
2025-01-12,Orange,trip_02367,stop_028,14:27:00,14:28:00,18,1,Inbound
2025-01-13,Red,trip_02368,stop_029,15:28:00,15:29:00,19,0,Outbound
2025-01-14,Orange,trip_02369,stop_030,16:29:00,16:30:00,20,1,Inbound
2025-01-15,Red,trip_02370,stop_001,17:30:00,17:31:00,21,0,Outbound
2025-01-16,Orange,trip_02371,stop_002,18:31:00,18:32:00,22,1,Inbound
2025-01-17,Red,trip_02372,stop_003,19:32:00,19:33:00,23,0,Outbound
2025-01-18,Orange,trip_02373,stop_004,20:33:00,20:34:00,24,1,Inbound
2025-01-19,Red,trip_02374,stop_005,21:34:00,21:35:00,25,0,Outbound
2025-01-20,Orange,trip_02375,stop_006,22:35:00,22:36:00,1,1,Inbound
2025-01-21,Red,trip_02376,stop_007,05:36:00,05:37:00,2,0,Outbound
2025-01-22,Orange,trip_02377,stop_008,06:37:00,06:38:00,3,1,Inbound
2025-01-23,Red,trip_02378,stop_009,07:38:00,07:39:00,4,0,Outbound
2025-01-24,Orange,trip_02379,stop_010,08:39:00,08:40:00,5,1,Inbound
2025-01-25,Red,trip_02380,stop_011,09:40:00,09:41:00,6,0,Outbound
2025-01-26,Orange,trip_02381,stop_012,10:41:00,10:42:00,7,1,Inbound
2025-01-27,Red,trip_02382,stop_013,11:42:00,11:43:00,8,0,Outbound
2025-01-28,Orange,trip_02383,stop_014,12:43:00,12:44:00,9,1,Inbound
2025-01-29,Red,trip_02384,stop_015,13:44:00,13:45:00,10,0,Outbound
2025-01-30,Orange,trip_02385,stop_016,14:45:00,14:46:00,11,1,Inbound
2025-01-31,Red,trip_02386,stop_017,15:46:00,15:47:00,12,0,Outbound
2025-01-01,Orange,trip_02387,stop_018,16:47:00,16:48:00,13,1,Inbound
2025-01-02,Red,trip_02388,stop_019,17:48:00,17:49:00,14,0,Outbound
2025-01-03,Orange,trip_02389,stop_020,18:49:00,18:50:00,15,1,Inbound
2025-01-04,Red,trip_02390,stop_021,19:50:00,19:51:00,16,0,Outbound
2025-01-05,Orange,trip_02391,stop_022,20:51:00,20:52:00,17,1,Inbound
2025-01-06,Red,trip_02392,stop_023,21:52:00,21:53:00,18,0,Outbound
2025-01-07,Orange,trip_02393,stop_024,22:53:00,22:54:00,19,1,Inbound
2025-01-08,Red,trip_02394,stop_025,05:54:00,05:55:00,20,0,Outbound
2025-01-09,Orange,trip_02395,stop_026,06:55:00,06:56:00,21,1,Inbound
2025-01-10,Red,trip_02396,stop_027,07:56:00,07:57:00,22,0,Outbound
2025-01-11,Orange,trip_02397,stop_028,08:57:00,08:58:00,23,1,Inbound
2025-01-12,Red,trip_02398,stop_029,09:58:00,09:59:00,24,0,Outbound
2025-01-13,Orange,trip_02399,stop_030,10:59:00,10:00:00,25,1,Inbound
2025-01-14,Red,trip_02400,stop_001,11:00:00,11:01:00,1,0,Outbound
2025-01-15,Orange,trip_02401,stop_002,12:01:00,12:02:00,2,1,Inbound
2025-01-16,Red,trip_02402,stop_003,13:02:00,13:03:00,3,0,Outbound
2025-01-17,Orange,trip_02403,stop_004,14:03:00,14:04:00,4,1,Inbound
2025-01-18,Red,trip_02404,stop_005,15:04:00,15:05:00,5,0,Outbound
2025-01-19,Orange,trip_02405,stop_006,16:05:00,16:06:00,6,1,Inbound
2025-01-20,Red,trip_02406,stop_007,17:06:00,17:07:00,7,0,Outbound
2025-01-21,Orange,trip_02407,stop_008,18:07:00,18:08:00,8,1,Inbound
2025-01-22,Red,trip_02408,stop_009,19:08:00,19:09:00,9,0,Outbound
2025-01-23,Orange,trip_02409,stop_010,20:09:00,20:10:00,10,1,Inbound
2025-01-24,Red,trip_02410,stop_011,21:10:00,21:11:00,11,0,Outbound
2025-01-25,Orange,trip_02411,stop_012,22:11:00,22:12:00,12,1,Inbound
2025-01-26,Red,trip_02412,stop_013,05:12:00,05:13:00,13,0,Outbound
2025-01-27,Orange,trip_02413,stop_014,06:13:00,06:14:00,14,1,Inbound
2025-01-28,Red,trip_02414,stop_015,07:14:00,07:15:00,15,0,Outbound
2025-01-29,Orange,trip_02415,stop_016,08:15:00,08:16:00,16,1,Inbound
2025-01-30,Red,trip_02416,stop_017,09:16:00,09:17:00,17,0,Outbound
2025-01-31,Orange,trip_02417,stop_018,10:17:00,10:18:00,18,1,Inbound
2025-01-01,Red,trip_02418,stop_019,11:18:00,11:19:00,19,0,Outbound
2025-01-02,Orange,trip_02419,stop_020,12:19:00,12:20:00,20,1,Inbound
2025-01-03,Red,trip_02420,stop_021,13:20:00,13:21:00,21,0,Outbound
2025-01-04,Orange,trip_02421,stop_022,14:21:00,14:22:00,22,1,Inbound
2025-01-05,Red,trip_02422,stop_023,15:22:00,15:23:00,23,0,Outbound
2025-01-06,Orange,trip_02423,stop_024,16:23:00,16:24:00,24,1,Inbound
2025-01-07,Red,trip_02424,stop_025,17:24:00,17:25:00,25,0,Outbound
2025-01-08,Orange,trip_02425,stop_026,18:25:00,18:26:00,1,1,Inbound
2025-01-09,Red,trip_02426,stop_027,19:26:00,19:27:00,2,0,Outbound
2025-01-10,Orange,trip_02427,stop_028,20:27:00,20:28:00,3,1,Inbound
2025-01-11,Red,trip_02428,stop_029,21:28:00,21:29:00,4,0,Outbound
2025-01-12,Orange,trip_02429,stop_030,22:29:00,22:30:00,5,1,Inbound
2025-01-13,Red,trip_02430,stop_001,05:30:00,05:31:00,6,0,Outbound
2025-01-14,Orange,trip_02431,stop_002,06:31:00,06:32:00,7,1,Inbound
2025-01-15,Red,trip_02432,stop_003,07:32:00,07:33:00,8,0,Outbound
2025-01-16,Orange,trip_02433,stop_004,08:33:00,08:34:00,9,1,Inbound
2025-01-17,Red,trip_02434,stop_005,09:34:00,09:35:00,10,0,Outbound
2025-01-18,Orange,trip_02435,stop_006,10:35:00,10:36:00,11,1,Inbound
2025-01-19,Red,trip_02436,stop_007,11:36:00,11:37:00,12,0,Outbound
2025-01-20,Orange,trip_02437,stop_008,12:37:00,12:38:00,13,1,Inbound
2025-01-21,Red,trip_02438,stop_009,13:38:00,13:39:00,14,0,Outbound
2025-01-22,Orange,trip_02439,stop_010,14:39:00,14:40:00,15,1,Inbound
2025-01-23,Red,trip_02440,stop_011,15:40:00,15:41:00,16,0,Outbound
2025-01-24,Orange,trip_02441,stop_012,16:41:00,16:42:00,17,1,Inbound
2025-01-25,Red,trip_02442,stop_013,17:42:00,17:43:00,18,0,Outbound
2025-01-26,Orange,trip_02443,stop_014,18:43:00,18:44:00,19,1,Inbound
2025-01-27,Red,trip_02444,stop_015,19:44:00,19:45:00,20,0,Outbound
2025-01-28,Orange,trip_02445,stop_016,20:45:00,20:46:00,21,1,Inbound
2025-01-29,Red,trip_02446,stop_017,21:46:00,21:47:00,22,0,Outbound
2025-01-30,Orange,trip_02447,stop_018,22:47:00,22:48:00,23,1,Inbound
2025-01-31,Red,trip_02448,stop_019,05:48:00,05:49:00,24,0,Outbound
2025-01-01,Orange,trip_02449,stop_020,06:49:00,06:50:00,25,1,Inbound
2025-01-02,Red,trip_02450,stop_021,07:50:00,07:51:00,1,0,Outbound
2025-01-03,Orange,trip_02451,stop_022,08:51:00,08:52:00,2,1,Inbound
2025-01-04,Red,trip_02452,stop_023,09:52:00,09:53:00,3,0,Outbound
2025-01-05,Orange,trip_02453,stop_024,10:53:00,10:54:00,4,1,Inbound
2025-01-06,Red,trip_02454,stop_025,11:54:00,11:55:00,5,0,Outbound
2025-01-07,Orange,trip_02455,stop_026,12:55:00,12:56:00,6,1,Inbound
2025-01-08,Red,trip_02456,stop_027,13:56:00,13:57:00,7,0,Outbound
2025-01-09,Orange,trip_02457,stop_028,14:57:00,14:58:00,8,1,Inbound
2025-01-10,Red,trip_02458,stop_029,15:58:00,15:59:00,9,0,Outbound
2025-01-11,Orange,trip_02459,stop_030,16:59:00,16:00:00,10,1,Inbound
2025-01-12,Red,trip_02460,stop_001,17:00:00,17:01:00,11,0,Outbound
2025-01-13,Orange,trip_02461,stop_002,18:01:00,18:02:00,12,1,Inbound
2025-01-14,Red,trip_02462,stop_003,19:02:00,19:03:00,13,0,Outbound
2025-01-15,Orange,trip_02463,stop_004,20:03:00,20:04:00,14,1,Inbound
2025-01-16,Red,trip_02464,stop_005,21:04:00,21:05:00,15,0,Outbound
2025-01-17,Orange,trip_02465,stop_006,22:05:00,22:06:00,16,1,Inbound
2025-01-18,Red,trip_02466,stop_007,05:06:00,05:07:00,17,0,Outbound
2025-01-19,Orange,trip_02467,stop_008,06:07:00,06:08:00,18,1,Inbound
2025-01-20,Red,trip_02468,stop_009,07:08:00,07:09:00,19,0,Outbound
2025-01-21,Orange,trip_02469,stop_010,08:09:00,08:10:00,20,1,Inbound
2025-01-22,Red,trip_02470,stop_011,09:10:00,09:11:00,21,0,Outbound
2025-01-23,Orange,trip_02471,stop_012,10:11:00,10:12:00,22,1,Inbound
2025-01-24,Red,trip_02472,stop_013,11:12:00,11:13:00,23,0,Outbound
2025-01-25,Orange,trip_02473,stop_014,12:13:00,12:14:00,24,1,Inbound
2025-01-26,Red,trip_02474,stop_015,13:14:00,13:15:00,25,0,Outbound
2025-01-27,Orange,trip_02475,stop_016,14:15:00,14:16:00,1,1,Inbound
2025-01-28,Red,trip_02476,stop_017,15:16:00,15:17:00,2,0,Outbound
2025-01-29,Orange,trip_02477,stop_018,16:17:00,16:18:00,3,1,Inbound
2025-01-30,Red,trip_02478,stop_019,17:18:00,17:19:00,4,0,Outbound
2025-01-31,Orange,trip_02479,stop_020,18:19:00,18:20:00,5,1,Inbound
2025-01-01,Red,trip_02480,stop_021,19:20:00,19:21:00,6,0,Outbound
2025-01-02,Orange,trip_02481,stop_022,20:21:00,20:22:00,7,1,Inbound
2025-01-03,Red,trip_02482,stop_023,21:22:00,21:23:00,8,0,Outbound
2025-01-04,Orange,trip_02483,stop_024,22:23:00,22:24:00,9,1,Inbound
2025-01-05,Red,trip_02484,stop_025,05:24:00,05:25:00,10,0,Outbound
2025-01-06,Orange,trip_02485,stop_026,06:25:00,06:26:00,11,1,Inbound
2025-01-07,Red,trip_02486,stop_027,07:26:00,07:27:00,12,0,Outbound
2025-01-08,Orange,trip_02487,stop_028,08:27:00,08:28:00,13,1,Inbound
2025-01-09,Red,trip_02488,stop_029,09:28:00,09:29:00,14,0,Outbound
2025-01-10,Orange,trip_02489,stop_030,10:29:00,10:30:00,15,1,Inbound
2025-01-11,Red,trip_02490,stop_001,11:30:00,11:31:00,16,0,Outbound
2025-01-12,Orange,trip_02491,stop_002,12:31:00,12:32:00,17,1,Inbound
2025-01-13,Red,trip_02492,stop_003,13:32:00,13:33:00,18,0,Outbound
2025-01-14,Orange,trip_02493,stop_004,14:33:00,14:34:00,19,1,Inbound
2025-01-15,Red,trip_02494,stop_005,15:34:00,15:35:00,20,0,Outbound
2025-01-16,Orange,trip_02495,stop_006,16:35:00,16:36:00,21,1,Inbound
2025-01-17,Red,trip_02496,stop_007,17:36:00,17:37:00,22,0,Outbound
2025-01-18,Orange,trip_02497,stop_008,18:37:00,18:38:00,23,1,Inbound
2025-01-19,Red,trip_02498,stop_009,19:38:00,19:39:00,24,0,Outbound
2025-01-20,Orange,trip_02499,stop_010,20:39:00,20:40:00,25,1,Inbound
2025-01-21,Red,trip_02500,stop_011,21:40:00,21:41:00,1,0,Outbound
2025-01-22,Orange,trip_02501,stop_012,22:41:00,22:42:00,2,1,Inbound
2025-01-23,Red,trip_02502,stop_013,05:42:00,05:43:00,3,0,Outbound
2025-01-24,Orange,trip_02503,stop_014,06:43:00,06:44:00,4,1,Inbound
2025-01-25,Red,trip_02504,stop_015,07:44:00,07:45:00,5,0,Outbound
2025-01-26,Orange,trip_02505,stop_016,08:45:00,08:46:00,6,1,Inbound
2025-01-27,Red,trip_02506,stop_017,09:46:00,09:47:00,7,0,Outbound
2025-01-28,Orange,trip_02507,stop_018,10:47:00,10:48:00,8,1,Inbound
2025-01-29,Red,trip_02508,stop_019,11:48:00,11:49:00,9,0,Outbound
2025-01-30,Orange,trip_02509,stop_020,12:49:00,12:50:00,10,1,Inbound
2025-01-31,Red,trip_02510,stop_021,13:50:00,13:51:00,11,0,Outbound
2025-01-01,Orange,trip_02511,stop_022,14:51:00,14:52:00,12,1,Inbound
2025-01-02,Red,trip_02512,stop_023,15:52:00,15:53:00,13,0,Outbound
2025-01-03,Orange,trip_02513,stop_024,16:53:00,16:54:00,14,1,Inbound
2025-01-04,Red,trip_02514,stop_025,17:54:00,17:55:00,15,0,Outbound
2025-01-05,Orange,trip_02515,stop_026,18:55:00,18:56:00,16,1,Inbound
2025-01-06,Red,trip_02516,stop_027,19:56:00,19:57:00,17,0,Outbound
2025-01-07,Orange,trip_02517,stop_028,20:57:00,20:58:00,18,1,Inbound
2025-01-08,Red,trip_02518,stop_029,21:58:00,21:59:00,19,0,Outbound
2025-01-09,Orange,trip_02519,stop_030,22:59:00,22:00:00,20,1,Inbound
2025-01-10,Red,trip_02520,stop_001,05:00:00,05:01:00,21,0,Outbound
2025-01-11,Orange,trip_02521,stop_002,06:01:00,06:02:00,22,1,Inbound
2025-01-12,Red,trip_02522,stop_003,07:02:00,07:03:00,23,0,Outbound
2025-01-13,Orange,trip_02523,stop_004,08:03:00,08:04:00,24,1,Inbound
2025-01-14,Red,trip_02524,stop_005,09:04:00,09:05:00,25,0,Outbound
2025-01-15,Orange,trip_02525,stop_006,10:05:00,10:06:00,1,1,Inbound
2025-01-16,Red,trip_02526,stop_007,11:06:00,11:07:00,2,0,Outbound
2025-01-17,Orange,trip_02527,stop_008,12:07:00,12:08:00,3,1,Inbound
2025-01-18,Red,trip_02528,stop_009,13:08:00,13:09:00,4,0,Outbound
2025-01-19,Orange,trip_02529,stop_010,14:09:00,14:10:00,5,1,Inbound
2025-01-20,Red,trip_02530,stop_011,15:10:00,15:11:00,6,0,Outbound
2025-01-21,Orange,trip_02531,stop_012,16:11:00,16:12:00,7,1,Inbound
2025-01-22,Red,trip_02532,stop_013,17:12:00,17:13:00,8,0,Outbound
2025-01-23,Orange,trip_02533,stop_014,18:13:00,18:14:00,9,1,Inbound
2025-01-24,Red,trip_02534,stop_015,19:14:00,19:15:00,10,0,Outbound
2025-01-25,Orange,trip_02535,stop_016,20:15:00,20:16:00,11,1,Inbound
2025-01-26,Red,trip_02536,stop_017,21:16:00,21:17:00,12,0,Outbound
2025-01-27,Orange,trip_02537,stop_018,22:17:00,22:18:00,13,1,Inbound
2025-01-28,Red,trip_02538,stop_019,05:18:00,05:19:00,14,0,Outbound
2025-01-29,Orange,trip_02539,stop_020,06:19:00,06:20:00,15,1,Inbound
2025-01-30,Red,trip_02540,stop_021,07:20:00,07:21:00,16,0,Outbound
2025-01-31,Orange,trip_02541,stop_022,08:21:00,08:22:00,17,1,Inbound
2025-01-01,Red,trip_02542,stop_023,09:22:00,09:23:00,18,0,Outbound
2025-01-02,Orange,trip_02543,stop_024,10:23:00,10:24:00,19,1,Inbound
2025-01-03,Red,trip_02544,stop_025,11:24:00,11:25:00,20,0,Outbound
2025-01-04,Orange,trip_02545,stop_026,12:25:00,12:26:00,21,1,Inbound
2025-01-05,Red,trip_02546,stop_027,13:26:00,13:27:00,22,0,Outbound
2025-01-06,Orange,trip_02547,stop_028,14:27:00,14:28:00,23,1,Inbound
2025-01-07,Red,trip_02548,stop_029,15:28:00,15:29:00,24,0,Outbound
2025-01-08,Orange,trip_02549,stop_030,16:29:00,16:30:00,25,1,Inbound
2025-01-09,Red,trip_02550,stop_001,17:30:00,17:31:00,1,0,Outbound
2025-01-10,Orange,trip_02551,stop_002,18:31:00,18:32:00,2,1,Inbound
2025-01-11,Red,trip_02552,stop_003,19:32:00,19:33:00,3,0,Outbound
2025-01-12,Orange,trip_02553,stop_004,20:33:00,20:34:00,4,1,Inbound
2025-01-13,Red,trip_02554,stop_005,21:34:00,21:35:00,5,0,Outbound
2025-01-14,Orange,trip_02555,stop_006,22:35:00,22:36:00,6,1,Inbound
2025-01-15,Red,trip_02556,stop_007,05:36:00,05:37:00,7,0,Outbound
2025-01-16,Orange,trip_02557,stop_008,06:37:00,06:38:00,8,1,Inbound
2025-01-17,Red,trip_02558,stop_009,07:38:00,07:39:00,9,0,Outbound
2025-01-18,Orange,trip_02559,stop_010,08:39:00,08:40:00,10,1,Inbound
2025-01-19,Red,trip_02560,stop_011,09:40:00,09:41:00,11,0,Outbound
2025-01-20,Orange,trip_02561,stop_012,10:41:00,10:42:00,12,1,Inbound
2025-01-21,Red,trip_02562,stop_013,11:42:00,11:43:00,13,0,Outbound
2025-01-22,Orange,trip_02563,stop_014,12:43:00,12:44:00,14,1,Inbound
2025-01-23,Red,trip_02564,stop_015,13:44:00,13:45:00,15,0,Outbound
2025-01-24,Orange,trip_02565,stop_016,14:45:00,14:46:00,16,1,Inbound
2025-01-25,Red,trip_02566,stop_017,15:46:00,15:47:00,17,0,Outbound
2025-01-26,Orange,trip_02567,stop_018,16:47:00,16:48:00,18,1,Inbound
2025-01-27,Red,trip_02568,stop_019,17:48:00,17:49:00,19,0,Outbound
2025-01-28,Orange,trip_02569,stop_020,18:49:00,18:50:00,20,1,Inbound
2025-01-29,Red,trip_02570,stop_021,19:50:00,19:51:00,21,0,Outbound
2025-01-30,Orange,trip_02571,stop_022,20:51:00,20:52:00,22,1,Inbound
2025-01-31,Red,trip_02572,stop_023,21:52:00,21:53:00,23,0,Outbound
2025-01-01,Orange,trip_02573,stop_024,22:53:00,22:54:00,24,1,Inbound
2025-01-02,Red,trip_02574,stop_025,05:54:00,05:55:00,25,0,Outbound
2025-01-03,Orange,trip_02575,stop_026,06:55:00,06:56:00,1,1,Inbound
2025-01-04,Red,trip_02576,stop_027,07:56:00,07:57:00,2,0,Outbound
2025-01-05,Orange,trip_02577,stop_028,08:57:00,08:58:00,3,1,Inbound
2025-01-06,Red,trip_02578,stop_029,09:58:00,09:59:00,4,0,Outbound
2025-01-07,Orange,trip_02579,stop_030,10:59:00,10:00:00,5,1,Inbound
2025-01-08,Red,trip_02580,stop_001,11:00:00,11:01:00,6,0,Outbound
2025-01-09,Orange,trip_02581,stop_002,12:01:00,12:02:00,7,1,Inbound
2025-01-10,Red,trip_02582,stop_003,13:02:00,13:03:00,8,0,Outbound
2025-01-11,Orange,trip_02583,stop_004,14:03:00,14:04:00,9,1,Inbound
2025-01-12,Red,trip_02584,stop_005,15:04:00,15:05:00,10,0,Outbound
2025-01-13,Orange,trip_02585,stop_006,16:05:00,16:06:00,11,1,Inbound
2025-01-14,Red,trip_02586,stop_007,17:06:00,17:07:00,12,0,Outbound
2025-01-15,Orange,trip_02587,stop_008,18:07:00,18:08:00,13,1,Inbound
2025-01-16,Red,trip_02588,stop_009,19:08:00,19:09:00,14,0,Outbound
2025-01-17,Orange,trip_02589,stop_010,20:09:00,20:10:00,15,1,Inbound
2025-01-18,Red,trip_02590,stop_011,21:10:00,21:11:00,16,0,Outbound
2025-01-19,Orange,trip_02591,stop_012,22:11:00,22:12:00,17,1,Inbound
2025-01-20,Red,trip_02592,stop_013,05:12:00,05:13:00,18,0,Outbound
2025-01-21,Orange,trip_02593,stop_014,06:13:00,06:14:00,19,1,Inbound
2025-01-22,Red,trip_02594,stop_015,07:14:00,07:15:00,20,0,Outbound
2025-01-23,Orange,trip_02595,stop_016,08:15:00,08:16:00,21,1,Inbound
2025-01-24,Red,trip_02596,stop_017,09:16:00,09:17:00,22,0,Outbound
2025-01-25,Orange,trip_02597,stop_018,10:17:00,10:18:00,23,1,Inbound
2025-01-26,Red,trip_02598,stop_019,11:18:00,11:19:00,24,0,Outbound
2025-01-27,Orange,trip_02599,stop_020,12:19:00,12:20:00,25,1,Inbound
2025-01-28,Red,trip_02600,stop_021,13:20:00,13:21:00,1,0,Outbound
2025-01-29,Orange,trip_02601,stop_022,14:21:00,14:22:00,2,1,Inbound
2025-01-30,Red,trip_02602,stop_023,15:22:00,15:23:00,3,0,Outbound
2025-01-31,Orange,trip_02603,stop_024,16:23:00,16:24:00,4,1,Inbound
2025-01-01,Red,trip_02604,stop_025,17:24:00,17:25:00,5,0,Outbound
2025-01-02,Orange,trip_02605,stop_026,18:25:00,18:26:00,6,1,Inbound
2025-01-03,Red,trip_02606,stop_027,19:26:00,19:27:00,7,0,Outbound
2025-01-04,Orange,trip_02607,stop_028,20:27:00,20:28:00,8,1,Inbound
2025-01-05,Red,trip_02608,stop_029,21:28:00,21:29:00,9,0,Outbound
2025-01-06,Orange,trip_02609,stop_030,22:29:00,22:30:00,10,1,Inbound
2025-01-07,Red,trip_02610,stop_001,05:30:00,05:31:00,11,0,Outbound
2025-01-08,Orange,trip_02611,stop_002,06:31:00,06:32:00,12,1,Inbound
2025-01-09,Red,trip_02612,stop_003,07:32:00,07:33:00,13,0,Outbound
2025-01-10,Orange,trip_02613,stop_004,08:33:00,08:34:00,14,1,Inbound
2025-01-11,Red,trip_02614,stop_005,09:34:00,09:35:00,15,0,Outbound
2025-01-12,Orange,trip_02615,stop_006,10:35:00,10:36:00,16,1,Inbound
2025-01-13,Red,trip_02616,stop_007,11:36:00,11:37:00,17,0,Outbound
2025-01-14,Orange,trip_02617,stop_008,12:37:00,12:38:00,18,1,Inbound
2025-01-15,Red,trip_02618,stop_009,13:38:00,13:39:00,19,0,Outbound
2025-01-16,Orange,trip_02619,stop_010,14:39:00,14:40:00,20,1,Inbound
2025-01-17,Red,trip_02620,stop_011,15:40:00,15:41:00,21,0,Outbound
2025-01-18,Orange,trip_02621,stop_012,16:41:00,16:42:00,22,1,Inbound
2025-01-19,Red,trip_02622,stop_013,17:42:00,17:43:00,23,0,Outbound
2025-01-20,Orange,trip_02623,stop_014,18:43:00,18:44:00,24,1,Inbound
2025-01-21,Red,trip_02624,stop_015,19:44:00,19:45:00,25,0,Outbound
2025-01-22,Orange,trip_02625,stop_016,20:45:00,20:46:00,1,1,Inbound
2025-01-23,Red,trip_02626,stop_017,21:46:00,21:47:00,2,0,Outbound
2025-01-24,Orange,trip_02627,stop_018,22:47:00,22:48:00,3,1,Inbound
2025-01-25,Red,trip_02628,stop_019,05:48:00,05:49:00,4,0,Outbound
2025-01-26,Orange,trip_02629,stop_020,06:49:00,06:50:00,5,1,Inbound
2025-01-27,Red,trip_02630,stop_021,07:50:00,07:51:00,6,0,Outbound
2025-01-28,Orange,trip_02631,stop_022,08:51:00,08:52:00,7,1,Inbound
2025-01-29,Red,trip_02632,stop_023,09:52:00,09:53:00,8,0,Outbound
2025-01-30,Orange,trip_02633,stop_024,10:53:00,10:54:00,9,1,Inbound
2025-01-31,Red,trip_02634,stop_025,11:54:00,11:55:00,10,0,Outbound
2025-01-01,Orange,trip_02635,stop_026,12:55:00,12:56:00,11,1,Inbound
2025-01-02,Red,trip_02636,stop_027,13:56:00,13:57:00,12,0,Outbound
2025-01-03,Orange,trip_02637,stop_028,14:57:00,14:58:00,13,1,Inbound
2025-01-04,Red,trip_02638,stop_029,15:58:00,15:59:00,14,0,Outbound
2025-01-05,Orange,trip_02639,stop_030,16:59:00,16:00:00,15,1,Inbound
2025-01-06,Red,trip_02640,stop_001,17:00:00,17:01:00,16,0,Outbound
2025-01-07,Orange,trip_02641,stop_002,18:01:00,18:02:00,17,1,Inbound
2025-01-08,Red,trip_02642,stop_003,19:02:00,19:03:00,18,0,Outbound
2025-01-09,Orange,trip_02643,stop_004,20:03:00,20:04:00,19,1,Inbound
2025-01-10,Red,trip_02644,stop_005,21:04:00,21:05:00,20,0,Outbound
2025-01-11,Orange,trip_02645,stop_006,22:05:00,22:06:00,21,1,Inbound
2025-01-12,Red,trip_02646,stop_007,05:06:00,05:07:00,22,0,Outbound
2025-01-13,Orange,trip_02647,stop_008,06:07:00,06:08:00,23,1,Inbound
2025-01-14,Red,trip_02648,stop_009,07:08:00,07:09:00,24,0,Outbound
2025-01-15,Orange,trip_02649,stop_010,08:09:00,08:10:00,25,1,Inbound
2025-01-16,Red,trip_02650,stop_011,09:10:00,09:11:00,1,0,Outbound
2025-01-17,Orange,trip_02651,stop_012,10:11:00,10:12:00,2,1,Inbound
2025-01-18,Red,trip_02652,stop_013,11:12:00,11:13:00,3,0,Outbound
2025-01-19,Orange,trip_02653,stop_014,12:13:00,12:14:00,4,1,Inbound
2025-01-20,Red,trip_02654,stop_015,13:14:00,13:15:00,5,0,Outbound
2025-01-21,Orange,trip_02655,stop_016,14:15:00,14:16:00,6,1,Inbound
2025-01-22,Red,trip_02656,stop_017,15:16:00,15:17:00,7,0,Outbound
2025-01-23,Orange,trip_02657,stop_018,16:17:00,16:18:00,8,1,Inbound
2025-01-24,Red,trip_02658,stop_019,17:18:00,17:19:00,9,0,Outbound
2025-01-25,Orange,trip_02659,stop_020,18:19:00,18:20:00,10,1,Inbound
2025-01-26,Red,trip_02660,stop_021,19:20:00,19:21:00,11,0,Outbound
2025-01-27,Orange,trip_02661,stop_022,20:21:00,20:22:00,12,1,Inbound
2025-01-28,Red,trip_02662,stop_023,21:22:00,21:23:00,13,0,Outbound
2025-01-29,Orange,trip_02663,stop_024,22:23:00,22:24:00,14,1,Inbound
2025-01-30,Red,trip_02664,stop_025,05:24:00,05:25:00,15,0,Outbound
2025-01-31,Orange,trip_02665,stop_026,06:25:00,06:26:00,16,1,Inbound
2025-01-01,Red,trip_02666,stop_027,07:26:00,07:27:00,17,0,Outbound
2025-01-02,Orange,trip_02667,stop_028,08:27:00,08:28:00,18,1,Inbound
2025-01-03,Red,trip_02668,stop_029,09:28:00,09:29:00,19,0,Outbound
2025-01-04,Orange,trip_02669,stop_030,10:29:00,10:30:00,20,1,Inbound
2025-01-05,Red,trip_02670,stop_001,11:30:00,11:31:00,21,0,Outbound
2025-01-06,Orange,trip_02671,stop_002,12:31:00,12:32:00,22,1,Inbound
2025-01-07,Red,trip_02672,stop_003,13:32:00,13:33:00,23,0,Outbound
2025-01-08,Orange,trip_02673,stop_004,14:33:00,14:34:00,24,1,Inbound
2025-01-09,Red,trip_02674,stop_005,15:34:00,15:35:00,25,0,Outbound
2025-01-10,Orange,trip_02675,stop_006,16:35:00,16:36:00,1,1,Inbound
2025-01-11,Red,trip_02676,stop_007,17:36:00,17:37:00,2,0,Outbound
2025-01-12,Orange,trip_02677,stop_008,18:37:00,18:38:00,3,1,Inbound
2025-01-13,Red,trip_02678,stop_009,19:38:00,19:39:00,4,0,Outbound
2025-01-14,Orange,trip_02679,stop_010,20:39:00,20:40:00,5,1,Inbound
2025-01-15,Red,trip_02680,stop_011,21:40:00,21:41:00,6,0,Outbound
2025-01-16,Orange,trip_02681,stop_012,22:41:00,22:42:00,7,1,Inbound
2025-01-17,Red,trip_02682,stop_013,05:42:00,05:43:00,8,0,Outbound
2025-01-18,Orange,trip_02683,stop_014,06:43:00,06:44:00,9,1,Inbound
2025-01-19,Red,trip_02684,stop_015,07:44:00,07:45:00,10,0,Outbound
2025-01-20,Orange,trip_02685,stop_016,08:45:00,08:46:00,11,1,Inbound
2025-01-21,Red,trip_02686,stop_017,09:46:00,09:47:00,12,0,Outbound
2025-01-22,Orange,trip_02687,stop_018,10:47:00,10:48:00,13,1,Inbound
2025-01-23,Red,trip_02688,stop_019,11:48:00,11:49:00,14,0,Outbound
2025-01-24,Orange,trip_02689,stop_020,12:49:00,12:50:00,15,1,Inbound
2025-01-25,Red,trip_02690,stop_021,13:50:00,13:51:00,16,0,Outbound
2025-01-26,Orange,trip_02691,stop_022,14:51:00,14:52:00,17,1,Inbound
2025-01-27,Red,trip_02692,stop_023,15:52:00,15:53:00,18,0,Outbound
2025-01-28,Orange,trip_02693,stop_024,16:53:00,16:54:00,19,1,Inbound
2025-01-29,Red,trip_02694,stop_025,17:54:00,17:55:00,20,0,Outbound
2025-01-30,Orange,trip_02695,stop_026,18:55:00,18:56:00,21,1,Inbound
2025-01-31,Red,trip_02696,stop_027,19:56:00,19:57:00,22,0,Outbound
2025-01-01,Orange,trip_02697,stop_028,20:57:00,20:58:00,23,1,Inbound
2025-01-02,Red,trip_02698,stop_029,21:58:00,21:59:00,24,0,Outbound
2025-01-03,Orange,trip_02699,stop_030,22:59:00,22:00:00,25,1,Inbound
2025-01-04,Red,trip_02700,stop_001,05:00:00,05:01:00,1,0,Outbound
2025-01-05,Orange,trip_02701,stop_002,06:01:00,06:02:00,2,1,Inbound
2025-01-06,Red,trip_02702,stop_003,07:02:00,07:03:00,3,0,Outbound
2025-01-07,Orange,trip_02703,stop_004,08:03:00,08:04:00,4,1,Inbound
2025-01-08,Red,trip_02704,stop_005,09:04:00,09:05:00,5,0,Outbound
2025-01-09,Orange,trip_02705,stop_006,10:05:00,10:06:00,6,1,Inbound
2025-01-10,Red,trip_02706,stop_007,11:06:00,11:07:00,7,0,Outbound
2025-01-11,Orange,trip_02707,stop_008,12:07:00,12:08:00,8,1,Inbound
2025-01-12,Red,trip_02708,stop_009,13:08:00,13:09:00,9,0,Outbound
2025-01-13,Orange,trip_02709,stop_010,14:09:00,14:10:00,10,1,Inbound
2025-01-14,Red,trip_02710,stop_011,15:10:00,15:11:00,11,0,Outbound
2025-01-15,Orange,trip_02711,stop_012,16:11:00,16:12:00,12,1,Inbound
2025-01-16,Red,trip_02712,stop_013,17:12:00,17:13:00,13,0,Outbound
2025-01-17,Orange,trip_02713,stop_014,18:13:00,18:14:00,14,1,Inbound
2025-01-18,Red,trip_02714,stop_015,19:14:00,19:15:00,15,0,Outbound
2025-01-19,Orange,trip_02715,stop_016,20:15:00,20:16:00,16,1,Inbound
2025-01-20,Red,trip_02716,stop_017,21:16:00,21:17:00,17,0,Outbound
2025-01-21,Orange,trip_02717,stop_018,22:17:00,22:18:00,18,1,Inbound
2025-01-22,Red,trip_02718,stop_019,05:18:00,05:19:00,19,0,Outbound
2025-01-23,Orange,trip_02719,stop_020,06:19:00,06:20:00,20,1,Inbound
2025-01-24,Red,trip_02720,stop_021,07:20:00,07:21:00,21,0,Outbound
2025-01-25,Orange,trip_02721,stop_022,08:21:00,08:22:00,22,1,Inbound
2025-01-26,Red,trip_02722,stop_023,09:22:00,09:23:00,23,0,Outbound
2025-01-27,Orange,trip_02723,stop_024,10:23:00,10:24:00,24,1,Inbound
2025-01-28,Red,trip_02724,stop_025,11:24:00,11:25:00,25,0,Outbound
2025-01-29,Orange,trip_02725,stop_026,12:25:00,12:26:00,1,1,Inbound
2025-01-30,Red,trip_02726,stop_027,13:26:00,13:27:00,2,0,Outbound
2025-01-31,Orange,trip_02727,stop_028,14:27:00,14:28:00,3,1,Inbound
2025-01-01,Red,trip_02728,stop_029,15:28:00,15:29:00,4,0,Outbound
2025-01-02,Orange,trip_02729,stop_030,16:29:00,16:30:00,5,1,Inbound
2025-01-03,Red,trip_02730,stop_001,17:30:00,17:31:00,6,0,Outbound
2025-01-04,Orange,trip_02731,stop_002,18:31:00,18:32:00,7,1,Inbound
2025-01-05,Red,trip_02732,stop_003,19:32:00,19:33:00,8,0,Outbound
2025-01-06,Orange,trip_02733,stop_004,20:33:00,20:34:00,9,1,Inbound
2025-01-07,Red,trip_02734,stop_005,21:34:00,21:35:00,10,0,Outbound
2025-01-08,Orange,trip_02735,stop_006,22:35:00,22:36:00,11,1,Inbound
2025-01-09,Red,trip_02736,stop_007,05:36:00,05:37:00,12,0,Outbound
2025-01-10,Orange,trip_02737,stop_008,06:37:00,06:38:00,13,1,Inbound
2025-01-11,Red,trip_02738,stop_009,07:38:00,07:39:00,14,0,Outbound
2025-01-12,Orange,trip_02739,stop_010,08:39:00,08:40:00,15,1,Inbound
2025-01-13,Red,trip_02740,stop_011,09:40:00,09:41:00,16,0,Outbound
2025-01-14,Orange,trip_02741,stop_012,10:41:00,10:42:00,17,1,Inbound
2025-01-15,Red,trip_02742,stop_013,11:42:00,11:43:00,18,0,Outbound
2025-01-16,Orange,trip_02743,stop_014,12:43:00,12:44:00,19,1,Inbound
2025-01-17,Red,trip_02744,stop_015,13:44:00,13:45:00,20,0,Outbound
2025-01-18,Orange,trip_02745,stop_016,14:45:00,14:46:00,21,1,Inbound
2025-01-19,Red,trip_02746,stop_017,15:46:00,15:47:00,22,0,Outbound
2025-01-20,Orange,trip_02747,stop_018,16:47:00,16:48:00,23,1,Inbound
2025-01-21,Red,trip_02748,stop_019,17:48:00,17:49:00,24,0,Outbound
2025-01-22,Orange,trip_02749,stop_020,18:49:00,18:50:00,25,1,Inbound
2025-01-23,Red,trip_02750,stop_021,19:50:00,19:51:00,1,0,Outbound
2025-01-24,Orange,trip_02751,stop_022,20:51:00,20:52:00,2,1,Inbound
2025-01-25,Red,trip_02752,stop_023,21:52:00,21:53:00,3,0,Outbound
2025-01-26,Orange,trip_02753,stop_024,22:53:00,22:54:00,4,1,Inbound
2025-01-27,Red,trip_02754,stop_025,05:54:00,05:55:00,5,0,Outbound
2025-01-28,Orange,trip_02755,stop_026,06:55:00,06:56:00,6,1,Inbound
2025-01-29,Red,trip_02756,stop_027,07:56:00,07:57:00,7,0,Outbound
2025-01-30,Orange,trip_02757,stop_028,08:57:00,08:58:00,8,1,Inbound
2025-01-31,Red,trip_02758,stop_029,09:58:00,09:59:00,9,0,Outbound
2025-01-01,Orange,trip_02759,stop_030,10:59:00,10:00:00,10,1,Inbound
2025-01-02,Red,trip_02760,stop_001,11:00:00,11:01:00,11,0,Outbound
2025-01-03,Orange,trip_02761,stop_002,12:01:00,12:02:00,12,1,Inbound
2025-01-04,Red,trip_02762,stop_003,13:02:00,13:03:00,13,0,Outbound
2025-01-05,Orange,trip_02763,stop_004,14:03:00,14:04:00,14,1,Inbound
2025-01-06,Red,trip_02764,stop_005,15:04:00,15:05:00,15,0,Outbound
2025-01-07,Orange,trip_02765,stop_006,16:05:00,16:06:00,16,1,Inbound
2025-01-08,Red,trip_02766,stop_007,17:06:00,17:07:00,17,0,Outbound
2025-01-09,Orange,trip_02767,stop_008,18:07:00,18:08:00,18,1,Inbound
2025-01-10,Red,trip_02768,stop_009,19:08:00,19:09:00,19,0,Outbound
2025-01-11,Orange,trip_02769,stop_010,20:09:00,20:10:00,20,1,Inbound
2025-01-12,Red,trip_02770,stop_011,21:10:00,21:11:00,21,0,Outbound
2025-01-13,Orange,trip_02771,stop_012,22:11:00,22:12:00,22,1,Inbound
2025-01-14,Red,trip_02772,stop_013,05:12:00,05:13:00,23,0,Outbound
2025-01-15,Orange,trip_02773,stop_014,06:13:00,06:14:00,24,1,Inbound
2025-01-16,Red,trip_02774,stop_015,07:14:00,07:15:00,25,0,Outbound
2025-01-17,Orange,trip_02775,stop_016,08:15:00,08:16:00,1,1,Inbound
2025-01-18,Red,trip_02776,stop_017,09:16:00,09:17:00,2,0,Outbound
2025-01-19,Orange,trip_02777,stop_018,10:17:00,10:18:00,3,1,Inbound
2025-01-20,Red,trip_02778,stop_019,11:18:00,11:19:00,4,0,Outbound
2025-01-21,Orange,trip_02779,stop_020,12:19:00,12:20:00,5,1,Inbound
2025-01-22,Red,trip_02780,stop_021,13:20:00,13:21:00,6,0,Outbound
2025-01-23,Orange,trip_02781,stop_022,14:21:00,14:22:00,7,1,Inbound
2025-01-24,Red,trip_02782,stop_023,15:22:00,15:23:00,8,0,Outbound
2025-01-25,Orange,trip_02783,stop_024,16:23:00,16:24:00,9,1,Inbound
2025-01-26,Red,trip_02784,stop_025,17:24:00,17:25:00,10,0,Outbound
2025-01-27,Orange,trip_02785,stop_026,18:25:00,18:26:00,11,1,Inbound
2025-01-28,Red,trip_02786,stop_027,19:26:00,19:27:00,12,0,Outbound
2025-01-29,Orange,trip_02787,stop_028,20:27:00,20:28:00,13,1,Inbound
2025-01-30,Red,trip_02788,stop_029,21:28:00,21:29:00,14,0,Outbound
2025-01-31,Orange,trip_02789,stop_030,22:29:00,22:30:00,15,1,Inbound
2025-01-01,Red,trip_02790,stop_001,05:30:00,05:31:00,16,0,Outbound
2025-01-02,Orange,trip_02791,stop_002,06:31:00,06:32:00,17,1,Inbound
2025-01-03,Red,trip_02792,stop_003,07:32:00,07:33:00,18,0,Outbound
2025-01-04,Orange,trip_02793,stop_004,08:33:00,08:34:00,19,1,Inbound
2025-01-05,Red,trip_02794,stop_005,09:34:00,09:35:00,20,0,Outbound
2025-01-06,Orange,trip_02795,stop_006,10:35:00,10:36:00,21,1,Inbound
2025-01-07,Red,trip_02796,stop_007,11:36:00,11:37:00,22,0,Outbound
2025-01-08,Orange,trip_02797,stop_008,12:37:00,12:38:00,23,1,Inbound
2025-01-09,Red,trip_02798,stop_009,13:38:00,13:39:00,24,0,Outbound
2025-01-10,Orange,trip_02799,stop_010,14:39:00,14:40:00,25,1,Inbound
2025-01-11,Red,trip_02800,stop_011,15:40:00,15:41:00,1,0,Outbound
2025-01-12,Orange,trip_02801,stop_012,16:41:00,16:42:00,2,1,Inbound
2025-01-13,Red,trip_02802,stop_013,17:42:00,17:43:00,3,0,Outbound
2025-01-14,Orange,trip_02803,stop_014,18:43:00,18:44:00,4,1,Inbound
2025-01-15,Red,trip_02804,stop_015,19:44:00,19:45:00,5,0,Outbound
2025-01-16,Orange,trip_02805,stop_016,20:45:00,20:46:00,6,1,Inbound
2025-01-17,Red,trip_02806,stop_017,21:46:00,21:47:00,7,0,Outbound
2025-01-18,Orange,trip_02807,stop_018,22:47:00,22:48:00,8,1,Inbound
2025-01-19,Red,trip_02808,stop_019,05:48:00,05:49:00,9,0,Outbound
2025-01-20,Orange,trip_02809,stop_020,06:49:00,06:50:00,10,1,Inbound
2025-01-21,Red,trip_02810,stop_021,07:50:00,07:51:00,11,0,Outbound
2025-01-22,Orange,trip_02811,stop_022,08:51:00,08:52:00,12,1,Inbound
2025-01-23,Red,trip_02812,stop_023,09:52:00,09:53:00,13,0,Outbound
2025-01-24,Orange,trip_02813,stop_024,10:53:00,10:54:00,14,1,Inbound
2025-01-25,Red,trip_02814,stop_025,11:54:00,11:55:00,15,0,Outbound
2025-01-26,Orange,trip_02815,stop_026,12:55:00,12:56:00,16,1,Inbound
2025-01-27,Red,trip_02816,stop_027,13:56:00,13:57:00,17,0,Outbound
2025-01-28,Orange,trip_02817,stop_028,14:57:00,14:58:00,18,1,Inbound
2025-01-29,Red,trip_02818,stop_029,15:58:00,15:59:00,19,0,Outbound
2025-01-30,Orange,trip_02819,stop_030,16:59:00,16:00:00,20,1,Inbound
2025-01-31,Red,trip_02820,stop_001,17:00:00,17:01:00,21,0,Outbound
2025-01-01,Orange,trip_02821,stop_002,18:01:00,18:02:00,22,1,Inbound
2025-01-02,Red,trip_02822,stop_003,19:02:00,19:03:00,23,0,Outbound
2025-01-03,Orange,trip_02823,stop_004,20:03:00,20:04:00,24,1,Inbound
2025-01-04,Red,trip_02824,stop_005,21:04:00,21:05:00,25,0,Outbound
2025-01-05,Orange,trip_02825,stop_006,22:05:00,22:06:00,1,1,Inbound
2025-01-06,Red,trip_02826,stop_007,05:06:00,05:07:00,2,0,Outbound
2025-01-07,Orange,trip_02827,stop_008,06:07:00,06:08:00,3,1,Inbound
2025-01-08,Red,trip_02828,stop_009,07:08:00,07:09:00,4,0,Outbound
2025-01-09,Orange,trip_02829,stop_010,08:09:00,08:10:00,5,1,Inbound
2025-01-10,Red,trip_02830,stop_011,09:10:00,09:11:00,6,0,Outbound
2025-01-11,Orange,trip_02831,stop_012,10:11:00,10:12:00,7,1,Inbound
2025-01-12,Red,trip_02832,stop_013,11:12:00,11:13:00,8,0,Outbound
2025-01-13,Orange,trip_02833,stop_014,12:13:00,12:14:00,9,1,Inbound
2025-01-14,Red,trip_02834,stop_015,13:14:00,13:15:00,10,0,Outbound
2025-01-15,Orange,trip_02835,stop_016,14:15:00,14:16:00,11,1,Inbound
2025-01-16,Red,trip_02836,stop_017,15:16:00,15:17:00,12,0,Outbound
2025-01-17,Orange,trip_02837,stop_018,16:17:00,16:18:00,13,1,Inbound
2025-01-18,Red,trip_02838,stop_019,17:18:00,17:19:00,14,0,Outbound
2025-01-19,Orange,trip_02839,stop_020,18:19:00,18:20:00,15,1,Inbound
2025-01-20,Red,trip_02840,stop_021,19:20:00,19:21:00,16,0,Outbound
2025-01-21,Orange,trip_02841,stop_022,20:21:00,20:22:00,17,1,Inbound
2025-01-22,Red,trip_02842,stop_023,21:22:00,21:23:00,18,0,Outbound
2025-01-23,Orange,trip_02843,stop_024,22:23:00,22:24:00,19,1,Inbound
2025-01-24,Red,trip_02844,stop_025,05:24:00,05:25:00,20,0,Outbound
2025-01-25,Orange,trip_02845,stop_026,06:25:00,06:26:00,21,1,Inbound
2025-01-26,Red,trip_02846,stop_027,07:26:00,07:27:00,22,0,Outbound
2025-01-27,Orange,trip_02847,stop_028,08:27:00,08:28:00,23,1,Inbound
2025-01-28,Red,trip_02848,stop_029,09:28:00,09:29:00,24,0,Outbound
2025-01-29,Orange,trip_02849,stop_030,10:29:00,10:30:00,25,1,Inbound
2025-01-30,Red,trip_02850,stop_001,11:30:00,11:31:00,1,0,Outbound
2025-01-31,Orange,trip_02851,stop_002,12:31:00,12:32:00,2,1,Inbound
2025-01-01,Red,trip_02852,stop_003,13:32:00,13:33:00,3,0,Outbound
2025-01-02,Orange,trip_02853,stop_004,14:33:00,14:34:00,4,1,Inbound
2025-01-03,Red,trip_02854,stop_005,15:34:00,15:35:00,5,0,Outbound
2025-01-04,Orange,trip_02855,stop_006,16:35:00,16:36:00,6,1,Inbound
2025-01-05,Red,trip_02856,stop_007,17:36:00,17:37:00,7,0,Outbound
2025-01-06,Orange,trip_02857,stop_008,18:37:00,18:38:00,8,1,Inbound
2025-01-07,Red,trip_02858,stop_009,19:38:00,19:39:00,9,0,Outbound
2025-01-08,Orange,trip_02859,stop_010,20:39:00,20:40:00,10,1,Inbound
2025-01-09,Red,trip_02860,stop_011,21:40:00,21:41:00,11,0,Outbound
2025-01-10,Orange,trip_02861,stop_012,22:41:00,22:42:00,12,1,Inbound
2025-01-11,Red,trip_02862,stop_013,05:42:00,05:43:00,13,0,Outbound
2025-01-12,Orange,trip_02863,stop_014,06:43:00,06:44:00,14,1,Inbound
2025-01-13,Red,trip_02864,stop_015,07:44:00,07:45:00,15,0,Outbound
2025-01-14,Orange,trip_02865,stop_016,08:45:00,08:46:00,16,1,Inbound
2025-01-15,Red,trip_02866,stop_017,09:46:00,09:47:00,17,0,Outbound
2025-01-16,Orange,trip_02867,stop_018,10:47:00,10:48:00,18,1,Inbound
2025-01-17,Red,trip_02868,stop_019,11:48:00,11:49:00,19,0,Outbound
2025-01-18,Orange,trip_02869,stop_020,12:49:00,12:50:00,20,1,Inbound
2025-01-19,Red,trip_02870,stop_021,13:50:00,13:51:00,21,0,Outbound
2025-01-20,Orange,trip_02871,stop_022,14:51:00,14:52:00,22,1,Inbound
2025-01-21,Red,trip_02872,stop_023,15:52:00,15:53:00,23,0,Outbound
2025-01-22,Orange,trip_02873,stop_024,16:53:00,16:54:00,24,1,Inbound
2025-01-23,Red,trip_02874,stop_025,17:54:00,17:55:00,25,0,Outbound
2025-01-24,Orange,trip_02875,stop_026,18:55:00,18:56:00,1,1,Inbound
2025-01-25,Red,trip_02876,stop_027,19:56:00,19:57:00,2,0,Outbound
2025-01-26,Orange,trip_02877,stop_028,20:57:00,20:58:00,3,1,Inbound
2025-01-27,Red,trip_02878,stop_029,21:58:00,21:59:00,4,0,Outbound
2025-01-28,Orange,trip_02879,stop_030,22:59:00,22:00:00,5,1,Inbound
2025-01-29,Red,trip_02880,stop_001,05:00:00,05:01:00,6,0,Outbound
2025-01-30,Orange,trip_02881,stop_002,06:01:00,06:02:00,7,1,Inbound
2025-01-31,Red,trip_02882,stop_003,07:02:00,07:03:00,8,0,Outbound
2025-01-01,Orange,trip_02883,stop_004,08:03:00,08:04:00,9,1,Inbound
2025-01-02,Red,trip_02884,stop_005,09:04:00,09:05:00,10,0,Outbound
2025-01-03,Orange,trip_02885,stop_006,10:05:00,10:06:00,11,1,Inbound
2025-01-04,Red,trip_02886,stop_007,11:06:00,11:07:00,12,0,Outbound
2025-01-05,Orange,trip_02887,stop_008,12:07:00,12:08:00,13,1,Inbound
2025-01-06,Red,trip_02888,stop_009,13:08:00,13:09:00,14,0,Outbound
2025-01-07,Orange,trip_02889,stop_010,14:09:00,14:10:00,15,1,Inbound
2025-01-08,Red,trip_02890,stop_011,15:10:00,15:11:00,16,0,Outbound
2025-01-09,Orange,trip_02891,stop_012,16:11:00,16:12:00,17,1,Inbound
2025-01-10,Red,trip_02892,stop_013,17:12:00,17:13:00,18,0,Outbound
2025-01-11,Orange,trip_02893,stop_014,18:13:00,18:14:00,19,1,Inbound
2025-01-12,Red,trip_02894,stop_015,19:14:00,19:15:00,20,0,Outbound
2025-01-13,Orange,trip_02895,stop_016,20:15:00,20:16:00,21,1,Inbound
2025-01-14,Red,trip_02896,stop_017,21:16:00,21:17:00,22,0,Outbound
2025-01-15,Orange,trip_02897,stop_018,22:17:00,22:18:00,23,1,Inbound
2025-01-16,Red,trip_02898,stop_019,05:18:00,05:19:00,24,0,Outbound
2025-01-17,Orange,trip_02899,stop_020,06:19:00,06:20:00,25,1,Inbound
2025-01-18,Red,trip_02900,stop_021,07:20:00,07:21:00,1,0,Outbound
2025-01-19,Orange,trip_02901,stop_022,08:21:00,08:22:00,2,1,Inbound
2025-01-20,Red,trip_02902,stop_023,09:22:00,09:23:00,3,0,Outbound
2025-01-21,Orange,trip_02903,stop_024,10:23:00,10:24:00,4,1,Inbound
2025-01-22,Red,trip_02904,stop_025,11:24:00,11:25:00,5,0,Outbound
2025-01-23,Orange,trip_02905,stop_026,12:25:00,12:26:00,6,1,Inbound
2025-01-24,Red,trip_02906,stop_027,13:26:00,13:27:00,7,0,Outbound
2025-01-25,Orange,trip_02907,stop_028,14:27:00,14:28:00,8,1,Inbound
2025-01-26,Red,trip_02908,stop_029,15:28:00,15:29:00,9,0,Outbound
2025-01-27,Orange,trip_02909,stop_030,16:29:00,16:30:00,10,1,Inbound
2025-01-28,Red,trip_02910,stop_001,17:30:00,17:31:00,11,0,Outbound
2025-01-29,Orange,trip_02911,stop_002,18:31:00,18:32:00,12,1,Inbound
2025-01-30,Red,trip_02912,stop_003,19:32:00,19:33:00,13,0,Outbound
2025-01-31,Orange,trip_02913,stop_004,20:33:00,20:34:00,14,1,Inbound
2025-01-01,Red,trip_02914,stop_005,21:34:00,21:35:00,15,0,Outbound
2025-01-02,Orange,trip_02915,stop_006,22:35:00,22:36:00,16,1,Inbound
2025-01-03,Red,trip_02916,stop_007,05:36:00,05:37:00,17,0,Outbound
2025-01-04,Orange,trip_02917,stop_008,06:37:00,06:38:00,18,1,Inbound
2025-01-05,Red,trip_02918,stop_009,07:38:00,07:39:00,19,0,Outbound
2025-01-06,Orange,trip_02919,stop_010,08:39:00,08:40:00,20,1,Inbound
2025-01-07,Red,trip_02920,stop_011,09:40:00,09:41:00,21,0,Outbound
2025-01-08,Orange,trip_02921,stop_012,10:41:00,10:42:00,22,1,Inbound
2025-01-09,Red,trip_02922,stop_013,11:42:00,11:43:00,23,0,Outbound
2025-01-10,Orange,trip_02923,stop_014,12:43:00,12:44:00,24,1,Inbound
2025-01-11,Red,trip_02924,stop_015,13:44:00,13:45:00,25,0,Outbound
2025-01-12,Orange,trip_02925,stop_016,14:45:00,14:46:00,1,1,Inbound
2025-01-13,Red,trip_02926,stop_017,15:46:00,15:47:00,2,0,Outbound
2025-01-14,Orange,trip_02927,stop_018,16:47:00,16:48:00,3,1,Inbound
2025-01-15,Red,trip_02928,stop_019,17:48:00,17:49:00,4,0,Outbound
2025-01-16,Orange,trip_02929,stop_020,18:49:00,18:50:00,5,1,Inbound
2025-01-17,Red,trip_02930,stop_021,19:50:00,19:51:00,6,0,Outbound
2025-01-18,Orange,trip_02931,stop_022,20:51:00,20:52:00,7,1,Inbound
2025-01-19,Red,trip_02932,stop_023,21:52:00,21:53:00,8,0,Outbound
2025-01-20,Orange,trip_02933,stop_024,22:53:00,22:54:00,9,1,Inbound
2025-01-21,Red,trip_02934,stop_025,05:54:00,05:55:00,10,0,Outbound
2025-01-22,Orange,trip_02935,stop_026,06:55:00,06:56:00,11,1,Inbound
2025-01-23,Red,trip_02936,stop_027,07:56:00,07:57:00,12,0,Outbound
2025-01-24,Orange,trip_02937,stop_028,08:57:00,08:58:00,13,1,Inbound
2025-01-25,Red,trip_02938,stop_029,09:58:00,09:59:00,14,0,Outbound
2025-01-26,Orange,trip_02939,stop_030,10:59:00,10:00:00,15,1,Inbound
2025-01-27,Red,trip_02940,stop_001,11:00:00,11:01:00,16,0,Outbound
2025-01-28,Orange,trip_02941,stop_002,12:01:00,12:02:00,17,1,Inbound
2025-01-29,Red,trip_02942,stop_003,13:02:00,13:03:00,18,0,Outbound
2025-01-30,Orange,trip_02943,stop_004,14:03:00,14:04:00,19,1,Inbound
2025-01-31,Red,trip_02944,stop_005,15:04:00,15:05:00,20,0,Outbound
2025-01-01,Orange,trip_02945,stop_006,16:05:00,16:06:00,21,1,Inbound
2025-01-02,Red,trip_02946,stop_007,17:06:00,17:07:00,22,0,Outbound
2025-01-03,Orange,trip_02947,stop_008,18:07:00,18:08:00,23,1,Inbound
2025-01-04,Red,trip_02948,stop_009,19:08:00,19:09:00,24,0,Outbound
2025-01-05,Orange,trip_02949,stop_010,20:09:00,20:10:00,25,1,Inbound
2025-01-06,Red,trip_02950,stop_011,21:10:00,21:11:00,1,0,Outbound
2025-01-07,Orange,trip_02951,stop_012,22:11:00,22:12:00,2,1,Inbound
2025-01-08,Red,trip_02952,stop_013,05:12:00,05:13:00,3,0,Outbound
2025-01-09,Orange,trip_02953,stop_014,06:13:00,06:14:00,4,1,Inbound
2025-01-10,Red,trip_02954,stop_015,07:14:00,07:15:00,5,0,Outbound
2025-01-11,Orange,trip_02955,stop_016,08:15:00,08:16:00,6,1,Inbound
2025-01-12,Red,trip_02956,stop_017,09:16:00,09:17:00,7,0,Outbound
2025-01-13,Orange,trip_02957,stop_018,10:17:00,10:18:00,8,1,Inbound
2025-01-14,Red,trip_02958,stop_019,11:18:00,11:19:00,9,0,Outbound
2025-01-15,Orange,trip_02959,stop_020,12:19:00,12:20:00,10,1,Inbound
2025-01-16,Red,trip_02960,stop_021,13:20:00,13:21:00,11,0,Outbound
2025-01-17,Orange,trip_02961,stop_022,14:21:00,14:22:00,12,1,Inbound
2025-01-18,Red,trip_02962,stop_023,15:22:00,15:23:00,13,0,Outbound
2025-01-19,Orange,trip_02963,stop_024,16:23:00,16:24:00,14,1,Inbound
2025-01-20,Red,trip_02964,stop_025,17:24:00,17:25:00,15,0,Outbound
2025-01-21,Orange,trip_02965,stop_026,18:25:00,18:26:00,16,1,Inbound
2025-01-22,Red,trip_02966,stop_027,19:26:00,19:27:00,17,0,Outbound
2025-01-23,Orange,trip_02967,stop_028,20:27:00,20:28:00,18,1,Inbound
2025-01-24,Red,trip_02968,stop_029,21:28:00,21:29:00,19,0,Outbound
2025-01-25,Orange,trip_02969,stop_030,22:29:00,22:30:00,20,1,Inbound
2025-01-26,Red,trip_02970,stop_001,05:30:00,05:31:00,21,0,Outbound
2025-01-27,Orange,trip_02971,stop_002,06:31:00,06:32:00,22,1,Inbound
2025-01-28,Red,trip_02972,stop_003,07:32:00,07:33:00,23,0,Outbound
2025-01-29,Orange,trip_02973,stop_004,08:33:00,08:34:00,24,1,Inbound
2025-01-30,Red,trip_02974,stop_005,09:34:00,09:35:00,25,0,Outbound
2025-01-31,Orange,trip_02975,stop_006,10:35:00,10:36:00,1,1,Inbound
2025-01-01,Red,trip_02976,stop_007,11:36:00,11:37:00,2,0,Outbound
2025-01-02,Orange,trip_02977,stop_008,12:37:00,12:38:00,3,1,Inbound
2025-01-03,Red,trip_02978,stop_009,13:38:00,13:39:00,4,0,Outbound
2025-01-04,Orange,trip_02979,stop_010,14:39:00,14:40:00,5,1,Inbound
2025-01-05,Red,trip_02980,stop_011,15:40:00,15:41:00,6,0,Outbound
2025-01-06,Orange,trip_02981,stop_012,16:41:00,16:42:00,7,1,Inbound
2025-01-07,Red,trip_02982,stop_013,17:42:00,17:43:00,8,0,Outbound
2025-01-08,Orange,trip_02983,stop_014,18:43:00,18:44:00,9,1,Inbound
2025-01-09,Red,trip_02984,stop_015,19:44:00,19:45:00,10,0,Outbound
2025-01-10,Orange,trip_02985,stop_016,20:45:00,20:46:00,11,1,Inbound
2025-01-11,Red,trip_02986,stop_017,21:46:00,21:47:00,12,0,Outbound
2025-01-12,Orange,trip_02987,stop_018,22:47:00,22:48:00,13,1,Inbound
2025-01-13,Red,trip_02988,stop_019,05:48:00,05:49:00,14,0,Outbound
2025-01-14,Orange,trip_02989,stop_020,06:49:00,06:50:00,15,1,Inbound
2025-01-15,Red,trip_02990,stop_021,07:50:00,07:51:00,16,0,Outbound
2025-01-16,Orange,trip_02991,stop_022,08:51:00,08:52:00,17,1,Inbound
2025-01-17,Red,trip_02992,stop_023,09:52:00,09:53:00,18,0,Outbound
2025-01-18,Orange,trip_02993,stop_024,10:53:00,10:54:00,19,1,Inbound
2025-01-19,Red,trip_02994,stop_025,11:54:00,11:55:00,20,0,Outbound
2025-01-20,Orange,trip_02995,stop_026,12:55:00,12:56:00,21,1,Inbound
2025-01-21,Red,trip_02996,stop_027,13:56:00,13:57:00,22,0,Outbound
2025-01-22,Orange,trip_02997,stop_028,14:57:00,14:58:00,23,1,Inbound
2025-01-23,Red,trip_02998,stop_029,15:58:00,15:59:00,24,0,Outbound
2025-01-24,Orange,trip_02999,stop_030,16:59:00,16:00:00,25,1,Inbound
2025-01-25,Red,trip_03000,stop_001,17:00:00,17:01:00,1,0,Outbound
2025-01-26,Orange,trip_03001,stop_002,18:01:00,18:02:00,2,1,Inbound
2025-01-27,Red,trip_03002,stop_003,19:02:00,19:03:00,3,0,Outbound
2025-01-28,Orange,trip_03003,stop_004,20:03:00,20:04:00,4,1,Inbound
2025-01-29,Red,trip_03004,stop_005,21:04:00,21:05:00,5,0,Outbound
2025-01-30,Orange,trip_03005,stop_006,22:05:00,22:06:00,6,1,Inbound
2025-01-31,Red,trip_03006,stop_007,05:06:00,05:07:00,7,0,Outbound
2025-01-01,Orange,trip_03007,stop_008,06:07:00,06:08:00,8,1,Inbound
2025-01-02,Red,trip_03008,stop_009,07:08:00,07:09:00,9,0,Outbound
2025-01-03,Orange,trip_03009,stop_010,08:09:00,08:10:00,10,1,Inbound
2025-01-04,Red,trip_03010,stop_011,09:10:00,09:11:00,11,0,Outbound
2025-01-05,Orange,trip_03011,stop_012,10:11:00,10:12:00,12,1,Inbound
2025-01-06,Red,trip_03012,stop_013,11:12:00,11:13:00,13,0,Outbound
2025-01-07,Orange,trip_03013,stop_014,12:13:00,12:14:00,14,1,Inbound
2025-01-08,Red,trip_03014,stop_015,13:14:00,13:15:00,15,0,Outbound
2025-01-09,Orange,trip_03015,stop_016,14:15:00,14:16:00,16,1,Inbound
2025-01-10,Red,trip_03016,stop_017,15:16:00,15:17:00,17,0,Outbound
2025-01-11,Orange,trip_03017,stop_018,16:17:00,16:18:00,18,1,Inbound
2025-01-12,Red,trip_03018,stop_019,17:18:00,17:19:00,19,0,Outbound
2025-01-13,Orange,trip_03019,stop_020,18:19:00,18:20:00,20,1,Inbound
2025-01-14,Red,trip_03020,stop_021,19:20:00,19:21:00,21,0,Outbound
2025-01-15,Orange,trip_03021,stop_022,20:21:00,20:22:00,22,1,Inbound
2025-01-16,Red,trip_03022,stop_023,21:22:00,21:23:00,23,0,Outbound
2025-01-17,Orange,trip_03023,stop_024,22:23:00,22:24:00,24,1,Inbound
2025-01-18,Red,trip_03024,stop_025,05:24:00,05:25:00,25,0,Outbound
2025-01-19,Orange,trip_03025,stop_026,06:25:00,06:26:00,1,1,Inbound
2025-01-20,Red,trip_03026,stop_027,07:26:00,07:27:00,2,0,Outbound
2025-01-21,Orange,trip_03027,stop_028,08:27:00,08:28:00,3,1,Inbound
2025-01-22,Red,trip_03028,stop_029,09:28:00,09:29:00,4,0,Outbound
2025-01-23,Orange,trip_03029,stop_030,10:29:00,10:30:00,5,1,Inbound
2025-01-24,Red,trip_03030,stop_001,11:30:00,11:31:00,6,0,Outbound
2025-01-25,Orange,trip_03031,stop_002,12:31:00,12:32:00,7,1,Inbound
2025-01-26,Red,trip_03032,stop_003,13:32:00,13:33:00,8,0,Outbound
2025-01-27,Orange,trip_03033,stop_004,14:33:00,14:34:00,9,1,Inbound
2025-01-28,Red,trip_03034,stop_005,15:34:00,15:35:00,10,0,Outbound
2025-01-29,Orange,trip_03035,stop_006,16:35:00,16:36:00,11,1,Inbound
2025-01-30,Red,trip_03036,stop_007,17:36:00,17:37:00,12,0,Outbound
2025-01-31,Orange,trip_03037,stop_008,18:37:00,18:38:00,13,1,Inbound
2025-01-01,Red,trip_03038,stop_009,19:38:00,19:39:00,14,0,Outbound
2025-01-02,Orange,trip_03039,stop_010,20:39:00,20:40:00,15,1,Inbound
2025-01-03,Red,trip_03040,stop_011,21:40:00,21:41:00,16,0,Outbound
2025-01-04,Orange,trip_03041,stop_012,22:41:00,22:42:00,17,1,Inbound
2025-01-05,Red,trip_03042,stop_013,05:42:00,05:43:00,18,0,Outbound
2025-01-06,Orange,trip_03043,stop_014,06:43:00,06:44:00,19,1,Inbound
2025-01-07,Red,trip_03044,stop_015,07:44:00,07:45:00,20,0,Outbound
2025-01-08,Orange,trip_03045,stop_016,08:45:00,08:46:00,21,1,Inbound
2025-01-09,Red,trip_03046,stop_017,09:46:00,09:47:00,22,0,Outbound
2025-01-10,Orange,trip_03047,stop_018,10:47:00,10:48:00,23,1,Inbound
2025-01-11,Red,trip_03048,stop_019,11:48:00,11:49:00,24,0,Outbound
2025-01-12,Orange,trip_03049,stop_020,12:49:00,12:50:00,25,1,Inbound
2025-01-13,Red,trip_03050,stop_021,13:50:00,13:51:00,1,0,Outbound
2025-01-14,Orange,trip_03051,stop_022,14:51:00,14:52:00,2,1,Inbound
2025-01-15,Red,trip_03052,stop_023,15:52:00,15:53:00,3,0,Outbound
2025-01-16,Orange,trip_03053,stop_024,16:53:00,16:54:00,4,1,Inbound
2025-01-17,Red,trip_03054,stop_025,17:54:00,17:55:00,5,0,Outbound
2025-01-18,Orange,trip_03055,stop_026,18:55:00,18:56:00,6,1,Inbound
2025-01-19,Red,trip_03056,stop_027,19:56:00,19:57:00,7,0,Outbound
2025-01-20,Orange,trip_03057,stop_028,20:57:00,20:58:00,8,1,Inbound
2025-01-21,Red,trip_03058,stop_029,21:58:00,21:59:00,9,0,Outbound
2025-01-22,Orange,trip_03059,stop_030,22:59:00,22:00:00,10,1,Inbound
2025-01-23,Red,trip_03060,stop_001,05:00:00,05:01:00,11,0,Outbound
2025-01-24,Orange,trip_03061,stop_002,06:01:00,06:02:00,12,1,Inbound
2025-01-25,Red,trip_03062,stop_003,07:02:00,07:03:00,13,0,Outbound
2025-01-26,Orange,trip_03063,stop_004,08:03:00,08:04:00,14,1,Inbound
2025-01-27,Red,trip_03064,stop_005,09:04:00,09:05:00,15,0,Outbound
2025-01-28,Orange,trip_03065,stop_006,10:05:00,10:06:00,16,1,Inbound
2025-01-29,Red,trip_03066,stop_007,11:06:00,11:07:00,17,0,Outbound
2025-01-30,Orange,trip_03067,stop_008,12:07:00,12:08:00,18,1,Inbound
2025-01-31,Red,trip_03068,stop_009,13:08:00,13:09:00,19,0,Outbound
2025-01-01,Orange,trip_03069,stop_010,14:09:00,14:10:00,20,1,Inbound
2025-01-02,Red,trip_03070,stop_011,15:10:00,15:11:00,21,0,Outbound
2025-01-03,Orange,trip_03071,stop_012,16:11:00,16:12:00,22,1,Inbound
2025-01-04,Red,trip_03072,stop_013,17:12:00,17:13:00,23,0,Outbound
2025-01-05,Orange,trip_03073,stop_014,18:13:00,18:14:00,24,1,Inbound
2025-01-06,Red,trip_03074,stop_015,19:14:00,19:15:00,25,0,Outbound
2025-01-07,Orange,trip_03075,stop_016,20:15:00,20:16:00,1,1,Inbound
2025-01-08,Red,trip_03076,stop_017,21:16:00,21:17:00,2,0,Outbound
2025-01-09,Orange,trip_03077,stop_018,22:17:00,22:18:00,3,1,Inbound
2025-01-10,Red,trip_03078,stop_019,05:18:00,05:19:00,4,0,Outbound
2025-01-11,Orange,trip_03079,stop_020,06:19:00,06:20:00,5,1,Inbound
2025-01-12,Red,trip_03080,stop_021,07:20:00,07:21:00,6,0,Outbound
2025-01-13,Orange,trip_03081,stop_022,08:21:00,08:22:00,7,1,Inbound
2025-01-14,Red,trip_03082,stop_023,09:22:00,09:23:00,8,0,Outbound
2025-01-15,Orange,trip_03083,stop_024,10:23:00,10:24:00,9,1,Inbound
2025-01-16,Red,trip_03084,stop_025,11:24:00,11:25:00,10,0,Outbound
2025-01-17,Orange,trip_03085,stop_026,12:25:00,12:26:00,11,1,Inbound
2025-01-18,Red,trip_03086,stop_027,13:26:00,13:27:00,12,0,Outbound
2025-01-19,Orange,trip_03087,stop_028,14:27:00,14:28:00,13,1,Inbound
2025-01-20,Red,trip_03088,stop_029,15:28:00,15:29:00,14,0,Outbound
2025-01-21,Orange,trip_03089,stop_030,16:29:00,16:30:00,15,1,Inbound
2025-01-22,Red,trip_03090,stop_001,17:30:00,17:31:00,16,0,Outbound
2025-01-23,Orange,trip_03091,stop_002,18:31:00,18:32:00,17,1,Inbound
2025-01-24,Red,trip_03092,stop_003,19:32:00,19:33:00,18,0,Outbound
2025-01-25,Orange,trip_03093,stop_004,20:33:00,20:34:00,19,1,Inbound
2025-01-26,Red,trip_03094,stop_005,21:34:00,21:35:00,20,0,Outbound
2025-01-27,Orange,trip_03095,stop_006,22:35:00,22:36:00,21,1,Inbound
2025-01-28,Red,trip_03096,stop_007,05:36:00,05:37:00,22,0,Outbound
2025-01-29,Orange,trip_03097,stop_008,06:37:00,06:38:00,23,1,Inbound
2025-01-30,Red,trip_03098,stop_009,07:38:00,07:39:00,24,0,Outbound
2025-01-31,Orange,trip_03099,stop_010,08:39:00,08:40:00,25,1,Inbound
2025-01-01,Red,trip_03100,stop_011,09:40:00,09:41:00,1,0,Outbound
2025-01-02,Orange,trip_03101,stop_012,10:41:00,10:42:00,2,1,Inbound
2025-01-03,Red,trip_03102,stop_013,11:42:00,11:43:00,3,0,Outbound
2025-01-04,Orange,trip_03103,stop_014,12:43:00,12:44:00,4,1,Inbound
2025-01-05,Red,trip_03104,stop_015,13:44:00,13:45:00,5,0,Outbound
2025-01-06,Orange,trip_03105,stop_016,14:45:00,14:46:00,6,1,Inbound
2025-01-07,Red,trip_03106,stop_017,15:46:00,15:47:00,7,0,Outbound
2025-01-08,Orange,trip_03107,stop_018,16:47:00,16:48:00,8,1,Inbound
2025-01-09,Red,trip_03108,stop_019,17:48:00,17:49:00,9,0,Outbound
2025-01-10,Orange,trip_03109,stop_020,18:49:00,18:50:00,10,1,Inbound
2025-01-11,Red,trip_03110,stop_021,19:50:00,19:51:00,11,0,Outbound
2025-01-12,Orange,trip_03111,stop_022,20:51:00,20:52:00,12,1,Inbound
2025-01-13,Red,trip_03112,stop_023,21:52:00,21:53:00,13,0,Outbound
2025-01-14,Orange,trip_03113,stop_024,22:53:00,22:54:00,14,1,Inbound
2025-01-15,Red,trip_03114,stop_025,05:54:00,05:55:00,15,0,Outbound
2025-01-16,Orange,trip_03115,stop_026,06:55:00,06:56:00,16,1,Inbound
2025-01-17,Red,trip_03116,stop_027,07:56:00,07:57:00,17,0,Outbound
2025-01-18,Orange,trip_03117,stop_028,08:57:00,08:58:00,18,1,Inbound
2025-01-19,Red,trip_03118,stop_029,09:58:00,09:59:00,19,0,Outbound
2025-01-20,Orange,trip_03119,stop_030,10:59:00,10:00:00,20,1,Inbound
2025-01-21,Red,trip_03120,stop_001,11:00:00,11:01:00,21,0,Outbound
2025-01-22,Orange,trip_03121,stop_002,12:01:00,12:02:00,22,1,Inbound
2025-01-23,Red,trip_03122,stop_003,13:02:00,13:03:00,23,0,Outbound
2025-01-24,Orange,trip_03123,stop_004,14:03:00,14:04:00,24,1,Inbound
2025-01-25,Red,trip_03124,stop_005,15:04:00,15:05:00,25,0,Outbound
2025-01-26,Orange,trip_03125,stop_006,16:05:00,16:06:00,1,1,Inbound
2025-01-27,Red,trip_03126,stop_007,17:06:00,17:07:00,2,0,Outbound
2025-01-28,Orange,trip_03127,stop_008,18:07:00,18:08:00,3,1,Inbound
2025-01-29,Red,trip_03128,stop_009,19:08:00,19:09:00,4,0,Outbound
2025-01-30,Orange,trip_03129,stop_010,20:09:00,20:10:00,5,1,Inbound
2025-01-31,Red,trip_03130,stop_011,21:10:00,21:11:00,6,0,Outbound
2025-01-01,Orange,trip_03131,stop_012,22:11:00,22:12:00,7,1,Inbound
2025-01-02,Red,trip_03132,stop_013,05:12:00,05:13:00,8,0,Outbound
2025-01-03,Orange,trip_03133,stop_014,06:13:00,06:14:00,9,1,Inbound
2025-01-04,Red,trip_03134,stop_015,07:14:00,07:15:00,10,0,Outbound
2025-01-05,Orange,trip_03135,stop_016,08:15:00,08:16:00,11,1,Inbound
2025-01-06,Red,trip_03136,stop_017,09:16:00,09:17:00,12,0,Outbound
2025-01-07,Orange,trip_03137,stop_018,10:17:00,10:18:00,13,1,Inbound
2025-01-08,Red,trip_03138,stop_019,11:18:00,11:19:00,14,0,Outbound
2025-01-09,Orange,trip_03139,stop_020,12:19:00,12:20:00,15,1,Inbound
2025-01-10,Red,trip_03140,stop_021,13:20:00,13:21:00,16,0,Outbound
2025-01-11,Orange,trip_03141,stop_022,14:21:00,14:22:00,17,1,Inbound
2025-01-12,Red,trip_03142,stop_023,15:22:00,15:23:00,18,0,Outbound
2025-01-13,Orange,trip_03143,stop_024,16:23:00,16:24:00,19,1,Inbound
2025-01-14,Red,trip_03144,stop_025,17:24:00,17:25:00,20,0,Outbound
2025-01-15,Orange,trip_03145,stop_026,18:25:00,18:26:00,21,1,Inbound
2025-01-16,Red,trip_03146,stop_027,19:26:00,19:27:00,22,0,Outbound
2025-01-17,Orange,trip_03147,stop_028,20:27:00,20:28:00,23,1,Inbound
2025-01-18,Red,trip_03148,stop_029,21:28:00,21:29:00,24,0,Outbound
2025-01-19,Orange,trip_03149,stop_030,22:29:00,22:30:00,25,1,Inbound
2025-01-20,Red,trip_03150,stop_001,05:30:00,05:31:00,1,0,Outbound
2025-01-21,Orange,trip_03151,stop_002,06:31:00,06:32:00,2,1,Inbound
2025-01-22,Red,trip_03152,stop_003,07:32:00,07:33:00,3,0,Outbound
2025-01-23,Orange,trip_03153,stop_004,08:33:00,08:34:00,4,1,Inbound
2025-01-24,Red,trip_03154,stop_005,09:34:00,09:35:00,5,0,Outbound
2025-01-25,Orange,trip_03155,stop_006,10:35:00,10:36:00,6,1,Inbound
2025-01-26,Red,trip_03156,stop_007,11:36:00,11:37:00,7,0,Outbound
2025-01-27,Orange,trip_03157,stop_008,12:37:00,12:38:00,8,1,Inbound
2025-01-28,Red,trip_03158,stop_009,13:38:00,13:39:00,9,0,Outbound
2025-01-29,Orange,trip_03159,stop_010,14:39:00,14:40:00,10,1,Inbound
2025-01-30,Red,trip_03160,stop_011,15:40:00,15:41:00,11,0,Outbound
2025-01-31,Orange,trip_03161,stop_012,16:41:00,16:42:00,12,1,Inbound
2025-01-01,Red,trip_03162,stop_013,17:42:00,17:43:00,13,0,Outbound
2025-01-02,Orange,trip_03163,stop_014,18:43:00,18:44:00,14,1,Inbound
2025-01-03,Red,trip_03164,stop_015,19:44:00,19:45:00,15,0,Outbound
2025-01-04,Orange,trip_03165,stop_016,20:45:00,20:46:00,16,1,Inbound
2025-01-05,Red,trip_03166,stop_017,21:46:00,21:47:00,17,0,Outbound
2025-01-06,Orange,trip_03167,stop_018,22:47:00,22:48:00,18,1,Inbound
2025-01-07,Red,trip_03168,stop_019,05:48:00,05:49:00,19,0,Outbound
2025-01-08,Orange,trip_03169,stop_020,06:49:00,06:50:00,20,1,Inbound
2025-01-09,Red,trip_03170,stop_021,07:50:00,07:51:00,21,0,Outbound
2025-01-10,Orange,trip_03171,stop_022,08:51:00,08:52:00,22,1,Inbound
2025-01-11,Red,trip_03172,stop_023,09:52:00,09:53:00,23,0,Outbound
2025-01-12,Orange,trip_03173,stop_024,10:53:00,10:54:00,24,1,Inbound
2025-01-13,Red,trip_03174,stop_025,11:54:00,11:55:00,25,0,Outbound
2025-01-14,Orange,trip_03175,stop_026,12:55:00,12:56:00,1,1,Inbound
2025-01-15,Red,trip_03176,stop_027,13:56:00,13:57:00,2,0,Outbound
2025-01-16,Orange,trip_03177,stop_028,14:57:00,14:58:00,3,1,Inbound
2025-01-17,Red,trip_03178,stop_029,15:58:00,15:59:00,4,0,Outbound
2025-01-18,Orange,trip_03179,stop_030,16:59:00,16:00:00,5,1,Inbound
2025-01-19,Red,trip_03180,stop_001,17:00:00,17:01:00,6,0,Outbound
2025-01-20,Orange,trip_03181,stop_002,18:01:00,18:02:00,7,1,Inbound
2025-01-21,Red,trip_03182,stop_003,19:02:00,19:03:00,8,0,Outbound
2025-01-22,Orange,trip_03183,stop_004,20:03:00,20:04:00,9,1,Inbound
2025-01-23,Red,trip_03184,stop_005,21:04:00,21:05:00,10,0,Outbound
2025-01-24,Orange,trip_03185,stop_006,22:05:00,22:06:00,11,1,Inbound
2025-01-25,Red,trip_03186,stop_007,05:06:00,05:07:00,12,0,Outbound
2025-01-26,Orange,trip_03187,stop_008,06:07:00,06:08:00,13,1,Inbound
2025-01-27,Red,trip_03188,stop_009,07:08:00,07:09:00,14,0,Outbound
2025-01-28,Orange,trip_03189,stop_010,08:09:00,08:10:00,15,1,Inbound
2025-01-29,Red,trip_03190,stop_011,09:10:00,09:11:00,16,0,Outbound
2025-01-30,Orange,trip_03191,stop_012,10:11:00,10:12:00,17,1,Inbound
2025-01-31,Red,trip_03192,stop_013,11:12:00,11:13:00,18,0,Outbound
2025-01-01,Orange,trip_03193,stop_014,12:13:00,12:14:00,19,1,Inbound
2025-01-02,Red,trip_03194,stop_015,13:14:00,13:15:00,20,0,Outbound
2025-01-03,Orange,trip_03195,stop_016,14:15:00,14:16:00,21,1,Inbound
2025-01-04,Red,trip_03196,stop_017,15:16:00,15:17:00,22,0,Outbound
2025-01-05,Orange,trip_03197,stop_018,16:17:00,16:18:00,23,1,Inbound
2025-01-06,Red,trip_03198,stop_019,17:18:00,17:19:00,24,0,Outbound
2025-01-07,Orange,trip_03199,stop_020,18:19:00,18:20:00,25,1,Inbound
2025-01-08,Red,trip_03200,stop_021,19:20:00,19:21:00,1,0,Outbound
2025-01-09,Orange,trip_03201,stop_022,20:21:00,20:22:00,2,1,Inbound
2025-01-10,Red,trip_03202,stop_023,21:22:00,21:23:00,3,0,Outbound
2025-01-11,Orange,trip_03203,stop_024,22:23:00,22:24:00,4,1,Inbound
2025-01-12,Red,trip_03204,stop_025,05:24:00,05:25:00,5,0,Outbound
2025-01-13,Orange,trip_03205,stop_026,06:25:00,06:26:00,6,1,Inbound
2025-01-14,Red,trip_03206,stop_027,07:26:00,07:27:00,7,0,Outbound
2025-01-15,Orange,trip_03207,stop_028,08:27:00,08:28:00,8,1,Inbound
2025-01-16,Red,trip_03208,stop_029,09:28:00,09:29:00,9,0,Outbound
2025-01-17,Orange,trip_03209,stop_030,10:29:00,10:30:00,10,1,Inbound
2025-01-18,Red,trip_03210,stop_001,11:30:00,11:31:00,11,0,Outbound
2025-01-19,Orange,trip_03211,stop_002,12:31:00,12:32:00,12,1,Inbound
2025-01-20,Red,trip_03212,stop_003,13:32:00,13:33:00,13,0,Outbound
2025-01-21,Orange,trip_03213,stop_004,14:33:00,14:34:00,14,1,Inbound
2025-01-22,Red,trip_03214,stop_005,15:34:00,15:35:00,15,0,Outbound
2025-01-23,Orange,trip_03215,stop_006,16:35:00,16:36:00,16,1,Inbound
2025-01-24,Red,trip_03216,stop_007,17:36:00,17:37:00,17,0,Outbound
2025-01-25,Orange,trip_03217,stop_008,18:37:00,18:38:00,18,1,Inbound
2025-01-26,Red,trip_03218,stop_009,19:38:00,19:39:00,19,0,Outbound
2025-01-27,Orange,trip_03219,stop_010,20:39:00,20:40:00,20,1,Inbound
2025-01-28,Red,trip_03220,stop_011,21:40:00,21:41:00,21,0,Outbound
2025-01-29,Orange,trip_03221,stop_012,22:41:00,22:42:00,22,1,Inbound
2025-01-30,Red,trip_03222,stop_013,05:42:00,05:43:00,23,0,Outbound
2025-01-31,Orange,trip_03223,stop_014,06:43:00,06:44:00,24,1,Inbound
2025-01-01,Red,trip_03224,stop_015,07:44:00,07:45:00,25,0,Outbound
2025-01-02,Orange,trip_03225,stop_016,08:45:00,08:46:00,1,1,Inbound
2025-01-03,Red,trip_03226,stop_017,09:46:00,09:47:00,2,0,Outbound
2025-01-04,Orange,trip_03227,stop_018,10:47:00,10:48:00,3,1,Inbound
2025-01-05,Red,trip_03228,stop_019,11:48:00,11:49:00,4,0,Outbound
2025-01-06,Orange,trip_03229,stop_020,12:49:00,12:50:00,5,1,Inbound
2025-01-07,Red,trip_03230,stop_021,13:50:00,13:51:00,6,0,Outbound
2025-01-08,Orange,trip_03231,stop_022,14:51:00,14:52:00,7,1,Inbound
2025-01-09,Red,trip_03232,stop_023,15:52:00,15:53:00,8,0,Outbound
2025-01-10,Orange,trip_03233,stop_024,16:53:00,16:54:00,9,1,Inbound
2025-01-11,Red,trip_03234,stop_025,17:54:00,17:55:00,10,0,Outbound
2025-01-12,Orange,trip_03235,stop_026,18:55:00,18:56:00,11,1,Inbound
2025-01-13,Red,trip_03236,stop_027,19:56:00,19:57:00,12,0,Outbound
2025-01-14,Orange,trip_03237,stop_028,20:57:00,20:58:00,13,1,Inbound
2025-01-15,Red,trip_03238,stop_029,21:58:00,21:59:00,14,0,Outbound
2025-01-16,Orange,trip_03239,stop_030,22:59:00,22:00:00,15,1,Inbound
2025-01-17,Red,trip_03240,stop_001,05:00:00,05:01:00,16,0,Outbound
2025-01-18,Orange,trip_03241,stop_002,06:01:00,06:02:00,17,1,Inbound
2025-01-19,Red,trip_03242,stop_003,07:02:00,07:03:00,18,0,Outbound
2025-01-20,Orange,trip_03243,stop_004,08:03:00,08:04:00,19,1,Inbound
2025-01-21,Red,trip_03244,stop_005,09:04:00,09:05:00,20,0,Outbound
2025-01-22,Orange,trip_03245,stop_006,10:05:00,10:06:00,21,1,Inbound
2025-01-23,Red,trip_03246,stop_007,11:06:00,11:07:00,22,0,Outbound
2025-01-24,Orange,trip_03247,stop_008,12:07:00,12:08:00,23,1,Inbound
2025-01-25,Red,trip_03248,stop_009,13:08:00,13:09:00,24,0,Outbound
2025-01-26,Orange,trip_03249,stop_010,14:09:00,14:10:00,25,1,Inbound
2025-01-27,Red,trip_03250,stop_011,15:10:00,15:11:00,1,0,Outbound
2025-01-28,Orange,trip_03251,stop_012,16:11:00,16:12:00,2,1,Inbound
2025-01-29,Red,trip_03252,stop_013,17:12:00,17:13:00,3,0,Outbound
2025-01-30,Orange,trip_03253,stop_014,18:13:00,18:14:00,4,1,Inbound
2025-01-31,Red,trip_03254,stop_015,19:14:00,19:15:00,5,0,Outbound
2025-01-01,Orange,trip_03255,stop_016,20:15:00,20:16:00,6,1,Inbound
2025-01-02,Red,trip_03256,stop_017,21:16:00,21:17:00,7,0,Outbound
2025-01-03,Orange,trip_03257,stop_018,22:17:00,22:18:00,8,1,Inbound
2025-01-04,Red,trip_03258,stop_019,05:18:00,05:19:00,9,0,Outbound
2025-01-05,Orange,trip_03259,stop_020,06:19:00,06:20:00,10,1,Inbound
2025-01-06,Red,trip_03260,stop_021,07:20:00,07:21:00,11,0,Outbound
2025-01-07,Orange,trip_03261,stop_022,08:21:00,08:22:00,12,1,Inbound
2025-01-08,Red,trip_03262,stop_023,09:22:00,09:23:00,13,0,Outbound
2025-01-09,Orange,trip_03263,stop_024,10:23:00,10:24:00,14,1,Inbound
2025-01-10,Red,trip_03264,stop_025,11:24:00,11:25:00,15,0,Outbound
2025-01-11,Orange,trip_03265,stop_026,12:25:00,12:26:00,16,1,Inbound
2025-01-12,Red,trip_03266,stop_027,13:26:00,13:27:00,17,0,Outbound
2025-01-13,Orange,trip_03267,stop_028,14:27:00,14:28:00,18,1,Inbound
2025-01-14,Red,trip_03268,stop_029,15:28:00,15:29:00,19,0,Outbound
2025-01-15,Orange,trip_03269,stop_030,16:29:00,16:30:00,20,1,Inbound
2025-01-16,Red,trip_03270,stop_001,17:30:00,17:31:00,21,0,Outbound
2025-01-17,Orange,trip_03271,stop_002,18:31:00,18:32:00,22,1,Inbound
2025-01-18,Red,trip_03272,stop_003,19:32:00,19:33:00,23,0,Outbound
2025-01-19,Orange,trip_03273,stop_004,20:33:00,20:34:00,24,1,Inbound
2025-01-20,Red,trip_03274,stop_005,21:34:00,21:35:00,25,0,Outbound
2025-01-21,Orange,trip_03275,stop_006,22:35:00,22:36:00,1,1,Inbound
2025-01-22,Red,trip_03276,stop_007,05:36:00,05:37:00,2,0,Outbound
2025-01-23,Orange,trip_03277,stop_008,06:37:00,06:38:00,3,1,Inbound
2025-01-24,Red,trip_03278,stop_009,07:38:00,07:39:00,4,0,Outbound
2025-01-25,Orange,trip_03279,stop_010,08:39:00,08:40:00,5,1,Inbound
2025-01-26,Red,trip_03280,stop_011,09:40:00,09:41:00,6,0,Outbound
2025-01-27,Orange,trip_03281,stop_012,10:41:00,10:42:00,7,1,Inbound
2025-01-28,Red,trip_03282,stop_013,11:42:00,11:43:00,8,0,Outbound
2025-01-29,Orange,trip_03283,stop_014,12:43:00,12:44:00,9,1,Inbound
2025-01-30,Red,trip_03284,stop_015,13:44:00,13:45:00,10,0,Outbound
2025-01-31,Orange,trip_03285,stop_016,14:45:00,14:46:00,11,1,Inbound
2025-01-01,Red,trip_03286,stop_017,15:46:00,15:47:00,12,0,Outbound
2025-01-02,Orange,trip_03287,stop_018,16:47:00,16:48:00,13,1,Inbound
2025-01-03,Red,trip_03288,stop_019,17:48:00,17:49:00,14,0,Outbound
2025-01-04,Orange,trip_03289,stop_020,18:49:00,18:50:00,15,1,Inbound
2025-01-05,Red,trip_03290,stop_021,19:50:00,19:51:00,16,0,Outbound
2025-01-06,Orange,trip_03291,stop_022,20:51:00,20:52:00,17,1,Inbound
2025-01-07,Red,trip_03292,stop_023,21:52:00,21:53:00,18,0,Outbound
2025-01-08,Orange,trip_03293,stop_024,22:53:00,22:54:00,19,1,Inbound
2025-01-09,Red,trip_03294,stop_025,05:54:00,05:55:00,20,0,Outbound
2025-01-10,Orange,trip_03295,stop_026,06:55:00,06:56:00,21,1,Inbound
2025-01-11,Red,trip_03296,stop_027,07:56:00,07:57:00,22,0,Outbound
2025-01-12,Orange,trip_03297,stop_028,08:57:00,08:58:00,23,1,Inbound
2025-01-13,Red,trip_03298,stop_029,09:58:00,09:59:00,24,0,Outbound
2025-01-14,Orange,trip_03299,stop_030,10:59:00,10:00:00,25,1,Inbound
2025-01-15,Red,trip_03300,stop_001,11:00:00,11:01:00,1,0,Outbound
2025-01-16,Orange,trip_03301,stop_002,12:01:00,12:02:00,2,1,Inbound
2025-01-17,Red,trip_03302,stop_003,13:02:00,13:03:00,3,0,Outbound
2025-01-18,Orange,trip_03303,stop_004,14:03:00,14:04:00,4,1,Inbound
2025-01-19,Red,trip_03304,stop_005,15:04:00,15:05:00,5,0,Outbound
2025-01-20,Orange,trip_03305,stop_006,16:05:00,16:06:00,6,1,Inbound
2025-01-21,Red,trip_03306,stop_007,17:06:00,17:07:00,7,0,Outbound
2025-01-22,Orange,trip_03307,stop_008,18:07:00,18:08:00,8,1,Inbound
2025-01-23,Red,trip_03308,stop_009,19:08:00,19:09:00,9,0,Outbound
2025-01-24,Orange,trip_03309,stop_010,20:09:00,20:10:00,10,1,Inbound
2025-01-25,Red,trip_03310,stop_011,21:10:00,21:11:00,11,0,Outbound
2025-01-26,Orange,trip_03311,stop_012,22:11:00,22:12:00,12,1,Inbound
2025-01-27,Red,trip_03312,stop_013,05:12:00,05:13:00,13,0,Outbound
2025-01-28,Orange,trip_03313,stop_014,06:13:00,06:14:00,14,1,Inbound
2025-01-29,Red,trip_03314,stop_015,07:14:00,07:15:00,15,0,Outbound
2025-01-30,Orange,trip_03315,stop_016,08:15:00,08:16:00,16,1,Inbound
2025-01-31,Red,trip_03316,stop_017,09:16:00,09:17:00,17,0,Outbound
2025-01-01,Orange,trip_03317,stop_018,10:17:00,10:18:00,18,1,Inbound
2025-01-02,Red,trip_03318,stop_019,11:18:00,11:19:00,19,0,Outbound
2025-01-03,Orange,trip_03319,stop_020,12:19:00,12:20:00,20,1,Inbound
2025-01-04,Red,trip_03320,stop_021,13:20:00,13:21:00,21,0,Outbound
2025-01-05,Orange,trip_03321,stop_022,14:21:00,14:22:00,22,1,Inbound
2025-01-06,Red,trip_03322,stop_023,15:22:00,15:23:00,23,0,Outbound
2025-01-07,Orange,trip_03323,stop_024,16:23:00,16:24:00,24,1,Inbound
2025-01-08,Red,trip_03324,stop_025,17:24:00,17:25:00,25,0,Outbound
2025-01-09,Orange,trip_03325,stop_026,18:25:00,18:26:00,1,1,Inbound
2025-01-10,Red,trip_03326,stop_027,19:26:00,19:27:00,2,0,Outbound
2025-01-11,Orange,trip_03327,stop_028,20:27:00,20:28:00,3,1,Inbound
2025-01-12,Red,trip_03328,stop_029,21:28:00,21:29:00,4,0,Outbound
2025-01-13,Orange,trip_03329,stop_030,22:29:00,22:30:00,5,1,Inbound
2025-01-14,Red,trip_03330,stop_001,05:30:00,05:31:00,6,0,Outbound
2025-01-15,Orange,trip_03331,stop_002,06:31:00,06:32:00,7,1,Inbound
2025-01-16,Red,trip_03332,stop_003,07:32:00,07:33:00,8,0,Outbound
2025-01-17,Orange,trip_03333,stop_004,08:33:00,08:34:00,9,1,Inbound
2025-01-18,Red,trip_03334,stop_005,09:34:00,09:35:00,10,0,Outbound
2025-01-19,Orange,trip_03335,stop_006,10:35:00,10:36:00,11,1,Inbound
2025-01-20,Red,trip_03336,stop_007,11:36:00,11:37:00,12,0,Outbound
2025-01-21,Orange,trip_03337,stop_008,12:37:00,12:38:00,13,1,Inbound
2025-01-22,Red,trip_03338,stop_009,13:38:00,13:39:00,14,0,Outbound
2025-01-23,Orange,trip_03339,stop_010,14:39:00,14:40:00,15,1,Inbound
2025-01-24,Red,trip_03340,stop_011,15:40:00,15:41:00,16,0,Outbound
2025-01-25,Orange,trip_03341,stop_012,16:41:00,16:42:00,17,1,Inbound
2025-01-26,Red,trip_03342,stop_013,17:42:00,17:43:00,18,0,Outbound
2025-01-27,Orange,trip_03343,stop_014,18:43:00,18:44:00,19,1,Inbound
2025-01-28,Red,trip_03344,stop_015,19:44:00,19:45:00,20,0,Outbound
2025-01-29,Orange,trip_03345,stop_016,20:45:00,20:46:00,21,1,Inbound
2025-01-30,Red,trip_03346,stop_017,21:46:00,21:47:00,22,0,Outbound
2025-01-31,Orange,trip_03347,stop_018,22:47:00,22:48:00,23,1,Inbound
2025-01-01,Red,trip_03348,stop_019,05:48:00,05:49:00,24,0,Outbound
2025-01-02,Orange,trip_03349,stop_020,06:49:00,06:50:00,25,1,Inbound
2025-01-03,Red,trip_03350,stop_021,07:50:00,07:51:00,1,0,Outbound
2025-01-04,Orange,trip_03351,stop_022,08:51:00,08:52:00,2,1,Inbound
2025-01-05,Red,trip_03352,stop_023,09:52:00,09:53:00,3,0,Outbound
2025-01-06,Orange,trip_03353,stop_024,10:53:00,10:54:00,4,1,Inbound
2025-01-07,Red,trip_03354,stop_025,11:54:00,11:55:00,5,0,Outbound
2025-01-08,Orange,trip_03355,stop_026,12:55:00,12:56:00,6,1,Inbound
2025-01-09,Red,trip_03356,stop_027,13:56:00,13:57:00,7,0,Outbound
2025-01-10,Orange,trip_03357,stop_028,14:57:00,14:58:00,8,1,Inbound
2025-01-11,Red,trip_03358,stop_029,15:58:00,15:59:00,9,0,Outbound
2025-01-12,Orange,trip_03359,stop_030,16:59:00,16:00:00,10,1,Inbound
2025-01-13,Red,trip_03360,stop_001,17:00:00,17:01:00,11,0,Outbound
2025-01-14,Orange,trip_03361,stop_002,18:01:00,18:02:00,12,1,Inbound
2025-01-15,Red,trip_03362,stop_003,19:02:00,19:03:00,13,0,Outbound
2025-01-16,Orange,trip_03363,stop_004,20:03:00,20:04:00,14,1,Inbound
2025-01-17,Red,trip_03364,stop_005,21:04:00,21:05:00,15,0,Outbound
2025-01-18,Orange,trip_03365,stop_006,22:05:00,22:06:00,16,1,Inbound
2025-01-19,Red,trip_03366,stop_007,05:06:00,05:07:00,17,0,Outbound
2025-01-20,Orange,trip_03367,stop_008,06:07:00,06:08:00,18,1,Inbound
2025-01-21,Red,trip_03368,stop_009,07:08:00,07:09:00,19,0,Outbound
2025-01-22,Orange,trip_03369,stop_010,08:09:00,08:10:00,20,1,Inbound
2025-01-23,Red,trip_03370,stop_011,09:10:00,09:11:00,21,0,Outbound
2025-01-24,Orange,trip_03371,stop_012,10:11:00,10:12:00,22,1,Inbound
2025-01-25,Red,trip_03372,stop_013,11:12:00,11:13:00,23,0,Outbound
2025-01-26,Orange,trip_03373,stop_014,12:13:00,12:14:00,24,1,Inbound
2025-01-27,Red,trip_03374,stop_015,13:14:00,13:15:00,25,0,Outbound
2025-01-28,Orange,trip_03375,stop_016,14:15:00,14:16:00,1,1,Inbound
2025-01-29,Red,trip_03376,stop_017,15:16:00,15:17:00,2,0,Outbound
2025-01-30,Orange,trip_03377,stop_018,16:17:00,16:18:00,3,1,Inbound
2025-01-31,Red,trip_03378,stop_019,17:18:00,17:19:00,4,0,Outbound
2025-01-01,Orange,trip_03379,stop_020,18:19:00,18:20:00,5,1,Inbound
2025-01-02,Red,trip_03380,stop_021,19:20:00,19:21:00,6,0,Outbound
2025-01-03,Orange,trip_03381,stop_022,20:21:00,20:22:00,7,1,Inbound
2025-01-04,Red,trip_03382,stop_023,21:22:00,21:23:00,8,0,Outbound
2025-01-05,Orange,trip_03383,stop_024,22:23:00,22:24:00,9,1,Inbound
2025-01-06,Red,trip_03384,stop_025,05:24:00,05:25:00,10,0,Outbound
2025-01-07,Orange,trip_03385,stop_026,06:25:00,06:26:00,11,1,Inbound
2025-01-08,Red,trip_03386,stop_027,07:26:00,07:27:00,12,0,Outbound
2025-01-09,Orange,trip_03387,stop_028,08:27:00,08:28:00,13,1,Inbound
2025-01-10,Red,trip_03388,stop_029,09:28:00,09:29:00,14,0,Outbound
2025-01-11,Orange,trip_03389,stop_030,10:29:00,10:30:00,15,1,Inbound
2025-01-12,Red,trip_03390,stop_001,11:30:00,11:31:00,16,0,Outbound
2025-01-13,Orange,trip_03391,stop_002,12:31:00,12:32:00,17,1,Inbound
2025-01-14,Red,trip_03392,stop_003,13:32:00,13:33:00,18,0,Outbound
2025-01-15,Orange,trip_03393,stop_004,14:33:00,14:34:00,19,1,Inbound
2025-01-16,Red,trip_03394,stop_005,15:34:00,15:35:00,20,0,Outbound
2025-01-17,Orange,trip_03395,stop_006,16:35:00,16:36:00,21,1,Inbound
2025-01-18,Red,trip_03396,stop_007,17:36:00,17:37:00,22,0,Outbound
2025-01-19,Orange,trip_03397,stop_008,18:37:00,18:38:00,23,1,Inbound
2025-01-20,Red,trip_03398,stop_009,19:38:00,19:39:00,24,0,Outbound
2025-01-21,Orange,trip_03399,stop_010,20:39:00,20:40:00,25,1,Inbound
2025-01-22,Red,trip_03400,stop_011,21:40:00,21:41:00,1,0,Outbound
2025-01-23,Orange,trip_03401,stop_012,22:41:00,22:42:00,2,1,Inbound
2025-01-24,Red,trip_03402,stop_013,05:42:00,05:43:00,3,0,Outbound
2025-01-25,Orange,trip_03403,stop_014,06:43:00,06:44:00,4,1,Inbound
2025-01-26,Red,trip_03404,stop_015,07:44:00,07:45:00,5,0,Outbound
2025-01-27,Orange,trip_03405,stop_016,08:45:00,08:46:00,6,1,Inbound
2025-01-28,Red,trip_03406,stop_017,09:46:00,09:47:00,7,0,Outbound
2025-01-29,Orange,trip_03407,stop_018,10:47:00,10:48:00,8,1,Inbound
2025-01-30,Red,trip_03408,stop_019,11:48:00,11:49:00,9,0,Outbound
2025-01-31,Orange,trip_03409,stop_020,12:49:00,12:50:00,10,1,Inbound
2025-01-01,Red,trip_03410,stop_021,13:50:00,13:51:00,11,0,Outbound
2025-01-02,Orange,trip_03411,stop_022,14:51:00,14:52:00,12,1,Inbound
2025-01-03,Red,trip_03412,stop_023,15:52:00,15:53:00,13,0,Outbound
2025-01-04,Orange,trip_03413,stop_024,16:53:00,16:54:00,14,1,Inbound
2025-01-05,Red,trip_03414,stop_025,17:54:00,17:55:00,15,0,Outbound
2025-01-06,Orange,trip_03415,stop_026,18:55:00,18:56:00,16,1,Inbound
2025-01-07,Red,trip_03416,stop_027,19:56:00,19:57:00,17,0,Outbound
2025-01-08,Orange,trip_03417,stop_028,20:57:00,20:58:00,18,1,Inbound
2025-01-09,Red,trip_03418,stop_029,21:58:00,21:59:00,19,0,Outbound
2025-01-10,Orange,trip_03419,stop_030,22:59:00,22:00:00,20,1,Inbound
2025-01-11,Red,trip_03420,stop_001,05:00:00,05:01:00,21,0,Outbound
2025-01-12,Orange,trip_03421,stop_002,06:01:00,06:02:00,22,1,Inbound
2025-01-13,Red,trip_03422,stop_003,07:02:00,07:03:00,23,0,Outbound
2025-01-14,Orange,trip_03423,stop_004,08:03:00,08:04:00,24,1,Inbound
2025-01-15,Red,trip_03424,stop_005,09:04:00,09:05:00,25,0,Outbound
2025-01-16,Orange,trip_03425,stop_006,10:05:00,10:06:00,1,1,Inbound
2025-01-17,Red,trip_03426,stop_007,11:06:00,11:07:00,2,0,Outbound
2025-01-18,Orange,trip_03427,stop_008,12:07:00,12:08:00,3,1,Inbound
2025-01-19,Red,trip_03428,stop_009,13:08:00,13:09:00,4,0,Outbound
2025-01-20,Orange,trip_03429,stop_010,14:09:00,14:10:00,5,1,Inbound
2025-01-21,Red,trip_03430,stop_011,15:10:00,15:11:00,6,0,Outbound
2025-01-22,Orange,trip_03431,stop_012,16:11:00,16:12:00,7,1,Inbound
2025-01-23,Red,trip_03432,stop_013,17:12:00,17:13:00,8,0,Outbound
2025-01-24,Orange,trip_03433,stop_014,18:13:00,18:14:00,9,1,Inbound
2025-01-25,Red,trip_03434,stop_015,19:14:00,19:15:00,10,0,Outbound
2025-01-26,Orange,trip_03435,stop_016,20:15:00,20:16:00,11,1,Inbound
2025-01-27,Red,trip_03436,stop_017,21:16:00,21:17:00,12,0,Outbound
2025-01-28,Orange,trip_03437,stop_018,22:17:00,22:18:00,13,1,Inbound
2025-01-29,Red,trip_03438,stop_019,05:18:00,05:19:00,14,0,Outbound
2025-01-30,Orange,trip_03439,stop_020,06:19:00,06:20:00,15,1,Inbound
2025-01-31,Red,trip_03440,stop_021,07:20:00,07:21:00,16,0,Outbound
2025-01-01,Orange,trip_03441,stop_022,08:21:00,08:22:00,17,1,Inbound
2025-01-02,Red,trip_03442,stop_023,09:22:00,09:23:00,18,0,Outbound
2025-01-03,Orange,trip_03443,stop_024,10:23:00,10:24:00,19,1,Inbound
2025-01-04,Red,trip_03444,stop_025,11:24:00,11:25:00,20,0,Outbound
2025-01-05,Orange,trip_03445,stop_026,12:25:00,12:26:00,21,1,Inbound
2025-01-06,Red,trip_03446,stop_027,13:26:00,13:27:00,22,0,Outbound
2025-01-07,Orange,trip_03447,stop_028,14:27:00,14:28:00,23,1,Inbound
2025-01-08,Red,trip_03448,stop_029,15:28:00,15:29:00,24,0,Outbound
2025-01-09,Orange,trip_03449,stop_030,16:29:00,16:30:00,25,1,Inbound
2025-01-10,Red,trip_03450,stop_001,17:30:00,17:31:00,1,0,Outbound
2025-01-11,Orange,trip_03451,stop_002,18:31:00,18:32:00,2,1,Inbound
2025-01-12,Red,trip_03452,stop_003,19:32:00,19:33:00,3,0,Outbound
2025-01-13,Orange,trip_03453,stop_004,20:33:00,20:34:00,4,1,Inbound
2025-01-14,Red,trip_03454,stop_005,21:34:00,21:35:00,5,0,Outbound
2025-01-15,Orange,trip_03455,stop_006,22:35:00,22:36:00,6,1,Inbound
2025-01-16,Red,trip_03456,stop_007,05:36:00,05:37:00,7,0,Outbound
2025-01-17,Orange,trip_03457,stop_008,06:37:00,06:38:00,8,1,Inbound
2025-01-18,Red,trip_03458,stop_009,07:38:00,07:39:00,9,0,Outbound
2025-01-19,Orange,trip_03459,stop_010,08:39:00,08:40:00,10,1,Inbound
2025-01-20,Red,trip_03460,stop_011,09:40:00,09:41:00,11,0,Outbound
2025-01-21,Orange,trip_03461,stop_012,10:41:00,10:42:00,12,1,Inbound
2025-01-22,Red,trip_03462,stop_013,11:42:00,11:43:00,13,0,Outbound
2025-01-23,Orange,trip_03463,stop_014,12:43:00,12:44:00,14,1,Inbound
2025-01-24,Red,trip_03464,stop_015,13:44:00,13:45:00,15,0,Outbound
2025-01-25,Orange,trip_03465,stop_016,14:45:00,14:46:00,16,1,Inbound
2025-01-26,Red,trip_03466,stop_017,15:46:00,15:47:00,17,0,Outbound
2025-01-27,Orange,trip_03467,stop_018,16:47:00,16:48:00,18,1,Inbound
2025-01-28,Red,trip_03468,stop_019,17:48:00,17:49:00,19,0,Outbound
2025-01-29,Orange,trip_03469,stop_020,18:49:00,18:50:00,20,1,Inbound
2025-01-30,Red,trip_03470,stop_021,19:50:00,19:51:00,21,0,Outbound
2025-01-31,Orange,trip_03471,stop_022,20:51:00,20:52:00,22,1,Inbound
2025-01-01,Red,trip_03472,stop_023,21:52:00,21:53:00,23,0,Outbound
2025-01-02,Orange,trip_03473,stop_024,22:53:00,22:54:00,24,1,Inbound
2025-01-03,Red,trip_03474,stop_025,05:54:00,05:55:00,25,0,Outbound
2025-01-04,Orange,trip_03475,stop_026,06:55:00,06:56:00,1,1,Inbound
2025-01-05,Red,trip_03476,stop_027,07:56:00,07:57:00,2,0,Outbound
2025-01-06,Orange,trip_03477,stop_028,08:57:00,08:58:00,3,1,Inbound
2025-01-07,Red,trip_03478,stop_029,09:58:00,09:59:00,4,0,Outbound
2025-01-08,Orange,trip_03479,stop_030,10:59:00,10:00:00,5,1,Inbound
2025-01-09,Red,trip_03480,stop_001,11:00:00,11:01:00,6,0,Outbound
2025-01-10,Orange,trip_03481,stop_002,12:01:00,12:02:00,7,1,Inbound
2025-01-11,Red,trip_03482,stop_003,13:02:00,13:03:00,8,0,Outbound
2025-01-12,Orange,trip_03483,stop_004,14:03:00,14:04:00,9,1,Inbound
2025-01-13,Red,trip_03484,stop_005,15:04:00,15:05:00,10,0,Outbound
2025-01-14,Orange,trip_03485,stop_006,16:05:00,16:06:00,11,1,Inbound
2025-01-15,Red,trip_03486,stop_007,17:06:00,17:07:00,12,0,Outbound
2025-01-16,Orange,trip_03487,stop_008,18:07:00,18:08:00,13,1,Inbound
2025-01-17,Red,trip_03488,stop_009,19:08:00,19:09:00,14,0,Outbound
2025-01-18,Orange,trip_03489,stop_010,20:09:00,20:10:00,15,1,Inbound
2025-01-19,Red,trip_03490,stop_011,21:10:00,21:11:00,16,0,Outbound
2025-01-20,Orange,trip_03491,stop_012,22:11:00,22:12:00,17,1,Inbound
2025-01-21,Red,trip_03492,stop_013,05:12:00,05:13:00,18,0,Outbound
2025-01-22,Orange,trip_03493,stop_014,06:13:00,06:14:00,19,1,Inbound
2025-01-23,Red,trip_03494,stop_015,07:14:00,07:15:00,20,0,Outbound
2025-01-24,Orange,trip_03495,stop_016,08:15:00,08:16:00,21,1,Inbound
2025-01-25,Red,trip_03496,stop_017,09:16:00,09:17:00,22,0,Outbound
2025-01-26,Orange,trip_03497,stop_018,10:17:00,10:18:00,23,1,Inbound
2025-01-27,Red,trip_03498,stop_019,11:18:00,11:19:00,24,0,Outbound
2025-01-28,Orange,trip_03499,stop_020,12:19:00,12:20:00,25,1,Inbound
2025-01-29,Red,trip_03500,stop_021,13:20:00,13:21:00,1,0,Outbound
2025-01-30,Orange,trip_03501,stop_022,14:21:00,14:22:00,2,1,Inbound
2025-01-31,Red,trip_03502,stop_023,15:22:00,15:23:00,3,0,Outbound
2025-01-01,Orange,trip_03503,stop_024,16:23:00,16:24:00,4,1,Inbound
2025-01-02,Red,trip_03504,stop_025,17:24:00,17:25:00,5,0,Outbound
2025-01-03,Orange,trip_03505,stop_026,18:25:00,18:26:00,6,1,Inbound
2025-01-04,Red,trip_03506,stop_027,19:26:00,19:27:00,7,0,Outbound
2025-01-05,Orange,trip_03507,stop_028,20:27:00,20:28:00,8,1,Inbound
2025-01-06,Red,trip_03508,stop_029,21:28:00,21:29:00,9,0,Outbound
2025-01-07,Orange,trip_03509,stop_030,22:29:00,22:30:00,10,1,Inbound
2025-01-08,Red,trip_03510,stop_001,05:30:00,05:31:00,11,0,Outbound
2025-01-09,Orange,trip_03511,stop_002,06:31:00,06:32:00,12,1,Inbound
2025-01-10,Red,trip_03512,stop_003,07:32:00,07:33:00,13,0,Outbound
2025-01-11,Orange,trip_03513,stop_004,08:33:00,08:34:00,14,1,Inbound
2025-01-12,Red,trip_03514,stop_005,09:34:00,09:35:00,15,0,Outbound
2025-01-13,Orange,trip_03515,stop_006,10:35:00,10:36:00,16,1,Inbound
2025-01-14,Red,trip_03516,stop_007,11:36:00,11:37:00,17,0,Outbound
2025-01-15,Orange,trip_03517,stop_008,12:37:00,12:38:00,18,1,Inbound
2025-01-16,Red,trip_03518,stop_009,13:38:00,13:39:00,19,0,Outbound
2025-01-17,Orange,trip_03519,stop_010,14:39:00,14:40:00,20,1,Inbound
2025-01-18,Red,trip_03520,stop_011,15:40:00,15:41:00,21,0,Outbound
2025-01-19,Orange,trip_03521,stop_012,16:41:00,16:42:00,22,1,Inbound
2025-01-20,Red,trip_03522,stop_013,17:42:00,17:43:00,23,0,Outbound
2025-01-21,Orange,trip_03523,stop_014,18:43:00,18:44:00,24,1,Inbound
2025-01-22,Red,trip_03524,stop_015,19:44:00,19:45:00,25,0,Outbound
2025-01-23,Orange,trip_03525,stop_016,20:45:00,20:46:00,1,1,Inbound
2025-01-24,Red,trip_03526,stop_017,21:46:00,21:47:00,2,0,Outbound
2025-01-25,Orange,trip_03527,stop_018,22:47:00,22:48:00,3,1,Inbound
2025-01-26,Red,trip_03528,stop_019,05:48:00,05:49:00,4,0,Outbound
2025-01-27,Orange,trip_03529,stop_020,06:49:00,06:50:00,5,1,Inbound
2025-01-28,Red,trip_03530,stop_021,07:50:00,07:51:00,6,0,Outbound
2025-01-29,Orange,trip_03531,stop_022,08:51:00,08:52:00,7,1,Inbound
2025-01-30,Red,trip_03532,stop_023,09:52:00,09:53:00,8,0,Outbound
2025-01-31,Orange,trip_03533,stop_024,10:53:00,10:54:00,9,1,Inbound
2025-01-01,Red,trip_03534,stop_025,11:54:00,11:55:00,10,0,Outbound
2025-01-02,Orange,trip_03535,stop_026,12:55:00,12:56:00,11,1,Inbound
2025-01-03,Red,trip_03536,stop_027,13:56:00,13:57:00,12,0,Outbound
2025-01-04,Orange,trip_03537,stop_028,14:57:00,14:58:00,13,1,Inbound
2025-01-05,Red,trip_03538,stop_029,15:58:00,15:59:00,14,0,Outbound
2025-01-06,Orange,trip_03539,stop_030,16:59:00,16:00:00,15,1,Inbound
2025-01-07,Red,trip_03540,stop_001,17:00:00,17:01:00,16,0,Outbound
2025-01-08,Orange,trip_03541,stop_002,18:01:00,18:02:00,17,1,Inbound
2025-01-09,Red,trip_03542,stop_003,19:02:00,19:03:00,18,0,Outbound
2025-01-10,Orange,trip_03543,stop_004,20:03:00,20:04:00,19,1,Inbound
2025-01-11,Red,trip_03544,stop_005,21:04:00,21:05:00,20,0,Outbound
2025-01-12,Orange,trip_03545,stop_006,22:05:00,22:06:00,21,1,Inbound
2025-01-13,Red,trip_03546,stop_007,05:06:00,05:07:00,22,0,Outbound
2025-01-14,Orange,trip_03547,stop_008,06:07:00,06:08:00,23,1,Inbound
2025-01-15,Red,trip_03548,stop_009,07:08:00,07:09:00,24,0,Outbound
2025-01-16,Orange,trip_03549,stop_010,08:09:00,08:10:00,25,1,Inbound
2025-01-17,Red,trip_03550,stop_011,09:10:00,09:11:00,1,0,Outbound
2025-01-18,Orange,trip_03551,stop_012,10:11:00,10:12:00,2,1,Inbound
2025-01-19,Red,trip_03552,stop_013,11:12:00,11:13:00,3,0,Outbound
2025-01-20,Orange,trip_03553,stop_014,12:13:00,12:14:00,4,1,Inbound
2025-01-21,Red,trip_03554,stop_015,13:14:00,13:15:00,5,0,Outbound
2025-01-22,Orange,trip_03555,stop_016,14:15:00,14:16:00,6,1,Inbound
2025-01-23,Red,trip_03556,stop_017,15:16:00,15:17:00,7,0,Outbound
2025-01-24,Orange,trip_03557,stop_018,16:17:00,16:18:00,8,1,Inbound
2025-01-25,Red,trip_03558,stop_019,17:18:00,17:19:00,9,0,Outbound
2025-01-26,Orange,trip_03559,stop_020,18:19:00,18:20:00,10,1,Inbound
2025-01-27,Red,trip_03560,stop_021,19:20:00,19:21:00,11,0,Outbound
2025-01-28,Orange,trip_03561,stop_022,20:21:00,20:22:00,12,1,Inbound
2025-01-29,Red,trip_03562,stop_023,21:22:00,21:23:00,13,0,Outbound
2025-01-30,Orange,trip_03563,stop_024,22:23:00,22:24:00,14,1,Inbound
2025-01-31,Red,trip_03564,stop_025,05:24:00,05:25:00,15,0,Outbound
2025-01-01,Orange,trip_03565,stop_026,06:25:00,06:26:00,16,1,Inbound
2025-01-02,Red,trip_03566,stop_027,07:26:00,07:27:00,17,0,Outbound
2025-01-03,Orange,trip_03567,stop_028,08:27:00,08:28:00,18,1,Inbound
2025-01-04,Red,trip_03568,stop_029,09:28:00,09:29:00,19,0,Outbound
2025-01-05,Orange,trip_03569,stop_030,10:29:00,10:30:00,20,1,Inbound
2025-01-06,Red,trip_03570,stop_001,11:30:00,11:31:00,21,0,Outbound
2025-01-07,Orange,trip_03571,stop_002,12:31:00,12:32:00,22,1,Inbound
2025-01-08,Red,trip_03572,stop_003,13:32:00,13:33:00,23,0,Outbound
2025-01-09,Orange,trip_03573,stop_004,14:33:00,14:34:00,24,1,Inbound
2025-01-10,Red,trip_03574,stop_005,15:34:00,15:35:00,25,0,Outbound
2025-01-11,Orange,trip_03575,stop_006,16:35:00,16:36:00,1,1,Inbound
2025-01-12,Red,trip_03576,stop_007,17:36:00,17:37:00,2,0,Outbound
2025-01-13,Orange,trip_03577,stop_008,18:37:00,18:38:00,3,1,Inbound
2025-01-14,Red,trip_03578,stop_009,19:38:00,19:39:00,4,0,Outbound
2025-01-15,Orange,trip_03579,stop_010,20:39:00,20:40:00,5,1,Inbound
2025-01-16,Red,trip_03580,stop_011,21:40:00,21:41:00,6,0,Outbound
2025-01-17,Orange,trip_03581,stop_012,22:41:00,22:42:00,7,1,Inbound
2025-01-18,Red,trip_03582,stop_013,05:42:00,05:43:00,8,0,Outbound
2025-01-19,Orange,trip_03583,stop_014,06:43:00,06:44:00,9,1,Inbound
2025-01-20,Red,trip_03584,stop_015,07:44:00,07:45:00,10,0,Outbound
2025-01-21,Orange,trip_03585,stop_016,08:45:00,08:46:00,11,1,Inbound
2025-01-22,Red,trip_03586,stop_017,09:46:00,09:47:00,12,0,Outbound
2025-01-23,Orange,trip_03587,stop_018,10:47:00,10:48:00,13,1,Inbound
2025-01-24,Red,trip_03588,stop_019,11:48:00,11:49:00,14,0,Outbound
2025-01-25,Orange,trip_03589,stop_020,12:49:00,12:50:00,15,1,Inbound
2025-01-26,Red,trip_03590,stop_021,13:50:00,13:51:00,16,0,Outbound
2025-01-27,Orange,trip_03591,stop_022,14:51:00,14:52:00,17,1,Inbound
2025-01-28,Red,trip_03592,stop_023,15:52:00,15:53:00,18,0,Outbound
2025-01-29,Orange,trip_03593,stop_024,16:53:00,16:54:00,19,1,Inbound
2025-01-30,Red,trip_03594,stop_025,17:54:00,17:55:00,20,0,Outbound
2025-01-31,Orange,trip_03595,stop_026,18:55:00,18:56:00,21,1,Inbound
2025-01-01,Red,trip_03596,stop_027,19:56:00,19:57:00,22,0,Outbound
2025-01-02,Orange,trip_03597,stop_028,20:57:00,20:58:00,23,1,Inbound
2025-01-03,Red,trip_03598,stop_029,21:58:00,21:59:00,24,0,Outbound
2025-01-04,Orange,trip_03599,stop_030,22:59:00,22:00:00,25,1,Inbound
2025-01-05,Red,trip_03600,stop_001,05:00:00,05:01:00,1,0,Outbound
2025-01-06,Orange,trip_03601,stop_002,06:01:00,06:02:00,2,1,Inbound
2025-01-07,Red,trip_03602,stop_003,07:02:00,07:03:00,3,0,Outbound
2025-01-08,Orange,trip_03603,stop_004,08:03:00,08:04:00,4,1,Inbound
2025-01-09,Red,trip_03604,stop_005,09:04:00,09:05:00,5,0,Outbound
2025-01-10,Orange,trip_03605,stop_006,10:05:00,10:06:00,6,1,Inbound
2025-01-11,Red,trip_03606,stop_007,11:06:00,11:07:00,7,0,Outbound
2025-01-12,Orange,trip_03607,stop_008,12:07:00,12:08:00,8,1,Inbound
2025-01-13,Red,trip_03608,stop_009,13:08:00,13:09:00,9,0,Outbound
2025-01-14,Orange,trip_03609,stop_010,14:09:00,14:10:00,10,1,Inbound
2025-01-15,Red,trip_03610,stop_011,15:10:00,15:11:00,11,0,Outbound
2025-01-16,Orange,trip_03611,stop_012,16:11:00,16:12:00,12,1,Inbound
2025-01-17,Red,trip_03612,stop_013,17:12:00,17:13:00,13,0,Outbound
2025-01-18,Orange,trip_03613,stop_014,18:13:00,18:14:00,14,1,Inbound
2025-01-19,Red,trip_03614,stop_015,19:14:00,19:15:00,15,0,Outbound
2025-01-20,Orange,trip_03615,stop_016,20:15:00,20:16:00,16,1,Inbound
2025-01-21,Red,trip_03616,stop_017,21:16:00,21:17:00,17,0,Outbound
2025-01-22,Orange,trip_03617,stop_018,22:17:00,22:18:00,18,1,Inbound
2025-01-23,Red,trip_03618,stop_019,05:18:00,05:19:00,19,0,Outbound
2025-01-24,Orange,trip_03619,stop_020,06:19:00,06:20:00,20,1,Inbound
2025-01-25,Red,trip_03620,stop_021,07:20:00,07:21:00,21,0,Outbound
2025-01-26,Orange,trip_03621,stop_022,08:21:00,08:22:00,22,1,Inbound
2025-01-27,Red,trip_03622,stop_023,09:22:00,09:23:00,23,0,Outbound
2025-01-28,Orange,trip_03623,stop_024,10:23:00,10:24:00,24,1,Inbound
2025-01-29,Red,trip_03624,stop_025,11:24:00,11:25:00,25,0,Outbound
2025-01-30,Orange,trip_03625,stop_026,12:25:00,12:26:00,1,1,Inbound
2025-01-31,Red,trip_03626,stop_027,13:26:00,13:27:00,2,0,Outbound
2025-01-01,Orange,trip_03627,stop_028,14:27:00,14:28:00,3,1,Inbound
2025-01-02,Red,trip_03628,stop_029,15:28:00,15:29:00,4,0,Outbound
2025-01-03,Orange,trip_03629,stop_030,16:29:00,16:30:00,5,1,Inbound
2025-01-04,Red,trip_03630,stop_001,17:30:00,17:31:00,6,0,Outbound
2025-01-05,Orange,trip_03631,stop_002,18:31:00,18:32:00,7,1,Inbound
2025-01-06,Red,trip_03632,stop_003,19:32:00,19:33:00,8,0,Outbound
2025-01-07,Orange,trip_03633,stop_004,20:33:00,20:34:00,9,1,Inbound
2025-01-08,Red,trip_03634,stop_005,21:34:00,21:35:00,10,0,Outbound
2025-01-09,Orange,trip_03635,stop_006,22:35:00,22:36:00,11,1,Inbound
2025-01-10,Red,trip_03636,stop_007,05:36:00,05:37:00,12,0,Outbound
2025-01-11,Orange,trip_03637,stop_008,06:37:00,06:38:00,13,1,Inbound
2025-01-12,Red,trip_03638,stop_009,07:38:00,07:39:00,14,0,Outbound
2025-01-13,Orange,trip_03639,stop_010,08:39:00,08:40:00,15,1,Inbound
2025-01-14,Red,trip_03640,stop_011,09:40:00,09:41:00,16,0,Outbound
2025-01-15,Orange,trip_03641,stop_012,10:41:00,10:42:00,17,1,Inbound
2025-01-16,Red,trip_03642,stop_013,11:42:00,11:43:00,18,0,Outbound
2025-01-17,Orange,trip_03643,stop_014,12:43:00,12:44:00,19,1,Inbound
2025-01-18,Red,trip_03644,stop_015,13:44:00,13:45:00,20,0,Outbound
2025-01-19,Orange,trip_03645,stop_016,14:45:00,14:46:00,21,1,Inbound
2025-01-20,Red,trip_03646,stop_017,15:46:00,15:47:00,22,0,Outbound
2025-01-21,Orange,trip_03647,stop_018,16:47:00,16:48:00,23,1,Inbound
2025-01-22,Red,trip_03648,stop_019,17:48:00,17:49:00,24,0,Outbound
2025-01-23,Orange,trip_03649,stop_020,18:49:00,18:50:00,25,1,Inbound
2025-01-24,Red,trip_03650,stop_021,19:50:00,19:51:00,1,0,Outbound
2025-01-25,Orange,trip_03651,stop_022,20:51:00,20:52:00,2,1,Inbound
2025-01-26,Red,trip_03652,stop_023,21:52:00,21:53:00,3,0,Outbound
2025-01-27,Orange,trip_03653,stop_024,22:53:00,22:54:00,4,1,Inbound
2025-01-28,Red,trip_03654,stop_025,05:54:00,05:55:00,5,0,Outbound
2025-01-29,Orange,trip_03655,stop_026,06:55:00,06:56:00,6,1,Inbound
2025-01-30,Red,trip_03656,stop_027,07:56:00,07:57:00,7,0,Outbound
2025-01-31,Orange,trip_03657,stop_028,08:57:00,08:58:00,8,1,Inbound
2025-01-01,Red,trip_03658,stop_029,09:58:00,09:59:00,9,0,Outbound
2025-01-02,Orange,trip_03659,stop_030,10:59:00,10:00:00,10,1,Inbound
2025-01-03,Red,trip_03660,stop_001,11:00:00,11:01:00,11,0,Outbound
2025-01-04,Orange,trip_03661,stop_002,12:01:00,12:02:00,12,1,Inbound
2025-01-05,Red,trip_03662,stop_003,13:02:00,13:03:00,13,0,Outbound
2025-01-06,Orange,trip_03663,stop_004,14:03:00,14:04:00,14,1,Inbound
2025-01-07,Red,trip_03664,stop_005,15:04:00,15:05:00,15,0,Outbound
2025-01-08,Orange,trip_03665,stop_006,16:05:00,16:06:00,16,1,Inbound
2025-01-09,Red,trip_03666,stop_007,17:06:00,17:07:00,17,0,Outbound
2025-01-10,Orange,trip_03667,stop_008,18:07:00,18:08:00,18,1,Inbound
2025-01-11,Red,trip_03668,stop_009,19:08:00,19:09:00,19,0,Outbound
2025-01-12,Orange,trip_03669,stop_010,20:09:00,20:10:00,20,1,Inbound
2025-01-13,Red,trip_03670,stop_011,21:10:00,21:11:00,21,0,Outbound
2025-01-14,Orange,trip_03671,stop_012,22:11:00,22:12:00,22,1,Inbound
2025-01-15,Red,trip_03672,stop_013,05:12:00,05:13:00,23,0,Outbound
2025-01-16,Orange,trip_03673,stop_014,06:13:00,06:14:00,24,1,Inbound
2025-01-17,Red,trip_03674,stop_015,07:14:00,07:15:00,25,0,Outbound
2025-01-18,Orange,trip_03675,stop_016,08:15:00,08:16:00,1,1,Inbound
2025-01-19,Red,trip_03676,stop_017,09:16:00,09:17:00,2,0,Outbound
2025-01-20,Orange,trip_03677,stop_018,10:17:00,10:18:00,3,1,Inbound
2025-01-21,Red,trip_03678,stop_019,11:18:00,11:19:00,4,0,Outbound
2025-01-22,Orange,trip_03679,stop_020,12:19:00,12:20:00,5,1,Inbound
2025-01-23,Red,trip_03680,stop_021,13:20:00,13:21:00,6,0,Outbound
2025-01-24,Orange,trip_03681,stop_022,14:21:00,14:22:00,7,1,Inbound
2025-01-25,Red,trip_03682,stop_023,15:22:00,15:23:00,8,0,Outbound
2025-01-26,Orange,trip_03683,stop_024,16:23:00,16:24:00,9,1,Inbound
2025-01-27,Red,trip_03684,stop_025,17:24:00,17:25:00,10,0,Outbound
2025-01-28,Orange,trip_03685,stop_026,18:25:00,18:26:00,11,1,Inbound
2025-01-29,Red,trip_03686,stop_027,19:26:00,19:27:00,12,0,Outbound
2025-01-30,Orange,trip_03687,stop_028,20:27:00,20:28:00,13,1,Inbound
2025-01-31,Red,trip_03688,stop_029,21:28:00,21:29:00,14,0,Outbound
2025-01-01,Orange,trip_03689,stop_030,22:29:00,22:30:00,15,1,Inbound
2025-01-02,Red,trip_03690,stop_001,05:30:00,05:31:00,16,0,Outbound
2025-01-03,Orange,trip_03691,stop_002,06:31:00,06:32:00,17,1,Inbound
2025-01-04,Red,trip_03692,stop_003,07:32:00,07:33:00,18,0,Outbound
2025-01-05,Orange,trip_03693,stop_004,08:33:00,08:34:00,19,1,Inbound
2025-01-06,Red,trip_03694,stop_005,09:34:00,09:35:00,20,0,Outbound
2025-01-07,Orange,trip_03695,stop_006,10:35:00,10:36:00,21,1,Inbound
2025-01-08,Red,trip_03696,stop_007,11:36:00,11:37:00,22,0,Outbound
2025-01-09,Orange,trip_03697,stop_008,12:37:00,12:38:00,23,1,Inbound
2025-01-10,Red,trip_03698,stop_009,13:38:00,13:39:00,24,0,Outbound
2025-01-11,Orange,trip_03699,stop_010,14:39:00,14:40:00,25,1,Inbound
2025-01-12,Red,trip_03700,stop_011,15:40:00,15:41:00,1,0,Outbound
2025-01-13,Orange,trip_03701,stop_012,16:41:00,16:42:00,2,1,Inbound
2025-01-14,Red,trip_03702,stop_013,17:42:00,17:43:00,3,0,Outbound
2025-01-15,Orange,trip_03703,stop_014,18:43:00,18:44:00,4,1,Inbound
2025-01-16,Red,trip_03704,stop_015,19:44:00,19:45:00,5,0,Outbound
2025-01-17,Orange,trip_03705,stop_016,20:45:00,20:46:00,6,1,Inbound
2025-01-18,Red,trip_03706,stop_017,21:46:00,21:47:00,7,0,Outbound
2025-01-19,Orange,trip_03707,stop_018,22:47:00,22:48:00,8,1,Inbound
2025-01-20,Red,trip_03708,stop_019,05:48:00,05:49:00,9,0,Outbound
2025-01-21,Orange,trip_03709,stop_020,06:49:00,06:50:00,10,1,Inbound
2025-01-22,Red,trip_03710,stop_021,07:50:00,07:51:00,11,0,Outbound
2025-01-23,Orange,trip_03711,stop_022,08:51:00,08:52:00,12,1,Inbound
2025-01-24,Red,trip_03712,stop_023,09:52:00,09:53:00,13,0,Outbound
2025-01-25,Orange,trip_03713,stop_024,10:53:00,10:54:00,14,1,Inbound
2025-01-26,Red,trip_03714,stop_025,11:54:00,11:55:00,15,0,Outbound
2025-01-27,Orange,trip_03715,stop_026,12:55:00,12:56:00,16,1,Inbound
2025-01-28,Red,trip_03716,stop_027,13:56:00,13:57:00,17,0,Outbound
2025-01-29,Orange,trip_03717,stop_028,14:57:00,14:58:00,18,1,Inbound
2025-01-30,Red,trip_03718,stop_029,15:58:00,15:59:00,19,0,Outbound
2025-01-31,Orange,trip_03719,stop_030,16:59:00,16:00:00,20,1,Inbound
2025-01-01,Red,trip_03720,stop_001,17:00:00,17:01:00,21,0,Outbound
2025-01-02,Orange,trip_03721,stop_002,18:01:00,18:02:00,22,1,Inbound
2025-01-03,Red,trip_03722,stop_003,19:02:00,19:03:00,23,0,Outbound
2025-01-04,Orange,trip_03723,stop_004,20:03:00,20:04:00,24,1,Inbound
2025-01-05,Red,trip_03724,stop_005,21:04:00,21:05:00,25,0,Outbound
2025-01-06,Orange,trip_03725,stop_006,22:05:00,22:06:00,1,1,Inbound
2025-01-07,Red,trip_03726,stop_007,05:06:00,05:07:00,2,0,Outbound
2025-01-08,Orange,trip_03727,stop_008,06:07:00,06:08:00,3,1,Inbound
2025-01-09,Red,trip_03728,stop_009,07:08:00,07:09:00,4,0,Outbound
2025-01-10,Orange,trip_03729,stop_010,08:09:00,08:10:00,5,1,Inbound
2025-01-11,Red,trip_03730,stop_011,09:10:00,09:11:00,6,0,Outbound
2025-01-12,Orange,trip_03731,stop_012,10:11:00,10:12:00,7,1,Inbound
2025-01-13,Red,trip_03732,stop_013,11:12:00,11:13:00,8,0,Outbound
2025-01-14,Orange,trip_03733,stop_014,12:13:00,12:14:00,9,1,Inbound
2025-01-15,Red,trip_03734,stop_015,13:14:00,13:15:00,10,0,Outbound
2025-01-16,Orange,trip_03735,stop_016,14:15:00,14:16:00,11,1,Inbound
2025-01-17,Red,trip_03736,stop_017,15:16:00,15:17:00,12,0,Outbound
2025-01-18,Orange,trip_03737,stop_018,16:17:00,16:18:00,13,1,Inbound
2025-01-19,Red,trip_03738,stop_019,17:18:00,17:19:00,14,0,Outbound
2025-01-20,Orange,trip_03739,stop_020,18:19:00,18:20:00,15,1,Inbound
2025-01-21,Red,trip_03740,stop_021,19:20:00,19:21:00,16,0,Outbound
2025-01-22,Orange,trip_03741,stop_022,20:21:00,20:22:00,17,1,Inbound
2025-01-23,Red,trip_03742,stop_023,21:22:00,21:23:00,18,0,Outbound
2025-01-24,Orange,trip_03743,stop_024,22:23:00,22:24:00,19,1,Inbound
2025-01-25,Red,trip_03744,stop_025,05:24:00,05:25:00,20,0,Outbound
2025-01-26,Orange,trip_03745,stop_026,06:25:00,06:26:00,21,1,Inbound
2025-01-27,Red,trip_03746,stop_027,07:26:00,07:27:00,22,0,Outbound
2025-01-28,Orange,trip_03747,stop_028,08:27:00,08:28:00,23,1,Inbound
2025-01-29,Red,trip_03748,stop_029,09:28:00,09:29:00,24,0,Outbound
2025-01-30,Orange,trip_03749,stop_030,10:29:00,10:30:00,25,1,Inbound
2025-01-31,Red,trip_03750,stop_001,11:30:00,11:31:00,1,0,Outbound
2025-01-01,Orange,trip_03751,stop_002,12:31:00,12:32:00,2,1,Inbound
2025-01-02,Red,trip_03752,stop_003,13:32:00,13:33:00,3,0,Outbound
2025-01-03,Orange,trip_03753,stop_004,14:33:00,14:34:00,4,1,Inbound
2025-01-04,Red,trip_03754,stop_005,15:34:00,15:35:00,5,0,Outbound
2025-01-05,Orange,trip_03755,stop_006,16:35:00,16:36:00,6,1,Inbound
2025-01-06,Red,trip_03756,stop_007,17:36:00,17:37:00,7,0,Outbound
2025-01-07,Orange,trip_03757,stop_008,18:37:00,18:38:00,8,1,Inbound
2025-01-08,Red,trip_03758,stop_009,19:38:00,19:39:00,9,0,Outbound
2025-01-09,Orange,trip_03759,stop_010,20:39:00,20:40:00,10,1,Inbound
2025-01-10,Red,trip_03760,stop_011,21:40:00,21:41:00,11,0,Outbound
2025-01-11,Orange,trip_03761,stop_012,22:41:00,22:42:00,12,1,Inbound
2025-01-12,Red,trip_03762,stop_013,05:42:00,05:43:00,13,0,Outbound
2025-01-13,Orange,trip_03763,stop_014,06:43:00,06:44:00,14,1,Inbound
2025-01-14,Red,trip_03764,stop_015,07:44:00,07:45:00,15,0,Outbound
2025-01-15,Orange,trip_03765,stop_016,08:45:00,08:46:00,16,1,Inbound
2025-01-16,Red,trip_03766,stop_017,09:46:00,09:47:00,17,0,Outbound
2025-01-17,Orange,trip_03767,stop_018,10:47:00,10:48:00,18,1,Inbound
2025-01-18,Red,trip_03768,stop_019,11:48:00,11:49:00,19,0,Outbound
2025-01-19,Orange,trip_03769,stop_020,12:49:00,12:50:00,20,1,Inbound
2025-01-20,Red,trip_03770,stop_021,13:50:00,13:51:00,21,0,Outbound
2025-01-21,Orange,trip_03771,stop_022,14:51:00,14:52:00,22,1,Inbound
2025-01-22,Red,trip_03772,stop_023,15:52:00,15:53:00,23,0,Outbound
2025-01-23,Orange,trip_03773,stop_024,16:53:00,16:54:00,24,1,Inbound
2025-01-24,Red,trip_03774,stop_025,17:54:00,17:55:00,25,0,Outbound
2025-01-25,Orange,trip_03775,stop_026,18:55:00,18:56:00,1,1,Inbound
2025-01-26,Red,trip_03776,stop_027,19:56:00,19:57:00,2,0,Outbound
2025-01-27,Orange,trip_03777,stop_028,20:57:00,20:58:00,3,1,Inbound
2025-01-28,Red,trip_03778,stop_029,21:58:00,21:59:00,4,0,Outbound
2025-01-29,Orange,trip_03779,stop_030,22:59:00,22:00:00,5,1,Inbound
2025-01-30,Red,trip_03780,stop_001,05:00:00,05:01:00,6,0,Outbound
2025-01-31,Orange,trip_03781,stop_002,06:01:00,06:02:00,7,1,Inbound
2025-01-01,Red,trip_03782,stop_003,07:02:00,07:03:00,8,0,Outbound
2025-01-02,Orange,trip_03783,stop_004,08:03:00,08:04:00,9,1,Inbound
2025-01-03,Red,trip_03784,stop_005,09:04:00,09:05:00,10,0,Outbound
2025-01-04,Orange,trip_03785,stop_006,10:05:00,10:06:00,11,1,Inbound
2025-01-05,Red,trip_03786,stop_007,11:06:00,11:07:00,12,0,Outbound
2025-01-06,Orange,trip_03787,stop_008,12:07:00,12:08:00,13,1,Inbound
2025-01-07,Red,trip_03788,stop_009,13:08:00,13:09:00,14,0,Outbound
2025-01-08,Orange,trip_03789,stop_010,14:09:00,14:10:00,15,1,Inbound
2025-01-09,Red,trip_03790,stop_011,15:10:00,15:11:00,16,0,Outbound
2025-01-10,Orange,trip_03791,stop_012,16:11:00,16:12:00,17,1,Inbound
2025-01-11,Red,trip_03792,stop_013,17:12:00,17:13:00,18,0,Outbound
2025-01-12,Orange,trip_03793,stop_014,18:13:00,18:14:00,19,1,Inbound
2025-01-13,Red,trip_03794,stop_015,19:14:00,19:15:00,20,0,Outbound
2025-01-14,Orange,trip_03795,stop_016,20:15:00,20:16:00,21,1,Inbound
2025-01-15,Red,trip_03796,stop_017,21:16:00,21:17:00,22,0,Outbound
2025-01-16,Orange,trip_03797,stop_018,22:17:00,22:18:00,23,1,Inbound
2025-01-17,Red,trip_03798,stop_019,05:18:00,05:19:00,24,0,Outbound
2025-01-18,Orange,trip_03799,stop_020,06:19:00,06:20:00,25,1,Inbound
2025-01-19,Red,trip_03800,stop_021,07:20:00,07:21:00,1,0,Outbound
2025-01-20,Orange,trip_03801,stop_022,08:21:00,08:22:00,2,1,Inbound
2025-01-21,Red,trip_03802,stop_023,09:22:00,09:23:00,3,0,Outbound
2025-01-22,Orange,trip_03803,stop_024,10:23:00,10:24:00,4,1,Inbound
2025-01-23,Red,trip_03804,stop_025,11:24:00,11:25:00,5,0,Outbound
2025-01-24,Orange,trip_03805,stop_026,12:25:00,12:26:00,6,1,Inbound
2025-01-25,Red,trip_03806,stop_027,13:26:00,13:27:00,7,0,Outbound
2025-01-26,Orange,trip_03807,stop_028,14:27:00,14:28:00,8,1,Inbound
2025-01-27,Red,trip_03808,stop_029,15:28:00,15:29:00,9,0,Outbound
2025-01-28,Orange,trip_03809,stop_030,16:29:00,16:30:00,10,1,Inbound
2025-01-29,Red,trip_03810,stop_001,17:30:00,17:31:00,11,0,Outbound
2025-01-30,Orange,trip_03811,stop_002,18:31:00,18:32:00,12,1,Inbound
2025-01-31,Red,trip_03812,stop_003,19:32:00,19:33:00,13,0,Outbound
2025-01-01,Orange,trip_03813,stop_004,20:33:00,20:34:00,14,1,Inbound
2025-01-02,Red,trip_03814,stop_005,21:34:00,21:35:00,15,0,Outbound
2025-01-03,Orange,trip_03815,stop_006,22:35:00,22:36:00,16,1,Inbound
2025-01-04,Red,trip_03816,stop_007,05:36:00,05:37:00,17,0,Outbound
2025-01-05,Orange,trip_03817,stop_008,06:37:00,06:38:00,18,1,Inbound
2025-01-06,Red,trip_03818,stop_009,07:38:00,07:39:00,19,0,Outbound
2025-01-07,Orange,trip_03819,stop_010,08:39:00,08:40:00,20,1,Inbound
2025-01-08,Red,trip_03820,stop_011,09:40:00,09:41:00,21,0,Outbound
2025-01-09,Orange,trip_03821,stop_012,10:41:00,10:42:00,22,1,Inbound
2025-01-10,Red,trip_03822,stop_013,11:42:00,11:43:00,23,0,Outbound
2025-01-11,Orange,trip_03823,stop_014,12:43:00,12:44:00,24,1,Inbound
2025-01-12,Red,trip_03824,stop_015,13:44:00,13:45:00,25,0,Outbound
2025-01-13,Orange,trip_03825,stop_016,14:45:00,14:46:00,1,1,Inbound
2025-01-14,Red,trip_03826,stop_017,15:46:00,15:47:00,2,0,Outbound
2025-01-15,Orange,trip_03827,stop_018,16:47:00,16:48:00,3,1,Inbound
2025-01-16,Red,trip_03828,stop_019,17:48:00,17:49:00,4,0,Outbound
2025-01-17,Orange,trip_03829,stop_020,18:49:00,18:50:00,5,1,Inbound
2025-01-18,Red,trip_03830,stop_021,19:50:00,19:51:00,6,0,Outbound
2025-01-19,Orange,trip_03831,stop_022,20:51:00,20:52:00,7,1,Inbound
2025-01-20,Red,trip_03832,stop_023,21:52:00,21:53:00,8,0,Outbound
2025-01-21,Orange,trip_03833,stop_024,22:53:00,22:54:00,9,1,Inbound
2025-01-22,Red,trip_03834,stop_025,05:54:00,05:55:00,10,0,Outbound
2025-01-23,Orange,trip_03835,stop_026,06:55:00,06:56:00,11,1,Inbound
2025-01-24,Red,trip_03836,stop_027,07:56:00,07:57:00,12,0,Outbound
2025-01-25,Orange,trip_03837,stop_028,08:57:00,08:58:00,13,1,Inbound
2025-01-26,Red,trip_03838,stop_029,09:58:00,09:59:00,14,0,Outbound
2025-01-27,Orange,trip_03839,stop_030,10:59:00,10:00:00,15,1,Inbound
2025-01-28,Red,trip_03840,stop_001,11:00:00,11:01:00,16,0,Outbound
2025-01-29,Orange,trip_03841,stop_002,12:01:00,12:02:00,17,1,Inbound
2025-01-30,Red,trip_03842,stop_003,13:02:00,13:03:00,18,0,Outbound
2025-01-31,Orange,trip_03843,stop_004,14:03:00,14:04:00,19,1,Inbound
2025-01-01,Red,trip_03844,stop_005,15:04:00,15:05:00,20,0,Outbound
2025-01-02,Orange,trip_03845,stop_006,16:05:00,16:06:00,21,1,Inbound
2025-01-03,Red,trip_03846,stop_007,17:06:00,17:07:00,22,0,Outbound
2025-01-04,Orange,trip_03847,stop_008,18:07:00,18:08:00,23,1,Inbound
2025-01-05,Red,trip_03848,stop_009,19:08:00,19:09:00,24,0,Outbound
2025-01-06,Orange,trip_03849,stop_010,20:09:00,20:10:00,25,1,Inbound
2025-01-07,Red,trip_03850,stop_011,21:10:00,21:11:00,1,0,Outbound
2025-01-08,Orange,trip_03851,stop_012,22:11:00,22:12:00,2,1,Inbound
2025-01-09,Red,trip_03852,stop_013,05:12:00,05:13:00,3,0,Outbound
2025-01-10,Orange,trip_03853,stop_014,06:13:00,06:14:00,4,1,Inbound
2025-01-11,Red,trip_03854,stop_015,07:14:00,07:15:00,5,0,Outbound
2025-01-12,Orange,trip_03855,stop_016,08:15:00,08:16:00,6,1,Inbound
2025-01-13,Red,trip_03856,stop_017,09:16:00,09:17:00,7,0,Outbound
2025-01-14,Orange,trip_03857,stop_018,10:17:00,10:18:00,8,1,Inbound
2025-01-15,Red,trip_03858,stop_019,11:18:00,11:19:00,9,0,Outbound
2025-01-16,Orange,trip_03859,stop_020,12:19:00,12:20:00,10,1,Inbound
2025-01-17,Red,trip_03860,stop_021,13:20:00,13:21:00,11,0,Outbound
2025-01-18,Orange,trip_03861,stop_022,14:21:00,14:22:00,12,1,Inbound
2025-01-19,Red,trip_03862,stop_023,15:22:00,15:23:00,13,0,Outbound
2025-01-20,Orange,trip_03863,stop_024,16:23:00,16:24:00,14,1,Inbound
2025-01-21,Red,trip_03864,stop_025,17:24:00,17:25:00,15,0,Outbound
2025-01-22,Orange,trip_03865,stop_026,18:25:00,18:26:00,16,1,Inbound
2025-01-23,Red,trip_03866,stop_027,19:26:00,19:27:00,17,0,Outbound
2025-01-24,Orange,trip_03867,stop_028,20:27:00,20:28:00,18,1,Inbound
2025-01-25,Red,trip_03868,stop_029,21:28:00,21:29:00,19,0,Outbound
2025-01-26,Orange,trip_03869,stop_030,22:29:00,22:30:00,20,1,Inbound
2025-01-27,Red,trip_03870,stop_001,05:30:00,05:31:00,21,0,Outbound
2025-01-28,Orange,trip_03871,stop_002,06:31:00,06:32:00,22,1,Inbound
2025-01-29,Red,trip_03872,stop_003,07:32:00,07:33:00,23,0,Outbound
2025-01-30,Orange,trip_03873,stop_004,08:33:00,08:34:00,24,1,Inbound
2025-01-31,Red,trip_03874,stop_005,09:34:00,09:35:00,25,0,Outbound
2025-01-01,Orange,trip_03875,stop_006,10:35:00,10:36:00,1,1,Inbound
2025-01-02,Red,trip_03876,stop_007,11:36:00,11:37:00,2,0,Outbound
2025-01-03,Orange,trip_03877,stop_008,12:37:00,12:38:00,3,1,Inbound
2025-01-04,Red,trip_03878,stop_009,13:38:00,13:39:00,4,0,Outbound
2025-01-05,Orange,trip_03879,stop_010,14:39:00,14:40:00,5,1,Inbound
2025-01-06,Red,trip_03880,stop_011,15:40:00,15:41:00,6,0,Outbound
2025-01-07,Orange,trip_03881,stop_012,16:41:00,16:42:00,7,1,Inbound
2025-01-08,Red,trip_03882,stop_013,17:42:00,17:43:00,8,0,Outbound
2025-01-09,Orange,trip_03883,stop_014,18:43:00,18:44:00,9,1,Inbound
2025-01-10,Red,trip_03884,stop_015,19:44:00,19:45:00,10,0,Outbound
2025-01-11,Orange,trip_03885,stop_016,20:45:00,20:46:00,11,1,Inbound
2025-01-12,Red,trip_03886,stop_017,21:46:00,21:47:00,12,0,Outbound
2025-01-13,Orange,trip_03887,stop_018,22:47:00,22:48:00,13,1,Inbound
2025-01-14,Red,trip_03888,stop_019,05:48:00,05:49:00,14,0,Outbound
2025-01-15,Orange,trip_03889,stop_020,06:49:00,06:50:00,15,1,Inbound
2025-01-16,Red,trip_03890,stop_021,07:50:00,07:51:00,16,0,Outbound
2025-01-17,Orange,trip_03891,stop_022,08:51:00,08:52:00,17,1,Inbound
2025-01-18,Red,trip_03892,stop_023,09:52:00,09:53:00,18,0,Outbound
2025-01-19,Orange,trip_03893,stop_024,10:53:00,10:54:00,19,1,Inbound
2025-01-20,Red,trip_03894,stop_025,11:54:00,11:55:00,20,0,Outbound
2025-01-21,Orange,trip_03895,stop_026,12:55:00,12:56:00,21,1,Inbound
2025-01-22,Red,trip_03896,stop_027,13:56:00,13:57:00,22,0,Outbound
2025-01-23,Orange,trip_03897,stop_028,14:57:00,14:58:00,23,1,Inbound
2025-01-24,Red,trip_03898,stop_029,15:58:00,15:59:00,24,0,Outbound
2025-01-25,Orange,trip_03899,stop_030,16:59:00,16:00:00,25,1,Inbound
2025-01-26,Red,trip_03900,stop_001,17:00:00,17:01:00,1,0,Outbound
2025-01-27,Orange,trip_03901,stop_002,18:01:00,18:02:00,2,1,Inbound
2025-01-28,Red,trip_03902,stop_003,19:02:00,19:03:00,3,0,Outbound
2025-01-29,Orange,trip_03903,stop_004,20:03:00,20:04:00,4,1,Inbound
2025-01-30,Red,trip_03904,stop_005,21:04:00,21:05:00,5,0,Outbound
2025-01-31,Orange,trip_03905,stop_006,22:05:00,22:06:00,6,1,Inbound
2025-01-01,Red,trip_03906,stop_007,05:06:00,05:07:00,7,0,Outbound
2025-01-02,Orange,trip_03907,stop_008,06:07:00,06:08:00,8,1,Inbound
2025-01-03,Red,trip_03908,stop_009,07:08:00,07:09:00,9,0,Outbound
2025-01-04,Orange,trip_03909,stop_010,08:09:00,08:10:00,10,1,Inbound
2025-01-05,Red,trip_03910,stop_011,09:10:00,09:11:00,11,0,Outbound
2025-01-06,Orange,trip_03911,stop_012,10:11:00,10:12:00,12,1,Inbound
2025-01-07,Red,trip_03912,stop_013,11:12:00,11:13:00,13,0,Outbound
2025-01-08,Orange,trip_03913,stop_014,12:13:00,12:14:00,14,1,Inbound
2025-01-09,Red,trip_03914,stop_015,13:14:00,13:15:00,15,0,Outbound
2025-01-10,Orange,trip_03915,stop_016,14:15:00,14:16:00,16,1,Inbound
2025-01-11,Red,trip_03916,stop_017,15:16:00,15:17:00,17,0,Outbound
2025-01-12,Orange,trip_03917,stop_018,16:17:00,16:18:00,18,1,Inbound
2025-01-13,Red,trip_03918,stop_019,17:18:00,17:19:00,19,0,Outbound
2025-01-14,Orange,trip_03919,stop_020,18:19:00,18:20:00,20,1,Inbound
2025-01-15,Red,trip_03920,stop_021,19:20:00,19:21:00,21,0,Outbound
2025-01-16,Orange,trip_03921,stop_022,20:21:00,20:22:00,22,1,Inbound
2025-01-17,Red,trip_03922,stop_023,21:22:00,21:23:00,23,0,Outbound
2025-01-18,Orange,trip_03923,stop_024,22:23:00,22:24:00,24,1,Inbound
2025-01-19,Red,trip_03924,stop_025,05:24:00,05:25:00,25,0,Outbound
2025-01-20,Orange,trip_03925,stop_026,06:25:00,06:26:00,1,1,Inbound
2025-01-21,Red,trip_03926,stop_027,07:26:00,07:27:00,2,0,Outbound
2025-01-22,Orange,trip_03927,stop_028,08:27:00,08:28:00,3,1,Inbound
2025-01-23,Red,trip_03928,stop_029,09:28:00,09:29:00,4,0,Outbound
2025-01-24,Orange,trip_03929,stop_030,10:29:00,10:30:00,5,1,Inbound
2025-01-25,Red,trip_03930,stop_001,11:30:00,11:31:00,6,0,Outbound
2025-01-26,Orange,trip_03931,stop_002,12:31:00,12:32:00,7,1,Inbound
2025-01-27,Red,trip_03932,stop_003,13:32:00,13:33:00,8,0,Outbound
2025-01-28,Orange,trip_03933,stop_004,14:33:00,14:34:00,9,1,Inbound
2025-01-29,Red,trip_03934,stop_005,15:34:00,15:35:00,10,0,Outbound
2025-01-30,Orange,trip_03935,stop_006,16:35:00,16:36:00,11,1,Inbound
2025-01-31,Red,trip_03936,stop_007,17:36:00,17:37:00,12,0,Outbound
2025-01-01,Orange,trip_03937,stop_008,18:37:00,18:38:00,13,1,Inbound
2025-01-02,Red,trip_03938,stop_009,19:38:00,19:39:00,14,0,Outbound
2025-01-03,Orange,trip_03939,stop_010,20:39:00,20:40:00,15,1,Inbound
2025-01-04,Red,trip_03940,stop_011,21:40:00,21:41:00,16,0,Outbound
2025-01-05,Orange,trip_03941,stop_012,22:41:00,22:42:00,17,1,Inbound
2025-01-06,Red,trip_03942,stop_013,05:42:00,05:43:00,18,0,Outbound
2025-01-07,Orange,trip_03943,stop_014,06:43:00,06:44:00,19,1,Inbound
2025-01-08,Red,trip_03944,stop_015,07:44:00,07:45:00,20,0,Outbound
2025-01-09,Orange,trip_03945,stop_016,08:45:00,08:46:00,21,1,Inbound
2025-01-10,Red,trip_03946,stop_017,09:46:00,09:47:00,22,0,Outbound
2025-01-11,Orange,trip_03947,stop_018,10:47:00,10:48:00,23,1,Inbound
2025-01-12,Red,trip_03948,stop_019,11:48:00,11:49:00,24,0,Outbound
2025-01-13,Orange,trip_03949,stop_020,12:49:00,12:50:00,25,1,Inbound
2025-01-14,Red,trip_03950,stop_021,13:50:00,13:51:00,1,0,Outbound
2025-01-15,Orange,trip_03951,stop_022,14:51:00,14:52:00,2,1,Inbound
2025-01-16,Red,trip_03952,stop_023,15:52:00,15:53:00,3,0,Outbound
2025-01-17,Orange,trip_03953,stop_024,16:53:00,16:54:00,4,1,Inbound
2025-01-18,Red,trip_03954,stop_025,17:54:00,17:55:00,5,0,Outbound
2025-01-19,Orange,trip_03955,stop_026,18:55:00,18:56:00,6,1,Inbound
2025-01-20,Red,trip_03956,stop_027,19:56:00,19:57:00,7,0,Outbound
2025-01-21,Orange,trip_03957,stop_028,20:57:00,20:58:00,8,1,Inbound
2025-01-22,Red,trip_03958,stop_029,21:58:00,21:59:00,9,0,Outbound
2025-01-23,Orange,trip_03959,stop_030,22:59:00,22:00:00,10,1,Inbound
2025-01-24,Red,trip_03960,stop_001,05:00:00,05:01:00,11,0,Outbound
2025-01-25,Orange,trip_03961,stop_002,06:01:00,06:02:00,12,1,Inbound
2025-01-26,Red,trip_03962,stop_003,07:02:00,07:03:00,13,0,Outbound
2025-01-27,Orange,trip_03963,stop_004,08:03:00,08:04:00,14,1,Inbound
2025-01-28,Red,trip_03964,stop_005,09:04:00,09:05:00,15,0,Outbound
2025-01-29,Orange,trip_03965,stop_006,10:05:00,10:06:00,16,1,Inbound
2025-01-30,Red,trip_03966,stop_007,11:06:00,11:07:00,17,0,Outbound
2025-01-31,Orange,trip_03967,stop_008,12:07:00,12:08:00,18,1,Inbound
2025-01-01,Red,trip_03968,stop_009,13:08:00,13:09:00,19,0,Outbound
2025-01-02,Orange,trip_03969,stop_010,14:09:00,14:10:00,20,1,Inbound
2025-01-03,Red,trip_03970,stop_011,15:10:00,15:11:00,21,0,Outbound
2025-01-04,Orange,trip_03971,stop_012,16:11:00,16:12:00,22,1,Inbound
2025-01-05,Red,trip_03972,stop_013,17:12:00,17:13:00,23,0,Outbound
2025-01-06,Orange,trip_03973,stop_014,18:13:00,18:14:00,24,1,Inbound
2025-01-07,Red,trip_03974,stop_015,19:14:00,19:15:00,25,0,Outbound
2025-01-08,Orange,trip_03975,stop_016,20:15:00,20:16:00,1,1,Inbound
2025-01-09,Red,trip_03976,stop_017,21:16:00,21:17:00,2,0,Outbound
2025-01-10,Orange,trip_03977,stop_018,22:17:00,22:18:00,3,1,Inbound
2025-01-11,Red,trip_03978,stop_019,05:18:00,05:19:00,4,0,Outbound
2025-01-12,Orange,trip_03979,stop_020,06:19:00,06:20:00,5,1,Inbound
2025-01-13,Red,trip_03980,stop_021,07:20:00,07:21:00,6,0,Outbound
2025-01-14,Orange,trip_03981,stop_022,08:21:00,08:22:00,7,1,Inbound
2025-01-15,Red,trip_03982,stop_023,09:22:00,09:23:00,8,0,Outbound
2025-01-16,Orange,trip_03983,stop_024,10:23:00,10:24:00,9,1,Inbound
2025-01-17,Red,trip_03984,stop_025,11:24:00,11:25:00,10,0,Outbound
2025-01-18,Orange,trip_03985,stop_026,12:25:00,12:26:00,11,1,Inbound
2025-01-19,Red,trip_03986,stop_027,13:26:00,13:27:00,12,0,Outbound
2025-01-20,Orange,trip_03987,stop_028,14:27:00,14:28:00,13,1,Inbound
2025-01-21,Red,trip_03988,stop_029,15:28:00,15:29:00,14,0,Outbound
2025-01-22,Orange,trip_03989,stop_030,16:29:00,16:30:00,15,1,Inbound
2025-01-23,Red,trip_03990,stop_001,17:30:00,17:31:00,16,0,Outbound
2025-01-24,Orange,trip_03991,stop_002,18:31:00,18:32:00,17,1,Inbound
2025-01-25,Red,trip_03992,stop_003,19:32:00,19:33:00,18,0,Outbound
2025-01-26,Orange,trip_03993,stop_004,20:33:00,20:34:00,19,1,Inbound
2025-01-27,Red,trip_03994,stop_005,21:34:00,21:35:00,20,0,Outbound
2025-01-28,Orange,trip_03995,stop_006,22:35:00,22:36:00,21,1,Inbound
2025-01-29,Red,trip_03996,stop_007,05:36:00,05:37:00,22,0,Outbound
2025-01-30,Orange,trip_03997,stop_008,06:37:00,06:38:00,23,1,Inbound
2025-01-31,Red,trip_03998,stop_009,07:38:00,07:39:00,24,0,Outbound
2025-01-01,Orange,trip_03999,stop_010,08:39:00,08:40:00,25,1,Inbound
2025-01-02,Red,trip_04000,stop_011,09:40:00,09:41:00,1,0,Outbound
2025-01-03,Orange,trip_04001,stop_012,10:41:00,10:42:00,2,1,Inbound
2025-01-04,Red,trip_04002,stop_013,11:42:00,11:43:00,3,0,Outbound
2025-01-05,Orange,trip_04003,stop_014,12:43:00,12:44:00,4,1,Inbound
2025-01-06,Red,trip_04004,stop_015,13:44:00,13:45:00,5,0,Outbound
2025-01-07,Orange,trip_04005,stop_016,14:45:00,14:46:00,6,1,Inbound
2025-01-08,Red,trip_04006,stop_017,15:46:00,15:47:00,7,0,Outbound
2025-01-09,Orange,trip_04007,stop_018,16:47:00,16:48:00,8,1,Inbound
2025-01-10,Red,trip_04008,stop_019,17:48:00,17:49:00,9,0,Outbound
2025-01-11,Orange,trip_04009,stop_020,18:49:00,18:50:00,10,1,Inbound
2025-01-12,Red,trip_04010,stop_021,19:50:00,19:51:00,11,0,Outbound
2025-01-13,Orange,trip_04011,stop_022,20:51:00,20:52:00,12,1,Inbound
2025-01-14,Red,trip_04012,stop_023,21:52:00,21:53:00,13,0,Outbound
2025-01-15,Orange,trip_04013,stop_024,22:53:00,22:54:00,14,1,Inbound
2025-01-16,Red,trip_04014,stop_025,05:54:00,05:55:00,15,0,Outbound
2025-01-17,Orange,trip_04015,stop_026,06:55:00,06:56:00,16,1,Inbound
2025-01-18,Red,trip_04016,stop_027,07:56:00,07:57:00,17,0,Outbound
2025-01-19,Orange,trip_04017,stop_028,08:57:00,08:58:00,18,1,Inbound
2025-01-20,Red,trip_04018,stop_029,09:58:00,09:59:00,19,0,Outbound
2025-01-21,Orange,trip_04019,stop_030,10:59:00,10:00:00,20,1,Inbound
2025-01-22,Red,trip_04020,stop_001,11:00:00,11:01:00,21,0,Outbound
2025-01-23,Orange,trip_04021,stop_002,12:01:00,12:02:00,22,1,Inbound
2025-01-24,Red,trip_04022,stop_003,13:02:00,13:03:00,23,0,Outbound
2025-01-25,Orange,trip_04023,stop_004,14:03:00,14:04:00,24,1,Inbound
2025-01-26,Red,trip_04024,stop_005,15:04:00,15:05:00,25,0,Outbound
2025-01-27,Orange,trip_04025,stop_006,16:05:00,16:06:00,1,1,Inbound
2025-01-28,Red,trip_04026,stop_007,17:06:00,17:07:00,2,0,Outbound
2025-01-29,Orange,trip_04027,stop_008,18:07:00,18:08:00,3,1,Inbound
2025-01-30,Red,trip_04028,stop_009,19:08:00,19:09:00,4,0,Outbound
2025-01-31,Orange,trip_04029,stop_010,20:09:00,20:10:00,5,1,Inbound
2025-01-01,Red,trip_04030,stop_011,21:10:00,21:11:00,6,0,Outbound
2025-01-02,Orange,trip_04031,stop_012,22:11:00,22:12:00,7,1,Inbound
2025-01-03,Red,trip_04032,stop_013,05:12:00,05:13:00,8,0,Outbound
2025-01-04,Orange,trip_04033,stop_014,06:13:00,06:14:00,9,1,Inbound
2025-01-05,Red,trip_04034,stop_015,07:14:00,07:15:00,10,0,Outbound
2025-01-06,Orange,trip_04035,stop_016,08:15:00,08:16:00,11,1,Inbound
2025-01-07,Red,trip_04036,stop_017,09:16:00,09:17:00,12,0,Outbound
2025-01-08,Orange,trip_04037,stop_018,10:17:00,10:18:00,13,1,Inbound
2025-01-09,Red,trip_04038,stop_019,11:18:00,11:19:00,14,0,Outbound
2025-01-10,Orange,trip_04039,stop_020,12:19:00,12:20:00,15,1,Inbound
2025-01-11,Red,trip_04040,stop_021,13:20:00,13:21:00,16,0,Outbound
2025-01-12,Orange,trip_04041,stop_022,14:21:00,14:22:00,17,1,Inbound
2025-01-13,Red,trip_04042,stop_023,15:22:00,15:23:00,18,0,Outbound
2025-01-14,Orange,trip_04043,stop_024,16:23:00,16:24:00,19,1,Inbound
2025-01-15,Red,trip_04044,stop_025,17:24:00,17:25:00,20,0,Outbound
2025-01-16,Orange,trip_04045,stop_026,18:25:00,18:26:00,21,1,Inbound
2025-01-17,Red,trip_04046,stop_027,19:26:00,19:27:00,22,0,Outbound
2025-01-18,Orange,trip_04047,stop_028,20:27:00,20:28:00,23,1,Inbound
2025-01-19,Red,trip_04048,stop_029,21:28:00,21:29:00,24,0,Outbound
2025-01-20,Orange,trip_04049,stop_030,22:29:00,22:30:00,25,1,Inbound
2025-01-21,Red,trip_04050,stop_001,05:30:00,05:31:00,1,0,Outbound
2025-01-22,Orange,trip_04051,stop_002,06:31:00,06:32:00,2,1,Inbound
2025-01-23,Red,trip_04052,stop_003,07:32:00,07:33:00,3,0,Outbound
2025-01-24,Orange,trip_04053,stop_004,08:33:00,08:34:00,4,1,Inbound
2025-01-25,Red,trip_04054,stop_005,09:34:00,09:35:00,5,0,Outbound
2025-01-26,Orange,trip_04055,stop_006,10:35:00,10:36:00,6,1,Inbound
2025-01-27,Red,trip_04056,stop_007,11:36:00,11:37:00,7,0,Outbound
2025-01-28,Orange,trip_04057,stop_008,12:37:00,12:38:00,8,1,Inbound
2025-01-29,Red,trip_04058,stop_009,13:38:00,13:39:00,9,0,Outbound
2025-01-30,Orange,trip_04059,stop_010,14:39:00,14:40:00,10,1,Inbound
2025-01-31,Red,trip_04060,stop_011,15:40:00,15:41:00,11,0,Outbound
2025-01-01,Orange,trip_04061,stop_012,16:41:00,16:42:00,12,1,Inbound
2025-01-02,Red,trip_04062,stop_013,17:42:00,17:43:00,13,0,Outbound
2025-01-03,Orange,trip_04063,stop_014,18:43:00,18:44:00,14,1,Inbound
2025-01-04,Red,trip_04064,stop_015,19:44:00,19:45:00,15,0,Outbound
2025-01-05,Orange,trip_04065,stop_016,20:45:00,20:46:00,16,1,Inbound
2025-01-06,Red,trip_04066,stop_017,21:46:00,21:47:00,17,0,Outbound
2025-01-07,Orange,trip_04067,stop_018,22:47:00,22:48:00,18,1,Inbound
2025-01-08,Red,trip_04068,stop_019,05:48:00,05:49:00,19,0,Outbound
2025-01-09,Orange,trip_04069,stop_020,06:49:00,06:50:00,20,1,Inbound
2025-01-10,Red,trip_04070,stop_021,07:50:00,07:51:00,21,0,Outbound
2025-01-11,Orange,trip_04071,stop_022,08:51:00,08:52:00,22,1,Inbound
2025-01-12,Red,trip_04072,stop_023,09:52:00,09:53:00,23,0,Outbound
2025-01-13,Orange,trip_04073,stop_024,10:53:00,10:54:00,24,1,Inbound
2025-01-14,Red,trip_04074,stop_025,11:54:00,11:55:00,25,0,Outbound
2025-01-15,Orange,trip_04075,stop_026,12:55:00,12:56:00,1,1,Inbound
2025-01-16,Red,trip_04076,stop_027,13:56:00,13:57:00,2,0,Outbound
2025-01-17,Orange,trip_04077,stop_028,14:57:00,14:58:00,3,1,Inbound
2025-01-18,Red,trip_04078,stop_029,15:58:00,15:59:00,4,0,Outbound
2025-01-19,Orange,trip_04079,stop_030,16:59:00,16:00:00,5,1,Inbound
2025-01-20,Red,trip_04080,stop_001,17:00:00,17:01:00,6,0,Outbound
2025-01-21,Orange,trip_04081,stop_002,18:01:00,18:02:00,7,1,Inbound
2025-01-22,Red,trip_04082,stop_003,19:02:00,19:03:00,8,0,Outbound
2025-01-23,Orange,trip_04083,stop_004,20:03:00,20:04:00,9,1,Inbound
2025-01-24,Red,trip_04084,stop_005,21:04:00,21:05:00,10,0,Outbound
2025-01-25,Orange,trip_04085,stop_006,22:05:00,22:06:00,11,1,Inbound
2025-01-26,Red,trip_04086,stop_007,05:06:00,05:07:00,12,0,Outbound
2025-01-27,Orange,trip_04087,stop_008,06:07:00,06:08:00,13,1,Inbound
2025-01-28,Red,trip_04088,stop_009,07:08:00,07:09:00,14,0,Outbound
2025-01-29,Orange,trip_04089,stop_010,08:09:00,08:10:00,15,1,Inbound
2025-01-30,Red,trip_04090,stop_011,09:10:00,09:11:00,16,0,Outbound
2025-01-31,Orange,trip_04091,stop_012,10:11:00,10:12:00,17,1,Inbound
2025-01-01,Red,trip_04092,stop_013,11:12:00,11:13:00,18,0,Outbound
2025-01-02,Orange,trip_04093,stop_014,12:13:00,12:14:00,19,1,Inbound
2025-01-03,Red,trip_04094,stop_015,13:14:00,13:15:00,20,0,Outbound
2025-01-04,Orange,trip_04095,stop_016,14:15:00,14:16:00,21,1,Inbound
2025-01-05,Red,trip_04096,stop_017,15:16:00,15:17:00,22,0,Outbound
2025-01-06,Orange,trip_04097,stop_018,16:17:00,16:18:00,23,1,Inbound
2025-01-07,Red,trip_04098,stop_019,17:18:00,17:19:00,24,0,Outbound
2025-01-08,Orange,trip_04099,stop_020,18:19:00,18:20:00,25,1,Inbound
2025-01-09,Red,trip_04100,stop_021,19:20:00,19:21:00,1,0,Outbound
2025-01-10,Orange,trip_04101,stop_022,20:21:00,20:22:00,2,1,Inbound
2025-01-11,Red,trip_04102,stop_023,21:22:00,21:23:00,3,0,Outbound
2025-01-12,Orange,trip_04103,stop_024,22:23:00,22:24:00,4,1,Inbound
2025-01-13,Red,trip_04104,stop_025,05:24:00,05:25:00,5,0,Outbound
2025-01-14,Orange,trip_04105,stop_026,06:25:00,06:26:00,6,1,Inbound
2025-01-15,Red,trip_04106,stop_027,07:26:00,07:27:00,7,0,Outbound
2025-01-16,Orange,trip_04107,stop_028,08:27:00,08:28:00,8,1,Inbound
2025-01-17,Red,trip_04108,stop_029,09:28:00,09:29:00,9,0,Outbound
2025-01-18,Orange,trip_04109,stop_030,10:29:00,10:30:00,10,1,Inbound
2025-01-19,Red,trip_04110,stop_001,11:30:00,11:31:00,11,0,Outbound
2025-01-20,Orange,trip_04111,stop_002,12:31:00,12:32:00,12,1,Inbound
2025-01-21,Red,trip_04112,stop_003,13:32:00,13:33:00,13,0,Outbound
2025-01-22,Orange,trip_04113,stop_004,14:33:00,14:34:00,14,1,Inbound
2025-01-23,Red,trip_04114,stop_005,15:34:00,15:35:00,15,0,Outbound
2025-01-24,Orange,trip_04115,stop_006,16:35:00,16:36:00,16,1,Inbound
2025-01-25,Red,trip_04116,stop_007,17:36:00,17:37:00,17,0,Outbound
2025-01-26,Orange,trip_04117,stop_008,18:37:00,18:38:00,18,1,Inbound
2025-01-27,Red,trip_04118,stop_009,19:38:00,19:39:00,19,0,Outbound
2025-01-28,Orange,trip_04119,stop_010,20:39:00,20:40:00,20,1,Inbound
2025-01-29,Red,trip_04120,stop_011,21:40:00,21:41:00,21,0,Outbound
2025-01-30,Orange,trip_04121,stop_012,22:41:00,22:42:00,22,1,Inbound
2025-01-31,Red,trip_04122,stop_013,05:42:00,05:43:00,23,0,Outbound
2025-01-01,Orange,trip_04123,stop_014,06:43:00,06:44:00,24,1,Inbound
2025-01-02,Red,trip_04124,stop_015,07:44:00,07:45:00,25,0,Outbound
2025-01-03,Orange,trip_04125,stop_016,08:45:00,08:46:00,1,1,Inbound
2025-01-04,Red,trip_04126,stop_017,09:46:00,09:47:00,2,0,Outbound
2025-01-05,Orange,trip_04127,stop_018,10:47:00,10:48:00,3,1,Inbound
2025-01-06,Red,trip_04128,stop_019,11:48:00,11:49:00,4,0,Outbound
2025-01-07,Orange,trip_04129,stop_020,12:49:00,12:50:00,5,1,Inbound
2025-01-08,Red,trip_04130,stop_021,13:50:00,13:51:00,6,0,Outbound
2025-01-09,Orange,trip_04131,stop_022,14:51:00,14:52:00,7,1,Inbound
2025-01-10,Red,trip_04132,stop_023,15:52:00,15:53:00,8,0,Outbound
2025-01-11,Orange,trip_04133,stop_024,16:53:00,16:54:00,9,1,Inbound
2025-01-12,Red,trip_04134,stop_025,17:54:00,17:55:00,10,0,Outbound
2025-01-13,Orange,trip_04135,stop_026,18:55:00,18:56:00,11,1,Inbound
2025-01-14,Red,trip_04136,stop_027,19:56:00,19:57:00,12,0,Outbound
2025-01-15,Orange,trip_04137,stop_028,20:57:00,20:58:00,13,1,Inbound
2025-01-16,Red,trip_04138,stop_029,21:58:00,21:59:00,14,0,Outbound
2025-01-17,Orange,trip_04139,stop_030,22:59:00,22:00:00,15,1,Inbound
2025-01-18,Red,trip_04140,stop_001,05:00:00,05:01:00,16,0,Outbound
2025-01-19,Orange,trip_04141,stop_002,06:01:00,06:02:00,17,1,Inbound
2025-01-20,Red,trip_04142,stop_003,07:02:00,07:03:00,18,0,Outbound
2025-01-21,Orange,trip_04143,stop_004,08:03:00,08:04:00,19,1,Inbound
2025-01-22,Red,trip_04144,stop_005,09:04:00,09:05:00,20,0,Outbound
2025-01-23,Orange,trip_04145,stop_006,10:05:00,10:06:00,21,1,Inbound
2025-01-24,Red,trip_04146,stop_007,11:06:00,11:07:00,22,0,Outbound
2025-01-25,Orange,trip_04147,stop_008,12:07:00,12:08:00,23,1,Inbound
2025-01-26,Red,trip_04148,stop_009,13:08:00,13:09:00,24,0,Outbound
2025-01-27,Orange,trip_04149,stop_010,14:09:00,14:10:00,25,1,Inbound
2025-01-28,Red,trip_04150,stop_011,15:10:00,15:11:00,1,0,Outbound
2025-01-29,Orange,trip_04151,stop_012,16:11:00,16:12:00,2,1,Inbound
2025-01-30,Red,trip_04152,stop_013,17:12:00,17:13:00,3,0,Outbound
2025-01-31,Orange,trip_04153,stop_014,18:13:00,18:14:00,4,1,Inbound
2025-01-01,Red,trip_04154,stop_015,19:14:00,19:15:00,5,0,Outbound
2025-01-02,Orange,trip_04155,stop_016,20:15:00,20:16:00,6,1,Inbound
2025-01-03,Red,trip_04156,stop_017,21:16:00,21:17:00,7,0,Outbound
2025-01-04,Orange,trip_04157,stop_018,22:17:00,22:18:00,8,1,Inbound
2025-01-05,Red,trip_04158,stop_019,05:18:00,05:19:00,9,0,Outbound
2025-01-06,Orange,trip_04159,stop_020,06:19:00,06:20:00,10,1,Inbound
2025-01-07,Red,trip_04160,stop_021,07:20:00,07:21:00,11,0,Outbound
2025-01-08,Orange,trip_04161,stop_022,08:21:00,08:22:00,12,1,Inbound
2025-01-09,Red,trip_04162,stop_023,09:22:00,09:23:00,13,0,Outbound
2025-01-10,Orange,trip_04163,stop_024,10:23:00,10:24:00,14,1,Inbound
2025-01-11,Red,trip_04164,stop_025,11:24:00,11:25:00,15,0,Outbound
2025-01-12,Orange,trip_04165,stop_026,12:25:00,12:26:00,16,1,Inbound
2025-01-13,Red,trip_04166,stop_027,13:26:00,13:27:00,17,0,Outbound
2025-01-14,Orange,trip_04167,stop_028,14:27:00,14:28:00,18,1,Inbound
2025-01-15,Red,trip_04168,stop_029,15:28:00,15:29:00,19,0,Outbound
2025-01-16,Orange,trip_04169,stop_030,16:29:00,16:30:00,20,1,Inbound
2025-01-17,Red,trip_04170,stop_001,17:30:00,17:31:00,21,0,Outbound
2025-01-18,Orange,trip_04171,stop_002,18:31:00,18:32:00,22,1,Inbound
2025-01-19,Red,trip_04172,stop_003,19:32:00,19:33:00,23,0,Outbound
2025-01-20,Orange,trip_04173,stop_004,20:33:00,20:34:00,24,1,Inbound
2025-01-21,Red,trip_04174,stop_005,21:34:00,21:35:00,25,0,Outbound
2025-01-22,Orange,trip_04175,stop_006,22:35:00,22:36:00,1,1,Inbound
2025-01-23,Red,trip_04176,stop_007,05:36:00,05:37:00,2,0,Outbound
2025-01-24,Orange,trip_04177,stop_008,06:37:00,06:38:00,3,1,Inbound
2025-01-25,Red,trip_04178,stop_009,07:38:00,07:39:00,4,0,Outbound
2025-01-26,Orange,trip_04179,stop_010,08:39:00,08:40:00,5,1,Inbound
2025-01-27,Red,trip_04180,stop_011,09:40:00,09:41:00,6,0,Outbound
2025-01-28,Orange,trip_04181,stop_012,10:41:00,10:42:00,7,1,Inbound
2025-01-29,Red,trip_04182,stop_013,11:42:00,11:43:00,8,0,Outbound
2025-01-30,Orange,trip_04183,stop_014,12:43:00,12:44:00,9,1,Inbound
2025-01-31,Red,trip_04184,stop_015,13:44:00,13:45:00,10,0,Outbound
2025-01-01,Orange,trip_04185,stop_016,14:45:00,14:46:00,11,1,Inbound
2025-01-02,Red,trip_04186,stop_017,15:46:00,15:47:00,12,0,Outbound
2025-01-03,Orange,trip_04187,stop_018,16:47:00,16:48:00,13,1,Inbound
2025-01-04,Red,trip_04188,stop_019,17:48:00,17:49:00,14,0,Outbound
2025-01-05,Orange,trip_04189,stop_020,18:49:00,18:50:00,15,1,Inbound
2025-01-06,Red,trip_04190,stop_021,19:50:00,19:51:00,16,0,Outbound
2025-01-07,Orange,trip_04191,stop_022,20:51:00,20:52:00,17,1,Inbound
2025-01-08,Red,trip_04192,stop_023,21:52:00,21:53:00,18,0,Outbound
2025-01-09,Orange,trip_04193,stop_024,22:53:00,22:54:00,19,1,Inbound
2025-01-10,Red,trip_04194,stop_025,05:54:00,05:55:00,20,0,Outbound
2025-01-11,Orange,trip_04195,stop_026,06:55:00,06:56:00,21,1,Inbound
2025-01-12,Red,trip_04196,stop_027,07:56:00,07:57:00,22,0,Outbound
2025-01-13,Orange,trip_04197,stop_028,08:57:00,08:58:00,23,1,Inbound
2025-01-14,Red,trip_04198,stop_029,09:58:00,09:59:00,24,0,Outbound
2025-01-15,Orange,trip_04199,stop_030,10:59:00,10:00:00,25,1,Inbound
2025-01-16,Red,trip_04200,stop_001,11:00:00,11:01:00,1,0,Outbound
2025-01-17,Orange,trip_04201,stop_002,12:01:00,12:02:00,2,1,Inbound
2025-01-18,Red,trip_04202,stop_003,13:02:00,13:03:00,3,0,Outbound
2025-01-19,Orange,trip_04203,stop_004,14:03:00,14:04:00,4,1,Inbound
2025-01-20,Red,trip_04204,stop_005,15:04:00,15:05:00,5,0,Outbound
2025-01-21,Orange,trip_04205,stop_006,16:05:00,16:06:00,6,1,Inbound
2025-01-22,Red,trip_04206,stop_007,17:06:00,17:07:00,7,0,Outbound
2025-01-23,Orange,trip_04207,stop_008,18:07:00,18:08:00,8,1,Inbound
2025-01-24,Red,trip_04208,stop_009,19:08:00,19:09:00,9,0,Outbound
2025-01-25,Orange,trip_04209,stop_010,20:09:00,20:10:00,10,1,Inbound
2025-01-26,Red,trip_04210,stop_011,21:10:00,21:11:00,11,0,Outbound
2025-01-27,Orange,trip_04211,stop_012,22:11:00,22:12:00,12,1,Inbound
2025-01-28,Red,trip_04212,stop_013,05:12:00,05:13:00,13,0,Outbound
2025-01-29,Orange,trip_04213,stop_014,06:13:00,06:14:00,14,1,Inbound
2025-01-30,Red,trip_04214,stop_015,07:14:00,07:15:00,15,0,Outbound
2025-01-31,Orange,trip_04215,stop_016,08:15:00,08:16:00,16,1,Inbound
2025-01-01,Red,trip_04216,stop_017,09:16:00,09:17:00,17,0,Outbound
2025-01-02,Orange,trip_04217,stop_018,10:17:00,10:18:00,18,1,Inbound
2025-01-03,Red,trip_04218,stop_019,11:18:00,11:19:00,19,0,Outbound
2025-01-04,Orange,trip_04219,stop_020,12:19:00,12:20:00,20,1,Inbound
2025-01-05,Red,trip_04220,stop_021,13:20:00,13:21:00,21,0,Outbound
2025-01-06,Orange,trip_04221,stop_022,14:21:00,14:22:00,22,1,Inbound
2025-01-07,Red,trip_04222,stop_023,15:22:00,15:23:00,23,0,Outbound
2025-01-08,Orange,trip_04223,stop_024,16:23:00,16:24:00,24,1,Inbound
2025-01-09,Red,trip_04224,stop_025,17:24:00,17:25:00,25,0,Outbound
2025-01-10,Orange,trip_04225,stop_026,18:25:00,18:26:00,1,1,Inbound
2025-01-11,Red,trip_04226,stop_027,19:26:00,19:27:00,2,0,Outbound
2025-01-12,Orange,trip_04227,stop_028,20:27:00,20:28:00,3,1,Inbound
2025-01-13,Red,trip_04228,stop_029,21:28:00,21:29:00,4,0,Outbound
2025-01-14,Orange,trip_04229,stop_030,22:29:00,22:30:00,5,1,Inbound
2025-01-15,Red,trip_04230,stop_001,05:30:00,05:31:00,6,0,Outbound
2025-01-16,Orange,trip_04231,stop_002,06:31:00,06:32:00,7,1,Inbound
2025-01-17,Red,trip_04232,stop_003,07:32:00,07:33:00,8,0,Outbound
2025-01-18,Orange,trip_04233,stop_004,08:33:00,08:34:00,9,1,Inbound
2025-01-19,Red,trip_04234,stop_005,09:34:00,09:35:00,10,0,Outbound
2025-01-20,Orange,trip_04235,stop_006,10:35:00,10:36:00,11,1,Inbound
2025-01-21,Red,trip_04236,stop_007,11:36:00,11:37:00,12,0,Outbound
2025-01-22,Orange,trip_04237,stop_008,12:37:00,12:38:00,13,1,Inbound
2025-01-23,Red,trip_04238,stop_009,13:38:00,13:39:00,14,0,Outbound
2025-01-24,Orange,trip_04239,stop_010,14:39:00,14:40:00,15,1,Inbound
2025-01-25,Red,trip_04240,stop_011,15:40:00,15:41:00,16,0,Outbound
2025-01-26,Orange,trip_04241,stop_012,16:41:00,16:42:00,17,1,Inbound
2025-01-27,Red,trip_04242,stop_013,17:42:00,17:43:00,18,0,Outbound
2025-01-28,Orange,trip_04243,stop_014,18:43:00,18:44:00,19,1,Inbound
2025-01-29,Red,trip_04244,stop_015,19:44:00,19:45:00,20,0,Outbound
2025-01-30,Orange,trip_04245,stop_016,20:45:00,20:46:00,21,1,Inbound
2025-01-31,Red,trip_04246,stop_017,21:46:00,21:47:00,22,0,Outbound
2025-01-01,Orange,trip_04247,stop_018,22:47:00,22:48:00,23,1,Inbound
2025-01-02,Red,trip_04248,stop_019,05:48:00,05:49:00,24,0,Outbound
2025-01-03,Orange,trip_04249,stop_020,06:49:00,06:50:00,25,1,Inbound
2025-01-04,Red,trip_04250,stop_021,07:50:00,07:51:00,1,0,Outbound
2025-01-05,Orange,trip_04251,stop_022,08:51:00,08:52:00,2,1,Inbound
2025-01-06,Red,trip_04252,stop_023,09:52:00,09:53:00,3,0,Outbound
2025-01-07,Orange,trip_04253,stop_024,10:53:00,10:54:00,4,1,Inbound
2025-01-08,Red,trip_04254,stop_025,11:54:00,11:55:00,5,0,Outbound
2025-01-09,Orange,trip_04255,stop_026,12:55:00,12:56:00,6,1,Inbound
2025-01-10,Red,trip_04256,stop_027,13:56:00,13:57:00,7,0,Outbound
2025-01-11,Orange,trip_04257,stop_028,14:57:00,14:58:00,8,1,Inbound
2025-01-12,Red,trip_04258,stop_029,15:58:00,15:59:00,9,0,Outbound
2025-01-13,Orange,trip_04259,stop_030,16:59:00,16:00:00,10,1,Inbound
2025-01-14,Red,trip_04260,stop_001,17:00:00,17:01:00,11,0,Outbound
2025-01-15,Orange,trip_04261,stop_002,18:01:00,18:02:00,12,1,Inbound
2025-01-16,Red,trip_04262,stop_003,19:02:00,19:03:00,13,0,Outbound
2025-01-17,Orange,trip_04263,stop_004,20:03:00,20:04:00,14,1,Inbound
2025-01-18,Red,trip_04264,stop_005,21:04:00,21:05:00,15,0,Outbound
2025-01-19,Orange,trip_04265,stop_006,22:05:00,22:06:00,16,1,Inbound
2025-01-20,Red,trip_04266,stop_007,05:06:00,05:07:00,17,0,Outbound
2025-01-21,Orange,trip_04267,stop_008,06:07:00,06:08:00,18,1,Inbound
2025-01-22,Red,trip_04268,stop_009,07:08:00,07:09:00,19,0,Outbound
2025-01-23,Orange,trip_04269,stop_010,08:09:00,08:10:00,20,1,Inbound
2025-01-24,Red,trip_04270,stop_011,09:10:00,09:11:00,21,0,Outbound
2025-01-25,Orange,trip_04271,stop_012,10:11:00,10:12:00,22,1,Inbound
2025-01-26,Red,trip_04272,stop_013,11:12:00,11:13:00,23,0,Outbound
2025-01-27,Orange,trip_04273,stop_014,12:13:00,12:14:00,24,1,Inbound
2025-01-28,Red,trip_04274,stop_015,13:14:00,13:15:00,25,0,Outbound
2025-01-29,Orange,trip_04275,stop_016,14:15:00,14:16:00,1,1,Inbound
2025-01-30,Red,trip_04276,stop_017,15:16:00,15:17:00,2,0,Outbound
2025-01-31,Orange,trip_04277,stop_018,16:17:00,16:18:00,3,1,Inbound
2025-01-01,Red,trip_04278,stop_019,17:18:00,17:19:00,4,0,Outbound
2025-01-02,Orange,trip_04279,stop_020,18:19:00,18:20:00,5,1,Inbound
2025-01-03,Red,trip_04280,stop_021,19:20:00,19:21:00,6,0,Outbound
2025-01-04,Orange,trip_04281,stop_022,20:21:00,20:22:00,7,1,Inbound
2025-01-05,Red,trip_04282,stop_023,21:22:00,21:23:00,8,0,Outbound
2025-01-06,Orange,trip_04283,stop_024,22:23:00,22:24:00,9,1,Inbound
2025-01-07,Red,trip_04284,stop_025,05:24:00,05:25:00,10,0,Outbound
2025-01-08,Orange,trip_04285,stop_026,06:25:00,06:26:00,11,1,Inbound
2025-01-09,Red,trip_04286,stop_027,07:26:00,07:27:00,12,0,Outbound
2025-01-10,Orange,trip_04287,stop_028,08:27:00,08:28:00,13,1,Inbound
2025-01-11,Red,trip_04288,stop_029,09:28:00,09:29:00,14,0,Outbound
2025-01-12,Orange,trip_04289,stop_030,10:29:00,10:30:00,15,1,Inbound
2025-01-13,Red,trip_04290,stop_001,11:30:00,11:31:00,16,0,Outbound
2025-01-14,Orange,trip_04291,stop_002,12:31:00,12:32:00,17,1,Inbound
2025-01-15,Red,trip_04292,stop_003,13:32:00,13:33:00,18,0,Outbound
2025-01-16,Orange,trip_04293,stop_004,14:33:00,14:34:00,19,1,Inbound
2025-01-17,Red,trip_04294,stop_005,15:34:00,15:35:00,20,0,Outbound
2025-01-18,Orange,trip_04295,stop_006,16:35:00,16:36:00,21,1,Inbound
2025-01-19,Red,trip_04296,stop_007,17:36:00,17:37:00,22,0,Outbound
2025-01-20,Orange,trip_04297,stop_008,18:37:00,18:38:00,23,1,Inbound
2025-01-21,Red,trip_04298,stop_009,19:38:00,19:39:00,24,0,Outbound
2025-01-22,Orange,trip_04299,stop_010,20:39:00,20:40:00,25,1,Inbound
2025-01-23,Red,trip_04300,stop_011,21:40:00,21:41:00,1,0,Outbound
2025-01-24,Orange,trip_04301,stop_012,22:41:00,22:42:00,2,1,Inbound
2025-01-25,Red,trip_04302,stop_013,05:42:00,05:43:00,3,0,Outbound
2025-01-26,Orange,trip_04303,stop_014,06:43:00,06:44:00,4,1,Inbound
2025-01-27,Red,trip_04304,stop_015,07:44:00,07:45:00,5,0,Outbound
2025-01-28,Orange,trip_04305,stop_016,08:45:00,08:46:00,6,1,Inbound
2025-01-29,Red,trip_04306,stop_017,09:46:00,09:47:00,7,0,Outbound
2025-01-30,Orange,trip_04307,stop_018,10:47:00,10:48:00,8,1,Inbound
2025-01-31,Red,trip_04308,stop_019,11:48:00,11:49:00,9,0,Outbound
2025-01-01,Orange,trip_04309,stop_020,12:49:00,12:50:00,10,1,Inbound
2025-01-02,Red,trip_04310,stop_021,13:50:00,13:51:00,11,0,Outbound
2025-01-03,Orange,trip_04311,stop_022,14:51:00,14:52:00,12,1,Inbound
2025-01-04,Red,trip_04312,stop_023,15:52:00,15:53:00,13,0,Outbound
2025-01-05,Orange,trip_04313,stop_024,16:53:00,16:54:00,14,1,Inbound
2025-01-06,Red,trip_04314,stop_025,17:54:00,17:55:00,15,0,Outbound
2025-01-07,Orange,trip_04315,stop_026,18:55:00,18:56:00,16,1,Inbound
2025-01-08,Red,trip_04316,stop_027,19:56:00,19:57:00,17,0,Outbound
2025-01-09,Orange,trip_04317,stop_028,20:57:00,20:58:00,18,1,Inbound
2025-01-10,Red,trip_04318,stop_029,21:58:00,21:59:00,19,0,Outbound
2025-01-11,Orange,trip_04319,stop_030,22:59:00,22:00:00,20,1,Inbound
2025-01-12,Red,trip_04320,stop_001,05:00:00,05:01:00,21,0,Outbound
2025-01-13,Orange,trip_04321,stop_002,06:01:00,06:02:00,22,1,Inbound
2025-01-14,Red,trip_04322,stop_003,07:02:00,07:03:00,23,0,Outbound
2025-01-15,Orange,trip_04323,stop_004,08:03:00,08:04:00,24,1,Inbound
2025-01-16,Red,trip_04324,stop_005,09:04:00,09:05:00,25,0,Outbound
2025-01-17,Orange,trip_04325,stop_006,10:05:00,10:06:00,1,1,Inbound
2025-01-18,Red,trip_04326,stop_007,11:06:00,11:07:00,2,0,Outbound
2025-01-19,Orange,trip_04327,stop_008,12:07:00,12:08:00,3,1,Inbound
2025-01-20,Red,trip_04328,stop_009,13:08:00,13:09:00,4,0,Outbound
2025-01-21,Orange,trip_04329,stop_010,14:09:00,14:10:00,5,1,Inbound
2025-01-22,Red,trip_04330,stop_011,15:10:00,15:11:00,6,0,Outbound
2025-01-23,Orange,trip_04331,stop_012,16:11:00,16:12:00,7,1,Inbound
2025-01-24,Red,trip_04332,stop_013,17:12:00,17:13:00,8,0,Outbound
2025-01-25,Orange,trip_04333,stop_014,18:13:00,18:14:00,9,1,Inbound
2025-01-26,Red,trip_04334,stop_015,19:14:00,19:15:00,10,0,Outbound
2025-01-27,Orange,trip_04335,stop_016,20:15:00,20:16:00,11,1,Inbound
2025-01-28,Red,trip_04336,stop_017,21:16:00,21:17:00,12,0,Outbound
2025-01-29,Orange,trip_04337,stop_018,22:17:00,22:18:00,13,1,Inbound
2025-01-30,Red,trip_04338,stop_019,05:18:00,05:19:00,14,0,Outbound
2025-01-31,Orange,trip_04339,stop_020,06:19:00,06:20:00,15,1,Inbound
2025-01-01,Red,trip_04340,stop_021,07:20:00,07:21:00,16,0,Outbound
2025-01-02,Orange,trip_04341,stop_022,08:21:00,08:22:00,17,1,Inbound
2025-01-03,Red,trip_04342,stop_023,09:22:00,09:23:00,18,0,Outbound
2025-01-04,Orange,trip_04343,stop_024,10:23:00,10:24:00,19,1,Inbound
2025-01-05,Red,trip_04344,stop_025,11:24:00,11:25:00,20,0,Outbound
2025-01-06,Orange,trip_04345,stop_026,12:25:00,12:26:00,21,1,Inbound
2025-01-07,Red,trip_04346,stop_027,13:26:00,13:27:00,22,0,Outbound
2025-01-08,Orange,trip_04347,stop_028,14:27:00,14:28:00,23,1,Inbound
2025-01-09,Red,trip_04348,stop_029,15:28:00,15:29:00,24,0,Outbound
2025-01-10,Orange,trip_04349,stop_030,16:29:00,16:30:00,25,1,Inbound
2025-01-11,Red,trip_04350,stop_001,17:30:00,17:31:00,1,0,Outbound
2025-01-12,Orange,trip_04351,stop_002,18:31:00,18:32:00,2,1,Inbound
2025-01-13,Red,trip_04352,stop_003,19:32:00,19:33:00,3,0,Outbound
2025-01-14,Orange,trip_04353,stop_004,20:33:00,20:34:00,4,1,Inbound
2025-01-15,Red,trip_04354,stop_005,21:34:00,21:35:00,5,0,Outbound
2025-01-16,Orange,trip_04355,stop_006,22:35:00,22:36:00,6,1,Inbound
2025-01-17,Red,trip_04356,stop_007,05:36:00,05:37:00,7,0,Outbound
2025-01-18,Orange,trip_04357,stop_008,06:37:00,06:38:00,8,1,Inbound
2025-01-19,Red,trip_04358,stop_009,07:38:00,07:39:00,9,0,Outbound
2025-01-20,Orange,trip_04359,stop_010,08:39:00,08:40:00,10,1,Inbound
2025-01-21,Red,trip_04360,stop_011,09:40:00,09:41:00,11,0,Outbound
2025-01-22,Orange,trip_04361,stop_012,10:41:00,10:42:00,12,1,Inbound
2025-01-23,Red,trip_04362,stop_013,11:42:00,11:43:00,13,0,Outbound
2025-01-24,Orange,trip_04363,stop_014,12:43:00,12:44:00,14,1,Inbound
2025-01-25,Red,trip_04364,stop_015,13:44:00,13:45:00,15,0,Outbound
2025-01-26,Orange,trip_04365,stop_016,14:45:00,14:46:00,16,1,Inbound
2025-01-27,Red,trip_04366,stop_017,15:46:00,15:47:00,17,0,Outbound
2025-01-28,Orange,trip_04367,stop_018,16:47:00,16:48:00,18,1,Inbound
2025-01-29,Red,trip_04368,stop_019,17:48:00,17:49:00,19,0,Outbound
2025-01-30,Orange,trip_04369,stop_020,18:49:00,18:50:00,20,1,Inbound
2025-01-31,Red,trip_04370,stop_021,19:50:00,19:51:00,21,0,Outbound
2025-01-01,Orange,trip_04371,stop_022,20:51:00,20:52:00,22,1,Inbound
2025-01-02,Red,trip_04372,stop_023,21:52:00,21:53:00,23,0,Outbound
2025-01-03,Orange,trip_04373,stop_024,22:53:00,22:54:00,24,1,Inbound
2025-01-04,Red,trip_04374,stop_025,05:54:00,05:55:00,25,0,Outbound
2025-01-05,Orange,trip_04375,stop_026,06:55:00,06:56:00,1,1,Inbound
2025-01-06,Red,trip_04376,stop_027,07:56:00,07:57:00,2,0,Outbound
2025-01-07,Orange,trip_04377,stop_028,08:57:00,08:58:00,3,1,Inbound
2025-01-08,Red,trip_04378,stop_029,09:58:00,09:59:00,4,0,Outbound
2025-01-09,Orange,trip_04379,stop_030,10:59:00,10:00:00,5,1,Inbound
2025-01-10,Red,trip_04380,stop_001,11:00:00,11:01:00,6,0,Outbound
2025-01-11,Orange,trip_04381,stop_002,12:01:00,12:02:00,7,1,Inbound
2025-01-12,Red,trip_04382,stop_003,13:02:00,13:03:00,8,0,Outbound
2025-01-13,Orange,trip_04383,stop_004,14:03:00,14:04:00,9,1,Inbound
2025-01-14,Red,trip_04384,stop_005,15:04:00,15:05:00,10,0,Outbound
2025-01-15,Orange,trip_04385,stop_006,16:05:00,16:06:00,11,1,Inbound
2025-01-16,Red,trip_04386,stop_007,17:06:00,17:07:00,12,0,Outbound
2025-01-17,Orange,trip_04387,stop_008,18:07:00,18:08:00,13,1,Inbound
2025-01-18,Red,trip_04388,stop_009,19:08:00,19:09:00,14,0,Outbound
2025-01-19,Orange,trip_04389,stop_010,20:09:00,20:10:00,15,1,Inbound
2025-01-20,Red,trip_04390,stop_011,21:10:00,21:11:00,16,0,Outbound
2025-01-21,Orange,trip_04391,stop_012,22:11:00,22:12:00,17,1,Inbound
2025-01-22,Red,trip_04392,stop_013,05:12:00,05:13:00,18,0,Outbound
2025-01-23,Orange,trip_04393,stop_014,06:13:00,06:14:00,19,1,Inbound
2025-01-24,Red,trip_04394,stop_015,07:14:00,07:15:00,20,0,Outbound
2025-01-25,Orange,trip_04395,stop_016,08:15:00,08:16:00,21,1,Inbound
2025-01-26,Red,trip_04396,stop_017,09:16:00,09:17:00,22,0,Outbound
2025-01-27,Orange,trip_04397,stop_018,10:17:00,10:18:00,23,1,Inbound
2025-01-28,Red,trip_04398,stop_019,11:18:00,11:19:00,24,0,Outbound
2025-01-29,Orange,trip_04399,stop_020,12:19:00,12:20:00,25,1,Inbound
2025-01-30,Red,trip_04400,stop_021,13:20:00,13:21:00,1,0,Outbound
2025-01-31,Orange,trip_04401,stop_022,14:21:00,14:22:00,2,1,Inbound
2025-01-01,Red,trip_04402,stop_023,15:22:00,15:23:00,3,0,Outbound
2025-01-02,Orange,trip_04403,stop_024,16:23:00,16:24:00,4,1,Inbound
2025-01-03,Red,trip_04404,stop_025,17:24:00,17:25:00,5,0,Outbound
2025-01-04,Orange,trip_04405,stop_026,18:25:00,18:26:00,6,1,Inbound
2025-01-05,Red,trip_04406,stop_027,19:26:00,19:27:00,7,0,Outbound
2025-01-06,Orange,trip_04407,stop_028,20:27:00,20:28:00,8,1,Inbound
2025-01-07,Red,trip_04408,stop_029,21:28:00,21:29:00,9,0,Outbound
2025-01-08,Orange,trip_04409,stop_030,22:29:00,22:30:00,10,1,Inbound
2025-01-09,Red,trip_04410,stop_001,05:30:00,05:31:00,11,0,Outbound
2025-01-10,Orange,trip_04411,stop_002,06:31:00,06:32:00,12,1,Inbound
2025-01-11,Red,trip_04412,stop_003,07:32:00,07:33:00,13,0,Outbound
2025-01-12,Orange,trip_04413,stop_004,08:33:00,08:34:00,14,1,Inbound
2025-01-13,Red,trip_04414,stop_005,09:34:00,09:35:00,15,0,Outbound
2025-01-14,Orange,trip_04415,stop_006,10:35:00,10:36:00,16,1,Inbound
2025-01-15,Red,trip_04416,stop_007,11:36:00,11:37:00,17,0,Outbound
2025-01-16,Orange,trip_04417,stop_008,12:37:00,12:38:00,18,1,Inbound
2025-01-17,Red,trip_04418,stop_009,13:38:00,13:39:00,19,0,Outbound
2025-01-18,Orange,trip_04419,stop_010,14:39:00,14:40:00,20,1,Inbound
2025-01-19,Red,trip_04420,stop_011,15:40:00,15:41:00,21,0,Outbound
2025-01-20,Orange,trip_04421,stop_012,16:41:00,16:42:00,22,1,Inbound
2025-01-21,Red,trip_04422,stop_013,17:42:00,17:43:00,23,0,Outbound
2025-01-22,Orange,trip_04423,stop_014,18:43:00,18:44:00,24,1,Inbound
2025-01-23,Red,trip_04424,stop_015,19:44:00,19:45:00,25,0,Outbound
2025-01-24,Orange,trip_04425,stop_016,20:45:00,20:46:00,1,1,Inbound
2025-01-25,Red,trip_04426,stop_017,21:46:00,21:47:00,2,0,Outbound
2025-01-26,Orange,trip_04427,stop_018,22:47:00,22:48:00,3,1,Inbound
2025-01-27,Red,trip_04428,stop_019,05:48:00,05:49:00,4,0,Outbound
2025-01-28,Orange,trip_04429,stop_020,06:49:00,06:50:00,5,1,Inbound
2025-01-29,Red,trip_04430,stop_021,07:50:00,07:51:00,6,0,Outbound
2025-01-30,Orange,trip_04431,stop_022,08:51:00,08:52:00,7,1,Inbound
2025-01-31,Red,trip_04432,stop_023,09:52:00,09:53:00,8,0,Outbound
2025-01-01,Orange,trip_04433,stop_024,10:53:00,10:54:00,9,1,Inbound
2025-01-02,Red,trip_04434,stop_025,11:54:00,11:55:00,10,0,Outbound
2025-01-03,Orange,trip_04435,stop_026,12:55:00,12:56:00,11,1,Inbound
2025-01-04,Red,trip_04436,stop_027,13:56:00,13:57:00,12,0,Outbound
2025-01-05,Orange,trip_04437,stop_028,14:57:00,14:58:00,13,1,Inbound
2025-01-06,Red,trip_04438,stop_029,15:58:00,15:59:00,14,0,Outbound
2025-01-07,Orange,trip_04439,stop_030,16:59:00,16:00:00,15,1,Inbound
2025-01-08,Red,trip_04440,stop_001,17:00:00,17:01:00,16,0,Outbound
2025-01-09,Orange,trip_04441,stop_002,18:01:00,18:02:00,17,1,Inbound
2025-01-10,Red,trip_04442,stop_003,19:02:00,19:03:00,18,0,Outbound
2025-01-11,Orange,trip_04443,stop_004,20:03:00,20:04:00,19,1,Inbound
2025-01-12,Red,trip_04444,stop_005,21:04:00,21:05:00,20,0,Outbound
2025-01-13,Orange,trip_04445,stop_006,22:05:00,22:06:00,21,1,Inbound
2025-01-14,Red,trip_04446,stop_007,05:06:00,05:07:00,22,0,Outbound
2025-01-15,Orange,trip_04447,stop_008,06:07:00,06:08:00,23,1,Inbound
2025-01-16,Red,trip_04448,stop_009,07:08:00,07:09:00,24,0,Outbound
2025-01-17,Orange,trip_04449,stop_010,08:09:00,08:10:00,25,1,Inbound
2025-01-18,Red,trip_04450,stop_011,09:10:00,09:11:00,1,0,Outbound
2025-01-19,Orange,trip_04451,stop_012,10:11:00,10:12:00,2,1,Inbound
2025-01-20,Red,trip_04452,stop_013,11:12:00,11:13:00,3,0,Outbound
2025-01-21,Orange,trip_04453,stop_014,12:13:00,12:14:00,4,1,Inbound
2025-01-22,Red,trip_04454,stop_015,13:14:00,13:15:00,5,0,Outbound
2025-01-23,Orange,trip_04455,stop_016,14:15:00,14:16:00,6,1,Inbound
2025-01-24,Red,trip_04456,stop_017,15:16:00,15:17:00,7,0,Outbound
2025-01-25,Orange,trip_04457,stop_018,16:17:00,16:18:00,8,1,Inbound
2025-01-26,Red,trip_04458,stop_019,17:18:00,17:19:00,9,0,Outbound
2025-01-27,Orange,trip_04459,stop_020,18:19:00,18:20:00,10,1,Inbound
2025-01-28,Red,trip_04460,stop_021,19:20:00,19:21:00,11,0,Outbound
2025-01-29,Orange,trip_04461,stop_022,20:21:00,20:22:00,12,1,Inbound
2025-01-30,Red,trip_04462,stop_023,21:22:00,21:23:00,13,0,Outbound
2025-01-31,Orange,trip_04463,stop_024,22:23:00,22:24:00,14,1,Inbound
2025-01-01,Red,trip_04464,stop_025,05:24:00,05:25:00,15,0,Outbound
2025-01-02,Orange,trip_04465,stop_026,06:25:00,06:26:00,16,1,Inbound
2025-01-03,Red,trip_04466,stop_027,07:26:00,07:27:00,17,0,Outbound
2025-01-04,Orange,trip_04467,stop_028,08:27:00,08:28:00,18,1,Inbound
2025-01-05,Red,trip_04468,stop_029,09:28:00,09:29:00,19,0,Outbound
2025-01-06,Orange,trip_04469,stop_030,10:29:00,10:30:00,20,1,Inbound
2025-01-07,Red,trip_04470,stop_001,11:30:00,11:31:00,21,0,Outbound
2025-01-08,Orange,trip_04471,stop_002,12:31:00,12:32:00,22,1,Inbound
2025-01-09,Red,trip_04472,stop_003,13:32:00,13:33:00,23,0,Outbound
2025-01-10,Orange,trip_04473,stop_004,14:33:00,14:34:00,24,1,Inbound
2025-01-11,Red,trip_04474,stop_005,15:34:00,15:35:00,25,0,Outbound
2025-01-12,Orange,trip_04475,stop_006,16:35:00,16:36:00,1,1,Inbound
2025-01-13,Red,trip_04476,stop_007,17:36:00,17:37:00,2,0,Outbound
2025-01-14,Orange,trip_04477,stop_008,18:37:00,18:38:00,3,1,Inbound
2025-01-15,Red,trip_04478,stop_009,19:38:00,19:39:00,4,0,Outbound
2025-01-16,Orange,trip_04479,stop_010,20:39:00,20:40:00,5,1,Inbound
2025-01-17,Red,trip_04480,stop_011,21:40:00,21:41:00,6,0,Outbound
2025-01-18,Orange,trip_04481,stop_012,22:41:00,22:42:00,7,1,Inbound
2025-01-19,Red,trip_04482,stop_013,05:42:00,05:43:00,8,0,Outbound
2025-01-20,Orange,trip_04483,stop_014,06:43:00,06:44:00,9,1,Inbound
2025-01-21,Red,trip_04484,stop_015,07:44:00,07:45:00,10,0,Outbound
2025-01-22,Orange,trip_04485,stop_016,08:45:00,08:46:00,11,1,Inbound
2025-01-23,Red,trip_04486,stop_017,09:46:00,09:47:00,12,0,Outbound
2025-01-24,Orange,trip_04487,stop_018,10:47:00,10:48:00,13,1,Inbound
2025-01-25,Red,trip_04488,stop_019,11:48:00,11:49:00,14,0,Outbound
2025-01-26,Orange,trip_04489,stop_020,12:49:00,12:50:00,15,1,Inbound
2025-01-27,Red,trip_04490,stop_021,13:50:00,13:51:00,16,0,Outbound
2025-01-28,Orange,trip_04491,stop_022,14:51:00,14:52:00,17,1,Inbound
2025-01-29,Red,trip_04492,stop_023,15:52:00,15:53:00,18,0,Outbound
2025-01-30,Orange,trip_04493,stop_024,16:53:00,16:54:00,19,1,Inbound
2025-01-31,Red,trip_04494,stop_025,17:54:00,17:55:00,20,0,Outbound
2025-01-01,Orange,trip_04495,stop_026,18:55:00,18:56:00,21,1,Inbound
2025-01-02,Red,trip_04496,stop_027,19:56:00,19:57:00,22,0,Outbound
2025-01-03,Orange,trip_04497,stop_028,20:57:00,20:58:00,23,1,Inbound
2025-01-04,Red,trip_04498,stop_029,21:58:00,21:59:00,24,0,Outbound
2025-01-05,Orange,trip_04499,stop_030,22:59:00,22:00:00,25,1,Inbound
2025-01-06,Red,trip_04500,stop_001,05:00:00,05:01:00,1,0,Outbound
2025-01-07,Orange,trip_04501,stop_002,06:01:00,06:02:00,2,1,Inbound
2025-01-08,Red,trip_04502,stop_003,07:02:00,07:03:00,3,0,Outbound
2025-01-09,Orange,trip_04503,stop_004,08:03:00,08:04:00,4,1,Inbound
2025-01-10,Red,trip_04504,stop_005,09:04:00,09:05:00,5,0,Outbound
2025-01-11,Orange,trip_04505,stop_006,10:05:00,10:06:00,6,1,Inbound
2025-01-12,Red,trip_04506,stop_007,11:06:00,11:07:00,7,0,Outbound
2025-01-13,Orange,trip_04507,stop_008,12:07:00,12:08:00,8,1,Inbound
2025-01-14,Red,trip_04508,stop_009,13:08:00,13:09:00,9,0,Outbound
2025-01-15,Orange,trip_04509,stop_010,14:09:00,14:10:00,10,1,Inbound
2025-01-16,Red,trip_04510,stop_011,15:10:00,15:11:00,11,0,Outbound
2025-01-17,Orange,trip_04511,stop_012,16:11:00,16:12:00,12,1,Inbound
2025-01-18,Red,trip_04512,stop_013,17:12:00,17:13:00,13,0,Outbound
2025-01-19,Orange,trip_04513,stop_014,18:13:00,18:14:00,14,1,Inbound
2025-01-20,Red,trip_04514,stop_015,19:14:00,19:15:00,15,0,Outbound
2025-01-21,Orange,trip_04515,stop_016,20:15:00,20:16:00,16,1,Inbound
2025-01-22,Red,trip_04516,stop_017,21:16:00,21:17:00,17,0,Outbound
2025-01-23,Orange,trip_04517,stop_018,22:17:00,22:18:00,18,1,Inbound
2025-01-24,Red,trip_04518,stop_019,05:18:00,05:19:00,19,0,Outbound
2025-01-25,Orange,trip_04519,stop_020,06:19:00,06:20:00,20,1,Inbound
2025-01-26,Red,trip_04520,stop_021,07:20:00,07:21:00,21,0,Outbound
2025-01-27,Orange,trip_04521,stop_022,08:21:00,08:22:00,22,1,Inbound
2025-01-28,Red,trip_04522,stop_023,09:22:00,09:23:00,23,0,Outbound
2025-01-29,Orange,trip_04523,stop_024,10:23:00,10:24:00,24,1,Inbound
2025-01-30,Red,trip_04524,stop_025,11:24:00,11:25:00,25,0,Outbound
2025-01-31,Orange,trip_04525,stop_026,12:25:00,12:26:00,1,1,Inbound
2025-01-01,Red,trip_04526,stop_027,13:26:00,13:27:00,2,0,Outbound
2025-01-02,Orange,trip_04527,stop_028,14:27:00,14:28:00,3,1,Inbound
2025-01-03,Red,trip_04528,stop_029,15:28:00,15:29:00,4,0,Outbound
2025-01-04,Orange,trip_04529,stop_030,16:29:00,16:30:00,5,1,Inbound
2025-01-05,Red,trip_04530,stop_001,17:30:00,17:31:00,6,0,Outbound
2025-01-06,Orange,trip_04531,stop_002,18:31:00,18:32:00,7,1,Inbound
2025-01-07,Red,trip_04532,stop_003,19:32:00,19:33:00,8,0,Outbound
2025-01-08,Orange,trip_04533,stop_004,20:33:00,20:34:00,9,1,Inbound
2025-01-09,Red,trip_04534,stop_005,21:34:00,21:35:00,10,0,Outbound
2025-01-10,Orange,trip_04535,stop_006,22:35:00,22:36:00,11,1,Inbound
2025-01-11,Red,trip_04536,stop_007,05:36:00,05:37:00,12,0,Outbound
2025-01-12,Orange,trip_04537,stop_008,06:37:00,06:38:00,13,1,Inbound
2025-01-13,Red,trip_04538,stop_009,07:38:00,07:39:00,14,0,Outbound
2025-01-14,Orange,trip_04539,stop_010,08:39:00,08:40:00,15,1,Inbound
2025-01-15,Red,trip_04540,stop_011,09:40:00,09:41:00,16,0,Outbound
2025-01-16,Orange,trip_04541,stop_012,10:41:00,10:42:00,17,1,Inbound
2025-01-17,Red,trip_04542,stop_013,11:42:00,11:43:00,18,0,Outbound
2025-01-18,Orange,trip_04543,stop_014,12:43:00,12:44:00,19,1,Inbound
2025-01-19,Red,trip_04544,stop_015,13:44:00,13:45:00,20,0,Outbound
2025-01-20,Orange,trip_04545,stop_016,14:45:00,14:46:00,21,1,Inbound
2025-01-21,Red,trip_04546,stop_017,15:46:00,15:47:00,22,0,Outbound
2025-01-22,Orange,trip_04547,stop_018,16:47:00,16:48:00,23,1,Inbound
2025-01-23,Red,trip_04548,stop_019,17:48:00,17:49:00,24,0,Outbound
2025-01-24,Orange,trip_04549,stop_020,18:49:00,18:50:00,25,1,Inbound
2025-01-25,Red,trip_04550,stop_021,19:50:00,19:51:00,1,0,Outbound
2025-01-26,Orange,trip_04551,stop_022,20:51:00,20:52:00,2,1,Inbound
2025-01-27,Red,trip_04552,stop_023,21:52:00,21:53:00,3,0,Outbound
2025-01-28,Orange,trip_04553,stop_024,22:53:00,22:54:00,4,1,Inbound
2025-01-29,Red,trip_04554,stop_025,05:54:00,05:55:00,5,0,Outbound
2025-01-30,Orange,trip_04555,stop_026,06:55:00,06:56:00,6,1,Inbound
2025-01-31,Red,trip_04556,stop_027,07:56:00,07:57:00,7,0,Outbound
2025-01-01,Orange,trip_04557,stop_028,08:57:00,08:58:00,8,1,Inbound
2025-01-02,Red,trip_04558,stop_029,09:58:00,09:59:00,9,0,Outbound
2025-01-03,Orange,trip_04559,stop_030,10:59:00,10:00:00,10,1,Inbound
2025-01-04,Red,trip_04560,stop_001,11:00:00,11:01:00,11,0,Outbound
2025-01-05,Orange,trip_04561,stop_002,12:01:00,12:02:00,12,1,Inbound
2025-01-06,Red,trip_04562,stop_003,13:02:00,13:03:00,13,0,Outbound
2025-01-07,Orange,trip_04563,stop_004,14:03:00,14:04:00,14,1,Inbound
2025-01-08,Red,trip_04564,stop_005,15:04:00,15:05:00,15,0,Outbound
2025-01-09,Orange,trip_04565,stop_006,16:05:00,16:06:00,16,1,Inbound
2025-01-10,Red,trip_04566,stop_007,17:06:00,17:07:00,17,0,Outbound
2025-01-11,Orange,trip_04567,stop_008,18:07:00,18:08:00,18,1,Inbound
2025-01-12,Red,trip_04568,stop_009,19:08:00,19:09:00,19,0,Outbound
2025-01-13,Orange,trip_04569,stop_010,20:09:00,20:10:00,20,1,Inbound
2025-01-14,Red,trip_04570,stop_011,21:10:00,21:11:00,21,0,Outbound
2025-01-15,Orange,trip_04571,stop_012,22:11:00,22:12:00,22,1,Inbound
2025-01-16,Red,trip_04572,stop_013,05:12:00,05:13:00,23,0,Outbound
2025-01-17,Orange,trip_04573,stop_014,06:13:00,06:14:00,24,1,Inbound
2025-01-18,Red,trip_04574,stop_015,07:14:00,07:15:00,25,0,Outbound
2025-01-19,Orange,trip_04575,stop_016,08:15:00,08:16:00,1,1,Inbound
2025-01-20,Red,trip_04576,stop_017,09:16:00,09:17:00,2,0,Outbound
2025-01-21,Orange,trip_04577,stop_018,10:17:00,10:18:00,3,1,Inbound
2025-01-22,Red,trip_04578,stop_019,11:18:00,11:19:00,4,0,Outbound
2025-01-23,Orange,trip_04579,stop_020,12:19:00,12:20:00,5,1,Inbound
2025-01-24,Red,trip_04580,stop_021,13:20:00,13:21:00,6,0,Outbound
2025-01-25,Orange,trip_04581,stop_022,14:21:00,14:22:00,7,1,Inbound
2025-01-26,Red,trip_04582,stop_023,15:22:00,15:23:00,8,0,Outbound
2025-01-27,Orange,trip_04583,stop_024,16:23:00,16:24:00,9,1,Inbound
2025-01-28,Red,trip_04584,stop_025,17:24:00,17:25:00,10,0,Outbound
2025-01-29,Orange,trip_04585,stop_026,18:25:00,18:26:00,11,1,Inbound
2025-01-30,Red,trip_04586,stop_027,19:26:00,19:27:00,12,0,Outbound
2025-01-31,Orange,trip_04587,stop_028,20:27:00,20:28:00,13,1,Inbound
2025-01-01,Red,trip_04588,stop_029,21:28:00,21:29:00,14,0,Outbound
2025-01-02,Orange,trip_04589,stop_030,22:29:00,22:30:00,15,1,Inbound
2025-01-03,Red,trip_04590,stop_001,05:30:00,05:31:00,16,0,Outbound
2025-01-04,Orange,trip_04591,stop_002,06:31:00,06:32:00,17,1,Inbound
2025-01-05,Red,trip_04592,stop_003,07:32:00,07:33:00,18,0,Outbound
2025-01-06,Orange,trip_04593,stop_004,08:33:00,08:34:00,19,1,Inbound
2025-01-07,Red,trip_04594,stop_005,09:34:00,09:35:00,20,0,Outbound
2025-01-08,Orange,trip_04595,stop_006,10:35:00,10:36:00,21,1,Inbound
2025-01-09,Red,trip_04596,stop_007,11:36:00,11:37:00,22,0,Outbound
2025-01-10,Orange,trip_04597,stop_008,12:37:00,12:38:00,23,1,Inbound
2025-01-11,Red,trip_04598,stop_009,13:38:00,13:39:00,24,0,Outbound
2025-01-12,Orange,trip_04599,stop_010,14:39:00,14:40:00,25,1,Inbound
2025-01-13,Red,trip_04600,stop_011,15:40:00,15:41:00,1,0,Outbound
2025-01-14,Orange,trip_04601,stop_012,16:41:00,16:42:00,2,1,Inbound
2025-01-15,Red,trip_04602,stop_013,17:42:00,17:43:00,3,0,Outbound
2025-01-16,Orange,trip_04603,stop_014,18:43:00,18:44:00,4,1,Inbound
2025-01-17,Red,trip_04604,stop_015,19:44:00,19:45:00,5,0,Outbound
2025-01-18,Orange,trip_04605,stop_016,20:45:00,20:46:00,6,1,Inbound
2025-01-19,Red,trip_04606,stop_017,21:46:00,21:47:00,7,0,Outbound
2025-01-20,Orange,trip_04607,stop_018,22:47:00,22:48:00,8,1,Inbound
2025-01-21,Red,trip_04608,stop_019,05:48:00,05:49:00,9,0,Outbound
2025-01-22,Orange,trip_04609,stop_020,06:49:00,06:50:00,10,1,Inbound
2025-01-23,Red,trip_04610,stop_021,07:50:00,07:51:00,11,0,Outbound
2025-01-24,Orange,trip_04611,stop_022,08:51:00,08:52:00,12,1,Inbound
2025-01-25,Red,trip_04612,stop_023,09:52:00,09:53:00,13,0,Outbound
2025-01-26,Orange,trip_04613,stop_024,10:53:00,10:54:00,14,1,Inbound
2025-01-27,Red,trip_04614,stop_025,11:54:00,11:55:00,15,0,Outbound
2025-01-28,Orange,trip_04615,stop_026,12:55:00,12:56:00,16,1,Inbound
2025-01-29,Red,trip_04616,stop_027,13:56:00,13:57:00,17,0,Outbound
2025-01-30,Orange,trip_04617,stop_028,14:57:00,14:58:00,18,1,Inbound
2025-01-31,Red,trip_04618,stop_029,15:58:00,15:59:00,19,0,Outbound
2025-01-01,Orange,trip_04619,stop_030,16:59:00,16:00:00,20,1,Inbound
2025-01-02,Red,trip_04620,stop_001,17:00:00,17:01:00,21,0,Outbound
2025-01-03,Orange,trip_04621,stop_002,18:01:00,18:02:00,22,1,Inbound
2025-01-04,Red,trip_04622,stop_003,19:02:00,19:03:00,23,0,Outbound
2025-01-05,Orange,trip_04623,stop_004,20:03:00,20:04:00,24,1,Inbound
2025-01-06,Red,trip_04624,stop_005,21:04:00,21:05:00,25,0,Outbound
2025-01-07,Orange,trip_04625,stop_006,22:05:00,22:06:00,1,1,Inbound
2025-01-08,Red,trip_04626,stop_007,05:06:00,05:07:00,2,0,Outbound
2025-01-09,Orange,trip_04627,stop_008,06:07:00,06:08:00,3,1,Inbound
2025-01-10,Red,trip_04628,stop_009,07:08:00,07:09:00,4,0,Outbound
2025-01-11,Orange,trip_04629,stop_010,08:09:00,08:10:00,5,1,Inbound
2025-01-12,Red,trip_04630,stop_011,09:10:00,09:11:00,6,0,Outbound
2025-01-13,Orange,trip_04631,stop_012,10:11:00,10:12:00,7,1,Inbound
2025-01-14,Red,trip_04632,stop_013,11:12:00,11:13:00,8,0,Outbound
2025-01-15,Orange,trip_04633,stop_014,12:13:00,12:14:00,9,1,Inbound
2025-01-16,Red,trip_04634,stop_015,13:14:00,13:15:00,10,0,Outbound
2025-01-17,Orange,trip_04635,stop_016,14:15:00,14:16:00,11,1,Inbound
2025-01-18,Red,trip_04636,stop_017,15:16:00,15:17:00,12,0,Outbound
2025-01-19,Orange,trip_04637,stop_018,16:17:00,16:18:00,13,1,Inbound
2025-01-20,Red,trip_04638,stop_019,17:18:00,17:19:00,14,0,Outbound
2025-01-21,Orange,trip_04639,stop_020,18:19:00,18:20:00,15,1,Inbound
2025-01-22,Red,trip_04640,stop_021,19:20:00,19:21:00,16,0,Outbound
2025-01-23,Orange,trip_04641,stop_022,20:21:00,20:22:00,17,1,Inbound
2025-01-24,Red,trip_04642,stop_023,21:22:00,21:23:00,18,0,Outbound
2025-01-25,Orange,trip_04643,stop_024,22:23:00,22:24:00,19,1,Inbound
2025-01-26,Red,trip_04644,stop_025,05:24:00,05:25:00,20,0,Outbound
2025-01-27,Orange,trip_04645,stop_026,06:25:00,06:26:00,21,1,Inbound
2025-01-28,Red,trip_04646,stop_027,07:26:00,07:27:00,22,0,Outbound
2025-01-29,Orange,trip_04647,stop_028,08:27:00,08:28:00,23,1,Inbound
2025-01-30,Red,trip_04648,stop_029,09:28:00,09:29:00,24,0,Outbound
2025-01-31,Orange,trip_04649,stop_030,10:29:00,10:30:00,25,1,Inbound
2025-01-01,Red,trip_04650,stop_001,11:30:00,11:31:00,1,0,Outbound
2025-01-02,Orange,trip_04651,stop_002,12:31:00,12:32:00,2,1,Inbound
2025-01-03,Red,trip_04652,stop_003,13:32:00,13:33:00,3,0,Outbound
2025-01-04,Orange,trip_04653,stop_004,14:33:00,14:34:00,4,1,Inbound
2025-01-05,Red,trip_04654,stop_005,15:34:00,15:35:00,5,0,Outbound
2025-01-06,Orange,trip_04655,stop_006,16:35:00,16:36:00,6,1,Inbound
2025-01-07,Red,trip_04656,stop_007,17:36:00,17:37:00,7,0,Outbound
2025-01-08,Orange,trip_04657,stop_008,18:37:00,18:38:00,8,1,Inbound
2025-01-09,Red,trip_04658,stop_009,19:38:00,19:39:00,9,0,Outbound
2025-01-10,Orange,trip_04659,stop_010,20:39:00,20:40:00,10,1,Inbound
2025-01-11,Red,trip_04660,stop_011,21:40:00,21:41:00,11,0,Outbound
2025-01-12,Orange,trip_04661,stop_012,22:41:00,22:42:00,12,1,Inbound
2025-01-13,Red,trip_04662,stop_013,05:42:00,05:43:00,13,0,Outbound
2025-01-14,Orange,trip_04663,stop_014,06:43:00,06:44:00,14,1,Inbound
2025-01-15,Red,trip_04664,stop_015,07:44:00,07:45:00,15,0,Outbound
2025-01-16,Orange,trip_04665,stop_016,08:45:00,08:46:00,16,1,Inbound
2025-01-17,Red,trip_04666,stop_017,09:46:00,09:47:00,17,0,Outbound
2025-01-18,Orange,trip_04667,stop_018,10:47:00,10:48:00,18,1,Inbound
2025-01-19,Red,trip_04668,stop_019,11:48:00,11:49:00,19,0,Outbound
2025-01-20,Orange,trip_04669,stop_020,12:49:00,12:50:00,20,1,Inbound
2025-01-21,Red,trip_04670,stop_021,13:50:00,13:51:00,21,0,Outbound
2025-01-22,Orange,trip_04671,stop_022,14:51:00,14:52:00,22,1,Inbound
2025-01-23,Red,trip_04672,stop_023,15:52:00,15:53:00,23,0,Outbound
2025-01-24,Orange,trip_04673,stop_024,16:53:00,16:54:00,24,1,Inbound
2025-01-25,Red,trip_04674,stop_025,17:54:00,17:55:00,25,0,Outbound
2025-01-26,Orange,trip_04675,stop_026,18:55:00,18:56:00,1,1,Inbound
2025-01-27,Red,trip_04676,stop_027,19:56:00,19:57:00,2,0,Outbound
2025-01-28,Orange,trip_04677,stop_028,20:57:00,20:58:00,3,1,Inbound
2025-01-29,Red,trip_04678,stop_029,21:58:00,21:59:00,4,0,Outbound
2025-01-30,Orange,trip_04679,stop_030,22:59:00,22:00:00,5,1,Inbound
2025-01-31,Red,trip_04680,stop_001,05:00:00,05:01:00,6,0,Outbound
2025-01-01,Orange,trip_04681,stop_002,06:01:00,06:02:00,7,1,Inbound
2025-01-02,Red,trip_04682,stop_003,07:02:00,07:03:00,8,0,Outbound
2025-01-03,Orange,trip_04683,stop_004,08:03:00,08:04:00,9,1,Inbound
2025-01-04,Red,trip_04684,stop_005,09:04:00,09:05:00,10,0,Outbound
2025-01-05,Orange,trip_04685,stop_006,10:05:00,10:06:00,11,1,Inbound
2025-01-06,Red,trip_04686,stop_007,11:06:00,11:07:00,12,0,Outbound
2025-01-07,Orange,trip_04687,stop_008,12:07:00,12:08:00,13,1,Inbound
2025-01-08,Red,trip_04688,stop_009,13:08:00,13:09:00,14,0,Outbound
2025-01-09,Orange,trip_04689,stop_010,14:09:00,14:10:00,15,1,Inbound
2025-01-10,Red,trip_04690,stop_011,15:10:00,15:11:00,16,0,Outbound
2025-01-11,Orange,trip_04691,stop_012,16:11:00,16:12:00,17,1,Inbound
2025-01-12,Red,trip_04692,stop_013,17:12:00,17:13:00,18,0,Outbound
2025-01-13,Orange,trip_04693,stop_014,18:13:00,18:14:00,19,1,Inbound
2025-01-14,Red,trip_04694,stop_015,19:14:00,19:15:00,20,0,Outbound
2025-01-15,Orange,trip_04695,stop_016,20:15:00,20:16:00,21,1,Inbound
2025-01-16,Red,trip_04696,stop_017,21:16:00,21:17:00,22,0,Outbound
2025-01-17,Orange,trip_04697,stop_018,22:17:00,22:18:00,23,1,Inbound
2025-01-18,Red,trip_04698,stop_019,05:18:00,05:19:00,24,0,Outbound
2025-01-19,Orange,trip_04699,stop_020,06:19:00,06:20:00,25,1,Inbound
2025-01-20,Red,trip_04700,stop_021,07:20:00,07:21:00,1,0,Outbound
2025-01-21,Orange,trip_04701,stop_022,08:21:00,08:22:00,2,1,Inbound
2025-01-22,Red,trip_04702,stop_023,09:22:00,09:23:00,3,0,Outbound
2025-01-23,Orange,trip_04703,stop_024,10:23:00,10:24:00,4,1,Inbound
2025-01-24,Red,trip_04704,stop_025,11:24:00,11:25:00,5,0,Outbound
2025-01-25,Orange,trip_04705,stop_026,12:25:00,12:26:00,6,1,Inbound
2025-01-26,Red,trip_04706,stop_027,13:26:00,13:27:00,7,0,Outbound
2025-01-27,Orange,trip_04707,stop_028,14:27:00,14:28:00,8,1,Inbound
2025-01-28,Red,trip_04708,stop_029,15:28:00,15:29:00,9,0,Outbound
2025-01-29,Orange,trip_04709,stop_030,16:29:00,16:30:00,10,1,Inbound
2025-01-30,Red,trip_04710,stop_001,17:30:00,17:31:00,11,0,Outbound
2025-01-31,Orange,trip_04711,stop_002,18:31:00,18:32:00,12,1,Inbound
2025-01-01,Red,trip_04712,stop_003,19:32:00,19:33:00,13,0,Outbound
2025-01-02,Orange,trip_04713,stop_004,20:33:00,20:34:00,14,1,Inbound
2025-01-03,Red,trip_04714,stop_005,21:34:00,21:35:00,15,0,Outbound
2025-01-04,Orange,trip_04715,stop_006,22:35:00,22:36:00,16,1,Inbound
2025-01-05,Red,trip_04716,stop_007,05:36:00,05:37:00,17,0,Outbound
2025-01-06,Orange,trip_04717,stop_008,06:37:00,06:38:00,18,1,Inbound
2025-01-07,Red,trip_04718,stop_009,07:38:00,07:39:00,19,0,Outbound
2025-01-08,Orange,trip_04719,stop_010,08:39:00,08:40:00,20,1,Inbound
2025-01-09,Red,trip_04720,stop_011,09:40:00,09:41:00,21,0,Outbound
2025-01-10,Orange,trip_04721,stop_012,10:41:00,10:42:00,22,1,Inbound
2025-01-11,Red,trip_04722,stop_013,11:42:00,11:43:00,23,0,Outbound
2025-01-12,Orange,trip_04723,stop_014,12:43:00,12:44:00,24,1,Inbound
2025-01-13,Red,trip_04724,stop_015,13:44:00,13:45:00,25,0,Outbound
2025-01-14,Orange,trip_04725,stop_016,14:45:00,14:46:00,1,1,Inbound
2025-01-15,Red,trip_04726,stop_017,15:46:00,15:47:00,2,0,Outbound
2025-01-16,Orange,trip_04727,stop_018,16:47:00,16:48:00,3,1,Inbound
2025-01-17,Red,trip_04728,stop_019,17:48:00,17:49:00,4,0,Outbound
2025-01-18,Orange,trip_04729,stop_020,18:49:00,18:50:00,5,1,Inbound
2025-01-19,Red,trip_04730,stop_021,19:50:00,19:51:00,6,0,Outbound
2025-01-20,Orange,trip_04731,stop_022,20:51:00,20:52:00,7,1,Inbound
2025-01-21,Red,trip_04732,stop_023,21:52:00,21:53:00,8,0,Outbound
2025-01-22,Orange,trip_04733,stop_024,22:53:00,22:54:00,9,1,Inbound
2025-01-23,Red,trip_04734,stop_025,05:54:00,05:55:00,10,0,Outbound
2025-01-24,Orange,trip_04735,stop_026,06:55:00,06:56:00,11,1,Inbound
2025-01-25,Red,trip_04736,stop_027,07:56:00,07:57:00,12,0,Outbound
2025-01-26,Orange,trip_04737,stop_028,08:57:00,08:58:00,13,1,Inbound
2025-01-27,Red,trip_04738,stop_029,09:58:00,09:59:00,14,0,Outbound
2025-01-28,Orange,trip_04739,stop_030,10:59:00,10:00:00,15,1,Inbound
2025-01-29,Red,trip_04740,stop_001,11:00:00,11:01:00,16,0,Outbound
2025-01-30,Orange,trip_04741,stop_002,12:01:00,12:02:00,17,1,Inbound
2025-01-31,Red,trip_04742,stop_003,13:02:00,13:03:00,18,0,Outbound
2025-01-01,Orange,trip_04743,stop_004,14:03:00,14:04:00,19,1,Inbound
2025-01-02,Red,trip_04744,stop_005,15:04:00,15:05:00,20,0,Outbound
2025-01-03,Orange,trip_04745,stop_006,16:05:00,16:06:00,21,1,Inbound
2025-01-04,Red,trip_04746,stop_007,17:06:00,17:07:00,22,0,Outbound
2025-01-05,Orange,trip_04747,stop_008,18:07:00,18:08:00,23,1,Inbound
2025-01-06,Red,trip_04748,stop_009,19:08:00,19:09:00,24,0,Outbound
2025-01-07,Orange,trip_04749,stop_010,20:09:00,20:10:00,25,1,Inbound
2025-01-08,Red,trip_04750,stop_011,21:10:00,21:11:00,1,0,Outbound
2025-01-09,Orange,trip_04751,stop_012,22:11:00,22:12:00,2,1,Inbound
2025-01-10,Red,trip_04752,stop_013,05:12:00,05:13:00,3,0,Outbound
2025-01-11,Orange,trip_04753,stop_014,06:13:00,06:14:00,4,1,Inbound
2025-01-12,Red,trip_04754,stop_015,07:14:00,07:15:00,5,0,Outbound
2025-01-13,Orange,trip_04755,stop_016,08:15:00,08:16:00,6,1,Inbound
2025-01-14,Red,trip_04756,stop_017,09:16:00,09:17:00,7,0,Outbound
2025-01-15,Orange,trip_04757,stop_018,10:17:00,10:18:00,8,1,Inbound
2025-01-16,Red,trip_04758,stop_019,11:18:00,11:19:00,9,0,Outbound
2025-01-17,Orange,trip_04759,stop_020,12:19:00,12:20:00,10,1,Inbound
2025-01-18,Red,trip_04760,stop_021,13:20:00,13:21:00,11,0,Outbound
2025-01-19,Orange,trip_04761,stop_022,14:21:00,14:22:00,12,1,Inbound
2025-01-20,Red,trip_04762,stop_023,15:22:00,15:23:00,13,0,Outbound
2025-01-21,Orange,trip_04763,stop_024,16:23:00,16:24:00,14,1,Inbound
2025-01-22,Red,trip_04764,stop_025,17:24:00,17:25:00,15,0,Outbound
2025-01-23,Orange,trip_04765,stop_026,18:25:00,18:26:00,16,1,Inbound
2025-01-24,Red,trip_04766,stop_027,19:26:00,19:27:00,17,0,Outbound
2025-01-25,Orange,trip_04767,stop_028,20:27:00,20:28:00,18,1,Inbound
2025-01-26,Red,trip_04768,stop_029,21:28:00,21:29:00,19,0,Outbound
2025-01-27,Orange,trip_04769,stop_030,22:29:00,22:30:00,20,1,Inbound
2025-01-28,Red,trip_04770,stop_001,05:30:00,05:31:00,21,0,Outbound
2025-01-29,Orange,trip_04771,stop_002,06:31:00,06:32:00,22,1,Inbound
2025-01-30,Red,trip_04772,stop_003,07:32:00,07:33:00,23,0,Outbound
2025-01-31,Orange,trip_04773,stop_004,08:33:00,08:34:00,24,1,Inbound
2025-01-01,Red,trip_04774,stop_005,09:34:00,09:35:00,25,0,Outbound
2025-01-02,Orange,trip_04775,stop_006,10:35:00,10:36:00,1,1,Inbound
2025-01-03,Red,trip_04776,stop_007,11:36:00,11:37:00,2,0,Outbound
2025-01-04,Orange,trip_04777,stop_008,12:37:00,12:38:00,3,1,Inbound
2025-01-05,Red,trip_04778,stop_009,13:38:00,13:39:00,4,0,Outbound
2025-01-06,Orange,trip_04779,stop_010,14:39:00,14:40:00,5,1,Inbound
2025-01-07,Red,trip_04780,stop_011,15:40:00,15:41:00,6,0,Outbound
2025-01-08,Orange,trip_04781,stop_012,16:41:00,16:42:00,7,1,Inbound
2025-01-09,Red,trip_04782,stop_013,17:42:00,17:43:00,8,0,Outbound
2025-01-10,Orange,trip_04783,stop_014,18:43:00,18:44:00,9,1,Inbound
2025-01-11,Red,trip_04784,stop_015,19:44:00,19:45:00,10,0,Outbound
2025-01-12,Orange,trip_04785,stop_016,20:45:00,20:46:00,11,1,Inbound
2025-01-13,Red,trip_04786,stop_017,21:46:00,21:47:00,12,0,Outbound
2025-01-14,Orange,trip_04787,stop_018,22:47:00,22:48:00,13,1,Inbound
2025-01-15,Red,trip_04788,stop_019,05:48:00,05:49:00,14,0,Outbound
2025-01-16,Orange,trip_04789,stop_020,06:49:00,06:50:00,15,1,Inbound
2025-01-17,Red,trip_04790,stop_021,07:50:00,07:51:00,16,0,Outbound
2025-01-18,Orange,trip_04791,stop_022,08:51:00,08:52:00,17,1,Inbound
2025-01-19,Red,trip_04792,stop_023,09:52:00,09:53:00,18,0,Outbound
2025-01-20,Orange,trip_04793,stop_024,10:53:00,10:54:00,19,1,Inbound
2025-01-21,Red,trip_04794,stop_025,11:54:00,11:55:00,20,0,Outbound
2025-01-22,Orange,trip_04795,stop_026,12:55:00,12:56:00,21,1,Inbound
2025-01-23,Red,trip_04796,stop_027,13:56:00,13:57:00,22,0,Outbound
2025-01-24,Orange,trip_04797,stop_028,14:57:00,14:58:00,23,1,Inbound
2025-01-25,Red,trip_04798,stop_029,15:58:00,15:59:00,24,0,Outbound
2025-01-26,Orange,trip_04799,stop_030,16:59:00,16:00:00,25,1,Inbound
2025-01-27,Red,trip_04800,stop_001,17:00:00,17:01:00,1,0,Outbound
2025-01-28,Orange,trip_04801,stop_002,18:01:00,18:02:00,2,1,Inbound
2025-01-29,Red,trip_04802,stop_003,19:02:00,19:03:00,3,0,Outbound
2025-01-30,Orange,trip_04803,stop_004,20:03:00,20:04:00,4,1,Inbound
2025-01-31,Red,trip_04804,stop_005,21:04:00,21:05:00,5,0,Outbound
2025-01-01,Orange,trip_04805,stop_006,22:05:00,22:06:00,6,1,Inbound
2025-01-02,Red,trip_04806,stop_007,05:06:00,05:07:00,7,0,Outbound
2025-01-03,Orange,trip_04807,stop_008,06:07:00,06:08:00,8,1,Inbound
2025-01-04,Red,trip_04808,stop_009,07:08:00,07:09:00,9,0,Outbound
2025-01-05,Orange,trip_04809,stop_010,08:09:00,08:10:00,10,1,Inbound
2025-01-06,Red,trip_04810,stop_011,09:10:00,09:11:00,11,0,Outbound
2025-01-07,Orange,trip_04811,stop_012,10:11:00,10:12:00,12,1,Inbound
2025-01-08,Red,trip_04812,stop_013,11:12:00,11:13:00,13,0,Outbound
2025-01-09,Orange,trip_04813,stop_014,12:13:00,12:14:00,14,1,Inbound
2025-01-10,Red,trip_04814,stop_015,13:14:00,13:15:00,15,0,Outbound
2025-01-11,Orange,trip_04815,stop_016,14:15:00,14:16:00,16,1,Inbound
2025-01-12,Red,trip_04816,stop_017,15:16:00,15:17:00,17,0,Outbound
2025-01-13,Orange,trip_04817,stop_018,16:17:00,16:18:00,18,1,Inbound
2025-01-14,Red,trip_04818,stop_019,17:18:00,17:19:00,19,0,Outbound
2025-01-15,Orange,trip_04819,stop_020,18:19:00,18:20:00,20,1,Inbound
2025-01-16,Red,trip_04820,stop_021,19:20:00,19:21:00,21,0,Outbound
2025-01-17,Orange,trip_04821,stop_022,20:21:00,20:22:00,22,1,Inbound
2025-01-18,Red,trip_04822,stop_023,21:22:00,21:23:00,23,0,Outbound
2025-01-19,Orange,trip_04823,stop_024,22:23:00,22:24:00,24,1,Inbound
2025-01-20,Red,trip_04824,stop_025,05:24:00,05:25:00,25,0,Outbound
2025-01-21,Orange,trip_04825,stop_026,06:25:00,06:26:00,1,1,Inbound
2025-01-22,Red,trip_04826,stop_027,07:26:00,07:27:00,2,0,Outbound
2025-01-23,Orange,trip_04827,stop_028,08:27:00,08:28:00,3,1,Inbound
2025-01-24,Red,trip_04828,stop_029,09:28:00,09:29:00,4,0,Outbound
2025-01-25,Orange,trip_04829,stop_030,10:29:00,10:30:00,5,1,Inbound
2025-01-26,Red,trip_04830,stop_001,11:30:00,11:31:00,6,0,Outbound
2025-01-27,Orange,trip_04831,stop_002,12:31:00,12:32:00,7,1,Inbound
2025-01-28,Red,trip_04832,stop_003,13:32:00,13:33:00,8,0,Outbound
2025-01-29,Orange,trip_04833,stop_004,14:33:00,14:34:00,9,1,Inbound
2025-01-30,Red,trip_04834,stop_005,15:34:00,15:35:00,10,0,Outbound
2025-01-31,Orange,trip_04835,stop_006,16:35:00,16:36:00,11,1,Inbound
2025-01-01,Red,trip_04836,stop_007,17:36:00,17:37:00,12,0,Outbound
2025-01-02,Orange,trip_04837,stop_008,18:37:00,18:38:00,13,1,Inbound
2025-01-03,Red,trip_04838,stop_009,19:38:00,19:39:00,14,0,Outbound
2025-01-04,Orange,trip_04839,stop_010,20:39:00,20:40:00,15,1,Inbound
2025-01-05,Red,trip_04840,stop_011,21:40:00,21:41:00,16,0,Outbound
2025-01-06,Orange,trip_04841,stop_012,22:41:00,22:42:00,17,1,Inbound
2025-01-07,Red,trip_04842,stop_013,05:42:00,05:43:00,18,0,Outbound
2025-01-08,Orange,trip_04843,stop_014,06:43:00,06:44:00,19,1,Inbound
2025-01-09,Red,trip_04844,stop_015,07:44:00,07:45:00,20,0,Outbound
2025-01-10,Orange,trip_04845,stop_016,08:45:00,08:46:00,21,1,Inbound
2025-01-11,Red,trip_04846,stop_017,09:46:00,09:47:00,22,0,Outbound
2025-01-12,Orange,trip_04847,stop_018,10:47:00,10:48:00,23,1,Inbound
2025-01-13,Red,trip_04848,stop_019,11:48:00,11:49:00,24,0,Outbound
2025-01-14,Orange,trip_04849,stop_020,12:49:00,12:50:00,25,1,Inbound
2025-01-15,Red,trip_04850,stop_021,13:50:00,13:51:00,1,0,Outbound
2025-01-16,Orange,trip_04851,stop_022,14:51:00,14:52:00,2,1,Inbound
2025-01-17,Red,trip_04852,stop_023,15:52:00,15:53:00,3,0,Outbound
2025-01-18,Orange,trip_04853,stop_024,16:53:00,16:54:00,4,1,Inbound
2025-01-19,Red,trip_04854,stop_025,17:54:00,17:55:00,5,0,Outbound
2025-01-20,Orange,trip_04855,stop_026,18:55:00,18:56:00,6,1,Inbound
2025-01-21,Red,trip_04856,stop_027,19:56:00,19:57:00,7,0,Outbound
2025-01-22,Orange,trip_04857,stop_028,20:57:00,20:58:00,8,1,Inbound
2025-01-23,Red,trip_04858,stop_029,21:58:00,21:59:00,9,0,Outbound
2025-01-24,Orange,trip_04859,stop_030,22:59:00,22:00:00,10,1,Inbound
2025-01-25,Red,trip_04860,stop_001,05:00:00,05:01:00,11,0,Outbound
2025-01-26,Orange,trip_04861,stop_002,06:01:00,06:02:00,12,1,Inbound
2025-01-27,Red,trip_04862,stop_003,07:02:00,07:03:00,13,0,Outbound
2025-01-28,Orange,trip_04863,stop_004,08:03:00,08:04:00,14,1,Inbound
2025-01-29,Red,trip_04864,stop_005,09:04:00,09:05:00,15,0,Outbound
2025-01-30,Orange,trip_04865,stop_006,10:05:00,10:06:00,16,1,Inbound
2025-01-31,Red,trip_04866,stop_007,11:06:00,11:07:00,17,0,Outbound
2025-01-01,Orange,trip_04867,stop_008,12:07:00,12:08:00,18,1,Inbound
2025-01-02,Red,trip_04868,stop_009,13:08:00,13:09:00,19,0,Outbound
2025-01-03,Orange,trip_04869,stop_010,14:09:00,14:10:00,20,1,Inbound
2025-01-04,Red,trip_04870,stop_011,15:10:00,15:11:00,21,0,Outbound
2025-01-05,Orange,trip_04871,stop_012,16:11:00,16:12:00,22,1,Inbound
2025-01-06,Red,trip_04872,stop_013,17:12:00,17:13:00,23,0,Outbound
2025-01-07,Orange,trip_04873,stop_014,18:13:00,18:14:00,24,1,Inbound
2025-01-08,Red,trip_04874,stop_015,19:14:00,19:15:00,25,0,Outbound
2025-01-09,Orange,trip_04875,stop_016,20:15:00,20:16:00,1,1,Inbound
2025-01-10,Red,trip_04876,stop_017,21:16:00,21:17:00,2,0,Outbound
2025-01-11,Orange,trip_04877,stop_018,22:17:00,22:18:00,3,1,Inbound
2025-01-12,Red,trip_04878,stop_019,05:18:00,05:19:00,4,0,Outbound
2025-01-13,Orange,trip_04879,stop_020,06:19:00,06:20:00,5,1,Inbound
2025-01-14,Red,trip_04880,stop_021,07:20:00,07:21:00,6,0,Outbound
2025-01-15,Orange,trip_04881,stop_022,08:21:00,08:22:00,7,1,Inbound
2025-01-16,Red,trip_04882,stop_023,09:22:00,09:23:00,8,0,Outbound
2025-01-17,Orange,trip_04883,stop_024,10:23:00,10:24:00,9,1,Inbound
2025-01-18,Red,trip_04884,stop_025,11:24:00,11:25:00,10,0,Outbound
2025-01-19,Orange,trip_04885,stop_026,12:25:00,12:26:00,11,1,Inbound
2025-01-20,Red,trip_04886,stop_027,13:26:00,13:27:00,12,0,Outbound
2025-01-21,Orange,trip_04887,stop_028,14:27:00,14:28:00,13,1,Inbound
2025-01-22,Red,trip_04888,stop_029,15:28:00,15:29:00,14,0,Outbound
2025-01-23,Orange,trip_04889,stop_030,16:29:00,16:30:00,15,1,Inbound
2025-01-24,Red,trip_04890,stop_001,17:30:00,17:31:00,16,0,Outbound
2025-01-25,Orange,trip_04891,stop_002,18:31:00,18:32:00,17,1,Inbound
2025-01-26,Red,trip_04892,stop_003,19:32:00,19:33:00,18,0,Outbound
2025-01-27,Orange,trip_04893,stop_004,20:33:00,20:34:00,19,1,Inbound
2025-01-28,Red,trip_04894,stop_005,21:34:00,21:35:00,20,0,Outbound
2025-01-29,Orange,trip_04895,stop_006,22:35:00,22:36:00,21,1,Inbound
2025-01-30,Red,trip_04896,stop_007,05:36:00,05:37:00,22,0,Outbound
2025-01-31,Orange,trip_04897,stop_008,06:37:00,06:38:00,23,1,Inbound
2025-01-01,Red,trip_04898,stop_009,07:38:00,07:39:00,24,0,Outbound
2025-01-02,Orange,trip_04899,stop_010,08:39:00,08:40:00,25,1,Inbound
2025-01-03,Red,trip_04900,stop_011,09:40:00,09:41:00,1,0,Outbound
2025-01-04,Orange,trip_04901,stop_012,10:41:00,10:42:00,2,1,Inbound
2025-01-05,Red,trip_04902,stop_013,11:42:00,11:43:00,3,0,Outbound
2025-01-06,Orange,trip_04903,stop_014,12:43:00,12:44:00,4,1,Inbound
2025-01-07,Red,trip_04904,stop_015,13:44:00,13:45:00,5,0,Outbound
2025-01-08,Orange,trip_04905,stop_016,14:45:00,14:46:00,6,1,Inbound
2025-01-09,Red,trip_04906,stop_017,15:46:00,15:47:00,7,0,Outbound
2025-01-10,Orange,trip_04907,stop_018,16:47:00,16:48:00,8,1,Inbound
2025-01-11,Red,trip_04908,stop_019,17:48:00,17:49:00,9,0,Outbound
2025-01-12,Orange,trip_04909,stop_020,18:49:00,18:50:00,10,1,Inbound
2025-01-13,Red,trip_04910,stop_021,19:50:00,19:51:00,11,0,Outbound
2025-01-14,Orange,trip_04911,stop_022,20:51:00,20:52:00,12,1,Inbound
2025-01-15,Red,trip_04912,stop_023,21:52:00,21:53:00,13,0,Outbound
2025-01-16,Orange,trip_04913,stop_024,22:53:00,22:54:00,14,1,Inbound
2025-01-17,Red,trip_04914,stop_025,05:54:00,05:55:00,15,0,Outbound
2025-01-18,Orange,trip_04915,stop_026,06:55:00,06:56:00,16,1,Inbound
2025-01-19,Red,trip_04916,stop_027,07:56:00,07:57:00,17,0,Outbound
2025-01-20,Orange,trip_04917,stop_028,08:57:00,08:58:00,18,1,Inbound
2025-01-21,Red,trip_04918,stop_029,09:58:00,09:59:00,19,0,Outbound
2025-01-22,Orange,trip_04919,stop_030,10:59:00,10:00:00,20,1,Inbound
2025-01-23,Red,trip_04920,stop_001,11:00:00,11:01:00,21,0,Outbound
2025-01-24,Orange,trip_04921,stop_002,12:01:00,12:02:00,22,1,Inbound
2025-01-25,Red,trip_04922,stop_003,13:02:00,13:03:00,23,0,Outbound
2025-01-26,Orange,trip_04923,stop_004,14:03:00,14:04:00,24,1,Inbound
2025-01-27,Red,trip_04924,stop_005,15:04:00,15:05:00,25,0,Outbound
2025-01-28,Orange,trip_04925,stop_006,16:05:00,16:06:00,1,1,Inbound
2025-01-29,Red,trip_04926,stop_007,17:06:00,17:07:00,2,0,Outbound
2025-01-30,Orange,trip_04927,stop_008,18:07:00,18:08:00,3,1,Inbound
2025-01-31,Red,trip_04928,stop_009,19:08:00,19:09:00,4,0,Outbound
2025-01-01,Orange,trip_04929,stop_010,20:09:00,20:10:00,5,1,Inbound
2025-01-02,Red,trip_04930,stop_011,21:10:00,21:11:00,6,0,Outbound
2025-01-03,Orange,trip_04931,stop_012,22:11:00,22:12:00,7,1,Inbound
2025-01-04,Red,trip_04932,stop_013,05:12:00,05:13:00,8,0,Outbound
2025-01-05,Orange,trip_04933,stop_014,06:13:00,06:14:00,9,1,Inbound
2025-01-06,Red,trip_04934,stop_015,07:14:00,07:15:00,10,0,Outbound
2025-01-07,Orange,trip_04935,stop_016,08:15:00,08:16:00,11,1,Inbound
2025-01-08,Red,trip_04936,stop_017,09:16:00,09:17:00,12,0,Outbound
2025-01-09,Orange,trip_04937,stop_018,10:17:00,10:18:00,13,1,Inbound
2025-01-10,Red,trip_04938,stop_019,11:18:00,11:19:00,14,0,Outbound
2025-01-11,Orange,trip_04939,stop_020,12:19:00,12:20:00,15,1,Inbound
2025-01-12,Red,trip_04940,stop_021,13:20:00,13:21:00,16,0,Outbound
2025-01-13,Orange,trip_04941,stop_022,14:21:00,14:22:00,17,1,Inbound
2025-01-14,Red,trip_04942,stop_023,15:22:00,15:23:00,18,0,Outbound
2025-01-15,Orange,trip_04943,stop_024,16:23:00,16:24:00,19,1,Inbound
2025-01-16,Red,trip_04944,stop_025,17:24:00,17:25:00,20,0,Outbound
2025-01-17,Orange,trip_04945,stop_026,18:25:00,18:26:00,21,1,Inbound
2025-01-18,Red,trip_04946,stop_027,19:26:00,19:27:00,22,0,Outbound
2025-01-19,Orange,trip_04947,stop_028,20:27:00,20:28:00,23,1,Inbound
2025-01-20,Red,trip_04948,stop_029,21:28:00,21:29:00,24,0,Outbound
2025-01-21,Orange,trip_04949,stop_030,22:29:00,22:30:00,25,1,Inbound
2025-01-22,Red,trip_04950,stop_001,05:30:00,05:31:00,1,0,Outbound
2025-01-23,Orange,trip_04951,stop_002,06:31:00,06:32:00,2,1,Inbound
2025-01-24,Red,trip_04952,stop_003,07:32:00,07:33:00,3,0,Outbound
2025-01-25,Orange,trip_04953,stop_004,08:33:00,08:34:00,4,1,Inbound
2025-01-26,Red,trip_04954,stop_005,09:34:00,09:35:00,5,0,Outbound
2025-01-27,Orange,trip_04955,stop_006,10:35:00,10:36:00,6,1,Inbound
2025-01-28,Red,trip_04956,stop_007,11:36:00,11:37:00,7,0,Outbound
2025-01-29,Orange,trip_04957,stop_008,12:37:00,12:38:00,8,1,Inbound
2025-01-30,Red,trip_04958,stop_009,13:38:00,13:39:00,9,0,Outbound
2025-01-31,Orange,trip_04959,stop_010,14:39:00,14:40:00,10,1,Inbound
2025-01-01,Red,trip_04960,stop_011,15:40:00,15:41:00,11,0,Outbound
2025-01-02,Orange,trip_04961,stop_012,16:41:00,16:42:00,12,1,Inbound
2025-01-03,Red,trip_04962,stop_013,17:42:00,17:43:00,13,0,Outbound
2025-01-04,Orange,trip_04963,stop_014,18:43:00,18:44:00,14,1,Inbound
2025-01-05,Red,trip_04964,stop_015,19:44:00,19:45:00,15,0,Outbound
2025-01-06,Orange,trip_04965,stop_016,20:45:00,20:46:00,16,1,Inbound
2025-01-07,Red,trip_04966,stop_017,21:46:00,21:47:00,17,0,Outbound
2025-01-08,Orange,trip_04967,stop_018,22:47:00,22:48:00,18,1,Inbound
2025-01-09,Red,trip_04968,stop_019,05:48:00,05:49:00,19,0,Outbound
2025-01-10,Orange,trip_04969,stop_020,06:49:00,06:50:00,20,1,Inbound
2025-01-11,Red,trip_04970,stop_021,07:50:00,07:51:00,21,0,Outbound
2025-01-12,Orange,trip_04971,stop_022,08:51:00,08:52:00,22,1,Inbound
2025-01-13,Red,trip_04972,stop_023,09:52:00,09:53:00,23,0,Outbound
2025-01-14,Orange,trip_04973,stop_024,10:53:00,10:54:00,24,1,Inbound
2025-01-15,Red,trip_04974,stop_025,11:54:00,11:55:00,25,0,Outbound
2025-01-16,Orange,trip_04975,stop_026,12:55:00,12:56:00,1,1,Inbound
2025-01-17,Red,trip_04976,stop_027,13:56:00,13:57:00,2,0,Outbound
2025-01-18,Orange,trip_04977,stop_028,14:57:00,14:58:00,3,1,Inbound
2025-01-19,Red,trip_04978,stop_029,15:58:00,15:59:00,4,0,Outbound
2025-01-20,Orange,trip_04979,stop_030,16:59:00,16:00:00,5,1,Inbound
2025-01-21,Red,trip_04980,stop_001,17:00:00,17:01:00,6,0,Outbound
2025-01-22,Orange,trip_04981,stop_002,18:01:00,18:02:00,7,1,Inbound
2025-01-23,Red,trip_04982,stop_003,19:02:00,19:03:00,8,0,Outbound
2025-01-24,Orange,trip_04983,stop_004,20:03:00,20:04:00,9,1,Inbound
2025-01-25,Red,trip_04984,stop_005,21:04:00,21:05:00,10,0,Outbound
2025-01-26,Orange,trip_04985,stop_006,22:05:00,22:06:00,11,1,Inbound
2025-01-27,Red,trip_04986,stop_007,05:06:00,05:07:00,12,0,Outbound
2025-01-28,Orange,trip_04987,stop_008,06:07:00,06:08:00,13,1,Inbound
2025-01-29,Red,trip_04988,stop_009,07:08:00,07:09:00,14,0,Outbound
2025-01-30,Orange,trip_04989,stop_010,08:09:00,08:10:00,15,1,Inbound
2025-01-31,Red,trip_04990,stop_011,09:10:00,09:11:00,16,0,Outbound
2025-01-01,Orange,trip_04991,stop_012,10:11:00,10:12:00,17,1,Inbound
2025-01-02,Red,trip_04992,stop_013,11:12:00,11:13:00,18,0,Outbound
2025-01-03,Orange,trip_04993,stop_014,12:13:00,12:14:00,19,1,Inbound
2025-01-04,Red,trip_04994,stop_015,13:14:00,13:15:00,20,0,Outbound
2025-01-05,Orange,trip_04995,stop_016,14:15:00,14:16:00,21,1,Inbound
2025-01-06,Red,trip_04996,stop_017,15:16:00,15:17:00,22,0,Outbound
2025-01-07,Orange,trip_04997,stop_018,16:17:00,16:18:00,23,1,Inbound
2025-01-08,Red,trip_04998,stop_019,17:18:00,17:19:00,24,0,Outbound
2025-01-09,Orange,trip_04999,stop_020,18:19:00,18:20:00,25,1,Inbound
2025-01-10,Red,trip_05000,stop_021,19:20:00,19:21:00,1,0,Outbound
2025-01-11,Orange,trip_05001,stop_022,20:21:00,20:22:00,2,1,Inbound
2025-01-12,Red,trip_05002,stop_023,21:22:00,21:23:00,3,0,Outbound
2025-01-13,Orange,trip_05003,stop_024,22:23:00,22:24:00,4,1,Inbound
2025-01-14,Red,trip_05004,stop_025,05:24:00,05:25:00,5,0,Outbound
2025-01-15,Orange,trip_05005,stop_026,06:25:00,06:26:00,6,1,Inbound
2025-01-16,Red,trip_05006,stop_027,07:26:00,07:27:00,7,0,Outbound
2025-01-17,Orange,trip_05007,stop_028,08:27:00,08:28:00,8,1,Inbound
2025-01-18,Red,trip_05008,stop_029,09:28:00,09:29:00,9,0,Outbound
2025-01-19,Orange,trip_05009,stop_030,10:29:00,10:30:00,10,1,Inbound
2025-01-20,Red,trip_05010,stop_001,11:30:00,11:31:00,11,0,Outbound
2025-01-21,Orange,trip_05011,stop_002,12:31:00,12:32:00,12,1,Inbound
2025-01-22,Red,trip_05012,stop_003,13:32:00,13:33:00,13,0,Outbound
2025-01-23,Orange,trip_05013,stop_004,14:33:00,14:34:00,14,1,Inbound
2025-01-24,Red,trip_05014,stop_005,15:34:00,15:35:00,15,0,Outbound
2025-01-25,Orange,trip_05015,stop_006,16:35:00,16:36:00,16,1,Inbound
2025-01-26,Red,trip_05016,stop_007,17:36:00,17:37:00,17,0,Outbound
2025-01-27,Orange,trip_05017,stop_008,18:37:00,18:38:00,18,1,Inbound
2025-01-28,Red,trip_05018,stop_009,19:38:00,19:39:00,19,0,Outbound
2025-01-29,Orange,trip_05019,stop_010,20:39:00,20:40:00,20,1,Inbound
2025-01-30,Red,trip_05020,stop_011,21:40:00,21:41:00,21,0,Outbound
2025-01-31,Orange,trip_05021,stop_012,22:41:00,22:42:00,22,1,Inbound
2025-01-01,Red,trip_05022,stop_013,05:42:00,05:43:00,23,0,Outbound
2025-01-02,Orange,trip_05023,stop_014,06:43:00,06:44:00,24,1,Inbound
2025-01-03,Red,trip_05024,stop_015,07:44:00,07:45:00,25,0,Outbound
2025-01-04,Orange,trip_05025,stop_016,08:45:00,08:46:00,1,1,Inbound
2025-01-05,Red,trip_05026,stop_017,09:46:00,09:47:00,2,0,Outbound
2025-01-06,Orange,trip_05027,stop_018,10:47:00,10:48:00,3,1,Inbound
2025-01-07,Red,trip_05028,stop_019,11:48:00,11:49:00,4,0,Outbound
2025-01-08,Orange,trip_05029,stop_020,12:49:00,12:50:00,5,1,Inbound
2025-01-09,Red,trip_05030,stop_021,13:50:00,13:51:00,6,0,Outbound
2025-01-10,Orange,trip_05031,stop_022,14:51:00,14:52:00,7,1,Inbound
2025-01-11,Red,trip_05032,stop_023,15:52:00,15:53:00,8,0,Outbound
2025-01-12,Orange,trip_05033,stop_024,16:53:00,16:54:00,9,1,Inbound
2025-01-13,Red,trip_05034,stop_025,17:54:00,17:55:00,10,0,Outbound
2025-01-14,Orange,trip_05035,stop_026,18:55:00,18:56:00,11,1,Inbound
2025-01-15,Red,trip_05036,stop_027,19:56:00,19:57:00,12,0,Outbound
2025-01-16,Orange,trip_05037,stop_028,20:57:00,20:58:00,13,1,Inbound
2025-01-17,Red,trip_05038,stop_029,21:58:00,21:59:00,14,0,Outbound
2025-01-18,Orange,trip_05039,stop_030,22:59:00,22:00:00,15,1,Inbound
2025-01-19,Red,trip_05040,stop_001,05:00:00,05:01:00,16,0,Outbound
2025-01-20,Orange,trip_05041,stop_002,06:01:00,06:02:00,17,1,Inbound
2025-01-21,Red,trip_05042,stop_003,07:02:00,07:03:00,18,0,Outbound
2025-01-22,Orange,trip_05043,stop_004,08:03:00,08:04:00,19,1,Inbound
2025-01-23,Red,trip_05044,stop_005,09:04:00,09:05:00,20,0,Outbound
2025-01-24,Orange,trip_05045,stop_006,10:05:00,10:06:00,21,1,Inbound
2025-01-25,Red,trip_05046,stop_007,11:06:00,11:07:00,22,0,Outbound
2025-01-26,Orange,trip_05047,stop_008,12:07:00,12:08:00,23,1,Inbound
2025-01-27,Red,trip_05048,stop_009,13:08:00,13:09:00,24,0,Outbound
2025-01-28,Orange,trip_05049,stop_010,14:09:00,14:10:00,25,1,Inbound
2025-01-29,Red,trip_05050,stop_011,15:10:00,15:11:00,1,0,Outbound
2025-01-30,Orange,trip_05051,stop_012,16:11:00,16:12:00,2,1,Inbound
2025-01-31,Red,trip_05052,stop_013,17:12:00,17:13:00,3,0,Outbound
2025-01-01,Orange,trip_05053,stop_014,18:13:00,18:14:00,4,1,Inbound
2025-01-02,Red,trip_05054,stop_015,19:14:00,19:15:00,5,0,Outbound
2025-01-03,Orange,trip_05055,stop_016,20:15:00,20:16:00,6,1,Inbound
2025-01-04,Red,trip_05056,stop_017,21:16:00,21:17:00,7,0,Outbound
2025-01-05,Orange,trip_05057,stop_018,22:17:00,22:18:00,8,1,Inbound
2025-01-06,Red,trip_05058,stop_019,05:18:00,05:19:00,9,0,Outbound
2025-01-07,Orange,trip_05059,stop_020,06:19:00,06:20:00,10,1,Inbound
2025-01-08,Red,trip_05060,stop_021,07:20:00,07:21:00,11,0,Outbound
2025-01-09,Orange,trip_05061,stop_022,08:21:00,08:22:00,12,1,Inbound
2025-01-10,Red,trip_05062,stop_023,09:22:00,09:23:00,13,0,Outbound
2025-01-11,Orange,trip_05063,stop_024,10:23:00,10:24:00,14,1,Inbound
2025-01-12,Red,trip_05064,stop_025,11:24:00,11:25:00,15,0,Outbound
2025-01-13,Orange,trip_05065,stop_026,12:25:00,12:26:00,16,1,Inbound
2025-01-14,Red,trip_05066,stop_027,13:26:00,13:27:00,17,0,Outbound
2025-01-15,Orange,trip_05067,stop_028,14:27:00,14:28:00,18,1,Inbound
2025-01-16,Red,trip_05068,stop_029,15:28:00,15:29:00,19,0,Outbound
2025-01-17,Orange,trip_05069,stop_030,16:29:00,16:30:00,20,1,Inbound
2025-01-18,Red,trip_05070,stop_001,17:30:00,17:31:00,21,0,Outbound
2025-01-19,Orange,trip_05071,stop_002,18:31:00,18:32:00,22,1,Inbound
2025-01-20,Red,trip_05072,stop_003,19:32:00,19:33:00,23,0,Outbound
2025-01-21,Orange,trip_05073,stop_004,20:33:00,20:34:00,24,1,Inbound
2025-01-22,Red,trip_05074,stop_005,21:34:00,21:35:00,25,0,Outbound
2025-01-23,Orange,trip_05075,stop_006,22:35:00,22:36:00,1,1,Inbound
2025-01-24,Red,trip_05076,stop_007,05:36:00,05:37:00,2,0,Outbound
2025-01-25,Orange,trip_05077,stop_008,06:37:00,06:38:00,3,1,Inbound
2025-01-26,Red,trip_05078,stop_009,07:38:00,07:39:00,4,0,Outbound
2025-01-27,Orange,trip_05079,stop_010,08:39:00,08:40:00,5,1,Inbound
2025-01-28,Red,trip_05080,stop_011,09:40:00,09:41:00,6,0,Outbound
2025-01-29,Orange,trip_05081,stop_012,10:41:00,10:42:00,7,1,Inbound
2025-01-30,Red,trip_05082,stop_013,11:42:00,11:43:00,8,0,Outbound
2025-01-31,Orange,trip_05083,stop_014,12:43:00,12:44:00,9,1,Inbound
2025-01-01,Red,trip_05084,stop_015,13:44:00,13:45:00,10,0,Outbound
2025-01-02,Orange,trip_05085,stop_016,14:45:00,14:46:00,11,1,Inbound
2025-01-03,Red,trip_05086,stop_017,15:46:00,15:47:00,12,0,Outbound
2025-01-04,Orange,trip_05087,stop_018,16:47:00,16:48:00,13,1,Inbound
2025-01-05,Red,trip_05088,stop_019,17:48:00,17:49:00,14,0,Outbound
2025-01-06,Orange,trip_05089,stop_020,18:49:00,18:50:00,15,1,Inbound
2025-01-07,Red,trip_05090,stop_021,19:50:00,19:51:00,16,0,Outbound
2025-01-08,Orange,trip_05091,stop_022,20:51:00,20:52:00,17,1,Inbound
2025-01-09,Red,trip_05092,stop_023,21:52:00,21:53:00,18,0,Outbound
2025-01-10,Orange,trip_05093,stop_024,22:53:00,22:54:00,19,1,Inbound
2025-01-11,Red,trip_05094,stop_025,05:54:00,05:55:00,20,0,Outbound
2025-01-12,Orange,trip_05095,stop_026,06:55:00,06:56:00,21,1,Inbound
2025-01-13,Red,trip_05096,stop_027,07:56:00,07:57:00,22,0,Outbound
2025-01-14,Orange,trip_05097,stop_028,08:57:00,08:58:00,23,1,Inbound
2025-01-15,Red,trip_05098,stop_029,09:58:00,09:59:00,24,0,Outbound
2025-01-16,Orange,trip_05099,stop_030,10:59:00,10:00:00,25,1,Inbound
2025-01-17,Red,trip_05100,stop_001,11:00:00,11:01:00,1,0,Outbound
2025-01-18,Orange,trip_05101,stop_002,12:01:00,12:02:00,2,1,Inbound
2025-01-19,Red,trip_05102,stop_003,13:02:00,13:03:00,3,0,Outbound
2025-01-20,Orange,trip_05103,stop_004,14:03:00,14:04:00,4,1,Inbound
2025-01-21,Red,trip_05104,stop_005,15:04:00,15:05:00,5,0,Outbound
2025-01-22,Orange,trip_05105,stop_006,16:05:00,16:06:00,6,1,Inbound
2025-01-23,Red,trip_05106,stop_007,17:06:00,17:07:00,7,0,Outbound
2025-01-24,Orange,trip_05107,stop_008,18:07:00,18:08:00,8,1,Inbound
2025-01-25,Red,trip_05108,stop_009,19:08:00,19:09:00,9,0,Outbound
2025-01-26,Orange,trip_05109,stop_010,20:09:00,20:10:00,10,1,Inbound
2025-01-27,Red,trip_05110,stop_011,21:10:00,21:11:00,11,0,Outbound
2025-01-28,Orange,trip_05111,stop_012,22:11:00,22:12:00,12,1,Inbound
2025-01-29,Red,trip_05112,stop_013,05:12:00,05:13:00,13,0,Outbound
2025-01-30,Orange,trip_05113,stop_014,06:13:00,06:14:00,14,1,Inbound
2025-01-31,Red,trip_05114,stop_015,07:14:00,07:15:00,15,0,Outbound
2025-01-01,Orange,trip_05115,stop_016,08:15:00,08:16:00,16,1,Inbound
2025-01-02,Red,trip_05116,stop_017,09:16:00,09:17:00,17,0,Outbound
2025-01-03,Orange,trip_05117,stop_018,10:17:00,10:18:00,18,1,Inbound
2025-01-04,Red,trip_05118,stop_019,11:18:00,11:19:00,19,0,Outbound
2025-01-05,Orange,trip_05119,stop_020,12:19:00,12:20:00,20,1,Inbound
2025-01-06,Red,trip_05120,stop_021,13:20:00,13:21:00,21,0,Outbound
2025-01-07,Orange,trip_05121,stop_022,14:21:00,14:22:00,22,1,Inbound
2025-01-08,Red,trip_05122,stop_023,15:22:00,15:23:00,23,0,Outbound
2025-01-09,Orange,trip_05123,stop_024,16:23:00,16:24:00,24,1,Inbound
2025-01-10,Red,trip_05124,stop_025,17:24:00,17:25:00,25,0,Outbound
2025-01-11,Orange,trip_05125,stop_026,18:25:00,18:26:00,1,1,Inbound
2025-01-12,Red,trip_05126,stop_027,19:26:00,19:27:00,2,0,Outbound
2025-01-13,Orange,trip_05127,stop_028,20:27:00,20:28:00,3,1,Inbound
2025-01-14,Red,trip_05128,stop_029,21:28:00,21:29:00,4,0,Outbound
2025-01-15,Orange,trip_05129,stop_030,22:29:00,22:30:00,5,1,Inbound
2025-01-16,Red,trip_05130,stop_001,05:30:00,05:31:00,6,0,Outbound
2025-01-17,Orange,trip_05131,stop_002,06:31:00,06:32:00,7,1,Inbound
2025-01-18,Red,trip_05132,stop_003,07:32:00,07:33:00,8,0,Outbound
2025-01-19,Orange,trip_05133,stop_004,08:33:00,08:34:00,9,1,Inbound
2025-01-20,Red,trip_05134,stop_005,09:34:00,09:35:00,10,0,Outbound
2025-01-21,Orange,trip_05135,stop_006,10:35:00,10:36:00,11,1,Inbound
2025-01-22,Red,trip_05136,stop_007,11:36:00,11:37:00,12,0,Outbound
2025-01-23,Orange,trip_05137,stop_008,12:37:00,12:38:00,13,1,Inbound
2025-01-24,Red,trip_05138,stop_009,13:38:00,13:39:00,14,0,Outbound
2025-01-25,Orange,trip_05139,stop_010,14:39:00,14:40:00,15,1,Inbound
2025-01-26,Red,trip_05140,stop_011,15:40:00,15:41:00,16,0,Outbound
2025-01-27,Orange,trip_05141,stop_012,16:41:00,16:42:00,17,1,Inbound
2025-01-28,Red,trip_05142,stop_013,17:42:00,17:43:00,18,0,Outbound
2025-01-29,Orange,trip_05143,stop_014,18:43:00,18:44:00,19,1,Inbound
2025-01-30,Red,trip_05144,stop_015,19:44:00,19:45:00,20,0,Outbound
2025-01-31,Orange,trip_05145,stop_016,20:45:00,20:46:00,21,1,Inbound
2025-01-01,Red,trip_05146,stop_017,21:46:00,21:47:00,22,0,Outbound
2025-01-02,Orange,trip_05147,stop_018,22:47:00,22:48:00,23,1,Inbound
2025-01-03,Red,trip_05148,stop_019,05:48:00,05:49:00,24,0,Outbound
2025-01-04,Orange,trip_05149,stop_020,06:49:00,06:50:00,25,1,Inbound
2025-01-05,Red,trip_05150,stop_021,07:50:00,07:51:00,1,0,Outbound
2025-01-06,Orange,trip_05151,stop_022,08:51:00,08:52:00,2,1,Inbound
2025-01-07,Red,trip_05152,stop_023,09:52:00,09:53:00,3,0,Outbound
2025-01-08,Orange,trip_05153,stop_024,10:53:00,10:54:00,4,1,Inbound
2025-01-09,Red,trip_05154,stop_025,11:54:00,11:55:00,5,0,Outbound
2025-01-10,Orange,trip_05155,stop_026,12:55:00,12:56:00,6,1,Inbound
2025-01-11,Red,trip_05156,stop_027,13:56:00,13:57:00,7,0,Outbound
2025-01-12,Orange,trip_05157,stop_028,14:57:00,14:58:00,8,1,Inbound
2025-01-13,Red,trip_05158,stop_029,15:58:00,15:59:00,9,0,Outbound
2025-01-14,Orange,trip_05159,stop_030,16:59:00,16:00:00,10,1,Inbound
2025-01-15,Red,trip_05160,stop_001,17:00:00,17:01:00,11,0,Outbound
2025-01-16,Orange,trip_05161,stop_002,18:01:00,18:02:00,12,1,Inbound
2025-01-17,Red,trip_05162,stop_003,19:02:00,19:03:00,13,0,Outbound
2025-01-18,Orange,trip_05163,stop_004,20:03:00,20:04:00,14,1,Inbound
2025-01-19,Red,trip_05164,stop_005,21:04:00,21:05:00,15,0,Outbound
2025-01-20,Orange,trip_05165,stop_006,22:05:00,22:06:00,16,1,Inbound
2025-01-21,Red,trip_05166,stop_007,05:06:00,05:07:00,17,0,Outbound
2025-01-22,Orange,trip_05167,stop_008,06:07:00,06:08:00,18,1,Inbound
2025-01-23,Red,trip_05168,stop_009,07:08:00,07:09:00,19,0,Outbound
2025-01-24,Orange,trip_05169,stop_010,08:09:00,08:10:00,20,1,Inbound
2025-01-25,Red,trip_05170,stop_011,09:10:00,09:11:00,21,0,Outbound
2025-01-26,Orange,trip_05171,stop_012,10:11:00,10:12:00,22,1,Inbound
2025-01-27,Red,trip_05172,stop_013,11:12:00,11:13:00,23,0,Outbound
2025-01-28,Orange,trip_05173,stop_014,12:13:00,12:14:00,24,1,Inbound
2025-01-29,Red,trip_05174,stop_015,13:14:00,13:15:00,25,0,Outbound
2025-01-30,Orange,trip_05175,stop_016,14:15:00,14:16:00,1,1,Inbound
2025-01-31,Red,trip_05176,stop_017,15:16:00,15:17:00,2,0,Outbound
2025-01-01,Orange,trip_05177,stop_018,16:17:00,16:18:00,3,1,Inbound
2025-01-02,Red,trip_05178,stop_019,17:18:00,17:19:00,4,0,Outbound
2025-01-03,Orange,trip_05179,stop_020,18:19:00,18:20:00,5,1,Inbound
2025-01-04,Red,trip_05180,stop_021,19:20:00,19:21:00,6,0,Outbound
2025-01-05,Orange,trip_05181,stop_022,20:21:00,20:22:00,7,1,Inbound
2025-01-06,Red,trip_05182,stop_023,21:22:00,21:23:00,8,0,Outbound
2025-01-07,Orange,trip_05183,stop_024,22:23:00,22:24:00,9,1,Inbound
2025-01-08,Red,trip_05184,stop_025,05:24:00,05:25:00,10,0,Outbound
2025-01-09,Orange,trip_05185,stop_026,06:25:00,06:26:00,11,1,Inbound
2025-01-10,Red,trip_05186,stop_027,07:26:00,07:27:00,12,0,Outbound
2025-01-11,Orange,trip_05187,stop_028,08:27:00,08:28:00,13,1,Inbound
2025-01-12,Red,trip_05188,stop_029,09:28:00,09:29:00,14,0,Outbound
2025-01-13,Orange,trip_05189,stop_030,10:29:00,10:30:00,15,1,Inbound
2025-01-14,Red,trip_05190,stop_001,11:30:00,11:31:00,16,0,Outbound
2025-01-15,Orange,trip_05191,stop_002,12:31:00,12:32:00,17,1,Inbound
2025-01-16,Red,trip_05192,stop_003,13:32:00,13:33:00,18,0,Outbound
2025-01-17,Orange,trip_05193,stop_004,14:33:00,14:34:00,19,1,Inbound
2025-01-18,Red,trip_05194,stop_005,15:34:00,15:35:00,20,0,Outbound
2025-01-19,Orange,trip_05195,stop_006,16:35:00,16:36:00,21,1,Inbound
2025-01-20,Red,trip_05196,stop_007,17:36:00,17:37:00,22,0,Outbound
2025-01-21,Orange,trip_05197,stop_008,18:37:00,18:38:00,23,1,Inbound
2025-01-22,Red,trip_05198,stop_009,19:38:00,19:39:00,24,0,Outbound
2025-01-23,Orange,trip_05199,stop_010,20:39:00,20:40:00,25,1,Inbound
2025-01-24,Red,trip_05200,stop_011,21:40:00,21:41:00,1,0,Outbound
2025-01-25,Orange,trip_05201,stop_012,22:41:00,22:42:00,2,1,Inbound
2025-01-26,Red,trip_05202,stop_013,05:42:00,05:43:00,3,0,Outbound
2025-01-27,Orange,trip_05203,stop_014,06:43:00,06:44:00,4,1,Inbound
2025-01-28,Red,trip_05204,stop_015,07:44:00,07:45:00,5,0,Outbound
2025-01-29,Orange,trip_05205,stop_016,08:45:00,08:46:00,6,1,Inbound
2025-01-30,Red,trip_05206,stop_017,09:46:00,09:47:00,7,0,Outbound
2025-01-31,Orange,trip_05207,stop_018,10:47:00,10:48:00,8,1,Inbound
2025-01-01,Red,trip_05208,stop_019,11:48:00,11:49:00,9,0,Outbound
2025-01-02,Orange,trip_05209,stop_020,12:49:00,12:50:00,10,1,Inbound
2025-01-03,Red,trip_05210,stop_021,13:50:00,13:51:00,11,0,Outbound
2025-01-04,Orange,trip_05211,stop_022,14:51:00,14:52:00,12,1,Inbound
2025-01-05,Red,trip_05212,stop_023,15:52:00,15:53:00,13,0,Outbound
2025-01-06,Orange,trip_05213,stop_024,16:53:00,16:54:00,14,1,Inbound
2025-01-07,Red,trip_05214,stop_025,17:54:00,17:55:00,15,0,Outbound
2025-01-08,Orange,trip_05215,stop_026,18:55:00,18:56:00,16,1,Inbound
2025-01-09,Red,trip_05216,stop_027,19:56:00,19:57:00,17,0,Outbound
2025-01-10,Orange,trip_05217,stop_028,20:57:00,20:58:00,18,1,Inbound
2025-01-11,Red,trip_05218,stop_029,21:58:00,21:59:00,19,0,Outbound
2025-01-12,Orange,trip_05219,stop_030,22:59:00,22:00:00,20,1,Inbound
2025-01-13,Red,trip_05220,stop_001,05:00:00,05:01:00,21,0,Outbound
2025-01-14,Orange,trip_05221,stop_002,06:01:00,06:02:00,22,1,Inbound
2025-01-15,Red,trip_05222,stop_003,07:02:00,07:03:00,23,0,Outbound
2025-01-16,Orange,trip_05223,stop_004,08:03:00,08:04:00,24,1,Inbound
2025-01-17,Red,trip_05224,stop_005,09:04:00,09:05:00,25,0,Outbound
2025-01-18,Orange,trip_05225,stop_006,10:05:00,10:06:00,1,1,Inbound
2025-01-19,Red,trip_05226,stop_007,11:06:00,11:07:00,2,0,Outbound
2025-01-20,Orange,trip_05227,stop_008,12:07:00,12:08:00,3,1,Inbound
2025-01-21,Red,trip_05228,stop_009,13:08:00,13:09:00,4,0,Outbound
2025-01-22,Orange,trip_05229,stop_010,14:09:00,14:10:00,5,1,Inbound
2025-01-23,Red,trip_05230,stop_011,15:10:00,15:11:00,6,0,Outbound
2025-01-24,Orange,trip_05231,stop_012,16:11:00,16:12:00,7,1,Inbound
2025-01-25,Red,trip_05232,stop_013,17:12:00,17:13:00,8,0,Outbound
2025-01-26,Orange,trip_05233,stop_014,18:13:00,18:14:00,9,1,Inbound
2025-01-27,Red,trip_05234,stop_015,19:14:00,19:15:00,10,0,Outbound
2025-01-28,Orange,trip_05235,stop_016,20:15:00,20:16:00,11,1,Inbound
2025-01-29,Red,trip_05236,stop_017,21:16:00,21:17:00,12,0,Outbound
2025-01-30,Orange,trip_05237,stop_018,22:17:00,22:18:00,13,1,Inbound
2025-01-31,Red,trip_05238,stop_019,05:18:00,05:19:00,14,0,Outbound
2025-01-01,Orange,trip_05239,stop_020,06:19:00,06:20:00,15,1,Inbound
2025-01-02,Red,trip_05240,stop_021,07:20:00,07:21:00,16,0,Outbound
2025-01-03,Orange,trip_05241,stop_022,08:21:00,08:22:00,17,1,Inbound
2025-01-04,Red,trip_05242,stop_023,09:22:00,09:23:00,18,0,Outbound
2025-01-05,Orange,trip_05243,stop_024,10:23:00,10:24:00,19,1,Inbound
2025-01-06,Red,trip_05244,stop_025,11:24:00,11:25:00,20,0,Outbound
2025-01-07,Orange,trip_05245,stop_026,12:25:00,12:26:00,21,1,Inbound
2025-01-08,Red,trip_05246,stop_027,13:26:00,13:27:00,22,0,Outbound
2025-01-09,Orange,trip_05247,stop_028,14:27:00,14:28:00,23,1,Inbound
2025-01-10,Red,trip_05248,stop_029,15:28:00,15:29:00,24,0,Outbound
2025-01-11,Orange,trip_05249,stop_030,16:29:00,16:30:00,25,1,Inbound
2025-01-12,Red,trip_05250,stop_001,17:30:00,17:31:00,1,0,Outbound
2025-01-13,Orange,trip_05251,stop_002,18:31:00,18:32:00,2,1,Inbound
2025-01-14,Red,trip_05252,stop_003,19:32:00,19:33:00,3,0,Outbound
2025-01-15,Orange,trip_05253,stop_004,20:33:00,20:34:00,4,1,Inbound
2025-01-16,Red,trip_05254,stop_005,21:34:00,21:35:00,5,0,Outbound
2025-01-17,Orange,trip_05255,stop_006,22:35:00,22:36:00,6,1,Inbound
2025-01-18,Red,trip_05256,stop_007,05:36:00,05:37:00,7,0,Outbound
2025-01-19,Orange,trip_05257,stop_008,06:37:00,06:38:00,8,1,Inbound
2025-01-20,Red,trip_05258,stop_009,07:38:00,07:39:00,9,0,Outbound
2025-01-21,Orange,trip_05259,stop_010,08:39:00,08:40:00,10,1,Inbound
2025-01-22,Red,trip_05260,stop_011,09:40:00,09:41:00,11,0,Outbound
2025-01-23,Orange,trip_05261,stop_012,10:41:00,10:42:00,12,1,Inbound
2025-01-24,Red,trip_05262,stop_013,11:42:00,11:43:00,13,0,Outbound
2025-01-25,Orange,trip_05263,stop_014,12:43:00,12:44:00,14,1,Inbound
2025-01-26,Red,trip_05264,stop_015,13:44:00,13:45:00,15,0,Outbound
2025-01-27,Orange,trip_05265,stop_016,14:45:00,14:46:00,16,1,Inbound
2025-01-28,Red,trip_05266,stop_017,15:46:00,15:47:00,17,0,Outbound
2025-01-29,Orange,trip_05267,stop_018,16:47:00,16:48:00,18,1,Inbound
2025-01-30,Red,trip_05268,stop_019,17:48:00,17:49:00,19,0,Outbound
2025-01-31,Orange,trip_05269,stop_020,18:49:00,18:50:00,20,1,Inbound
2025-01-01,Red,trip_05270,stop_021,19:50:00,19:51:00,21,0,Outbound
2025-01-02,Orange,trip_05271,stop_022,20:51:00,20:52:00,22,1,Inbound
2025-01-03,Red,trip_05272,stop_023,21:52:00,21:53:00,23,0,Outbound
2025-01-04,Orange,trip_05273,stop_024,22:53:00,22:54:00,24,1,Inbound
2025-01-05,Red,trip_05274,stop_025,05:54:00,05:55:00,25,0,Outbound
2025-01-06,Orange,trip_05275,stop_026,06:55:00,06:56:00,1,1,Inbound
2025-01-07,Red,trip_05276,stop_027,07:56:00,07:57:00,2,0,Outbound
2025-01-08,Orange,trip_05277,stop_028,08:57:00,08:58:00,3,1,Inbound
2025-01-09,Red,trip_05278,stop_029,09:58:00,09:59:00,4,0,Outbound
2025-01-10,Orange,trip_05279,stop_030,10:59:00,10:00:00,5,1,Inbound
2025-01-11,Red,trip_05280,stop_001,11:00:00,11:01:00,6,0,Outbound
2025-01-12,Orange,trip_05281,stop_002,12:01:00,12:02:00,7,1,Inbound
2025-01-13,Red,trip_05282,stop_003,13:02:00,13:03:00,8,0,Outbound
2025-01-14,Orange,trip_05283,stop_004,14:03:00,14:04:00,9,1,Inbound
2025-01-15,Red,trip_05284,stop_005,15:04:00,15:05:00,10,0,Outbound
2025-01-16,Orange,trip_05285,stop_006,16:05:00,16:06:00,11,1,Inbound
2025-01-17,Red,trip_05286,stop_007,17:06:00,17:07:00,12,0,Outbound
2025-01-18,Orange,trip_05287,stop_008,18:07:00,18:08:00,13,1,Inbound
2025-01-19,Red,trip_05288,stop_009,19:08:00,19:09:00,14,0,Outbound
2025-01-20,Orange,trip_05289,stop_010,20:09:00,20:10:00,15,1,Inbound
2025-01-21,Red,trip_05290,stop_011,21:10:00,21:11:00,16,0,Outbound
2025-01-22,Orange,trip_05291,stop_012,22:11:00,22:12:00,17,1,Inbound
2025-01-23,Red,trip_05292,stop_013,05:12:00,05:13:00,18,0,Outbound
2025-01-24,Orange,trip_05293,stop_014,06:13:00,06:14:00,19,1,Inbound
2025-01-25,Red,trip_05294,stop_015,07:14:00,07:15:00,20,0,Outbound
2025-01-26,Orange,trip_05295,stop_016,08:15:00,08:16:00,21,1,Inbound
2025-01-27,Red,trip_05296,stop_017,09:16:00,09:17:00,22,0,Outbound
2025-01-28,Orange,trip_05297,stop_018,10:17:00,10:18:00,23,1,Inbound
2025-01-29,Red,trip_05298,stop_019,11:18:00,11:19:00,24,0,Outbound
2025-01-30,Orange,trip_05299,stop_020,12:19:00,12:20:00,25,1,Inbound
2025-01-31,Red,trip_05300,stop_021,13:20:00,13:21:00,1,0,Outbound
2025-01-01,Orange,trip_05301,stop_022,14:21:00,14:22:00,2,1,Inbound
2025-01-02,Red,trip_05302,stop_023,15:22:00,15:23:00,3,0,Outbound
2025-01-03,Orange,trip_05303,stop_024,16:23:00,16:24:00,4,1,Inbound
2025-01-04,Red,trip_05304,stop_025,17:24:00,17:25:00,5,0,Outbound
2025-01-05,Orange,trip_05305,stop_026,18:25:00,18:26:00,6,1,Inbound
2025-01-06,Red,trip_05306,stop_027,19:26:00,19:27:00,7,0,Outbound
2025-01-07,Orange,trip_05307,stop_028,20:27:00,20:28:00,8,1,Inbound
2025-01-08,Red,trip_05308,stop_029,21:28:00,21:29:00,9,0,Outbound
2025-01-09,Orange,trip_05309,stop_030,22:29:00,22:30:00,10,1,Inbound
2025-01-10,Red,trip_05310,stop_001,05:30:00,05:31:00,11,0,Outbound
2025-01-11,Orange,trip_05311,stop_002,06:31:00,06:32:00,12,1,Inbound
2025-01-12,Red,trip_05312,stop_003,07:32:00,07:33:00,13,0,Outbound
2025-01-13,Orange,trip_05313,stop_004,08:33:00,08:34:00,14,1,Inbound
2025-01-14,Red,trip_05314,stop_005,09:34:00,09:35:00,15,0,Outbound
2025-01-15,Orange,trip_05315,stop_006,10:35:00,10:36:00,16,1,Inbound
2025-01-16,Red,trip_05316,stop_007,11:36:00,11:37:00,17,0,Outbound
2025-01-17,Orange,trip_05317,stop_008,12:37:00,12:38:00,18,1,Inbound
2025-01-18,Red,trip_05318,stop_009,13:38:00,13:39:00,19,0,Outbound
2025-01-19,Orange,trip_05319,stop_010,14:39:00,14:40:00,20,1,Inbound
2025-01-20,Red,trip_05320,stop_011,15:40:00,15:41:00,21,0,Outbound
2025-01-21,Orange,trip_05321,stop_012,16:41:00,16:42:00,22,1,Inbound
2025-01-22,Red,trip_05322,stop_013,17:42:00,17:43:00,23,0,Outbound
2025-01-23,Orange,trip_05323,stop_014,18:43:00,18:44:00,24,1,Inbound
2025-01-24,Red,trip_05324,stop_015,19:44:00,19:45:00,25,0,Outbound
2025-01-25,Orange,trip_05325,stop_016,20:45:00,20:46:00,1,1,Inbound
2025-01-26,Red,trip_05326,stop_017,21:46:00,21:47:00,2,0,Outbound
2025-01-27,Orange,trip_05327,stop_018,22:47:00,22:48:00,3,1,Inbound
2025-01-28,Red,trip_05328,stop_019,05:48:00,05:49:00,4,0,Outbound
2025-01-29,Orange,trip_05329,stop_020,06:49:00,06:50:00,5,1,Inbound
2025-01-30,Red,trip_05330,stop_021,07:50:00,07:51:00,6,0,Outbound
2025-01-31,Orange,trip_05331,stop_022,08:51:00,08:52:00,7,1,Inbound
2025-01-01,Red,trip_05332,stop_023,09:52:00,09:53:00,8,0,Outbound
2025-01-02,Orange,trip_05333,stop_024,10:53:00,10:54:00,9,1,Inbound
2025-01-03,Red,trip_05334,stop_025,11:54:00,11:55:00,10,0,Outbound
2025-01-04,Orange,trip_05335,stop_026,12:55:00,12:56:00,11,1,Inbound
2025-01-05,Red,trip_05336,stop_027,13:56:00,13:57:00,12,0,Outbound
2025-01-06,Orange,trip_05337,stop_028,14:57:00,14:58:00,13,1,Inbound
2025-01-07,Red,trip_05338,stop_029,15:58:00,15:59:00,14,0,Outbound
2025-01-08,Orange,trip_05339,stop_030,16:59:00,16:00:00,15,1,Inbound
2025-01-09,Red,trip_05340,stop_001,17:00:00,17:01:00,16,0,Outbound
2025-01-10,Orange,trip_05341,stop_002,18:01:00,18:02:00,17,1,Inbound
2025-01-11,Red,trip_05342,stop_003,19:02:00,19:03:00,18,0,Outbound
2025-01-12,Orange,trip_05343,stop_004,20:03:00,20:04:00,19,1,Inbound
2025-01-13,Red,trip_05344,stop_005,21:04:00,21:05:00,20,0,Outbound
2025-01-14,Orange,trip_05345,stop_006,22:05:00,22:06:00,21,1,Inbound
2025-01-15,Red,trip_05346,stop_007,05:06:00,05:07:00,22,0,Outbound
2025-01-16,Orange,trip_05347,stop_008,06:07:00,06:08:00,23,1,Inbound
2025-01-17,Red,trip_05348,stop_009,07:08:00,07:09:00,24,0,Outbound
2025-01-18,Orange,trip_05349,stop_010,08:09:00,08:10:00,25,1,Inbound
2025-01-19,Red,trip_05350,stop_011,09:10:00,09:11:00,1,0,Outbound
2025-01-20,Orange,trip_05351,stop_012,10:11:00,10:12:00,2,1,Inbound
2025-01-21,Red,trip_05352,stop_013,11:12:00,11:13:00,3,0,Outbound
2025-01-22,Orange,trip_05353,stop_014,12:13:00,12:14:00,4,1,Inbound
2025-01-23,Red,trip_05354,stop_015,13:14:00,13:15:00,5,0,Outbound
2025-01-24,Orange,trip_05355,stop_016,14:15:00,14:16:00,6,1,Inbound
2025-01-25,Red,trip_05356,stop_017,15:16:00,15:17:00,7,0,Outbound
2025-01-26,Orange,trip_05357,stop_018,16:17:00,16:18:00,8,1,Inbound
2025-01-27,Red,trip_05358,stop_019,17:18:00,17:19:00,9,0,Outbound
2025-01-28,Orange,trip_05359,stop_020,18:19:00,18:20:00,10,1,Inbound
2025-01-29,Red,trip_05360,stop_021,19:20:00,19:21:00,11,0,Outbound
2025-01-30,Orange,trip_05361,stop_022,20:21:00,20:22:00,12,1,Inbound
2025-01-31,Red,trip_05362,stop_023,21:22:00,21:23:00,13,0,Outbound
2025-01-01,Orange,trip_05363,stop_024,22:23:00,22:24:00,14,1,Inbound
2025-01-02,Red,trip_05364,stop_025,05:24:00,05:25:00,15,0,Outbound
2025-01-03,Orange,trip_05365,stop_026,06:25:00,06:26:00,16,1,Inbound
2025-01-04,Red,trip_05366,stop_027,07:26:00,07:27:00,17,0,Outbound
2025-01-05,Orange,trip_05367,stop_028,08:27:00,08:28:00,18,1,Inbound
2025-01-06,Red,trip_05368,stop_029,09:28:00,09:29:00,19,0,Outbound
2025-01-07,Orange,trip_05369,stop_030,10:29:00,10:30:00,20,1,Inbound
2025-01-08,Red,trip_05370,stop_001,11:30:00,11:31:00,21,0,Outbound
2025-01-09,Orange,trip_05371,stop_002,12:31:00,12:32:00,22,1,Inbound
2025-01-10,Red,trip_05372,stop_003,13:32:00,13:33:00,23,0,Outbound
2025-01-11,Orange,trip_05373,stop_004,14:33:00,14:34:00,24,1,Inbound
2025-01-12,Red,trip_05374,stop_005,15:34:00,15:35:00,25,0,Outbound
2025-01-13,Orange,trip_05375,stop_006,16:35:00,16:36:00,1,1,Inbound
2025-01-14,Red,trip_05376,stop_007,17:36:00,17:37:00,2,0,Outbound
2025-01-15,Orange,trip_05377,stop_008,18:37:00,18:38:00,3,1,Inbound
2025-01-16,Red,trip_05378,stop_009,19:38:00,19:39:00,4,0,Outbound
2025-01-17,Orange,trip_05379,stop_010,20:39:00,20:40:00,5,1,Inbound
2025-01-18,Red,trip_05380,stop_011,21:40:00,21:41:00,6,0,Outbound
2025-01-19,Orange,trip_05381,stop_012,22:41:00,22:42:00,7,1,Inbound
2025-01-20,Red,trip_05382,stop_013,05:42:00,05:43:00,8,0,Outbound
2025-01-21,Orange,trip_05383,stop_014,06:43:00,06:44:00,9,1,Inbound
2025-01-22,Red,trip_05384,stop_015,07:44:00,07:45:00,10,0,Outbound
2025-01-23,Orange,trip_05385,stop_016,08:45:00,08:46:00,11,1,Inbound
2025-01-24,Red,trip_05386,stop_017,09:46:00,09:47:00,12,0,Outbound
2025-01-25,Orange,trip_05387,stop_018,10:47:00,10:48:00,13,1,Inbound
2025-01-26,Red,trip_05388,stop_019,11:48:00,11:49:00,14,0,Outbound
2025-01-27,Orange,trip_05389,stop_020,12:49:00,12:50:00,15,1,Inbound
2025-01-28,Red,trip_05390,stop_021,13:50:00,13:51:00,16,0,Outbound
2025-01-29,Orange,trip_05391,stop_022,14:51:00,14:52:00,17,1,Inbound
2025-01-30,Red,trip_05392,stop_023,15:52:00,15:53:00,18,0,Outbound
2025-01-31,Orange,trip_05393,stop_024,16:53:00,16:54:00,19,1,Inbound
2025-01-01,Red,trip_05394,stop_025,17:54:00,17:55:00,20,0,Outbound
2025-01-02,Orange,trip_05395,stop_026,18:55:00,18:56:00,21,1,Inbound
2025-01-03,Red,trip_05396,stop_027,19:56:00,19:57:00,22,0,Outbound
2025-01-04,Orange,trip_05397,stop_028,20:57:00,20:58:00,23,1,Inbound
2025-01-05,Red,trip_05398,stop_029,21:58:00,21:59:00,24,0,Outbound
2025-01-06,Orange,trip_05399,stop_030,22:59:00,22:00:00,25,1,Inbound
2025-01-07,Red,trip_05400,stop_001,05:00:00,05:01:00,1,0,Outbound
2025-01-08,Orange,trip_05401,stop_002,06:01:00,06:02:00,2,1,Inbound
2025-01-09,Red,trip_05402,stop_003,07:02:00,07:03:00,3,0,Outbound
2025-01-10,Orange,trip_05403,stop_004,08:03:00,08:04:00,4,1,Inbound
2025-01-11,Red,trip_05404,stop_005,09:04:00,09:05:00,5,0,Outbound
2025-01-12,Orange,trip_05405,stop_006,10:05:00,10:06:00,6,1,Inbound
2025-01-13,Red,trip_05406,stop_007,11:06:00,11:07:00,7,0,Outbound
2025-01-14,Orange,trip_05407,stop_008,12:07:00,12:08:00,8,1,Inbound
2025-01-15,Red,trip_05408,stop_009,13:08:00,13:09:00,9,0,Outbound
2025-01-16,Orange,trip_05409,stop_010,14:09:00,14:10:00,10,1,Inbound
2025-01-17,Red,trip_05410,stop_011,15:10:00,15:11:00,11,0,Outbound
2025-01-18,Orange,trip_05411,stop_012,16:11:00,16:12:00,12,1,Inbound
2025-01-19,Red,trip_05412,stop_013,17:12:00,17:13:00,13,0,Outbound
2025-01-20,Orange,trip_05413,stop_014,18:13:00,18:14:00,14,1,Inbound
2025-01-21,Red,trip_05414,stop_015,19:14:00,19:15:00,15,0,Outbound
2025-01-22,Orange,trip_05415,stop_016,20:15:00,20:16:00,16,1,Inbound
2025-01-23,Red,trip_05416,stop_017,21:16:00,21:17:00,17,0,Outbound
2025-01-24,Orange,trip_05417,stop_018,22:17:00,22:18:00,18,1,Inbound
2025-01-25,Red,trip_05418,stop_019,05:18:00,05:19:00,19,0,Outbound
2025-01-26,Orange,trip_05419,stop_020,06:19:00,06:20:00,20,1,Inbound
2025-01-27,Red,trip_05420,stop_021,07:20:00,07:21:00,21,0,Outbound
2025-01-28,Orange,trip_05421,stop_022,08:21:00,08:22:00,22,1,Inbound
2025-01-29,Red,trip_05422,stop_023,09:22:00,09:23:00,23,0,Outbound
2025-01-30,Orange,trip_05423,stop_024,10:23:00,10:24:00,24,1,Inbound
2025-01-31,Red,trip_05424,stop_025,11:24:00,11:25:00,25,0,Outbound
2025-01-01,Orange,trip_05425,stop_026,12:25:00,12:26:00,1,1,Inbound
2025-01-02,Red,trip_05426,stop_027,13:26:00,13:27:00,2,0,Outbound
2025-01-03,Orange,trip_05427,stop_028,14:27:00,14:28:00,3,1,Inbound
2025-01-04,Red,trip_05428,stop_029,15:28:00,15:29:00,4,0,Outbound
2025-01-05,Orange,trip_05429,stop_030,16:29:00,16:30:00,5,1,Inbound
2025-01-06,Red,trip_05430,stop_001,17:30:00,17:31:00,6,0,Outbound
2025-01-07,Orange,trip_05431,stop_002,18:31:00,18:32:00,7,1,Inbound
2025-01-08,Red,trip_05432,stop_003,19:32:00,19:33:00,8,0,Outbound
2025-01-09,Orange,trip_05433,stop_004,20:33:00,20:34:00,9,1,Inbound
2025-01-10,Red,trip_05434,stop_005,21:34:00,21:35:00,10,0,Outbound
2025-01-11,Orange,trip_05435,stop_006,22:35:00,22:36:00,11,1,Inbound
2025-01-12,Red,trip_05436,stop_007,05:36:00,05:37:00,12,0,Outbound
2025-01-13,Orange,trip_05437,stop_008,06:37:00,06:38:00,13,1,Inbound
2025-01-14,Red,trip_05438,stop_009,07:38:00,07:39:00,14,0,Outbound
2025-01-15,Orange,trip_05439,stop_010,08:39:00,08:40:00,15,1,Inbound
2025-01-16,Red,trip_05440,stop_011,09:40:00,09:41:00,16,0,Outbound
2025-01-17,Orange,trip_05441,stop_012,10:41:00,10:42:00,17,1,Inbound
2025-01-18,Red,trip_05442,stop_013,11:42:00,11:43:00,18,0,Outbound
2025-01-19,Orange,trip_05443,stop_014,12:43:00,12:44:00,19,1,Inbound
2025-01-20,Red,trip_05444,stop_015,13:44:00,13:45:00,20,0,Outbound
2025-01-21,Orange,trip_05445,stop_016,14:45:00,14:46:00,21,1,Inbound
2025-01-22,Red,trip_05446,stop_017,15:46:00,15:47:00,22,0,Outbound
2025-01-23,Orange,trip_05447,stop_018,16:47:00,16:48:00,23,1,Inbound
2025-01-24,Red,trip_05448,stop_019,17:48:00,17:49:00,24,0,Outbound
2025-01-25,Orange,trip_05449,stop_020,18:49:00,18:50:00,25,1,Inbound
2025-01-26,Red,trip_05450,stop_021,19:50:00,19:51:00,1,0,Outbound
2025-01-27,Orange,trip_05451,stop_022,20:51:00,20:52:00,2,1,Inbound
2025-01-28,Red,trip_05452,stop_023,21:52:00,21:53:00,3,0,Outbound
2025-01-29,Orange,trip_05453,stop_024,22:53:00,22:54:00,4,1,Inbound
2025-01-30,Red,trip_05454,stop_025,05:54:00,05:55:00,5,0,Outbound
2025-01-31,Orange,trip_05455,stop_026,06:55:00,06:56:00,6,1,Inbound
2025-01-01,Red,trip_05456,stop_027,07:56:00,07:57:00,7,0,Outbound
2025-01-02,Orange,trip_05457,stop_028,08:57:00,08:58:00,8,1,Inbound
2025-01-03,Red,trip_05458,stop_029,09:58:00,09:59:00,9,0,Outbound
2025-01-04,Orange,trip_05459,stop_030,10:59:00,10:00:00,10,1,Inbound
2025-01-05,Red,trip_05460,stop_001,11:00:00,11:01:00,11,0,Outbound
2025-01-06,Orange,trip_05461,stop_002,12:01:00,12:02:00,12,1,Inbound
2025-01-07,Red,trip_05462,stop_003,13:02:00,13:03:00,13,0,Outbound
2025-01-08,Orange,trip_05463,stop_004,14:03:00,14:04:00,14,1,Inbound
2025-01-09,Red,trip_05464,stop_005,15:04:00,15:05:00,15,0,Outbound
2025-01-10,Orange,trip_05465,stop_006,16:05:00,16:06:00,16,1,Inbound
2025-01-11,Red,trip_05466,stop_007,17:06:00,17:07:00,17,0,Outbound
2025-01-12,Orange,trip_05467,stop_008,18:07:00,18:08:00,18,1,Inbound
2025-01-13,Red,trip_05468,stop_009,19:08:00,19:09:00,19,0,Outbound
2025-01-14,Orange,trip_05469,stop_010,20:09:00,20:10:00,20,1,Inbound
2025-01-15,Red,trip_05470,stop_011,21:10:00,21:11:00,21,0,Outbound
2025-01-16,Orange,trip_05471,stop_012,22:11:00,22:12:00,22,1,Inbound
2025-01-17,Red,trip_05472,stop_013,05:12:00,05:13:00,23,0,Outbound
2025-01-18,Orange,trip_05473,stop_014,06:13:00,06:14:00,24,1,Inbound
2025-01-19,Red,trip_05474,stop_015,07:14:00,07:15:00,25,0,Outbound
2025-01-20,Orange,trip_05475,stop_016,08:15:00,08:16:00,1,1,Inbound
2025-01-21,Red,trip_05476,stop_017,09:16:00,09:17:00,2,0,Outbound
2025-01-22,Orange,trip_05477,stop_018,10:17:00,10:18:00,3,1,Inbound
2025-01-23,Red,trip_05478,stop_019,11:18:00,11:19:00,4,0,Outbound
2025-01-24,Orange,trip_05479,stop_020,12:19:00,12:20:00,5,1,Inbound
2025-01-25,Red,trip_05480,stop_021,13:20:00,13:21:00,6,0,Outbound
2025-01-26,Orange,trip_05481,stop_022,14:21:00,14:22:00,7,1,Inbound
2025-01-27,Red,trip_05482,stop_023,15:22:00,15:23:00,8,0,Outbound
2025-01-28,Orange,trip_05483,stop_024,16:23:00,16:24:00,9,1,Inbound
2025-01-29,Red,trip_05484,stop_025,17:24:00,17:25:00,10,0,Outbound
2025-01-30,Orange,trip_05485,stop_026,18:25:00,18:26:00,11,1,Inbound
2025-01-31,Red,trip_05486,stop_027,19:26:00,19:27:00,12,0,Outbound
2025-01-01,Orange,trip_05487,stop_028,20:27:00,20:28:00,13,1,Inbound
2025-01-02,Red,trip_05488,stop_029,21:28:00,21:29:00,14,0,Outbound
2025-01-03,Orange,trip_05489,stop_030,22:29:00,22:30:00,15,1,Inbound
2025-01-04,Red,trip_05490,stop_001,05:30:00,05:31:00,16,0,Outbound
2025-01-05,Orange,trip_05491,stop_002,06:31:00,06:32:00,17,1,Inbound
2025-01-06,Red,trip_05492,stop_003,07:32:00,07:33:00,18,0,Outbound
2025-01-07,Orange,trip_05493,stop_004,08:33:00,08:34:00,19,1,Inbound
2025-01-08,Red,trip_05494,stop_005,09:34:00,09:35:00,20,0,Outbound
2025-01-09,Orange,trip_05495,stop_006,10:35:00,10:36:00,21,1,Inbound
2025-01-10,Red,trip_05496,stop_007,11:36:00,11:37:00,22,0,Outbound
2025-01-11,Orange,trip_05497,stop_008,12:37:00,12:38:00,23,1,Inbound
2025-01-12,Red,trip_05498,stop_009,13:38:00,13:39:00,24,0,Outbound
2025-01-13,Orange,trip_05499,stop_010,14:39:00,14:40:00,25,1,Inbound
2025-01-14,Red,trip_05500,stop_011,15:40:00,15:41:00,1,0,Outbound
2025-01-15,Orange,trip_05501,stop_012,16:41:00,16:42:00,2,1,Inbound
2025-01-16,Red,trip_05502,stop_013,17:42:00,17:43:00,3,0,Outbound
2025-01-17,Orange,trip_05503,stop_014,18:43:00,18:44:00,4,1,Inbound
2025-01-18,Red,trip_05504,stop_015,19:44:00,19:45:00,5,0,Outbound
2025-01-19,Orange,trip_05505,stop_016,20:45:00,20:46:00,6,1,Inbound
2025-01-20,Red,trip_05506,stop_017,21:46:00,21:47:00,7,0,Outbound
2025-01-21,Orange,trip_05507,stop_018,22:47:00,22:48:00,8,1,Inbound
2025-01-22,Red,trip_05508,stop_019,05:48:00,05:49:00,9,0,Outbound
2025-01-23,Orange,trip_05509,stop_020,06:49:00,06:50:00,10,1,Inbound
2025-01-24,Red,trip_05510,stop_021,07:50:00,07:51:00,11,0,Outbound
2025-01-25,Orange,trip_05511,stop_022,08:51:00,08:52:00,12,1,Inbound
2025-01-26,Red,trip_05512,stop_023,09:52:00,09:53:00,13,0,Outbound
2025-01-27,Orange,trip_05513,stop_024,10:53:00,10:54:00,14,1,Inbound
2025-01-28,Red,trip_05514,stop_025,11:54:00,11:55:00,15,0,Outbound
2025-01-29,Orange,trip_05515,stop_026,12:55:00,12:56:00,16,1,Inbound
2025-01-30,Red,trip_05516,stop_027,13:56:00,13:57:00,17,0,Outbound
2025-01-31,Orange,trip_05517,stop_028,14:57:00,14:58:00,18,1,Inbound
2025-01-01,Red,trip_05518,stop_029,15:58:00,15:59:00,19,0,Outbound
2025-01-02,Orange,trip_05519,stop_030,16:59:00,16:00:00,20,1,Inbound
2025-01-03,Red,trip_05520,stop_001,17:00:00,17:01:00,21,0,Outbound
2025-01-04,Orange,trip_05521,stop_002,18:01:00,18:02:00,22,1,Inbound
2025-01-05,Red,trip_05522,stop_003,19:02:00,19:03:00,23,0,Outbound
2025-01-06,Orange,trip_05523,stop_004,20:03:00,20:04:00,24,1,Inbound
2025-01-07,Red,trip_05524,stop_005,21:04:00,21:05:00,25,0,Outbound
2025-01-08,Orange,trip_05525,stop_006,22:05:00,22:06:00,1,1,Inbound
2025-01-09,Red,trip_05526,stop_007,05:06:00,05:07:00,2,0,Outbound
2025-01-10,Orange,trip_05527,stop_008,06:07:00,06:08:00,3,1,Inbound
2025-01-11,Red,trip_05528,stop_009,07:08:00,07:09:00,4,0,Outbound
2025-01-12,Orange,trip_05529,stop_010,08:09:00,08:10:00,5,1,Inbound
2025-01-13,Red,trip_05530,stop_011,09:10:00,09:11:00,6,0,Outbound
2025-01-14,Orange,trip_05531,stop_012,10:11:00,10:12:00,7,1,Inbound
2025-01-15,Red,trip_05532,stop_013,11:12:00,11:13:00,8,0,Outbound
2025-01-16,Orange,trip_05533,stop_014,12:13:00,12:14:00,9,1,Inbound
2025-01-17,Red,trip_05534,stop_015,13:14:00,13:15:00,10,0,Outbound
2025-01-18,Orange,trip_05535,stop_016,14:15:00,14:16:00,11,1,Inbound
2025-01-19,Red,trip_05536,stop_017,15:16:00,15:17:00,12,0,Outbound
2025-01-20,Orange,trip_05537,stop_018,16:17:00,16:18:00,13,1,Inbound
2025-01-21,Red,trip_05538,stop_019,17:18:00,17:19:00,14,0,Outbound
2025-01-22,Orange,trip_05539,stop_020,18:19:00,18:20:00,15,1,Inbound
2025-01-23,Red,trip_05540,stop_021,19:20:00,19:21:00,16,0,Outbound
2025-01-24,Orange,trip_05541,stop_022,20:21:00,20:22:00,17,1,Inbound
2025-01-25,Red,trip_05542,stop_023,21:22:00,21:23:00,18,0,Outbound
2025-01-26,Orange,trip_05543,stop_024,22:23:00,22:24:00,19,1,Inbound
2025-01-27,Red,trip_05544,stop_025,05:24:00,05:25:00,20,0,Outbound
2025-01-28,Orange,trip_05545,stop_026,06:25:00,06:26:00,21,1,Inbound
2025-01-29,Red,trip_05546,stop_027,07:26:00,07:27:00,22,0,Outbound
2025-01-30,Orange,trip_05547,stop_028,08:27:00,08:28:00,23,1,Inbound
2025-01-31,Red,trip_05548,stop_029,09:28:00,09:29:00,24,0,Outbound
2025-01-01,Orange,trip_05549,stop_030,10:29:00,10:30:00,25,1,Inbound
2025-01-02,Red,trip_05550,stop_001,11:30:00,11:31:00,1,0,Outbound
2025-01-03,Orange,trip_05551,stop_002,12:31:00,12:32:00,2,1,Inbound
2025-01-04,Red,trip_05552,stop_003,13:32:00,13:33:00,3,0,Outbound
2025-01-05,Orange,trip_05553,stop_004,14:33:00,14:34:00,4,1,Inbound
2025-01-06,Red,trip_05554,stop_005,15:34:00,15:35:00,5,0,Outbound
2025-01-07,Orange,trip_05555,stop_006,16:35:00,16:36:00,6,1,Inbound
2025-01-08,Red,trip_05556,stop_007,17:36:00,17:37:00,7,0,Outbound
2025-01-09,Orange,trip_05557,stop_008,18:37:00,18:38:00,8,1,Inbound
2025-01-10,Red,trip_05558,stop_009,19:38:00,19:39:00,9,0,Outbound
2025-01-11,Orange,trip_05559,stop_010,20:39:00,20:40:00,10,1,Inbound
2025-01-12,Red,trip_05560,stop_011,21:40:00,21:41:00,11,0,Outbound
2025-01-13,Orange,trip_05561,stop_012,22:41:00,22:42:00,12,1,Inbound
2025-01-14,Red,trip_05562,stop_013,05:42:00,05:43:00,13,0,Outbound
2025-01-15,Orange,trip_05563,stop_014,06:43:00,06:44:00,14,1,Inbound
2025-01-16,Red,trip_05564,stop_015,07:44:00,07:45:00,15,0,Outbound
2025-01-17,Orange,trip_05565,stop_016,08:45:00,08:46:00,16,1,Inbound
2025-01-18,Red,trip_05566,stop_017,09:46:00,09:47:00,17,0,Outbound
2025-01-19,Orange,trip_05567,stop_018,10:47:00,10:48:00,18,1,Inbound
2025-01-20,Red,trip_05568,stop_019,11:48:00,11:49:00,19,0,Outbound
2025-01-21,Orange,trip_05569,stop_020,12:49:00,12:50:00,20,1,Inbound
2025-01-22,Red,trip_05570,stop_021,13:50:00,13:51:00,21,0,Outbound
2025-01-23,Orange,trip_05571,stop_022,14:51:00,14:52:00,22,1,Inbound
2025-01-24,Red,trip_05572,stop_023,15:52:00,15:53:00,23,0,Outbound
2025-01-25,Orange,trip_05573,stop_024,16:53:00,16:54:00,24,1,Inbound
2025-01-26,Red,trip_05574,stop_025,17:54:00,17:55:00,25,0,Outbound
2025-01-27,Orange,trip_05575,stop_026,18:55:00,18:56:00,1,1,Inbound
2025-01-28,Red,trip_05576,stop_027,19:56:00,19:57:00,2,0,Outbound
2025-01-29,Orange,trip_05577,stop_028,20:57:00,20:58:00,3,1,Inbound
2025-01-30,Red,trip_05578,stop_029,21:58:00,21:59:00,4,0,Outbound
2025-01-31,Orange,trip_05579,stop_030,22:59:00,22:00:00,5,1,Inbound
2025-01-01,Red,trip_05580,stop_001,05:00:00,05:01:00,6,0,Outbound
2025-01-02,Orange,trip_05581,stop_002,06:01:00,06:02:00,7,1,Inbound
2025-01-03,Red,trip_05582,stop_003,07:02:00,07:03:00,8,0,Outbound
2025-01-04,Orange,trip_05583,stop_004,08:03:00,08:04:00,9,1,Inbound
2025-01-05,Red,trip_05584,stop_005,09:04:00,09:05:00,10,0,Outbound
2025-01-06,Orange,trip_05585,stop_006,10:05:00,10:06:00,11,1,Inbound
2025-01-07,Red,trip_05586,stop_007,11:06:00,11:07:00,12,0,Outbound
2025-01-08,Orange,trip_05587,stop_008,12:07:00,12:08:00,13,1,Inbound
2025-01-09,Red,trip_05588,stop_009,13:08:00,13:09:00,14,0,Outbound
2025-01-10,Orange,trip_05589,stop_010,14:09:00,14:10:00,15,1,Inbound
2025-01-11,Red,trip_05590,stop_011,15:10:00,15:11:00,16,0,Outbound
2025-01-12,Orange,trip_05591,stop_012,16:11:00,16:12:00,17,1,Inbound
2025-01-13,Red,trip_05592,stop_013,17:12:00,17:13:00,18,0,Outbound
2025-01-14,Orange,trip_05593,stop_014,18:13:00,18:14:00,19,1,Inbound
2025-01-15,Red,trip_05594,stop_015,19:14:00,19:15:00,20,0,Outbound
2025-01-16,Orange,trip_05595,stop_016,20:15:00,20:16:00,21,1,Inbound
2025-01-17,Red,trip_05596,stop_017,21:16:00,21:17:00,22,0,Outbound
2025-01-18,Orange,trip_05597,stop_018,22:17:00,22:18:00,23,1,Inbound
2025-01-19,Red,trip_05598,stop_019,05:18:00,05:19:00,24,0,Outbound
2025-01-20,Orange,trip_05599,stop_020,06:19:00,06:20:00,25,1,Inbound
2025-01-21,Red,trip_05600,stop_021,07:20:00,07:21:00,1,0,Outbound
2025-01-22,Orange,trip_05601,stop_022,08:21:00,08:22:00,2,1,Inbound
2025-01-23,Red,trip_05602,stop_023,09:22:00,09:23:00,3,0,Outbound
2025-01-24,Orange,trip_05603,stop_024,10:23:00,10:24:00,4,1,Inbound
2025-01-25,Red,trip_05604,stop_025,11:24:00,11:25:00,5,0,Outbound
2025-01-26,Orange,trip_05605,stop_026,12:25:00,12:26:00,6,1,Inbound
2025-01-27,Red,trip_05606,stop_027,13:26:00,13:27:00,7,0,Outbound
2025-01-28,Orange,trip_05607,stop_028,14:27:00,14:28:00,8,1,Inbound
2025-01-29,Red,trip_05608,stop_029,15:28:00,15:29:00,9,0,Outbound
2025-01-30,Orange,trip_05609,stop_030,16:29:00,16:30:00,10,1,Inbound
2025-01-31,Red,trip_05610,stop_001,17:30:00,17:31:00,11,0,Outbound
2025-01-01,Orange,trip_05611,stop_002,18:31:00,18:32:00,12,1,Inbound
2025-01-02,Red,trip_05612,stop_003,19:32:00,19:33:00,13,0,Outbound
2025-01-03,Orange,trip_05613,stop_004,20:33:00,20:34:00,14,1,Inbound
2025-01-04,Red,trip_05614,stop_005,21:34:00,21:35:00,15,0,Outbound
2025-01-05,Orange,trip_05615,stop_006,22:35:00,22:36:00,16,1,Inbound
2025-01-06,Red,trip_05616,stop_007,05:36:00,05:37:00,17,0,Outbound
2025-01-07,Orange,trip_05617,stop_008,06:37:00,06:38:00,18,1,Inbound
2025-01-08,Red,trip_05618,stop_009,07:38:00,07:39:00,19,0,Outbound
2025-01-09,Orange,trip_05619,stop_010,08:39:00,08:40:00,20,1,Inbound
2025-01-10,Red,trip_05620,stop_011,09:40:00,09:41:00,21,0,Outbound
2025-01-11,Orange,trip_05621,stop_012,10:41:00,10:42:00,22,1,Inbound
2025-01-12,Red,trip_05622,stop_013,11:42:00,11:43:00,23,0,Outbound
2025-01-13,Orange,trip_05623,stop_014,12:43:00,12:44:00,24,1,Inbound
2025-01-14,Red,trip_05624,stop_015,13:44:00,13:45:00,25,0,Outbound
2025-01-15,Orange,trip_05625,stop_016,14:45:00,14:46:00,1,1,Inbound
2025-01-16,Red,trip_05626,stop_017,15:46:00,15:47:00,2,0,Outbound
2025-01-17,Orange,trip_05627,stop_018,16:47:00,16:48:00,3,1,Inbound
2025-01-18,Red,trip_05628,stop_019,17:48:00,17:49:00,4,0,Outbound
2025-01-19,Orange,trip_05629,stop_020,18:49:00,18:50:00,5,1,Inbound
2025-01-20,Red,trip_05630,stop_021,19:50:00,19:51:00,6,0,Outbound
2025-01-21,Orange,trip_05631,stop_022,20:51:00,20:52:00,7,1,Inbound
2025-01-22,Red,trip_05632,stop_023,21:52:00,21:53:00,8,0,Outbound
2025-01-23,Orange,trip_05633,stop_024,22:53:00,22:54:00,9,1,Inbound
2025-01-24,Red,trip_05634,stop_025,05:54:00,05:55:00,10,0,Outbound
2025-01-25,Orange,trip_05635,stop_026,06:55:00,06:56:00,11,1,Inbound
2025-01-26,Red,trip_05636,stop_027,07:56:00,07:57:00,12,0,Outbound
2025-01-27,Orange,trip_05637,stop_028,08:57:00,08:58:00,13,1,Inbound
2025-01-28,Red,trip_05638,stop_029,09:58:00,09:59:00,14,0,Outbound
2025-01-29,Orange,trip_05639,stop_030,10:59:00,10:00:00,15,1,Inbound
2025-01-30,Red,trip_05640,stop_001,11:00:00,11:01:00,16,0,Outbound
2025-01-31,Orange,trip_05641,stop_002,12:01:00,12:02:00,17,1,Inbound
2025-01-01,Red,trip_05642,stop_003,13:02:00,13:03:00,18,0,Outbound
2025-01-02,Orange,trip_05643,stop_004,14:03:00,14:04:00,19,1,Inbound
2025-01-03,Red,trip_05644,stop_005,15:04:00,15:05:00,20,0,Outbound
2025-01-04,Orange,trip_05645,stop_006,16:05:00,16:06:00,21,1,Inbound
2025-01-05,Red,trip_05646,stop_007,17:06:00,17:07:00,22,0,Outbound
2025-01-06,Orange,trip_05647,stop_008,18:07:00,18:08:00,23,1,Inbound
2025-01-07,Red,trip_05648,stop_009,19:08:00,19:09:00,24,0,Outbound
2025-01-08,Orange,trip_05649,stop_010,20:09:00,20:10:00,25,1,Inbound
2025-01-09,Red,trip_05650,stop_011,21:10:00,21:11:00,1,0,Outbound
2025-01-10,Orange,trip_05651,stop_012,22:11:00,22:12:00,2,1,Inbound
2025-01-11,Red,trip_05652,stop_013,05:12:00,05:13:00,3,0,Outbound
2025-01-12,Orange,trip_05653,stop_014,06:13:00,06:14:00,4,1,Inbound
2025-01-13,Red,trip_05654,stop_015,07:14:00,07:15:00,5,0,Outbound
2025-01-14,Orange,trip_05655,stop_016,08:15:00,08:16:00,6,1,Inbound
2025-01-15,Red,trip_05656,stop_017,09:16:00,09:17:00,7,0,Outbound
2025-01-16,Orange,trip_05657,stop_018,10:17:00,10:18:00,8,1,Inbound
2025-01-17,Red,trip_05658,stop_019,11:18:00,11:19:00,9,0,Outbound
2025-01-18,Orange,trip_05659,stop_020,12:19:00,12:20:00,10,1,Inbound
2025-01-19,Red,trip_05660,stop_021,13:20:00,13:21:00,11,0,Outbound
2025-01-20,Orange,trip_05661,stop_022,14:21:00,14:22:00,12,1,Inbound
2025-01-21,Red,trip_05662,stop_023,15:22:00,15:23:00,13,0,Outbound
2025-01-22,Orange,trip_05663,stop_024,16:23:00,16:24:00,14,1,Inbound
2025-01-23,Red,trip_05664,stop_025,17:24:00,17:25:00,15,0,Outbound
2025-01-24,Orange,trip_05665,stop_026,18:25:00,18:26:00,16,1,Inbound
2025-01-25,Red,trip_05666,stop_027,19:26:00,19:27:00,17,0,Outbound
2025-01-26,Orange,trip_05667,stop_028,20:27:00,20:28:00,18,1,Inbound
2025-01-27,Red,trip_05668,stop_029,21:28:00,21:29:00,19,0,Outbound
2025-01-28,Orange,trip_05669,stop_030,22:29:00,22:30:00,20,1,Inbound
2025-01-29,Red,trip_05670,stop_001,05:30:00,05:31:00,21,0,Outbound
2025-01-30,Orange,trip_05671,stop_002,06:31:00,06:32:00,22,1,Inbound
2025-01-31,Red,trip_05672,stop_003,07:32:00,07:33:00,23,0,Outbound
2025-01-01,Orange,trip_05673,stop_004,08:33:00,08:34:00,24,1,Inbound
2025-01-02,Red,trip_05674,stop_005,09:34:00,09:35:00,25,0,Outbound
2025-01-03,Orange,trip_05675,stop_006,10:35:00,10:36:00,1,1,Inbound
2025-01-04,Red,trip_05676,stop_007,11:36:00,11:37:00,2,0,Outbound
2025-01-05,Orange,trip_05677,stop_008,12:37:00,12:38:00,3,1,Inbound
2025-01-06,Red,trip_05678,stop_009,13:38:00,13:39:00,4,0,Outbound
2025-01-07,Orange,trip_05679,stop_010,14:39:00,14:40:00,5,1,Inbound
2025-01-08,Red,trip_05680,stop_011,15:40:00,15:41:00,6,0,Outbound
2025-01-09,Orange,trip_05681,stop_012,16:41:00,16:42:00,7,1,Inbound
2025-01-10,Red,trip_05682,stop_013,17:42:00,17:43:00,8,0,Outbound
2025-01-11,Orange,trip_05683,stop_014,18:43:00,18:44:00,9,1,Inbound
2025-01-12,Red,trip_05684,stop_015,19:44:00,19:45:00,10,0,Outbound
2025-01-13,Orange,trip_05685,stop_016,20:45:00,20:46:00,11,1,Inbound
2025-01-14,Red,trip_05686,stop_017,21:46:00,21:47:00,12,0,Outbound
2025-01-15,Orange,trip_05687,stop_018,22:47:00,22:48:00,13,1,Inbound
2025-01-16,Red,trip_05688,stop_019,05:48:00,05:49:00,14,0,Outbound
2025-01-17,Orange,trip_05689,stop_020,06:49:00,06:50:00,15,1,Inbound
2025-01-18,Red,trip_05690,stop_021,07:50:00,07:51:00,16,0,Outbound
2025-01-19,Orange,trip_05691,stop_022,08:51:00,08:52:00,17,1,Inbound
2025-01-20,Red,trip_05692,stop_023,09:52:00,09:53:00,18,0,Outbound
2025-01-21,Orange,trip_05693,stop_024,10:53:00,10:54:00,19,1,Inbound
2025-01-22,Red,trip_05694,stop_025,11:54:00,11:55:00,20,0,Outbound
2025-01-23,Orange,trip_05695,stop_026,12:55:00,12:56:00,21,1,Inbound
2025-01-24,Red,trip_05696,stop_027,13:56:00,13:57:00,22,0,Outbound
2025-01-25,Orange,trip_05697,stop_028,14:57:00,14:58:00,23,1,Inbound
2025-01-26,Red,trip_05698,stop_029,15:58:00,15:59:00,24,0,Outbound
2025-01-27,Orange,trip_05699,stop_030,16:59:00,16:00:00,25,1,Inbound
2025-01-28,Red,trip_05700,stop_001,17:00:00,17:01:00,1,0,Outbound
2025-01-29,Orange,trip_05701,stop_002,18:01:00,18:02:00,2,1,Inbound
2025-01-30,Red,trip_05702,stop_003,19:02:00,19:03:00,3,0,Outbound
2025-01-31,Orange,trip_05703,stop_004,20:03:00,20:04:00,4,1,Inbound
2025-01-01,Red,trip_05704,stop_005,21:04:00,21:05:00,5,0,Outbound
2025-01-02,Orange,trip_05705,stop_006,22:05:00,22:06:00,6,1,Inbound
2025-01-03,Red,trip_05706,stop_007,05:06:00,05:07:00,7,0,Outbound
2025-01-04,Orange,trip_05707,stop_008,06:07:00,06:08:00,8,1,Inbound
2025-01-05,Red,trip_05708,stop_009,07:08:00,07:09:00,9,0,Outbound
2025-01-06,Orange,trip_05709,stop_010,08:09:00,08:10:00,10,1,Inbound
2025-01-07,Red,trip_05710,stop_011,09:10:00,09:11:00,11,0,Outbound
2025-01-08,Orange,trip_05711,stop_012,10:11:00,10:12:00,12,1,Inbound
2025-01-09,Red,trip_05712,stop_013,11:12:00,11:13:00,13,0,Outbound
2025-01-10,Orange,trip_05713,stop_014,12:13:00,12:14:00,14,1,Inbound
2025-01-11,Red,trip_05714,stop_015,13:14:00,13:15:00,15,0,Outbound
2025-01-12,Orange,trip_05715,stop_016,14:15:00,14:16:00,16,1,Inbound
2025-01-13,Red,trip_05716,stop_017,15:16:00,15:17:00,17,0,Outbound
2025-01-14,Orange,trip_05717,stop_018,16:17:00,16:18:00,18,1,Inbound
2025-01-15,Red,trip_05718,stop_019,17:18:00,17:19:00,19,0,Outbound
2025-01-16,Orange,trip_05719,stop_020,18:19:00,18:20:00,20,1,Inbound
2025-01-17,Red,trip_05720,stop_021,19:20:00,19:21:00,21,0,Outbound
2025-01-18,Orange,trip_05721,stop_022,20:21:00,20:22:00,22,1,Inbound
2025-01-19,Red,trip_05722,stop_023,21:22:00,21:23:00,23,0,Outbound
2025-01-20,Orange,trip_05723,stop_024,22:23:00,22:24:00,24,1,Inbound
2025-01-21,Red,trip_05724,stop_025,05:24:00,05:25:00,25,0,Outbound
2025-01-22,Orange,trip_05725,stop_026,06:25:00,06:26:00,1,1,Inbound
2025-01-23,Red,trip_05726,stop_027,07:26:00,07:27:00,2,0,Outbound
2025-01-24,Orange,trip_05727,stop_028,08:27:00,08:28:00,3,1,Inbound
2025-01-25,Red,trip_05728,stop_029,09:28:00,09:29:00,4,0,Outbound
2025-01-26,Orange,trip_05729,stop_030,10:29:00,10:30:00,5,1,Inbound
2025-01-27,Red,trip_05730,stop_001,11:30:00,11:31:00,6,0,Outbound
2025-01-28,Orange,trip_05731,stop_002,12:31:00,12:32:00,7,1,Inbound
2025-01-29,Red,trip_05732,stop_003,13:32:00,13:33:00,8,0,Outbound
2025-01-30,Orange,trip_05733,stop_004,14:33:00,14:34:00,9,1,Inbound
2025-01-31,Red,trip_05734,stop_005,15:34:00,15:35:00,10,0,Outbound
2025-01-01,Orange,trip_05735,stop_006,16:35:00,16:36:00,11,1,Inbound
2025-01-02,Red,trip_05736,stop_007,17:36:00,17:37:00,12,0,Outbound
2025-01-03,Orange,trip_05737,stop_008,18:37:00,18:38:00,13,1,Inbound
2025-01-04,Red,trip_05738,stop_009,19:38:00,19:39:00,14,0,Outbound
2025-01-05,Orange,trip_05739,stop_010,20:39:00,20:40:00,15,1,Inbound
2025-01-06,Red,trip_05740,stop_011,21:40:00,21:41:00,16,0,Outbound
2025-01-07,Orange,trip_05741,stop_012,22:41:00,22:42:00,17,1,Inbound
2025-01-08,Red,trip_05742,stop_013,05:42:00,05:43:00,18,0,Outbound
2025-01-09,Orange,trip_05743,stop_014,06:43:00,06:44:00,19,1,Inbound
2025-01-10,Red,trip_05744,stop_015,07:44:00,07:45:00,20,0,Outbound
2025-01-11,Orange,trip_05745,stop_016,08:45:00,08:46:00,21,1,Inbound
2025-01-12,Red,trip_05746,stop_017,09:46:00,09:47:00,22,0,Outbound
2025-01-13,Orange,trip_05747,stop_018,10:47:00,10:48:00,23,1,Inbound
2025-01-14,Red,trip_05748,stop_019,11:48:00,11:49:00,24,0,Outbound
2025-01-15,Orange,trip_05749,stop_020,12:49:00,12:50:00,25,1,Inbound
2025-01-16,Red,trip_05750,stop_021,13:50:00,13:51:00,1,0,Outbound
2025-01-17,Orange,trip_05751,stop_022,14:51:00,14:52:00,2,1,Inbound
2025-01-18,Red,trip_05752,stop_023,15:52:00,15:53:00,3,0,Outbound
2025-01-19,Orange,trip_05753,stop_024,16:53:00,16:54:00,4,1,Inbound
2025-01-20,Red,trip_05754,stop_025,17:54:00,17:55:00,5,0,Outbound
2025-01-21,Orange,trip_05755,stop_026,18:55:00,18:56:00,6,1,Inbound
2025-01-22,Red,trip_05756,stop_027,19:56:00,19:57:00,7,0,Outbound
2025-01-23,Orange,trip_05757,stop_028,20:57:00,20:58:00,8,1,Inbound
2025-01-24,Red,trip_05758,stop_029,21:58:00,21:59:00,9,0,Outbound
2025-01-25,Orange,trip_05759,stop_030,22:59:00,22:00:00,10,1,Inbound
2025-01-26,Red,trip_05760,stop_001,05:00:00,05:01:00,11,0,Outbound
2025-01-27,Orange,trip_05761,stop_002,06:01:00,06:02:00,12,1,Inbound
2025-01-28,Red,trip_05762,stop_003,07:02:00,07:03:00,13,0,Outbound
2025-01-29,Orange,trip_05763,stop_004,08:03:00,08:04:00,14,1,Inbound
2025-01-30,Red,trip_05764,stop_005,09:04:00,09:05:00,15,0,Outbound
2025-01-31,Orange,trip_05765,stop_006,10:05:00,10:06:00,16,1,Inbound
2025-01-01,Red,trip_05766,stop_007,11:06:00,11:07:00,17,0,Outbound
2025-01-02,Orange,trip_05767,stop_008,12:07:00,12:08:00,18,1,Inbound
2025-01-03,Red,trip_05768,stop_009,13:08:00,13:09:00,19,0,Outbound
2025-01-04,Orange,trip_05769,stop_010,14:09:00,14:10:00,20,1,Inbound
2025-01-05,Red,trip_05770,stop_011,15:10:00,15:11:00,21,0,Outbound
2025-01-06,Orange,trip_05771,stop_012,16:11:00,16:12:00,22,1,Inbound
2025-01-07,Red,trip_05772,stop_013,17:12:00,17:13:00,23,0,Outbound
2025-01-08,Orange,trip_05773,stop_014,18:13:00,18:14:00,24,1,Inbound
2025-01-09,Red,trip_05774,stop_015,19:14:00,19:15:00,25,0,Outbound
2025-01-10,Orange,trip_05775,stop_016,20:15:00,20:16:00,1,1,Inbound
2025-01-11,Red,trip_05776,stop_017,21:16:00,21:17:00,2,0,Outbound
2025-01-12,Orange,trip_05777,stop_018,22:17:00,22:18:00,3,1,Inbound
2025-01-13,Red,trip_05778,stop_019,05:18:00,05:19:00,4,0,Outbound
2025-01-14,Orange,trip_05779,stop_020,06:19:00,06:20:00,5,1,Inbound
2025-01-15,Red,trip_05780,stop_021,07:20:00,07:21:00,6,0,Outbound
2025-01-16,Orange,trip_05781,stop_022,08:21:00,08:22:00,7,1,Inbound
2025-01-17,Red,trip_05782,stop_023,09:22:00,09:23:00,8,0,Outbound
2025-01-18,Orange,trip_05783,stop_024,10:23:00,10:24:00,9,1,Inbound
2025-01-19,Red,trip_05784,stop_025,11:24:00,11:25:00,10,0,Outbound
2025-01-20,Orange,trip_05785,stop_026,12:25:00,12:26:00,11,1,Inbound
2025-01-21,Red,trip_05786,stop_027,13:26:00,13:27:00,12,0,Outbound
2025-01-22,Orange,trip_05787,stop_028,14:27:00,14:28:00,13,1,Inbound
2025-01-23,Red,trip_05788,stop_029,15:28:00,15:29:00,14,0,Outbound
2025-01-24,Orange,trip_05789,stop_030,16:29:00,16:30:00,15,1,Inbound
2025-01-25,Red,trip_05790,stop_001,17:30:00,17:31:00,16,0,Outbound
2025-01-26,Orange,trip_05791,stop_002,18:31:00,18:32:00,17,1,Inbound
2025-01-27,Red,trip_05792,stop_003,19:32:00,19:33:00,18,0,Outbound
2025-01-28,Orange,trip_05793,stop_004,20:33:00,20:34:00,19,1,Inbound
2025-01-29,Red,trip_05794,stop_005,21:34:00,21:35:00,20,0,Outbound
2025-01-30,Orange,trip_05795,stop_006,22:35:00,22:36:00,21,1,Inbound
2025-01-31,Red,trip_05796,stop_007,05:36:00,05:37:00,22,0,Outbound
2025-01-01,Orange,trip_05797,stop_008,06:37:00,06:38:00,23,1,Inbound
2025-01-02,Red,trip_05798,stop_009,07:38:00,07:39:00,24,0,Outbound
2025-01-03,Orange,trip_05799,stop_010,08:39:00,08:40:00,25,1,Inbound
2025-01-04,Red,trip_05800,stop_011,09:40:00,09:41:00,1,0,Outbound
2025-01-05,Orange,trip_05801,stop_012,10:41:00,10:42:00,2,1,Inbound
2025-01-06,Red,trip_05802,stop_013,11:42:00,11:43:00,3,0,Outbound
2025-01-07,Orange,trip_05803,stop_014,12:43:00,12:44:00,4,1,Inbound
2025-01-08,Red,trip_05804,stop_015,13:44:00,13:45:00,5,0,Outbound
2025-01-09,Orange,trip_05805,stop_016,14:45:00,14:46:00,6,1,Inbound
2025-01-10,Red,trip_05806,stop_017,15:46:00,15:47:00,7,0,Outbound
2025-01-11,Orange,trip_05807,stop_018,16:47:00,16:48:00,8,1,Inbound
2025-01-12,Red,trip_05808,stop_019,17:48:00,17:49:00,9,0,Outbound
2025-01-13,Orange,trip_05809,stop_020,18:49:00,18:50:00,10,1,Inbound
2025-01-14,Red,trip_05810,stop_021,19:50:00,19:51:00,11,0,Outbound
2025-01-15,Orange,trip_05811,stop_022,20:51:00,20:52:00,12,1,Inbound
2025-01-16,Red,trip_05812,stop_023,21:52:00,21:53:00,13,0,Outbound
2025-01-17,Orange,trip_05813,stop_024,22:53:00,22:54:00,14,1,Inbound
2025-01-18,Red,trip_05814,stop_025,05:54:00,05:55:00,15,0,Outbound
2025-01-19,Orange,trip_05815,stop_026,06:55:00,06:56:00,16,1,Inbound
2025-01-20,Red,trip_05816,stop_027,07:56:00,07:57:00,17,0,Outbound
2025-01-21,Orange,trip_05817,stop_028,08:57:00,08:58:00,18,1,Inbound
2025-01-22,Red,trip_05818,stop_029,09:58:00,09:59:00,19,0,Outbound
2025-01-23,Orange,trip_05819,stop_030,10:59:00,10:00:00,20,1,Inbound
2025-01-24,Red,trip_05820,stop_001,11:00:00,11:01:00,21,0,Outbound
2025-01-25,Orange,trip_05821,stop_002,12:01:00,12:02:00,22,1,Inbound
2025-01-26,Red,trip_05822,stop_003,13:02:00,13:03:00,23,0,Outbound
2025-01-27,Orange,trip_05823,stop_004,14:03:00,14:04:00,24,1,Inbound
2025-01-28,Red,trip_05824,stop_005,15:04:00,15:05:00,25,0,Outbound
2025-01-29,Orange,trip_05825,stop_006,16:05:00,16:06:00,1,1,Inbound
2025-01-30,Red,trip_05826,stop_007,17:06:00,17:07:00,2,0,Outbound
2025-01-31,Orange,trip_05827,stop_008,18:07:00,18:08:00,3,1,Inbound
2025-01-01,Red,trip_05828,stop_009,19:08:00,19:09:00,4,0,Outbound
2025-01-02,Orange,trip_05829,stop_010,20:09:00,20:10:00,5,1,Inbound
2025-01-03,Red,trip_05830,stop_011,21:10:00,21:11:00,6,0,Outbound
2025-01-04,Orange,trip_05831,stop_012,22:11:00,22:12:00,7,1,Inbound
2025-01-05,Red,trip_05832,stop_013,05:12:00,05:13:00,8,0,Outbound
2025-01-06,Orange,trip_05833,stop_014,06:13:00,06:14:00,9,1,Inbound
2025-01-07,Red,trip_05834,stop_015,07:14:00,07:15:00,10,0,Outbound
2025-01-08,Orange,trip_05835,stop_016,08:15:00,08:16:00,11,1,Inbound
2025-01-09,Red,trip_05836,stop_017,09:16:00,09:17:00,12,0,Outbound
2025-01-10,Orange,trip_05837,stop_018,10:17:00,10:18:00,13,1,Inbound
2025-01-11,Red,trip_05838,stop_019,11:18:00,11:19:00,14,0,Outbound
2025-01-12,Orange,trip_05839,stop_020,12:19:00,12:20:00,15,1,Inbound
2025-01-13,Red,trip_05840,stop_021,13:20:00,13:21:00,16,0,Outbound
2025-01-14,Orange,trip_05841,stop_022,14:21:00,14:22:00,17,1,Inbound
2025-01-15,Red,trip_05842,stop_023,15:22:00,15:23:00,18,0,Outbound
2025-01-16,Orange,trip_05843,stop_024,16:23:00,16:24:00,19,1,Inbound
2025-01-17,Red,trip_05844,stop_025,17:24:00,17:25:00,20,0,Outbound
2025-01-18,Orange,trip_05845,stop_026,18:25:00,18:26:00,21,1,Inbound
2025-01-19,Red,trip_05846,stop_027,19:26:00,19:27:00,22,0,Outbound
2025-01-20,Orange,trip_05847,stop_028,20:27:00,20:28:00,23,1,Inbound
2025-01-21,Red,trip_05848,stop_029,21:28:00,21:29:00,24,0,Outbound
2025-01-22,Orange,trip_05849,stop_030,22:29:00,22:30:00,25,1,Inbound
2025-01-23,Red,trip_05850,stop_001,05:30:00,05:31:00,1,0,Outbound
2025-01-24,Orange,trip_05851,stop_002,06:31:00,06:32:00,2,1,Inbound
2025-01-25,Red,trip_05852,stop_003,07:32:00,07:33:00,3,0,Outbound
2025-01-26,Orange,trip_05853,stop_004,08:33:00,08:34:00,4,1,Inbound
2025-01-27,Red,trip_05854,stop_005,09:34:00,09:35:00,5,0,Outbound
2025-01-28,Orange,trip_05855,stop_006,10:35:00,10:36:00,6,1,Inbound
2025-01-29,Red,trip_05856,stop_007,11:36:00,11:37:00,7,0,Outbound
2025-01-30,Orange,trip_05857,stop_008,12:37:00,12:38:00,8,1,Inbound
2025-01-31,Red,trip_05858,stop_009,13:38:00,13:39:00,9,0,Outbound
2025-01-01,Orange,trip_05859,stop_010,14:39:00,14:40:00,10,1,Inbound
2025-01-02,Red,trip_05860,stop_011,15:40:00,15:41:00,11,0,Outbound
2025-01-03,Orange,trip_05861,stop_012,16:41:00,16:42:00,12,1,Inbound
2025-01-04,Red,trip_05862,stop_013,17:42:00,17:43:00,13,0,Outbound
2025-01-05,Orange,trip_05863,stop_014,18:43:00,18:44:00,14,1,Inbound
2025-01-06,Red,trip_05864,stop_015,19:44:00,19:45:00,15,0,Outbound
2025-01-07,Orange,trip_05865,stop_016,20:45:00,20:46:00,16,1,Inbound
2025-01-08,Red,trip_05866,stop_017,21:46:00,21:47:00,17,0,Outbound
2025-01-09,Orange,trip_05867,stop_018,22:47:00,22:48:00,18,1,Inbound
2025-01-10,Red,trip_05868,stop_019,05:48:00,05:49:00,19,0,Outbound
2025-01-11,Orange,trip_05869,stop_020,06:49:00,06:50:00,20,1,Inbound
2025-01-12,Red,trip_05870,stop_021,07:50:00,07:51:00,21,0,Outbound
2025-01-13,Orange,trip_05871,stop_022,08:51:00,08:52:00,22,1,Inbound
2025-01-14,Red,trip_05872,stop_023,09:52:00,09:53:00,23,0,Outbound
2025-01-15,Orange,trip_05873,stop_024,10:53:00,10:54:00,24,1,Inbound
2025-01-16,Red,trip_05874,stop_025,11:54:00,11:55:00,25,0,Outbound
2025-01-17,Orange,trip_05875,stop_026,12:55:00,12:56:00,1,1,Inbound
2025-01-18,Red,trip_05876,stop_027,13:56:00,13:57:00,2,0,Outbound
2025-01-19,Orange,trip_05877,stop_028,14:57:00,14:58:00,3,1,Inbound
2025-01-20,Red,trip_05878,stop_029,15:58:00,15:59:00,4,0,Outbound
2025-01-21,Orange,trip_05879,stop_030,16:59:00,16:00:00,5,1,Inbound
2025-01-22,Red,trip_05880,stop_001,17:00:00,17:01:00,6,0,Outbound
2025-01-23,Orange,trip_05881,stop_002,18:01:00,18:02:00,7,1,Inbound
2025-01-24,Red,trip_05882,stop_003,19:02:00,19:03:00,8,0,Outbound
2025-01-25,Orange,trip_05883,stop_004,20:03:00,20:04:00,9,1,Inbound
2025-01-26,Red,trip_05884,stop_005,21:04:00,21:05:00,10,0,Outbound
2025-01-27,Orange,trip_05885,stop_006,22:05:00,22:06:00,11,1,Inbound
2025-01-28,Red,trip_05886,stop_007,05:06:00,05:07:00,12,0,Outbound
2025-01-29,Orange,trip_05887,stop_008,06:07:00,06:08:00,13,1,Inbound
2025-01-30,Red,trip_05888,stop_009,07:08:00,07:09:00,14,0,Outbound
2025-01-31,Orange,trip_05889,stop_010,08:09:00,08:10:00,15,1,Inbound
2025-01-01,Red,trip_05890,stop_011,09:10:00,09:11:00,16,0,Outbound
2025-01-02,Orange,trip_05891,stop_012,10:11:00,10:12:00,17,1,Inbound
2025-01-03,Red,trip_05892,stop_013,11:12:00,11:13:00,18,0,Outbound
2025-01-04,Orange,trip_05893,stop_014,12:13:00,12:14:00,19,1,Inbound
2025-01-05,Red,trip_05894,stop_015,13:14:00,13:15:00,20,0,Outbound
2025-01-06,Orange,trip_05895,stop_016,14:15:00,14:16:00,21,1,Inbound
2025-01-07,Red,trip_05896,stop_017,15:16:00,15:17:00,22,0,Outbound
2025-01-08,Orange,trip_05897,stop_018,16:17:00,16:18:00,23,1,Inbound
2025-01-09,Red,trip_05898,stop_019,17:18:00,17:19:00,24,0,Outbound
2025-01-10,Orange,trip_05899,stop_020,18:19:00,18:20:00,25,1,Inbound
2025-01-11,Red,trip_05900,stop_021,19:20:00,19:21:00,1,0,Outbound
2025-01-12,Orange,trip_05901,stop_022,20:21:00,20:22:00,2,1,Inbound
2025-01-13,Red,trip_05902,stop_023,21:22:00,21:23:00,3,0,Outbound
2025-01-14,Orange,trip_05903,stop_024,22:23:00,22:24:00,4,1,Inbound
2025-01-15,Red,trip_05904,stop_025,05:24:00,05:25:00,5,0,Outbound
2025-01-16,Orange,trip_05905,stop_026,06:25:00,06:26:00,6,1,Inbound
2025-01-17,Red,trip_05906,stop_027,07:26:00,07:27:00,7,0,Outbound
2025-01-18,Orange,trip_05907,stop_028,08:27:00,08:28:00,8,1,Inbound
2025-01-19,Red,trip_05908,stop_029,09:28:00,09:29:00,9,0,Outbound
2025-01-20,Orange,trip_05909,stop_030,10:29:00,10:30:00,10,1,Inbound
2025-01-21,Red,trip_05910,stop_001,11:30:00,11:31:00,11,0,Outbound
2025-01-22,Orange,trip_05911,stop_002,12:31:00,12:32:00,12,1,Inbound
2025-01-23,Red,trip_05912,stop_003,13:32:00,13:33:00,13,0,Outbound
2025-01-24,Orange,trip_05913,stop_004,14:33:00,14:34:00,14,1,Inbound
2025-01-25,Red,trip_05914,stop_005,15:34:00,15:35:00,15,0,Outbound
2025-01-26,Orange,trip_05915,stop_006,16:35:00,16:36:00,16,1,Inbound
2025-01-27,Red,trip_05916,stop_007,17:36:00,17:37:00,17,0,Outbound
2025-01-28,Orange,trip_05917,stop_008,18:37:00,18:38:00,18,1,Inbound
2025-01-29,Red,trip_05918,stop_009,19:38:00,19:39:00,19,0,Outbound
2025-01-30,Orange,trip_05919,stop_010,20:39:00,20:40:00,20,1,Inbound
2025-01-31,Red,trip_05920,stop_011,21:40:00,21:41:00,21,0,Outbound
2025-01-01,Orange,trip_05921,stop_012,22:41:00,22:42:00,22,1,Inbound
2025-01-02,Red,trip_05922,stop_013,05:42:00,05:43:00,23,0,Outbound
2025-01-03,Orange,trip_05923,stop_014,06:43:00,06:44:00,24,1,Inbound
2025-01-04,Red,trip_05924,stop_015,07:44:00,07:45:00,25,0,Outbound
2025-01-05,Orange,trip_05925,stop_016,08:45:00,08:46:00,1,1,Inbound
2025-01-06,Red,trip_05926,stop_017,09:46:00,09:47:00,2,0,Outbound
2025-01-07,Orange,trip_05927,stop_018,10:47:00,10:48:00,3,1,Inbound
2025-01-08,Red,trip_05928,stop_019,11:48:00,11:49:00,4,0,Outbound
2025-01-09,Orange,trip_05929,stop_020,12:49:00,12:50:00,5,1,Inbound
2025-01-10,Red,trip_05930,stop_021,13:50:00,13:51:00,6,0,Outbound
2025-01-11,Orange,trip_05931,stop_022,14:51:00,14:52:00,7,1,Inbound
2025-01-12,Red,trip_05932,stop_023,15:52:00,15:53:00,8,0,Outbound
2025-01-13,Orange,trip_05933,stop_024,16:53:00,16:54:00,9,1,Inbound
2025-01-14,Red,trip_05934,stop_025,17:54:00,17:55:00,10,0,Outbound
2025-01-15,Orange,trip_05935,stop_026,18:55:00,18:56:00,11,1,Inbound
2025-01-16,Red,trip_05936,stop_027,19:56:00,19:57:00,12,0,Outbound
2025-01-17,Orange,trip_05937,stop_028,20:57:00,20:58:00,13,1,Inbound
2025-01-18,Red,trip_05938,stop_029,21:58:00,21:59:00,14,0,Outbound
2025-01-19,Orange,trip_05939,stop_030,22:59:00,22:00:00,15,1,Inbound
2025-01-20,Red,trip_05940,stop_001,05:00:00,05:01:00,16,0,Outbound
2025-01-21,Orange,trip_05941,stop_002,06:01:00,06:02:00,17,1,Inbound
2025-01-22,Red,trip_05942,stop_003,07:02:00,07:03:00,18,0,Outbound
2025-01-23,Orange,trip_05943,stop_004,08:03:00,08:04:00,19,1,Inbound
2025-01-24,Red,trip_05944,stop_005,09:04:00,09:05:00,20,0,Outbound
2025-01-25,Orange,trip_05945,stop_006,10:05:00,10:06:00,21,1,Inbound
2025-01-26,Red,trip_05946,stop_007,11:06:00,11:07:00,22,0,Outbound
2025-01-27,Orange,trip_05947,stop_008,12:07:00,12:08:00,23,1,Inbound
2025-01-28,Red,trip_05948,stop_009,13:08:00,13:09:00,24,0,Outbound
2025-01-29,Orange,trip_05949,stop_010,14:09:00,14:10:00,25,1,Inbound
2025-01-30,Red,trip_05950,stop_011,15:10:00,15:11:00,1,0,Outbound
2025-01-31,Orange,trip_05951,stop_012,16:11:00,16:12:00,2,1,Inbound
2025-01-01,Red,trip_05952,stop_013,17:12:00,17:13:00,3,0,Outbound
2025-01-02,Orange,trip_05953,stop_014,18:13:00,18:14:00,4,1,Inbound
2025-01-03,Red,trip_05954,stop_015,19:14:00,19:15:00,5,0,Outbound
2025-01-04,Orange,trip_05955,stop_016,20:15:00,20:16:00,6,1,Inbound
2025-01-05,Red,trip_05956,stop_017,21:16:00,21:17:00,7,0,Outbound
2025-01-06,Orange,trip_05957,stop_018,22:17:00,22:18:00,8,1,Inbound
2025-01-07,Red,trip_05958,stop_019,05:18:00,05:19:00,9,0,Outbound
2025-01-08,Orange,trip_05959,stop_020,06:19:00,06:20:00,10,1,Inbound
2025-01-09,Red,trip_05960,stop_021,07:20:00,07:21:00,11,0,Outbound
2025-01-10,Orange,trip_05961,stop_022,08:21:00,08:22:00,12,1,Inbound
2025-01-11,Red,trip_05962,stop_023,09:22:00,09:23:00,13,0,Outbound
2025-01-12,Orange,trip_05963,stop_024,10:23:00,10:24:00,14,1,Inbound
2025-01-13,Red,trip_05964,stop_025,11:24:00,11:25:00,15,0,Outbound
2025-01-14,Orange,trip_05965,stop_026,12:25:00,12:26:00,16,1,Inbound
2025-01-15,Red,trip_05966,stop_027,13:26:00,13:27:00,17,0,Outbound
2025-01-16,Orange,trip_05967,stop_028,14:27:00,14:28:00,18,1,Inbound
2025-01-17,Red,trip_05968,stop_029,15:28:00,15:29:00,19,0,Outbound
2025-01-18,Orange,trip_05969,stop_030,16:29:00,16:30:00,20,1,Inbound
2025-01-19,Red,trip_05970,stop_001,17:30:00,17:31:00,21,0,Outbound
2025-01-20,Orange,trip_05971,stop_002,18:31:00,18:32:00,22,1,Inbound
2025-01-21,Red,trip_05972,stop_003,19:32:00,19:33:00,23,0,Outbound
2025-01-22,Orange,trip_05973,stop_004,20:33:00,20:34:00,24,1,Inbound
2025-01-23,Red,trip_05974,stop_005,21:34:00,21:35:00,25,0,Outbound
2025-01-24,Orange,trip_05975,stop_006,22:35:00,22:36:00,1,1,Inbound
2025-01-25,Red,trip_05976,stop_007,05:36:00,05:37:00,2,0,Outbound
2025-01-26,Orange,trip_05977,stop_008,06:37:00,06:38:00,3,1,Inbound
2025-01-27,Red,trip_05978,stop_009,07:38:00,07:39:00,4,0,Outbound
2025-01-28,Orange,trip_05979,stop_010,08:39:00,08:40:00,5,1,Inbound
2025-01-29,Red,trip_05980,stop_011,09:40:00,09:41:00,6,0,Outbound
2025-01-30,Orange,trip_05981,stop_012,10:41:00,10:42:00,7,1,Inbound
2025-01-31,Red,trip_05982,stop_013,11:42:00,11:43:00,8,0,Outbound
2025-01-01,Orange,trip_05983,stop_014,12:43:00,12:44:00,9,1,Inbound
2025-01-02,Red,trip_05984,stop_015,13:44:00,13:45:00,10,0,Outbound
2025-01-03,Orange,trip_05985,stop_016,14:45:00,14:46:00,11,1,Inbound
2025-01-04,Red,trip_05986,stop_017,15:46:00,15:47:00,12,0,Outbound
2025-01-05,Orange,trip_05987,stop_018,16:47:00,16:48:00,13,1,Inbound
2025-01-06,Red,trip_05988,stop_019,17:48:00,17:49:00,14,0,Outbound
2025-01-07,Orange,trip_05989,stop_020,18:49:00,18:50:00,15,1,Inbound
2025-01-08,Red,trip_05990,stop_021,19:50:00,19:51:00,16,0,Outbound
2025-01-09,Orange,trip_05991,stop_022,20:51:00,20:52:00,17,1,Inbound
2025-01-10,Red,trip_05992,stop_023,21:52:00,21:53:00,18,0,Outbound
2025-01-11,Orange,trip_05993,stop_024,22:53:00,22:54:00,19,1,Inbound
2025-01-12,Red,trip_05994,stop_025,05:54:00,05:55:00,20,0,Outbound
2025-01-13,Orange,trip_05995,stop_026,06:55:00,06:56:00,21,1,Inbound
2025-01-14,Red,trip_05996,stop_027,07:56:00,07:57:00,22,0,Outbound
2025-01-15,Orange,trip_05997,stop_028,08:57:00,08:58:00,23,1,Inbound
2025-01-16,Red,trip_05998,stop_029,09:58:00,09:59:00,24,0,Outbound
2025-01-17,Orange,trip_05999,stop_030,10:59:00,10:00:00,25,1,Inbound
2025-01-18,Red,trip_06000,stop_001,11:00:00,11:01:00,1,0,Outbound
2025-01-19,Orange,trip_06001,stop_002,12:01:00,12:02:00,2,1,Inbound
2025-01-20,Red,trip_06002,stop_003,13:02:00,13:03:00,3,0,Outbound
2025-01-21,Orange,trip_06003,stop_004,14:03:00,14:04:00,4,1,Inbound
2025-01-22,Red,trip_06004,stop_005,15:04:00,15:05:00,5,0,Outbound
2025-01-23,Orange,trip_06005,stop_006,16:05:00,16:06:00,6,1,Inbound
2025-01-24,Red,trip_06006,stop_007,17:06:00,17:07:00,7,0,Outbound
2025-01-25,Orange,trip_06007,stop_008,18:07:00,18:08:00,8,1,Inbound
2025-01-26,Red,trip_06008,stop_009,19:08:00,19:09:00,9,0,Outbound
2025-01-27,Orange,trip_06009,stop_010,20:09:00,20:10:00,10,1,Inbound
2025-01-28,Red,trip_06010,stop_011,21:10:00,21:11:00,11,0,Outbound
2025-01-29,Orange,trip_06011,stop_012,22:11:00,22:12:00,12,1,Inbound
2025-01-30,Red,trip_06012,stop_013,05:12:00,05:13:00,13,0,Outbound
2025-01-31,Orange,trip_06013,stop_014,06:13:00,06:14:00,14,1,Inbound
2025-01-01,Red,trip_06014,stop_015,07:14:00,07:15:00,15,0,Outbound
2025-01-02,Orange,trip_06015,stop_016,08:15:00,08:16:00,16,1,Inbound
2025-01-03,Red,trip_06016,stop_017,09:16:00,09:17:00,17,0,Outbound
2025-01-04,Orange,trip_06017,stop_018,10:17:00,10:18:00,18,1,Inbound
2025-01-05,Red,trip_06018,stop_019,11:18:00,11:19:00,19,0,Outbound
2025-01-06,Orange,trip_06019,stop_020,12:19:00,12:20:00,20,1,Inbound
2025-01-07,Red,trip_06020,stop_021,13:20:00,13:21:00,21,0,Outbound
2025-01-08,Orange,trip_06021,stop_022,14:21:00,14:22:00,22,1,Inbound
2025-01-09,Red,trip_06022,stop_023,15:22:00,15:23:00,23,0,Outbound
2025-01-10,Orange,trip_06023,stop_024,16:23:00,16:24:00,24,1,Inbound
2025-01-11,Red,trip_06024,stop_025,17:24:00,17:25:00,25,0,Outbound
2025-01-12,Orange,trip_06025,stop_026,18:25:00,18:26:00,1,1,Inbound
2025-01-13,Red,trip_06026,stop_027,19:26:00,19:27:00,2,0,Outbound
2025-01-14,Orange,trip_06027,stop_028,20:27:00,20:28:00,3,1,Inbound
2025-01-15,Red,trip_06028,stop_029,21:28:00,21:29:00,4,0,Outbound
2025-01-16,Orange,trip_06029,stop_030,22:29:00,22:30:00,5,1,Inbound
2025-01-17,Red,trip_06030,stop_001,05:30:00,05:31:00,6,0,Outbound
2025-01-18,Orange,trip_06031,stop_002,06:31:00,06:32:00,7,1,Inbound
2025-01-19,Red,trip_06032,stop_003,07:32:00,07:33:00,8,0,Outbound
2025-01-20,Orange,trip_06033,stop_004,08:33:00,08:34:00,9,1,Inbound
2025-01-21,Red,trip_06034,stop_005,09:34:00,09:35:00,10,0,Outbound
2025-01-22,Orange,trip_06035,stop_006,10:35:00,10:36:00,11,1,Inbound
2025-01-23,Red,trip_06036,stop_007,11:36:00,11:37:00,12,0,Outbound
2025-01-24,Orange,trip_06037,stop_008,12:37:00,12:38:00,13,1,Inbound
2025-01-25,Red,trip_06038,stop_009,13:38:00,13:39:00,14,0,Outbound
2025-01-26,Orange,trip_06039,stop_010,14:39:00,14:40:00,15,1,Inbound
2025-01-27,Red,trip_06040,stop_011,15:40:00,15:41:00,16,0,Outbound
2025-01-28,Orange,trip_06041,stop_012,16:41:00,16:42:00,17,1,Inbound
2025-01-29,Red,trip_06042,stop_013,17:42:00,17:43:00,18,0,Outbound
2025-01-30,Orange,trip_06043,stop_014,18:43:00,18:44:00,19,1,Inbound
2025-01-31,Red,trip_06044,stop_015,19:44:00,19:45:00,20,0,Outbound
2025-01-01,Orange,trip_06045,stop_016,20:45:00,20:46:00,21,1,Inbound
2025-01-02,Red,trip_06046,stop_017,21:46:00,21:47:00,22,0,Outbound
2025-01-03,Orange,trip_06047,stop_018,22:47:00,22:48:00,23,1,Inbound
2025-01-04,Red,trip_06048,stop_019,05:48:00,05:49:00,24,0,Outbound
2025-01-05,Orange,trip_06049,stop_020,06:49:00,06:50:00,25,1,Inbound
2025-01-06,Red,trip_06050,stop_021,07:50:00,07:51:00,1,0,Outbound
2025-01-07,Orange,trip_06051,stop_022,08:51:00,08:52:00,2,1,Inbound
2025-01-08,Red,trip_06052,stop_023,09:52:00,09:53:00,3,0,Outbound
2025-01-09,Orange,trip_06053,stop_024,10:53:00,10:54:00,4,1,Inbound
2025-01-10,Red,trip_06054,stop_025,11:54:00,11:55:00,5,0,Outbound
2025-01-11,Orange,trip_06055,stop_026,12:55:00,12:56:00,6,1,Inbound
2025-01-12,Red,trip_06056,stop_027,13:56:00,13:57:00,7,0,Outbound
2025-01-13,Orange,trip_06057,stop_028,14:57:00,14:58:00,8,1,Inbound
2025-01-14,Red,trip_06058,stop_029,15:58:00,15:59:00,9,0,Outbound
2025-01-15,Orange,trip_06059,stop_030,16:59:00,16:00:00,10,1,Inbound
2025-01-16,Red,trip_06060,stop_001,17:00:00,17:01:00,11,0,Outbound
2025-01-17,Orange,trip_06061,stop_002,18:01:00,18:02:00,12,1,Inbound
2025-01-18,Red,trip_06062,stop_003,19:02:00,19:03:00,13,0,Outbound
2025-01-19,Orange,trip_06063,stop_004,20:03:00,20:04:00,14,1,Inbound
2025-01-20,Red,trip_06064,stop_005,21:04:00,21:05:00,15,0,Outbound
2025-01-21,Orange,trip_06065,stop_006,22:05:00,22:06:00,16,1,Inbound
2025-01-22,Red,trip_06066,stop_007,05:06:00,05:07:00,17,0,Outbound
2025-01-23,Orange,trip_06067,stop_008,06:07:00,06:08:00,18,1,Inbound
2025-01-24,Red,trip_06068,stop_009,07:08:00,07:09:00,19,0,Outbound
2025-01-25,Orange,trip_06069,stop_010,08:09:00,08:10:00,20,1,Inbound
2025-01-26,Red,trip_06070,stop_011,09:10:00,09:11:00,21,0,Outbound
2025-01-27,Orange,trip_06071,stop_012,10:11:00,10:12:00,22,1,Inbound
2025-01-28,Red,trip_06072,stop_013,11:12:00,11:13:00,23,0,Outbound
2025-01-29,Orange,trip_06073,stop_014,12:13:00,12:14:00,24,1,Inbound
2025-01-30,Red,trip_06074,stop_015,13:14:00,13:15:00,25,0,Outbound
2025-01-31,Orange,trip_06075,stop_016,14:15:00,14:16:00,1,1,Inbound
2025-01-01,Red,trip_06076,stop_017,15:16:00,15:17:00,2,0,Outbound
2025-01-02,Orange,trip_06077,stop_018,16:17:00,16:18:00,3,1,Inbound
2025-01-03,Red,trip_06078,stop_019,17:18:00,17:19:00,4,0,Outbound
2025-01-04,Orange,trip_06079,stop_020,18:19:00,18:20:00,5,1,Inbound
2025-01-05,Red,trip_06080,stop_021,19:20:00,19:21:00,6,0,Outbound
2025-01-06,Orange,trip_06081,stop_022,20:21:00,20:22:00,7,1,Inbound
2025-01-07,Red,trip_06082,stop_023,21:22:00,21:23:00,8,0,Outbound
2025-01-08,Orange,trip_06083,stop_024,22:23:00,22:24:00,9,1,Inbound
2025-01-09,Red,trip_06084,stop_025,05:24:00,05:25:00,10,0,Outbound
2025-01-10,Orange,trip_06085,stop_026,06:25:00,06:26:00,11,1,Inbound
2025-01-11,Red,trip_06086,stop_027,07:26:00,07:27:00,12,0,Outbound
2025-01-12,Orange,trip_06087,stop_028,08:27:00,08:28:00,13,1,Inbound
2025-01-13,Red,trip_06088,stop_029,09:28:00,09:29:00,14,0,Outbound
2025-01-14,Orange,trip_06089,stop_030,10:29:00,10:30:00,15,1,Inbound
2025-01-15,Red,trip_06090,stop_001,11:30:00,11:31:00,16,0,Outbound
2025-01-16,Orange,trip_06091,stop_002,12:31:00,12:32:00,17,1,Inbound
2025-01-17,Red,trip_06092,stop_003,13:32:00,13:33:00,18,0,Outbound
2025-01-18,Orange,trip_06093,stop_004,14:33:00,14:34:00,19,1,Inbound
2025-01-19,Red,trip_06094,stop_005,15:34:00,15:35:00,20,0,Outbound
2025-01-20,Orange,trip_06095,stop_006,16:35:00,16:36:00,21,1,Inbound
2025-01-21,Red,trip_06096,stop_007,17:36:00,17:37:00,22,0,Outbound
2025-01-22,Orange,trip_06097,stop_008,18:37:00,18:38:00,23,1,Inbound
2025-01-23,Red,trip_06098,stop_009,19:38:00,19:39:00,24,0,Outbound
2025-01-24,Orange,trip_06099,stop_010,20:39:00,20:40:00,25,1,Inbound
2025-01-25,Red,trip_06100,stop_011,21:40:00,21:41:00,1,0,Outbound
2025-01-26,Orange,trip_06101,stop_012,22:41:00,22:42:00,2,1,Inbound
2025-01-27,Red,trip_06102,stop_013,05:42:00,05:43:00,3,0,Outbound
2025-01-28,Orange,trip_06103,stop_014,06:43:00,06:44:00,4,1,Inbound
2025-01-29,Red,trip_06104,stop_015,07:44:00,07:45:00,5,0,Outbound
2025-01-30,Orange,trip_06105,stop_016,08:45:00,08:46:00,6,1,Inbound
2025-01-31,Red,trip_06106,stop_017,09:46:00,09:47:00,7,0,Outbound
2025-01-01,Orange,trip_06107,stop_018,10:47:00,10:48:00,8,1,Inbound
2025-01-02,Red,trip_06108,stop_019,11:48:00,11:49:00,9,0,Outbound
2025-01-03,Orange,trip_06109,stop_020,12:49:00,12:50:00,10,1,Inbound
2025-01-04,Red,trip_06110,stop_021,13:50:00,13:51:00,11,0,Outbound
2025-01-05,Orange,trip_06111,stop_022,14:51:00,14:52:00,12,1,Inbound
2025-01-06,Red,trip_06112,stop_023,15:52:00,15:53:00,13,0,Outbound
2025-01-07,Orange,trip_06113,stop_024,16:53:00,16:54:00,14,1,Inbound
2025-01-08,Red,trip_06114,stop_025,17:54:00,17:55:00,15,0,Outbound
2025-01-09,Orange,trip_06115,stop_026,18:55:00,18:56:00,16,1,Inbound
2025-01-10,Red,trip_06116,stop_027,19:56:00,19:57:00,17,0,Outbound
2025-01-11,Orange,trip_06117,stop_028,20:57:00,20:58:00,18,1,Inbound
2025-01-12,Red,trip_06118,stop_029,21:58:00,21:59:00,19,0,Outbound
2025-01-13,Orange,trip_06119,stop_030,22:59:00,22:00:00,20,1,Inbound
2025-01-14,Red,trip_06120,stop_001,05:00:00,05:01:00,21,0,Outbound
2025-01-15,Orange,trip_06121,stop_002,06:01:00,06:02:00,22,1,Inbound
2025-01-16,Red,trip_06122,stop_003,07:02:00,07:03:00,23,0,Outbound
2025-01-17,Orange,trip_06123,stop_004,08:03:00,08:04:00,24,1,Inbound
2025-01-18,Red,trip_06124,stop_005,09:04:00,09:05:00,25,0,Outbound
2025-01-19,Orange,trip_06125,stop_006,10:05:00,10:06:00,1,1,Inbound
2025-01-20,Red,trip_06126,stop_007,11:06:00,11:07:00,2,0,Outbound
2025-01-21,Orange,trip_06127,stop_008,12:07:00,12:08:00,3,1,Inbound
2025-01-22,Red,trip_06128,stop_009,13:08:00,13:09:00,4,0,Outbound
2025-01-23,Orange,trip_06129,stop_010,14:09:00,14:10:00,5,1,Inbound
2025-01-24,Red,trip_06130,stop_011,15:10:00,15:11:00,6,0,Outbound
2025-01-25,Orange,trip_06131,stop_012,16:11:00,16:12:00,7,1,Inbound
2025-01-26,Red,trip_06132,stop_013,17:12:00,17:13:00,8,0,Outbound
2025-01-27,Orange,trip_06133,stop_014,18:13:00,18:14:00,9,1,Inbound
2025-01-28,Red,trip_06134,stop_015,19:14:00,19:15:00,10,0,Outbound
2025-01-29,Orange,trip_06135,stop_016,20:15:00,20:16:00,11,1,Inbound
2025-01-30,Red,trip_06136,stop_017,21:16:00,21:17:00,12,0,Outbound
2025-01-31,Orange,trip_06137,stop_018,22:17:00,22:18:00,13,1,Inbound
2025-01-01,Red,trip_06138,stop_019,05:18:00,05:19:00,14,0,Outbound
2025-01-02,Orange,trip_06139,stop_020,06:19:00,06:20:00,15,1,Inbound
2025-01-03,Red,trip_06140,stop_021,07:20:00,07:21:00,16,0,Outbound
2025-01-04,Orange,trip_06141,stop_022,08:21:00,08:22:00,17,1,Inbound
2025-01-05,Red,trip_06142,stop_023,09:22:00,09:23:00,18,0,Outbound
2025-01-06,Orange,trip_06143,stop_024,10:23:00,10:24:00,19,1,Inbound
2025-01-07,Red,trip_06144,stop_025,11:24:00,11:25:00,20,0,Outbound
2025-01-08,Orange,trip_06145,stop_026,12:25:00,12:26:00,21,1,Inbound
2025-01-09,Red,trip_06146,stop_027,13:26:00,13:27:00,22,0,Outbound
2025-01-10,Orange,trip_06147,stop_028,14:27:00,14:28:00,23,1,Inbound
2025-01-11,Red,trip_06148,stop_029,15:28:00,15:29:00,24,0,Outbound
2025-01-12,Orange,trip_06149,stop_030,16:29:00,16:30:00,25,1,Inbound
2025-01-13,Red,trip_06150,stop_001,17:30:00,17:31:00,1,0,Outbound
2025-01-14,Orange,trip_06151,stop_002,18:31:00,18:32:00,2,1,Inbound
2025-01-15,Red,trip_06152,stop_003,19:32:00,19:33:00,3,0,Outbound
2025-01-16,Orange,trip_06153,stop_004,20:33:00,20:34:00,4,1,Inbound
2025-01-17,Red,trip_06154,stop_005,21:34:00,21:35:00,5,0,Outbound
2025-01-18,Orange,trip_06155,stop_006,22:35:00,22:36:00,6,1,Inbound
2025-01-19,Red,trip_06156,stop_007,05:36:00,05:37:00,7,0,Outbound
2025-01-20,Orange,trip_06157,stop_008,06:37:00,06:38:00,8,1,Inbound
2025-01-21,Red,trip_06158,stop_009,07:38:00,07:39:00,9,0,Outbound
2025-01-22,Orange,trip_06159,stop_010,08:39:00,08:40:00,10,1,Inbound
2025-01-23,Red,trip_06160,stop_011,09:40:00,09:41:00,11,0,Outbound
2025-01-24,Orange,trip_06161,stop_012,10:41:00,10:42:00,12,1,Inbound
2025-01-25,Red,trip_06162,stop_013,11:42:00,11:43:00,13,0,Outbound
2025-01-26,Orange,trip_06163,stop_014,12:43:00,12:44:00,14,1,Inbound
2025-01-27,Red,trip_06164,stop_015,13:44:00,13:45:00,15,0,Outbound
2025-01-28,Orange,trip_06165,stop_016,14:45:00,14:46:00,16,1,Inbound
2025-01-29,Red,trip_06166,stop_017,15:46:00,15:47:00,17,0,Outbound
2025-01-30,Orange,trip_06167,stop_018,16:47:00,16:48:00,18,1,Inbound
2025-01-31,Red,trip_06168,stop_019,17:48:00,17:49:00,19,0,Outbound
2025-01-01,Orange,trip_06169,stop_020,18:49:00,18:50:00,20,1,Inbound
2025-01-02,Red,trip_06170,stop_021,19:50:00,19:51:00,21,0,Outbound
2025-01-03,Orange,trip_06171,stop_022,20:51:00,20:52:00,22,1,Inbound
2025-01-04,Red,trip_06172,stop_023,21:52:00,21:53:00,23,0,Outbound
2025-01-05,Orange,trip_06173,stop_024,22:53:00,22:54:00,24,1,Inbound
2025-01-06,Red,trip_06174,stop_025,05:54:00,05:55:00,25,0,Outbound
2025-01-07,Orange,trip_06175,stop_026,06:55:00,06:56:00,1,1,Inbound
2025-01-08,Red,trip_06176,stop_027,07:56:00,07:57:00,2,0,Outbound
2025-01-09,Orange,trip_06177,stop_028,08:57:00,08:58:00,3,1,Inbound
2025-01-10,Red,trip_06178,stop_029,09:58:00,09:59:00,4,0,Outbound
2025-01-11,Orange,trip_06179,stop_030,10:59:00,10:00:00,5,1,Inbound
2025-01-12,Red,trip_06180,stop_001,11:00:00,11:01:00,6,0,Outbound
2025-01-13,Orange,trip_06181,stop_002,12:01:00,12:02:00,7,1,Inbound
2025-01-14,Red,trip_06182,stop_003,13:02:00,13:03:00,8,0,Outbound
2025-01-15,Orange,trip_06183,stop_004,14:03:00,14:04:00,9,1,Inbound
2025-01-16,Red,trip_06184,stop_005,15:04:00,15:05:00,10,0,Outbound
2025-01-17,Orange,trip_06185,stop_006,16:05:00,16:06:00,11,1,Inbound
2025-01-18,Red,trip_06186,stop_007,17:06:00,17:07:00,12,0,Outbound
2025-01-19,Orange,trip_06187,stop_008,18:07:00,18:08:00,13,1,Inbound
2025-01-20,Red,trip_06188,stop_009,19:08:00,19:09:00,14,0,Outbound
2025-01-21,Orange,trip_06189,stop_010,20:09:00,20:10:00,15,1,Inbound
2025-01-22,Red,trip_06190,stop_011,21:10:00,21:11:00,16,0,Outbound
2025-01-23,Orange,trip_06191,stop_012,22:11:00,22:12:00,17,1,Inbound
2025-01-24,Red,trip_06192,stop_013,05:12:00,05:13:00,18,0,Outbound
2025-01-25,Orange,trip_06193,stop_014,06:13:00,06:14:00,19,1,Inbound
2025-01-26,Red,trip_06194,stop_015,07:14:00,07:15:00,20,0,Outbound
2025-01-27,Orange,trip_06195,stop_016,08:15:00,08:16:00,21,1,Inbound
2025-01-28,Red,trip_06196,stop_017,09:16:00,09:17:00,22,0,Outbound
2025-01-29,Orange,trip_06197,stop_018,10:17:00,10:18:00,23,1,Inbound
2025-01-30,Red,trip_06198,stop_019,11:18:00,11:19:00,24,0,Outbound
2025-01-31,Orange,trip_06199,stop_020,12:19:00,12:20:00,25,1,Inbound
2025-01-01,Red,trip_06200,stop_021,13:20:00,13:21:00,1,0,Outbound
2025-01-02,Orange,trip_06201,stop_022,14:21:00,14:22:00,2,1,Inbound
2025-01-03,Red,trip_06202,stop_023,15:22:00,15:23:00,3,0,Outbound
2025-01-04,Orange,trip_06203,stop_024,16:23:00,16:24:00,4,1,Inbound
2025-01-05,Red,trip_06204,stop_025,17:24:00,17:25:00,5,0,Outbound
2025-01-06,Orange,trip_06205,stop_026,18:25:00,18:26:00,6,1,Inbound
2025-01-07,Red,trip_06206,stop_027,19:26:00,19:27:00,7,0,Outbound
2025-01-08,Orange,trip_06207,stop_028,20:27:00,20:28:00,8,1,Inbound
2025-01-09,Red,trip_06208,stop_029,21:28:00,21:29:00,9,0,Outbound
2025-01-10,Orange,trip_06209,stop_030,22:29:00,22:30:00,10,1,Inbound
2025-01-11,Red,trip_06210,stop_001,05:30:00,05:31:00,11,0,Outbound
2025-01-12,Orange,trip_06211,stop_002,06:31:00,06:32:00,12,1,Inbound
2025-01-13,Red,trip_06212,stop_003,07:32:00,07:33:00,13,0,Outbound
2025-01-14,Orange,trip_06213,stop_004,08:33:00,08:34:00,14,1,Inbound
2025-01-15,Red,trip_06214,stop_005,09:34:00,09:35:00,15,0,Outbound
2025-01-16,Orange,trip_06215,stop_006,10:35:00,10:36:00,16,1,Inbound
2025-01-17,Red,trip_06216,stop_007,11:36:00,11:37:00,17,0,Outbound
2025-01-18,Orange,trip_06217,stop_008,12:37:00,12:38:00,18,1,Inbound
2025-01-19,Red,trip_06218,stop_009,13:38:00,13:39:00,19,0,Outbound
2025-01-20,Orange,trip_06219,stop_010,14:39:00,14:40:00,20,1,Inbound
2025-01-21,Red,trip_06220,stop_011,15:40:00,15:41:00,21,0,Outbound
2025-01-22,Orange,trip_06221,stop_012,16:41:00,16:42:00,22,1,Inbound
2025-01-23,Red,trip_06222,stop_013,17:42:00,17:43:00,23,0,Outbound
2025-01-24,Orange,trip_06223,stop_014,18:43:00,18:44:00,24,1,Inbound
2025-01-25,Red,trip_06224,stop_015,19:44:00,19:45:00,25,0,Outbound
2025-01-26,Orange,trip_06225,stop_016,20:45:00,20:46:00,1,1,Inbound
2025-01-27,Red,trip_06226,stop_017,21:46:00,21:47:00,2,0,Outbound
2025-01-28,Orange,trip_06227,stop_018,22:47:00,22:48:00,3,1,Inbound
2025-01-29,Red,trip_06228,stop_019,05:48:00,05:49:00,4,0,Outbound
2025-01-30,Orange,trip_06229,stop_020,06:49:00,06:50:00,5,1,Inbound
2025-01-31,Red,trip_06230,stop_021,07:50:00,07:51:00,6,0,Outbound
2025-01-01,Orange,trip_06231,stop_022,08:51:00,08:52:00,7,1,Inbound
2025-01-02,Red,trip_06232,stop_023,09:52:00,09:53:00,8,0,Outbound
2025-01-03,Orange,trip_06233,stop_024,10:53:00,10:54:00,9,1,Inbound
2025-01-04,Red,trip_06234,stop_025,11:54:00,11:55:00,10,0,Outbound
2025-01-05,Orange,trip_06235,stop_026,12:55:00,12:56:00,11,1,Inbound
2025-01-06,Red,trip_06236,stop_027,13:56:00,13:57:00,12,0,Outbound
2025-01-07,Orange,trip_06237,stop_028,14:57:00,14:58:00,13,1,Inbound
2025-01-08,Red,trip_06238,stop_029,15:58:00,15:59:00,14,0,Outbound
2025-01-09,Orange,trip_06239,stop_030,16:59:00,16:00:00,15,1,Inbound
2025-01-10,Red,trip_06240,stop_001,17:00:00,17:01:00,16,0,Outbound
2025-01-11,Orange,trip_06241,stop_002,18:01:00,18:02:00,17,1,Inbound
2025-01-12,Red,trip_06242,stop_003,19:02:00,19:03:00,18,0,Outbound
2025-01-13,Orange,trip_06243,stop_004,20:03:00,20:04:00,19,1,Inbound
2025-01-14,Red,trip_06244,stop_005,21:04:00,21:05:00,20,0,Outbound
2025-01-15,Orange,trip_06245,stop_006,22:05:00,22:06:00,21,1,Inbound
2025-01-16,Red,trip_06246,stop_007,05:06:00,05:07:00,22,0,Outbound
2025-01-17,Orange,trip_06247,stop_008,06:07:00,06:08:00,23,1,Inbound
2025-01-18,Red,trip_06248,stop_009,07:08:00,07:09:00,24,0,Outbound
2025-01-19,Orange,trip_06249,stop_010,08:09:00,08:10:00,25,1,Inbound
2025-01-20,Red,trip_06250,stop_011,09:10:00,09:11:00,1,0,Outbound
2025-01-21,Orange,trip_06251,stop_012,10:11:00,10:12:00,2,1,Inbound
2025-01-22,Red,trip_06252,stop_013,11:12:00,11:13:00,3,0,Outbound
2025-01-23,Orange,trip_06253,stop_014,12:13:00,12:14:00,4,1,Inbound
2025-01-24,Red,trip_06254,stop_015,13:14:00,13:15:00,5,0,Outbound
2025-01-25,Orange,trip_06255,stop_016,14:15:00,14:16:00,6,1,Inbound
2025-01-26,Red,trip_06256,stop_017,15:16:00,15:17:00,7,0,Outbound
2025-01-27,Orange,trip_06257,stop_018,16:17:00,16:18:00,8,1,Inbound
2025-01-28,Red,trip_06258,stop_019,17:18:00,17:19:00,9,0,Outbound
2025-01-29,Orange,trip_06259,stop_020,18:19:00,18:20:00,10,1,Inbound
2025-01-30,Red,trip_06260,stop_021,19:20:00,19:21:00,11,0,Outbound
2025-01-31,Orange,trip_06261,stop_022,20:21:00,20:22:00,12,1,Inbound
2025-01-01,Red,trip_06262,stop_023,21:22:00,21:23:00,13,0,Outbound
2025-01-02,Orange,trip_06263,stop_024,22:23:00,22:24:00,14,1,Inbound
2025-01-03,Red,trip_06264,stop_025,05:24:00,05:25:00,15,0,Outbound
2025-01-04,Orange,trip_06265,stop_026,06:25:00,06:26:00,16,1,Inbound
2025-01-05,Red,trip_06266,stop_027,07:26:00,07:27:00,17,0,Outbound
2025-01-06,Orange,trip_06267,stop_028,08:27:00,08:28:00,18,1,Inbound
2025-01-07,Red,trip_06268,stop_029,09:28:00,09:29:00,19,0,Outbound
2025-01-08,Orange,trip_06269,stop_030,10:29:00,10:30:00,20,1,Inbound
2025-01-09,Red,trip_06270,stop_001,11:30:00,11:31:00,21,0,Outbound
2025-01-10,Orange,trip_06271,stop_002,12:31:00,12:32:00,22,1,Inbound
2025-01-11,Red,trip_06272,stop_003,13:32:00,13:33:00,23,0,Outbound
2025-01-12,Orange,trip_06273,stop_004,14:33:00,14:34:00,24,1,Inbound
2025-01-13,Red,trip_06274,stop_005,15:34:00,15:35:00,25,0,Outbound
2025-01-14,Orange,trip_06275,stop_006,16:35:00,16:36:00,1,1,Inbound
2025-01-15,Red,trip_06276,stop_007,17:36:00,17:37:00,2,0,Outbound
2025-01-16,Orange,trip_06277,stop_008,18:37:00,18:38:00,3,1,Inbound
2025-01-17,Red,trip_06278,stop_009,19:38:00,19:39:00,4,0,Outbound
2025-01-18,Orange,trip_06279,stop_010,20:39:00,20:40:00,5,1,Inbound
2025-01-19,Red,trip_06280,stop_011,21:40:00,21:41:00,6,0,Outbound
2025-01-20,Orange,trip_06281,stop_012,22:41:00,22:42:00,7,1,Inbound
2025-01-21,Red,trip_06282,stop_013,05:42:00,05:43:00,8,0,Outbound
2025-01-22,Orange,trip_06283,stop_014,06:43:00,06:44:00,9,1,Inbound
2025-01-23,Red,trip_06284,stop_015,07:44:00,07:45:00,10,0,Outbound
2025-01-24,Orange,trip_06285,stop_016,08:45:00,08:46:00,11,1,Inbound
2025-01-25,Red,trip_06286,stop_017,09:46:00,09:47:00,12,0,Outbound
2025-01-26,Orange,trip_06287,stop_018,10:47:00,10:48:00,13,1,Inbound
2025-01-27,Red,trip_06288,stop_019,11:48:00,11:49:00,14,0,Outbound
2025-01-28,Orange,trip_06289,stop_020,12:49:00,12:50:00,15,1,Inbound
2025-01-29,Red,trip_06290,stop_021,13:50:00,13:51:00,16,0,Outbound
2025-01-30,Orange,trip_06291,stop_022,14:51:00,14:52:00,17,1,Inbound
2025-01-31,Red,trip_06292,stop_023,15:52:00,15:53:00,18,0,Outbound
2025-01-01,Orange,trip_06293,stop_024,16:53:00,16:54:00,19,1,Inbound
2025-01-02,Red,trip_06294,stop_025,17:54:00,17:55:00,20,0,Outbound
2025-01-03,Orange,trip_06295,stop_026,18:55:00,18:56:00,21,1,Inbound
2025-01-04,Red,trip_06296,stop_027,19:56:00,19:57:00,22,0,Outbound
2025-01-05,Orange,trip_06297,stop_028,20:57:00,20:58:00,23,1,Inbound
2025-01-06,Red,trip_06298,stop_029,21:58:00,21:59:00,24,0,Outbound
2025-01-07,Orange,trip_06299,stop_030,22:59:00,22:00:00,25,1,Inbound
2025-01-08,Red,trip_06300,stop_001,05:00:00,05:01:00,1,0,Outbound
2025-01-09,Orange,trip_06301,stop_002,06:01:00,06:02:00,2,1,Inbound
2025-01-10,Red,trip_06302,stop_003,07:02:00,07:03:00,3,0,Outbound
2025-01-11,Orange,trip_06303,stop_004,08:03:00,08:04:00,4,1,Inbound
2025-01-12,Red,trip_06304,stop_005,09:04:00,09:05:00,5,0,Outbound
2025-01-13,Orange,trip_06305,stop_006,10:05:00,10:06:00,6,1,Inbound
2025-01-14,Red,trip_06306,stop_007,11:06:00,11:07:00,7,0,Outbound
2025-01-15,Orange,trip_06307,stop_008,12:07:00,12:08:00,8,1,Inbound
2025-01-16,Red,trip_06308,stop_009,13:08:00,13:09:00,9,0,Outbound
2025-01-17,Orange,trip_06309,stop_010,14:09:00,14:10:00,10,1,Inbound
2025-01-18,Red,trip_06310,stop_011,15:10:00,15:11:00,11,0,Outbound
2025-01-19,Orange,trip_06311,stop_012,16:11:00,16:12:00,12,1,Inbound
2025-01-20,Red,trip_06312,stop_013,17:12:00,17:13:00,13,0,Outbound
2025-01-21,Orange,trip_06313,stop_014,18:13:00,18:14:00,14,1,Inbound
2025-01-22,Red,trip_06314,stop_015,19:14:00,19:15:00,15,0,Outbound
2025-01-23,Orange,trip_06315,stop_016,20:15:00,20:16:00,16,1,Inbound
2025-01-24,Red,trip_06316,stop_017,21:16:00,21:17:00,17,0,Outbound
2025-01-25,Orange,trip_06317,stop_018,22:17:00,22:18:00,18,1,Inbound
2025-01-26,Red,trip_06318,stop_019,05:18:00,05:19:00,19,0,Outbound
2025-01-27,Orange,trip_06319,stop_020,06:19:00,06:20:00,20,1,Inbound
2025-01-28,Red,trip_06320,stop_021,07:20:00,07:21:00,21,0,Outbound
2025-01-29,Orange,trip_06321,stop_022,08:21:00,08:22:00,22,1,Inbound
2025-01-30,Red,trip_06322,stop_023,09:22:00,09:23:00,23,0,Outbound
2025-01-31,Orange,trip_06323,stop_024,10:23:00,10:24:00,24,1,Inbound
2025-01-01,Red,trip_06324,stop_025,11:24:00,11:25:00,25,0,Outbound
2025-01-02,Orange,trip_06325,stop_026,12:25:00,12:26:00,1,1,Inbound
2025-01-03,Red,trip_06326,stop_027,13:26:00,13:27:00,2,0,Outbound
2025-01-04,Orange,trip_06327,stop_028,14:27:00,14:28:00,3,1,Inbound
2025-01-05,Red,trip_06328,stop_029,15:28:00,15:29:00,4,0,Outbound
2025-01-06,Orange,trip_06329,stop_030,16:29:00,16:30:00,5,1,Inbound
2025-01-07,Red,trip_06330,stop_001,17:30:00,17:31:00,6,0,Outbound
2025-01-08,Orange,trip_06331,stop_002,18:31:00,18:32:00,7,1,Inbound
2025-01-09,Red,trip_06332,stop_003,19:32:00,19:33:00,8,0,Outbound
2025-01-10,Orange,trip_06333,stop_004,20:33:00,20:34:00,9,1,Inbound
2025-01-11,Red,trip_06334,stop_005,21:34:00,21:35:00,10,0,Outbound
2025-01-12,Orange,trip_06335,stop_006,22:35:00,22:36:00,11,1,Inbound
2025-01-13,Red,trip_06336,stop_007,05:36:00,05:37:00,12,0,Outbound
2025-01-14,Orange,trip_06337,stop_008,06:37:00,06:38:00,13,1,Inbound
2025-01-15,Red,trip_06338,stop_009,07:38:00,07:39:00,14,0,Outbound
2025-01-16,Orange,trip_06339,stop_010,08:39:00,08:40:00,15,1,Inbound
2025-01-17,Red,trip_06340,stop_011,09:40:00,09:41:00,16,0,Outbound
2025-01-18,Orange,trip_06341,stop_012,10:41:00,10:42:00,17,1,Inbound
2025-01-19,Red,trip_06342,stop_013,11:42:00,11:43:00,18,0,Outbound
2025-01-20,Orange,trip_06343,stop_014,12:43:00,12:44:00,19,1,Inbound
2025-01-21,Red,trip_06344,stop_015,13:44:00,13:45:00,20,0,Outbound
2025-01-22,Orange,trip_06345,stop_016,14:45:00,14:46:00,21,1,Inbound
2025-01-23,Red,trip_06346,stop_017,15:46:00,15:47:00,22,0,Outbound
2025-01-24,Orange,trip_06347,stop_018,16:47:00,16:48:00,23,1,Inbound
2025-01-25,Red,trip_06348,stop_019,17:48:00,17:49:00,24,0,Outbound
2025-01-26,Orange,trip_06349,stop_020,18:49:00,18:50:00,25,1,Inbound
2025-01-27,Red,trip_06350,stop_021,19:50:00,19:51:00,1,0,Outbound
2025-01-28,Orange,trip_06351,stop_022,20:51:00,20:52:00,2,1,Inbound
2025-01-29,Red,trip_06352,stop_023,21:52:00,21:53:00,3,0,Outbound
2025-01-30,Orange,trip_06353,stop_024,22:53:00,22:54:00,4,1,Inbound
2025-01-31,Red,trip_06354,stop_025,05:54:00,05:55:00,5,0,Outbound
2025-01-01,Orange,trip_06355,stop_026,06:55:00,06:56:00,6,1,Inbound
2025-01-02,Red,trip_06356,stop_027,07:56:00,07:57:00,7,0,Outbound
2025-01-03,Orange,trip_06357,stop_028,08:57:00,08:58:00,8,1,Inbound
2025-01-04,Red,trip_06358,stop_029,09:58:00,09:59:00,9,0,Outbound
2025-01-05,Orange,trip_06359,stop_030,10:59:00,10:00:00,10,1,Inbound
2025-01-06,Red,trip_06360,stop_001,11:00:00,11:01:00,11,0,Outbound
2025-01-07,Orange,trip_06361,stop_002,12:01:00,12:02:00,12,1,Inbound
2025-01-08,Red,trip_06362,stop_003,13:02:00,13:03:00,13,0,Outbound
2025-01-09,Orange,trip_06363,stop_004,14:03:00,14:04:00,14,1,Inbound
2025-01-10,Red,trip_06364,stop_005,15:04:00,15:05:00,15,0,Outbound
2025-01-11,Orange,trip_06365,stop_006,16:05:00,16:06:00,16,1,Inbound
2025-01-12,Red,trip_06366,stop_007,17:06:00,17:07:00,17,0,Outbound
2025-01-13,Orange,trip_06367,stop_008,18:07:00,18:08:00,18,1,Inbound
2025-01-14,Red,trip_06368,stop_009,19:08:00,19:09:00,19,0,Outbound
2025-01-15,Orange,trip_06369,stop_010,20:09:00,20:10:00,20,1,Inbound
2025-01-16,Red,trip_06370,stop_011,21:10:00,21:11:00,21,0,Outbound
2025-01-17,Orange,trip_06371,stop_012,22:11:00,22:12:00,22,1,Inbound
2025-01-18,Red,trip_06372,stop_013,05:12:00,05:13:00,23,0,Outbound
2025-01-19,Orange,trip_06373,stop_014,06:13:00,06:14:00,24,1,Inbound
2025-01-20,Red,trip_06374,stop_015,07:14:00,07:15:00,25,0,Outbound
2025-01-21,Orange,trip_06375,stop_016,08:15:00,08:16:00,1,1,Inbound
2025-01-22,Red,trip_06376,stop_017,09:16:00,09:17:00,2,0,Outbound
2025-01-23,Orange,trip_06377,stop_018,10:17:00,10:18:00,3,1,Inbound
2025-01-24,Red,trip_06378,stop_019,11:18:00,11:19:00,4,0,Outbound
2025-01-25,Orange,trip_06379,stop_020,12:19:00,12:20:00,5,1,Inbound
2025-01-26,Red,trip_06380,stop_021,13:20:00,13:21:00,6,0,Outbound
2025-01-27,Orange,trip_06381,stop_022,14:21:00,14:22:00,7,1,Inbound
2025-01-28,Red,trip_06382,stop_023,15:22:00,15:23:00,8,0,Outbound
2025-01-29,Orange,trip_06383,stop_024,16:23:00,16:24:00,9,1,Inbound
2025-01-30,Red,trip_06384,stop_025,17:24:00,17:25:00,10,0,Outbound
2025-01-31,Orange,trip_06385,stop_026,18:25:00,18:26:00,11,1,Inbound
2025-01-01,Red,trip_06386,stop_027,19:26:00,19:27:00,12,0,Outbound
2025-01-02,Orange,trip_06387,stop_028,20:27:00,20:28:00,13,1,Inbound
2025-01-03,Red,trip_06388,stop_029,21:28:00,21:29:00,14,0,Outbound
2025-01-04,Orange,trip_06389,stop_030,22:29:00,22:30:00,15,1,Inbound
2025-01-05,Red,trip_06390,stop_001,05:30:00,05:31:00,16,0,Outbound
2025-01-06,Orange,trip_06391,stop_002,06:31:00,06:32:00,17,1,Inbound
2025-01-07,Red,trip_06392,stop_003,07:32:00,07:33:00,18,0,Outbound
2025-01-08,Orange,trip_06393,stop_004,08:33:00,08:34:00,19,1,Inbound
2025-01-09,Red,trip_06394,stop_005,09:34:00,09:35:00,20,0,Outbound
2025-01-10,Orange,trip_06395,stop_006,10:35:00,10:36:00,21,1,Inbound
2025-01-11,Red,trip_06396,stop_007,11:36:00,11:37:00,22,0,Outbound
2025-01-12,Orange,trip_06397,stop_008,12:37:00,12:38:00,23,1,Inbound
2025-01-13,Red,trip_06398,stop_009,13:38:00,13:39:00,24,0,Outbound
2025-01-14,Orange,trip_06399,stop_010,14:39:00,14:40:00,25,1,Inbound
2025-01-15,Red,trip_06400,stop_011,15:40:00,15:41:00,1,0,Outbound
2025-01-16,Orange,trip_06401,stop_012,16:41:00,16:42:00,2,1,Inbound
2025-01-17,Red,trip_06402,stop_013,17:42:00,17:43:00,3,0,Outbound
2025-01-18,Orange,trip_06403,stop_014,18:43:00,18:44:00,4,1,Inbound
2025-01-19,Red,trip_06404,stop_015,19:44:00,19:45:00,5,0,Outbound
2025-01-20,Orange,trip_06405,stop_016,20:45:00,20:46:00,6,1,Inbound
2025-01-21,Red,trip_06406,stop_017,21:46:00,21:47:00,7,0,Outbound
2025-01-22,Orange,trip_06407,stop_018,22:47:00,22:48:00,8,1,Inbound
2025-01-23,Red,trip_06408,stop_019,05:48:00,05:49:00,9,0,Outbound
2025-01-24,Orange,trip_06409,stop_020,06:49:00,06:50:00,10,1,Inbound
2025-01-25,Red,trip_06410,stop_021,07:50:00,07:51:00,11,0,Outbound
2025-01-26,Orange,trip_06411,stop_022,08:51:00,08:52:00,12,1,Inbound
2025-01-27,Red,trip_06412,stop_023,09:52:00,09:53:00,13,0,Outbound
2025-01-28,Orange,trip_06413,stop_024,10:53:00,10:54:00,14,1,Inbound
2025-01-29,Red,trip_06414,stop_025,11:54:00,11:55:00,15,0,Outbound
2025-01-30,Orange,trip_06415,stop_026,12:55:00,12:56:00,16,1,Inbound
2025-01-31,Red,trip_06416,stop_027,13:56:00,13:57:00,17,0,Outbound
2025-01-01,Orange,trip_06417,stop_028,14:57:00,14:58:00,18,1,Inbound
2025-01-02,Red,trip_06418,stop_029,15:58:00,15:59:00,19,0,Outbound
2025-01-03,Orange,trip_06419,stop_030,16:59:00,16:00:00,20,1,Inbound
2025-01-04,Red,trip_06420,stop_001,17:00:00,17:01:00,21,0,Outbound
2025-01-05,Orange,trip_06421,stop_002,18:01:00,18:02:00,22,1,Inbound
2025-01-06,Red,trip_06422,stop_003,19:02:00,19:03:00,23,0,Outbound
2025-01-07,Orange,trip_06423,stop_004,20:03:00,20:04:00,24,1,Inbound
2025-01-08,Red,trip_06424,stop_005,21:04:00,21:05:00,25,0,Outbound
2025-01-09,Orange,trip_06425,stop_006,22:05:00,22:06:00,1,1,Inbound
2025-01-10,Red,trip_06426,stop_007,05:06:00,05:07:00,2,0,Outbound
2025-01-11,Orange,trip_06427,stop_008,06:07:00,06:08:00,3,1,Inbound
2025-01-12,Red,trip_06428,stop_009,07:08:00,07:09:00,4,0,Outbound
2025-01-13,Orange,trip_06429,stop_010,08:09:00,08:10:00,5,1,Inbound
2025-01-14,Red,trip_06430,stop_011,09:10:00,09:11:00,6,0,Outbound
2025-01-15,Orange,trip_06431,stop_012,10:11:00,10:12:00,7,1,Inbound
2025-01-16,Red,trip_06432,stop_013,11:12:00,11:13:00,8,0,Outbound
2025-01-17,Orange,trip_06433,stop_014,12:13:00,12:14:00,9,1,Inbound
2025-01-18,Red,trip_06434,stop_015,13:14:00,13:15:00,10,0,Outbound
2025-01-19,Orange,trip_06435,stop_016,14:15:00,14:16:00,11,1,Inbound
2025-01-20,Red,trip_06436,stop_017,15:16:00,15:17:00,12,0,Outbound
2025-01-21,Orange,trip_06437,stop_018,16:17:00,16:18:00,13,1,Inbound
2025-01-22,Red,trip_06438,stop_019,17:18:00,17:19:00,14,0,Outbound
2025-01-23,Orange,trip_06439,stop_020,18:19:00,18:20:00,15,1,Inbound
2025-01-24,Red,trip_06440,stop_021,19:20:00,19:21:00,16,0,Outbound
2025-01-25,Orange,trip_06441,stop_022,20:21:00,20:22:00,17,1,Inbound
2025-01-26,Red,trip_06442,stop_023,21:22:00,21:23:00,18,0,Outbound
2025-01-27,Orange,trip_06443,stop_024,22:23:00,22:24:00,19,1,Inbound
2025-01-28,Red,trip_06444,stop_025,05:24:00,05:25:00,20,0,Outbound
2025-01-29,Orange,trip_06445,stop_026,06:25:00,06:26:00,21,1,Inbound
2025-01-30,Red,trip_06446,stop_027,07:26:00,07:27:00,22,0,Outbound
2025-01-31,Orange,trip_06447,stop_028,08:27:00,08:28:00,23,1,Inbound
2025-01-01,Red,trip_06448,stop_029,09:28:00,09:29:00,24,0,Outbound
2025-01-02,Orange,trip_06449,stop_030,10:29:00,10:30:00,25,1,Inbound
2025-01-03,Red,trip_06450,stop_001,11:30:00,11:31:00,1,0,Outbound
2025-01-04,Orange,trip_06451,stop_002,12:31:00,12:32:00,2,1,Inbound
2025-01-05,Red,trip_06452,stop_003,13:32:00,13:33:00,3,0,Outbound
2025-01-06,Orange,trip_06453,stop_004,14:33:00,14:34:00,4,1,Inbound
2025-01-07,Red,trip_06454,stop_005,15:34:00,15:35:00,5,0,Outbound
2025-01-08,Orange,trip_06455,stop_006,16:35:00,16:36:00,6,1,Inbound
2025-01-09,Red,trip_06456,stop_007,17:36:00,17:37:00,7,0,Outbound
2025-01-10,Orange,trip_06457,stop_008,18:37:00,18:38:00,8,1,Inbound
2025-01-11,Red,trip_06458,stop_009,19:38:00,19:39:00,9,0,Outbound
2025-01-12,Orange,trip_06459,stop_010,20:39:00,20:40:00,10,1,Inbound
2025-01-13,Red,trip_06460,stop_011,21:40:00,21:41:00,11,0,Outbound
2025-01-14,Orange,trip_06461,stop_012,22:41:00,22:42:00,12,1,Inbound
2025-01-15,Red,trip_06462,stop_013,05:42:00,05:43:00,13,0,Outbound
2025-01-16,Orange,trip_06463,stop_014,06:43:00,06:44:00,14,1,Inbound
2025-01-17,Red,trip_06464,stop_015,07:44:00,07:45:00,15,0,Outbound
2025-01-18,Orange,trip_06465,stop_016,08:45:00,08:46:00,16,1,Inbound
2025-01-19,Red,trip_06466,stop_017,09:46:00,09:47:00,17,0,Outbound
2025-01-20,Orange,trip_06467,stop_018,10:47:00,10:48:00,18,1,Inbound
2025-01-21,Red,trip_06468,stop_019,11:48:00,11:49:00,19,0,Outbound
2025-01-22,Orange,trip_06469,stop_020,12:49:00,12:50:00,20,1,Inbound
2025-01-23,Red,trip_06470,stop_021,13:50:00,13:51:00,21,0,Outbound
2025-01-24,Orange,trip_06471,stop_022,14:51:00,14:52:00,22,1,Inbound
2025-01-25,Red,trip_06472,stop_023,15:52:00,15:53:00,23,0,Outbound
2025-01-26,Orange,trip_06473,stop_024,16:53:00,16:54:00,24,1,Inbound
2025-01-27,Red,trip_06474,stop_025,17:54:00,17:55:00,25,0,Outbound
2025-01-28,Orange,trip_06475,stop_026,18:55:00,18:56:00,1,1,Inbound
2025-01-29,Red,trip_06476,stop_027,19:56:00,19:57:00,2,0,Outbound
2025-01-30,Orange,trip_06477,stop_028,20:57:00,20:58:00,3,1,Inbound
2025-01-31,Red,trip_06478,stop_029,21:58:00,21:59:00,4,0,Outbound
2025-01-01,Orange,trip_06479,stop_030,22:59:00,22:00:00,5,1,Inbound
2025-01-02,Red,trip_06480,stop_001,05:00:00,05:01:00,6,0,Outbound
2025-01-03,Orange,trip_06481,stop_002,06:01:00,06:02:00,7,1,Inbound
2025-01-04,Red,trip_06482,stop_003,07:02:00,07:03:00,8,0,Outbound
2025-01-05,Orange,trip_06483,stop_004,08:03:00,08:04:00,9,1,Inbound
2025-01-06,Red,trip_06484,stop_005,09:04:00,09:05:00,10,0,Outbound
2025-01-07,Orange,trip_06485,stop_006,10:05:00,10:06:00,11,1,Inbound
2025-01-08,Red,trip_06486,stop_007,11:06:00,11:07:00,12,0,Outbound
2025-01-09,Orange,trip_06487,stop_008,12:07:00,12:08:00,13,1,Inbound
2025-01-10,Red,trip_06488,stop_009,13:08:00,13:09:00,14,0,Outbound
2025-01-11,Orange,trip_06489,stop_010,14:09:00,14:10:00,15,1,Inbound
2025-01-12,Red,trip_06490,stop_011,15:10:00,15:11:00,16,0,Outbound
2025-01-13,Orange,trip_06491,stop_012,16:11:00,16:12:00,17,1,Inbound
2025-01-14,Red,trip_06492,stop_013,17:12:00,17:13:00,18,0,Outbound
2025-01-15,Orange,trip_06493,stop_014,18:13:00,18:14:00,19,1,Inbound
2025-01-16,Red,trip_06494,stop_015,19:14:00,19:15:00,20,0,Outbound
2025-01-17,Orange,trip_06495,stop_016,20:15:00,20:16:00,21,1,Inbound
2025-01-18,Red,trip_06496,stop_017,21:16:00,21:17:00,22,0,Outbound
2025-01-19,Orange,trip_06497,stop_018,22:17:00,22:18:00,23,1,Inbound
2025-01-20,Red,trip_06498,stop_019,05:18:00,05:19:00,24,0,Outbound
2025-01-21,Orange,trip_06499,stop_020,06:19:00,06:20:00,25,1,Inbound
2025-01-22,Red,trip_06500,stop_021,07:20:00,07:21:00,1,0,Outbound
2025-01-23,Orange,trip_06501,stop_022,08:21:00,08:22:00,2,1,Inbound
2025-01-24,Red,trip_06502,stop_023,09:22:00,09:23:00,3,0,Outbound
2025-01-25,Orange,trip_06503,stop_024,10:23:00,10:24:00,4,1,Inbound
2025-01-26,Red,trip_06504,stop_025,11:24:00,11:25:00,5,0,Outbound
2025-01-27,Orange,trip_06505,stop_026,12:25:00,12:26:00,6,1,Inbound
2025-01-28,Red,trip_06506,stop_027,13:26:00,13:27:00,7,0,Outbound
2025-01-29,Orange,trip_06507,stop_028,14:27:00,14:28:00,8,1,Inbound
2025-01-30,Red,trip_06508,stop_029,15:28:00,15:29:00,9,0,Outbound
2025-01-31,Orange,trip_06509,stop_030,16:29:00,16:30:00,10,1,Inbound
2025-01-01,Red,trip_06510,stop_001,17:30:00,17:31:00,11,0,Outbound
2025-01-02,Orange,trip_06511,stop_002,18:31:00,18:32:00,12,1,Inbound
2025-01-03,Red,trip_06512,stop_003,19:32:00,19:33:00,13,0,Outbound
2025-01-04,Orange,trip_06513,stop_004,20:33:00,20:34:00,14,1,Inbound
2025-01-05,Red,trip_06514,stop_005,21:34:00,21:35:00,15,0,Outbound
2025-01-06,Orange,trip_06515,stop_006,22:35:00,22:36:00,16,1,Inbound
2025-01-07,Red,trip_06516,stop_007,05:36:00,05:37:00,17,0,Outbound
2025-01-08,Orange,trip_06517,stop_008,06:37:00,06:38:00,18,1,Inbound
2025-01-09,Red,trip_06518,stop_009,07:38:00,07:39:00,19,0,Outbound
2025-01-10,Orange,trip_06519,stop_010,08:39:00,08:40:00,20,1,Inbound
2025-01-11,Red,trip_06520,stop_011,09:40:00,09:41:00,21,0,Outbound
2025-01-12,Orange,trip_06521,stop_012,10:41:00,10:42:00,22,1,Inbound
2025-01-13,Red,trip_06522,stop_013,11:42:00,11:43:00,23,0,Outbound
2025-01-14,Orange,trip_06523,stop_014,12:43:00,12:44:00,24,1,Inbound
2025-01-15,Red,trip_06524,stop_015,13:44:00,13:45:00,25,0,Outbound
2025-01-16,Orange,trip_06525,stop_016,14:45:00,14:46:00,1,1,Inbound
2025-01-17,Red,trip_06526,stop_017,15:46:00,15:47:00,2,0,Outbound
2025-01-18,Orange,trip_06527,stop_018,16:47:00,16:48:00,3,1,Inbound
2025-01-19,Red,trip_06528,stop_019,17:48:00,17:49:00,4,0,Outbound
2025-01-20,Orange,trip_06529,stop_020,18:49:00,18:50:00,5,1,Inbound
2025-01-21,Red,trip_06530,stop_021,19:50:00,19:51:00,6,0,Outbound
2025-01-22,Orange,trip_06531,stop_022,20:51:00,20:52:00,7,1,Inbound
2025-01-23,Red,trip_06532,stop_023,21:52:00,21:53:00,8,0,Outbound
2025-01-24,Orange,trip_06533,stop_024,22:53:00,22:54:00,9,1,Inbound
2025-01-25,Red,trip_06534,stop_025,05:54:00,05:55:00,10,0,Outbound
2025-01-26,Orange,trip_06535,stop_026,06:55:00,06:56:00,11,1,Inbound
2025-01-27,Red,trip_06536,stop_027,07:56:00,07:57:00,12,0,Outbound
2025-01-28,Orange,trip_06537,stop_028,08:57:00,08:58:00,13,1,Inbound
2025-01-29,Red,trip_06538,stop_029,09:58:00,09:59:00,14,0,Outbound
2025-01-30,Orange,trip_06539,stop_030,10:59:00,10:00:00,15,1,Inbound
2025-01-31,Red,trip_06540,stop_001,11:00:00,11:01:00,16,0,Outbound
2025-01-01,Orange,trip_06541,stop_002,12:01:00,12:02:00,17,1,Inbound
2025-01-02,Red,trip_06542,stop_003,13:02:00,13:03:00,18,0,Outbound
2025-01-03,Orange,trip_06543,stop_004,14:03:00,14:04:00,19,1,Inbound
2025-01-04,Red,trip_06544,stop_005,15:04:00,15:05:00,20,0,Outbound
2025-01-05,Orange,trip_06545,stop_006,16:05:00,16:06:00,21,1,Inbound
2025-01-06,Red,trip_06546,stop_007,17:06:00,17:07:00,22,0,Outbound
2025-01-07,Orange,trip_06547,stop_008,18:07:00,18:08:00,23,1,Inbound
2025-01-08,Red,trip_06548,stop_009,19:08:00,19:09:00,24,0,Outbound
2025-01-09,Orange,trip_06549,stop_010,20:09:00,20:10:00,25,1,Inbound
2025-01-10,Red,trip_06550,stop_011,21:10:00,21:11:00,1,0,Outbound
2025-01-11,Orange,trip_06551,stop_012,22:11:00,22:12:00,2,1,Inbound
2025-01-12,Red,trip_06552,stop_013,05:12:00,05:13:00,3,0,Outbound
2025-01-13,Orange,trip_06553,stop_014,06:13:00,06:14:00,4,1,Inbound
2025-01-14,Red,trip_06554,stop_015,07:14:00,07:15:00,5,0,Outbound
2025-01-15,Orange,trip_06555,stop_016,08:15:00,08:16:00,6,1,Inbound
2025-01-16,Red,trip_06556,stop_017,09:16:00,09:17:00,7,0,Outbound
2025-01-17,Orange,trip_06557,stop_018,10:17:00,10:18:00,8,1,Inbound
2025-01-18,Red,trip_06558,stop_019,11:18:00,11:19:00,9,0,Outbound
2025-01-19,Orange,trip_06559,stop_020,12:19:00,12:20:00,10,1,Inbound
2025-01-20,Red,trip_06560,stop_021,13:20:00,13:21:00,11,0,Outbound
2025-01-21,Orange,trip_06561,stop_022,14:21:00,14:22:00,12,1,Inbound
2025-01-22,Red,trip_06562,stop_023,15:22:00,15:23:00,13,0,Outbound
2025-01-23,Orange,trip_06563,stop_024,16:23:00,16:24:00,14,1,Inbound
2025-01-24,Red,trip_06564,stop_025,17:24:00,17:25:00,15,0,Outbound
2025-01-25,Orange,trip_06565,stop_026,18:25:00,18:26:00,16,1,Inbound
2025-01-26,Red,trip_06566,stop_027,19:26:00,19:27:00,17,0,Outbound
2025-01-27,Orange,trip_06567,stop_028,20:27:00,20:28:00,18,1,Inbound
2025-01-28,Red,trip_06568,stop_029,21:28:00,21:29:00,19,0,Outbound
2025-01-29,Orange,trip_06569,stop_030,22:29:00,22:30:00,20,1,Inbound
2025-01-30,Red,trip_06570,stop_001,05:30:00,05:31:00,21,0,Outbound
2025-01-31,Orange,trip_06571,stop_002,06:31:00,06:32:00,22,1,Inbound
2025-01-01,Red,trip_06572,stop_003,07:32:00,07:33:00,23,0,Outbound
2025-01-02,Orange,trip_06573,stop_004,08:33:00,08:34:00,24,1,Inbound
2025-01-03,Red,trip_06574,stop_005,09:34:00,09:35:00,25,0,Outbound
2025-01-04,Orange,trip_06575,stop_006,10:35:00,10:36:00,1,1,Inbound
2025-01-05,Red,trip_06576,stop_007,11:36:00,11:37:00,2,0,Outbound
2025-01-06,Orange,trip_06577,stop_008,12:37:00,12:38:00,3,1,Inbound
2025-01-07,Red,trip_06578,stop_009,13:38:00,13:39:00,4,0,Outbound
2025-01-08,Orange,trip_06579,stop_010,14:39:00,14:40:00,5,1,Inbound
2025-01-09,Red,trip_06580,stop_011,15:40:00,15:41:00,6,0,Outbound
2025-01-10,Orange,trip_06581,stop_012,16:41:00,16:42:00,7,1,Inbound
2025-01-11,Red,trip_06582,stop_013,17:42:00,17:43:00,8,0,Outbound
2025-01-12,Orange,trip_06583,stop_014,18:43:00,18:44:00,9,1,Inbound
2025-01-13,Red,trip_06584,stop_015,19:44:00,19:45:00,10,0,Outbound
2025-01-14,Orange,trip_06585,stop_016,20:45:00,20:46:00,11,1,Inbound
2025-01-15,Red,trip_06586,stop_017,21:46:00,21:47:00,12,0,Outbound
2025-01-16,Orange,trip_06587,stop_018,22:47:00,22:48:00,13,1,Inbound
2025-01-17,Red,trip_06588,stop_019,05:48:00,05:49:00,14,0,Outbound
2025-01-18,Orange,trip_06589,stop_020,06:49:00,06:50:00,15,1,Inbound
2025-01-19,Red,trip_06590,stop_021,07:50:00,07:51:00,16,0,Outbound
2025-01-20,Orange,trip_06591,stop_022,08:51:00,08:52:00,17,1,Inbound
2025-01-21,Red,trip_06592,stop_023,09:52:00,09:53:00,18,0,Outbound
2025-01-22,Orange,trip_06593,stop_024,10:53:00,10:54:00,19,1,Inbound
2025-01-23,Red,trip_06594,stop_025,11:54:00,11:55:00,20,0,Outbound
2025-01-24,Orange,trip_06595,stop_026,12:55:00,12:56:00,21,1,Inbound
2025-01-25,Red,trip_06596,stop_027,13:56:00,13:57:00,22,0,Outbound
2025-01-26,Orange,trip_06597,stop_028,14:57:00,14:58:00,23,1,Inbound
2025-01-27,Red,trip_06598,stop_029,15:58:00,15:59:00,24,0,Outbound
2025-01-28,Orange,trip_06599,stop_030,16:59:00,16:00:00,25,1,Inbound
2025-01-29,Red,trip_06600,stop_001,17:00:00,17:01:00,1,0,Outbound
2025-01-30,Orange,trip_06601,stop_002,18:01:00,18:02:00,2,1,Inbound
2025-01-31,Red,trip_06602,stop_003,19:02:00,19:03:00,3,0,Outbound
2025-01-01,Orange,trip_06603,stop_004,20:03:00,20:04:00,4,1,Inbound
2025-01-02,Red,trip_06604,stop_005,21:04:00,21:05:00,5,0,Outbound
2025-01-03,Orange,trip_06605,stop_006,22:05:00,22:06:00,6,1,Inbound
2025-01-04,Red,trip_06606,stop_007,05:06:00,05:07:00,7,0,Outbound
2025-01-05,Orange,trip_06607,stop_008,06:07:00,06:08:00,8,1,Inbound
2025-01-06,Red,trip_06608,stop_009,07:08:00,07:09:00,9,0,Outbound
2025-01-07,Orange,trip_06609,stop_010,08:09:00,08:10:00,10,1,Inbound
2025-01-08,Red,trip_06610,stop_011,09:10:00,09:11:00,11,0,Outbound
2025-01-09,Orange,trip_06611,stop_012,10:11:00,10:12:00,12,1,Inbound
2025-01-10,Red,trip_06612,stop_013,11:12:00,11:13:00,13,0,Outbound
2025-01-11,Orange,trip_06613,stop_014,12:13:00,12:14:00,14,1,Inbound
2025-01-12,Red,trip_06614,stop_015,13:14:00,13:15:00,15,0,Outbound
2025-01-13,Orange,trip_06615,stop_016,14:15:00,14:16:00,16,1,Inbound
2025-01-14,Red,trip_06616,stop_017,15:16:00,15:17:00,17,0,Outbound
2025-01-15,Orange,trip_06617,stop_018,16:17:00,16:18:00,18,1,Inbound
2025-01-16,Red,trip_06618,stop_019,17:18:00,17:19:00,19,0,Outbound
2025-01-17,Orange,trip_06619,stop_020,18:19:00,18:20:00,20,1,Inbound
2025-01-18,Red,trip_06620,stop_021,19:20:00,19:21:00,21,0,Outbound
2025-01-19,Orange,trip_06621,stop_022,20:21:00,20:22:00,22,1,Inbound
2025-01-20,Red,trip_06622,stop_023,21:22:00,21:23:00,23,0,Outbound
2025-01-21,Orange,trip_06623,stop_024,22:23:00,22:24:00,24,1,Inbound
2025-01-22,Red,trip_06624,stop_025,05:24:00,05:25:00,25,0,Outbound
2025-01-23,Orange,trip_06625,stop_026,06:25:00,06:26:00,1,1,Inbound
2025-01-24,Red,trip_06626,stop_027,07:26:00,07:27:00,2,0,Outbound
2025-01-25,Orange,trip_06627,stop_028,08:27:00,08:28:00,3,1,Inbound
2025-01-26,Red,trip_06628,stop_029,09:28:00,09:29:00,4,0,Outbound
2025-01-27,Orange,trip_06629,stop_030,10:29:00,10:30:00,5,1,Inbound
2025-01-28,Red,trip_06630,stop_001,11:30:00,11:31:00,6,0,Outbound
2025-01-29,Orange,trip_06631,stop_002,12:31:00,12:32:00,7,1,Inbound
2025-01-30,Red,trip_06632,stop_003,13:32:00,13:33:00,8,0,Outbound
2025-01-31,Orange,trip_06633,stop_004,14:33:00,14:34:00,9,1,Inbound
2025-01-01,Red,trip_06634,stop_005,15:34:00,15:35:00,10,0,Outbound
2025-01-02,Orange,trip_06635,stop_006,16:35:00,16:36:00,11,1,Inbound
2025-01-03,Red,trip_06636,stop_007,17:36:00,17:37:00,12,0,Outbound
2025-01-04,Orange,trip_06637,stop_008,18:37:00,18:38:00,13,1,Inbound
2025-01-05,Red,trip_06638,stop_009,19:38:00,19:39:00,14,0,Outbound
2025-01-06,Orange,trip_06639,stop_010,20:39:00,20:40:00,15,1,Inbound
2025-01-07,Red,trip_06640,stop_011,21:40:00,21:41:00,16,0,Outbound
2025-01-08,Orange,trip_06641,stop_012,22:41:00,22:42:00,17,1,Inbound
2025-01-09,Red,trip_06642,stop_013,05:42:00,05:43:00,18,0,Outbound
2025-01-10,Orange,trip_06643,stop_014,06:43:00,06:44:00,19,1,Inbound
2025-01-11,Red,trip_06644,stop_015,07:44:00,07:45:00,20,0,Outbound
2025-01-12,Orange,trip_06645,stop_016,08:45:00,08:46:00,21,1,Inbound
2025-01-13,Red,trip_06646,stop_017,09:46:00,09:47:00,22,0,Outbound
2025-01-14,Orange,trip_06647,stop_018,10:47:00,10:48:00,23,1,Inbound
2025-01-15,Red,trip_06648,stop_019,11:48:00,11:49:00,24,0,Outbound
2025-01-16,Orange,trip_06649,stop_020,12:49:00,12:50:00,25,1,Inbound
2025-01-17,Red,trip_06650,stop_021,13:50:00,13:51:00,1,0,Outbound
2025-01-18,Orange,trip_06651,stop_022,14:51:00,14:52:00,2,1,Inbound
2025-01-19,Red,trip_06652,stop_023,15:52:00,15:53:00,3,0,Outbound
2025-01-20,Orange,trip_06653,stop_024,16:53:00,16:54:00,4,1,Inbound
2025-01-21,Red,trip_06654,stop_025,17:54:00,17:55:00,5,0,Outbound
2025-01-22,Orange,trip_06655,stop_026,18:55:00,18:56:00,6,1,Inbound
2025-01-23,Red,trip_06656,stop_027,19:56:00,19:57:00,7,0,Outbound
2025-01-24,Orange,trip_06657,stop_028,20:57:00,20:58:00,8,1,Inbound
2025-01-25,Red,trip_06658,stop_029,21:58:00,21:59:00,9,0,Outbound
2025-01-26,Orange,trip_06659,stop_030,22:59:00,22:00:00,10,1,Inbound
2025-01-27,Red,trip_06660,stop_001,05:00:00,05:01:00,11,0,Outbound
2025-01-28,Orange,trip_06661,stop_002,06:01:00,06:02:00,12,1,Inbound
2025-01-29,Red,trip_06662,stop_003,07:02:00,07:03:00,13,0,Outbound
2025-01-30,Orange,trip_06663,stop_004,08:03:00,08:04:00,14,1,Inbound
2025-01-31,Red,trip_06664,stop_005,09:04:00,09:05:00,15,0,Outbound
2025-01-01,Orange,trip_06665,stop_006,10:05:00,10:06:00,16,1,Inbound
2025-01-02,Red,trip_06666,stop_007,11:06:00,11:07:00,17,0,Outbound
2025-01-03,Orange,trip_06667,stop_008,12:07:00,12:08:00,18,1,Inbound
2025-01-04,Red,trip_06668,stop_009,13:08:00,13:09:00,19,0,Outbound
2025-01-05,Orange,trip_06669,stop_010,14:09:00,14:10:00,20,1,Inbound
2025-01-06,Red,trip_06670,stop_011,15:10:00,15:11:00,21,0,Outbound
2025-01-07,Orange,trip_06671,stop_012,16:11:00,16:12:00,22,1,Inbound
2025-01-08,Red,trip_06672,stop_013,17:12:00,17:13:00,23,0,Outbound
2025-01-09,Orange,trip_06673,stop_014,18:13:00,18:14:00,24,1,Inbound
2025-01-10,Red,trip_06674,stop_015,19:14:00,19:15:00,25,0,Outbound
2025-01-11,Orange,trip_06675,stop_016,20:15:00,20:16:00,1,1,Inbound
2025-01-12,Red,trip_06676,stop_017,21:16:00,21:17:00,2,0,Outbound
2025-01-13,Orange,trip_06677,stop_018,22:17:00,22:18:00,3,1,Inbound
2025-01-14,Red,trip_06678,stop_019,05:18:00,05:19:00,4,0,Outbound
2025-01-15,Orange,trip_06679,stop_020,06:19:00,06:20:00,5,1,Inbound
2025-01-16,Red,trip_06680,stop_021,07:20:00,07:21:00,6,0,Outbound
2025-01-17,Orange,trip_06681,stop_022,08:21:00,08:22:00,7,1,Inbound
2025-01-18,Red,trip_06682,stop_023,09:22:00,09:23:00,8,0,Outbound
2025-01-19,Orange,trip_06683,stop_024,10:23:00,10:24:00,9,1,Inbound
2025-01-20,Red,trip_06684,stop_025,11:24:00,11:25:00,10,0,Outbound
2025-01-21,Orange,trip_06685,stop_026,12:25:00,12:26:00,11,1,Inbound
2025-01-22,Red,trip_06686,stop_027,13:26:00,13:27:00,12,0,Outbound
2025-01-23,Orange,trip_06687,stop_028,14:27:00,14:28:00,13,1,Inbound
2025-01-24,Red,trip_06688,stop_029,15:28:00,15:29:00,14,0,Outbound
2025-01-25,Orange,trip_06689,stop_030,16:29:00,16:30:00,15,1,Inbound
2025-01-26,Red,trip_06690,stop_001,17:30:00,17:31:00,16,0,Outbound
2025-01-27,Orange,trip_06691,stop_002,18:31:00,18:32:00,17,1,Inbound
2025-01-28,Red,trip_06692,stop_003,19:32:00,19:33:00,18,0,Outbound
2025-01-29,Orange,trip_06693,stop_004,20:33:00,20:34:00,19,1,Inbound
2025-01-30,Red,trip_06694,stop_005,21:34:00,21:35:00,20,0,Outbound
2025-01-31,Orange,trip_06695,stop_006,22:35:00,22:36:00,21,1,Inbound
2025-01-01,Red,trip_06696,stop_007,05:36:00,05:37:00,22,0,Outbound
2025-01-02,Orange,trip_06697,stop_008,06:37:00,06:38:00,23,1,Inbound
2025-01-03,Red,trip_06698,stop_009,07:38:00,07:39:00,24,0,Outbound
2025-01-04,Orange,trip_06699,stop_010,08:39:00,08:40:00,25,1,Inbound
2025-01-05,Red,trip_06700,stop_011,09:40:00,09:41:00,1,0,Outbound
2025-01-06,Orange,trip_06701,stop_012,10:41:00,10:42:00,2,1,Inbound
2025-01-07,Red,trip_06702,stop_013,11:42:00,11:43:00,3,0,Outbound
2025-01-08,Orange,trip_06703,stop_014,12:43:00,12:44:00,4,1,Inbound
2025-01-09,Red,trip_06704,stop_015,13:44:00,13:45:00,5,0,Outbound
2025-01-10,Orange,trip_06705,stop_016,14:45:00,14:46:00,6,1,Inbound
2025-01-11,Red,trip_06706,stop_017,15:46:00,15:47:00,7,0,Outbound
2025-01-12,Orange,trip_06707,stop_018,16:47:00,16:48:00,8,1,Inbound
2025-01-13,Red,trip_06708,stop_019,17:48:00,17:49:00,9,0,Outbound
2025-01-14,Orange,trip_06709,stop_020,18:49:00,18:50:00,10,1,Inbound
2025-01-15,Red,trip_06710,stop_021,19:50:00,19:51:00,11,0,Outbound
2025-01-16,Orange,trip_06711,stop_022,20:51:00,20:52:00,12,1,Inbound
2025-01-17,Red,trip_06712,stop_023,21:52:00,21:53:00,13,0,Outbound
2025-01-18,Orange,trip_06713,stop_024,22:53:00,22:54:00,14,1,Inbound
2025-01-19,Red,trip_06714,stop_025,05:54:00,05:55:00,15,0,Outbound
2025-01-20,Orange,trip_06715,stop_026,06:55:00,06:56:00,16,1,Inbound
2025-01-21,Red,trip_06716,stop_027,07:56:00,07:57:00,17,0,Outbound
2025-01-22,Orange,trip_06717,stop_028,08:57:00,08:58:00,18,1,Inbound
2025-01-23,Red,trip_06718,stop_029,09:58:00,09:59:00,19,0,Outbound
2025-01-24,Orange,trip_06719,stop_030,10:59:00,10:00:00,20,1,Inbound
2025-01-25,Red,trip_06720,stop_001,11:00:00,11:01:00,21,0,Outbound
2025-01-26,Orange,trip_06721,stop_002,12:01:00,12:02:00,22,1,Inbound
2025-01-27,Red,trip_06722,stop_003,13:02:00,13:03:00,23,0,Outbound
2025-01-28,Orange,trip_06723,stop_004,14:03:00,14:04:00,24,1,Inbound
2025-01-29,Red,trip_06724,stop_005,15:04:00,15:05:00,25,0,Outbound
2025-01-30,Orange,trip_06725,stop_006,16:05:00,16:06:00,1,1,Inbound
2025-01-31,Red,trip_06726,stop_007,17:06:00,17:07:00,2,0,Outbound
2025-01-01,Orange,trip_06727,stop_008,18:07:00,18:08:00,3,1,Inbound
2025-01-02,Red,trip_06728,stop_009,19:08:00,19:09:00,4,0,Outbound
2025-01-03,Orange,trip_06729,stop_010,20:09:00,20:10:00,5,1,Inbound
2025-01-04,Red,trip_06730,stop_011,21:10:00,21:11:00,6,0,Outbound
2025-01-05,Orange,trip_06731,stop_012,22:11:00,22:12:00,7,1,Inbound
2025-01-06,Red,trip_06732,stop_013,05:12:00,05:13:00,8,0,Outbound
2025-01-07,Orange,trip_06733,stop_014,06:13:00,06:14:00,9,1,Inbound
2025-01-08,Red,trip_06734,stop_015,07:14:00,07:15:00,10,0,Outbound
2025-01-09,Orange,trip_06735,stop_016,08:15:00,08:16:00,11,1,Inbound
2025-01-10,Red,trip_06736,stop_017,09:16:00,09:17:00,12,0,Outbound
2025-01-11,Orange,trip_06737,stop_018,10:17:00,10:18:00,13,1,Inbound
2025-01-12,Red,trip_06738,stop_019,11:18:00,11:19:00,14,0,Outbound
2025-01-13,Orange,trip_06739,stop_020,12:19:00,12:20:00,15,1,Inbound
2025-01-14,Red,trip_06740,stop_021,13:20:00,13:21:00,16,0,Outbound
2025-01-15,Orange,trip_06741,stop_022,14:21:00,14:22:00,17,1,Inbound
2025-01-16,Red,trip_06742,stop_023,15:22:00,15:23:00,18,0,Outbound
2025-01-17,Orange,trip_06743,stop_024,16:23:00,16:24:00,19,1,Inbound
2025-01-18,Red,trip_06744,stop_025,17:24:00,17:25:00,20,0,Outbound
2025-01-19,Orange,trip_06745,stop_026,18:25:00,18:26:00,21,1,Inbound
2025-01-20,Red,trip_06746,stop_027,19:26:00,19:27:00,22,0,Outbound
2025-01-21,Orange,trip_06747,stop_028,20:27:00,20:28:00,23,1,Inbound
2025-01-22,Red,trip_06748,stop_029,21:28:00,21:29:00,24,0,Outbound
2025-01-23,Orange,trip_06749,stop_030,22:29:00,22:30:00,25,1,Inbound
2025-01-24,Red,trip_06750,stop_001,05:30:00,05:31:00,1,0,Outbound
2025-01-25,Orange,trip_06751,stop_002,06:31:00,06:32:00,2,1,Inbound
2025-01-26,Red,trip_06752,stop_003,07:32:00,07:33:00,3,0,Outbound
2025-01-27,Orange,trip_06753,stop_004,08:33:00,08:34:00,4,1,Inbound
2025-01-28,Red,trip_06754,stop_005,09:34:00,09:35:00,5,0,Outbound
2025-01-29,Orange,trip_06755,stop_006,10:35:00,10:36:00,6,1,Inbound
2025-01-30,Red,trip_06756,stop_007,11:36:00,11:37:00,7,0,Outbound
2025-01-31,Orange,trip_06757,stop_008,12:37:00,12:38:00,8,1,Inbound
2025-01-01,Red,trip_06758,stop_009,13:38:00,13:39:00,9,0,Outbound
2025-01-02,Orange,trip_06759,stop_010,14:39:00,14:40:00,10,1,Inbound
2025-01-03,Red,trip_06760,stop_011,15:40:00,15:41:00,11,0,Outbound
2025-01-04,Orange,trip_06761,stop_012,16:41:00,16:42:00,12,1,Inbound
2025-01-05,Red,trip_06762,stop_013,17:42:00,17:43:00,13,0,Outbound
2025-01-06,Orange,trip_06763,stop_014,18:43:00,18:44:00,14,1,Inbound
2025-01-07,Red,trip_06764,stop_015,19:44:00,19:45:00,15,0,Outbound
2025-01-08,Orange,trip_06765,stop_016,20:45:00,20:46:00,16,1,Inbound
2025-01-09,Red,trip_06766,stop_017,21:46:00,21:47:00,17,0,Outbound
2025-01-10,Orange,trip_06767,stop_018,22:47:00,22:48:00,18,1,Inbound
2025-01-11,Red,trip_06768,stop_019,05:48:00,05:49:00,19,0,Outbound
2025-01-12,Orange,trip_06769,stop_020,06:49:00,06:50:00,20,1,Inbound
2025-01-13,Red,trip_06770,stop_021,07:50:00,07:51:00,21,0,Outbound
2025-01-14,Orange,trip_06771,stop_022,08:51:00,08:52:00,22,1,Inbound
2025-01-15,Red,trip_06772,stop_023,09:52:00,09:53:00,23,0,Outbound
2025-01-16,Orange,trip_06773,stop_024,10:53:00,10:54:00,24,1,Inbound
2025-01-17,Red,trip_06774,stop_025,11:54:00,11:55:00,25,0,Outbound
2025-01-18,Orange,trip_06775,stop_026,12:55:00,12:56:00,1,1,Inbound
2025-01-19,Red,trip_06776,stop_027,13:56:00,13:57:00,2,0,Outbound
2025-01-20,Orange,trip_06777,stop_028,14:57:00,14:58:00,3,1,Inbound
2025-01-21,Red,trip_06778,stop_029,15:58:00,15:59:00,4,0,Outbound
2025-01-22,Orange,trip_06779,stop_030,16:59:00,16:00:00,5,1,Inbound
2025-01-23,Red,trip_06780,stop_001,17:00:00,17:01:00,6,0,Outbound
2025-01-24,Orange,trip_06781,stop_002,18:01:00,18:02:00,7,1,Inbound
2025-01-25,Red,trip_06782,stop_003,19:02:00,19:03:00,8,0,Outbound
2025-01-26,Orange,trip_06783,stop_004,20:03:00,20:04:00,9,1,Inbound
2025-01-27,Red,trip_06784,stop_005,21:04:00,21:05:00,10,0,Outbound
2025-01-28,Orange,trip_06785,stop_006,22:05:00,22:06:00,11,1,Inbound
2025-01-29,Red,trip_06786,stop_007,05:06:00,05:07:00,12,0,Outbound
2025-01-30,Orange,trip_06787,stop_008,06:07:00,06:08:00,13,1,Inbound
2025-01-31,Red,trip_06788,stop_009,07:08:00,07:09:00,14,0,Outbound
2025-01-01,Orange,trip_06789,stop_010,08:09:00,08:10:00,15,1,Inbound
2025-01-02,Red,trip_06790,stop_011,09:10:00,09:11:00,16,0,Outbound
2025-01-03,Orange,trip_06791,stop_012,10:11:00,10:12:00,17,1,Inbound
2025-01-04,Red,trip_06792,stop_013,11:12:00,11:13:00,18,0,Outbound
2025-01-05,Orange,trip_06793,stop_014,12:13:00,12:14:00,19,1,Inbound
2025-01-06,Red,trip_06794,stop_015,13:14:00,13:15:00,20,0,Outbound
2025-01-07,Orange,trip_06795,stop_016,14:15:00,14:16:00,21,1,Inbound
2025-01-08,Red,trip_06796,stop_017,15:16:00,15:17:00,22,0,Outbound
2025-01-09,Orange,trip_06797,stop_018,16:17:00,16:18:00,23,1,Inbound
2025-01-10,Red,trip_06798,stop_019,17:18:00,17:19:00,24,0,Outbound
2025-01-11,Orange,trip_06799,stop_020,18:19:00,18:20:00,25,1,Inbound
2025-01-12,Red,trip_06800,stop_021,19:20:00,19:21:00,1,0,Outbound
2025-01-13,Orange,trip_06801,stop_022,20:21:00,20:22:00,2,1,Inbound
2025-01-14,Red,trip_06802,stop_023,21:22:00,21:23:00,3,0,Outbound
2025-01-15,Orange,trip_06803,stop_024,22:23:00,22:24:00,4,1,Inbound
2025-01-16,Red,trip_06804,stop_025,05:24:00,05:25:00,5,0,Outbound
2025-01-17,Orange,trip_06805,stop_026,06:25:00,06:26:00,6,1,Inbound
2025-01-18,Red,trip_06806,stop_027,07:26:00,07:27:00,7,0,Outbound
2025-01-19,Orange,trip_06807,stop_028,08:27:00,08:28:00,8,1,Inbound
2025-01-20,Red,trip_06808,stop_029,09:28:00,09:29:00,9,0,Outbound
2025-01-21,Orange,trip_06809,stop_030,10:29:00,10:30:00,10,1,Inbound
2025-01-22,Red,trip_06810,stop_001,11:30:00,11:31:00,11,0,Outbound
2025-01-23,Orange,trip_06811,stop_002,12:31:00,12:32:00,12,1,Inbound
2025-01-24,Red,trip_06812,stop_003,13:32:00,13:33:00,13,0,Outbound
2025-01-25,Orange,trip_06813,stop_004,14:33:00,14:34:00,14,1,Inbound
2025-01-26,Red,trip_06814,stop_005,15:34:00,15:35:00,15,0,Outbound
2025-01-27,Orange,trip_06815,stop_006,16:35:00,16:36:00,16,1,Inbound
2025-01-28,Red,trip_06816,stop_007,17:36:00,17:37:00,17,0,Outbound
2025-01-29,Orange,trip_06817,stop_008,18:37:00,18:38:00,18,1,Inbound
2025-01-30,Red,trip_06818,stop_009,19:38:00,19:39:00,19,0,Outbound
2025-01-31,Orange,trip_06819,stop_010,20:39:00,20:40:00,20,1,Inbound
2025-01-01,Red,trip_06820,stop_011,21:40:00,21:41:00,21,0,Outbound
2025-01-02,Orange,trip_06821,stop_012,22:41:00,22:42:00,22,1,Inbound
2025-01-03,Red,trip_06822,stop_013,05:42:00,05:43:00,23,0,Outbound
2025-01-04,Orange,trip_06823,stop_014,06:43:00,06:44:00,24,1,Inbound
2025-01-05,Red,trip_06824,stop_015,07:44:00,07:45:00,25,0,Outbound
2025-01-06,Orange,trip_06825,stop_016,08:45:00,08:46:00,1,1,Inbound
2025-01-07,Red,trip_06826,stop_017,09:46:00,09:47:00,2,0,Outbound
2025-01-08,Orange,trip_06827,stop_018,10:47:00,10:48:00,3,1,Inbound
2025-01-09,Red,trip_06828,stop_019,11:48:00,11:49:00,4,0,Outbound
2025-01-10,Orange,trip_06829,stop_020,12:49:00,12:50:00,5,1,Inbound
2025-01-11,Red,trip_06830,stop_021,13:50:00,13:51:00,6,0,Outbound
2025-01-12,Orange,trip_06831,stop_022,14:51:00,14:52:00,7,1,Inbound
2025-01-13,Red,trip_06832,stop_023,15:52:00,15:53:00,8,0,Outbound
2025-01-14,Orange,trip_06833,stop_024,16:53:00,16:54:00,9,1,Inbound
2025-01-15,Red,trip_06834,stop_025,17:54:00,17:55:00,10,0,Outbound
2025-01-16,Orange,trip_06835,stop_026,18:55:00,18:56:00,11,1,Inbound
2025-01-17,Red,trip_06836,stop_027,19:56:00,19:57:00,12,0,Outbound
2025-01-18,Orange,trip_06837,stop_028,20:57:00,20:58:00,13,1,Inbound
2025-01-19,Red,trip_06838,stop_029,21:58:00,21:59:00,14,0,Outbound
2025-01-20,Orange,trip_06839,stop_030,22:59:00,22:00:00,15,1,Inbound
2025-01-21,Red,trip_06840,stop_001,05:00:00,05:01:00,16,0,Outbound
2025-01-22,Orange,trip_06841,stop_002,06:01:00,06:02:00,17,1,Inbound
2025-01-23,Red,trip_06842,stop_003,07:02:00,07:03:00,18,0,Outbound
2025-01-24,Orange,trip_06843,stop_004,08:03:00,08:04:00,19,1,Inbound
2025-01-25,Red,trip_06844,stop_005,09:04:00,09:05:00,20,0,Outbound
2025-01-26,Orange,trip_06845,stop_006,10:05:00,10:06:00,21,1,Inbound
2025-01-27,Red,trip_06846,stop_007,11:06:00,11:07:00,22,0,Outbound
2025-01-28,Orange,trip_06847,stop_008,12:07:00,12:08:00,23,1,Inbound
2025-01-29,Red,trip_06848,stop_009,13:08:00,13:09:00,24,0,Outbound
2025-01-30,Orange,trip_06849,stop_010,14:09:00,14:10:00,25,1,Inbound
2025-01-31,Red,trip_06850,stop_011,15:10:00,15:11:00,1,0,Outbound
2025-01-01,Orange,trip_06851,stop_012,16:11:00,16:12:00,2,1,Inbound
2025-01-02,Red,trip_06852,stop_013,17:12:00,17:13:00,3,0,Outbound
2025-01-03,Orange,trip_06853,stop_014,18:13:00,18:14:00,4,1,Inbound
2025-01-04,Red,trip_06854,stop_015,19:14:00,19:15:00,5,0,Outbound
2025-01-05,Orange,trip_06855,stop_016,20:15:00,20:16:00,6,1,Inbound
2025-01-06,Red,trip_06856,stop_017,21:16:00,21:17:00,7,0,Outbound
2025-01-07,Orange,trip_06857,stop_018,22:17:00,22:18:00,8,1,Inbound
2025-01-08,Red,trip_06858,stop_019,05:18:00,05:19:00,9,0,Outbound
2025-01-09,Orange,trip_06859,stop_020,06:19:00,06:20:00,10,1,Inbound
2025-01-10,Red,trip_06860,stop_021,07:20:00,07:21:00,11,0,Outbound
2025-01-11,Orange,trip_06861,stop_022,08:21:00,08:22:00,12,1,Inbound
2025-01-12,Red,trip_06862,stop_023,09:22:00,09:23:00,13,0,Outbound
2025-01-13,Orange,trip_06863,stop_024,10:23:00,10:24:00,14,1,Inbound
2025-01-14,Red,trip_06864,stop_025,11:24:00,11:25:00,15,0,Outbound
2025-01-15,Orange,trip_06865,stop_026,12:25:00,12:26:00,16,1,Inbound
2025-01-16,Red,trip_06866,stop_027,13:26:00,13:27:00,17,0,Outbound
2025-01-17,Orange,trip_06867,stop_028,14:27:00,14:28:00,18,1,Inbound
2025-01-18,Red,trip_06868,stop_029,15:28:00,15:29:00,19,0,Outbound
2025-01-19,Orange,trip_06869,stop_030,16:29:00,16:30:00,20,1,Inbound
2025-01-20,Red,trip_06870,stop_001,17:30:00,17:31:00,21,0,Outbound
2025-01-21,Orange,trip_06871,stop_002,18:31:00,18:32:00,22,1,Inbound
2025-01-22,Red,trip_06872,stop_003,19:32:00,19:33:00,23,0,Outbound
2025-01-23,Orange,trip_06873,stop_004,20:33:00,20:34:00,24,1,Inbound
2025-01-24,Red,trip_06874,stop_005,21:34:00,21:35:00,25,0,Outbound
2025-01-25,Orange,trip_06875,stop_006,22:35:00,22:36:00,1,1,Inbound
2025-01-26,Red,trip_06876,stop_007,05:36:00,05:37:00,2,0,Outbound
2025-01-27,Orange,trip_06877,stop_008,06:37:00,06:38:00,3,1,Inbound
2025-01-28,Red,trip_06878,stop_009,07:38:00,07:39:00,4,0,Outbound
2025-01-29,Orange,trip_06879,stop_010,08:39:00,08:40:00,5,1,Inbound
2025-01-30,Red,trip_06880,stop_011,09:40:00,09:41:00,6,0,Outbound
2025-01-31,Orange,trip_06881,stop_012,10:41:00,10:42:00,7,1,Inbound
2025-01-01,Red,trip_06882,stop_013,11:42:00,11:43:00,8,0,Outbound
2025-01-02,Orange,trip_06883,stop_014,12:43:00,12:44:00,9,1,Inbound
2025-01-03,Red,trip_06884,stop_015,13:44:00,13:45:00,10,0,Outbound
2025-01-04,Orange,trip_06885,stop_016,14:45:00,14:46:00,11,1,Inbound
2025-01-05,Red,trip_06886,stop_017,15:46:00,15:47:00,12,0,Outbound
2025-01-06,Orange,trip_06887,stop_018,16:47:00,16:48:00,13,1,Inbound
2025-01-07,Red,trip_06888,stop_019,17:48:00,17:49:00,14,0,Outbound
2025-01-08,Orange,trip_06889,stop_020,18:49:00,18:50:00,15,1,Inbound
2025-01-09,Red,trip_06890,stop_021,19:50:00,19:51:00,16,0,Outbound
2025-01-10,Orange,trip_06891,stop_022,20:51:00,20:52:00,17,1,Inbound
2025-01-11,Red,trip_06892,stop_023,21:52:00,21:53:00,18,0,Outbound
2025-01-12,Orange,trip_06893,stop_024,22:53:00,22:54:00,19,1,Inbound
2025-01-13,Red,trip_06894,stop_025,05:54:00,05:55:00,20,0,Outbound
2025-01-14,Orange,trip_06895,stop_026,06:55:00,06:56:00,21,1,Inbound
2025-01-15,Red,trip_06896,stop_027,07:56:00,07:57:00,22,0,Outbound
2025-01-16,Orange,trip_06897,stop_028,08:57:00,08:58:00,23,1,Inbound
2025-01-17,Red,trip_06898,stop_029,09:58:00,09:59:00,24,0,Outbound
2025-01-18,Orange,trip_06899,stop_030,10:59:00,10:00:00,25,1,Inbound
2025-01-19,Red,trip_06900,stop_001,11:00:00,11:01:00,1,0,Outbound
2025-01-20,Orange,trip_06901,stop_002,12:01:00,12:02:00,2,1,Inbound
2025-01-21,Red,trip_06902,stop_003,13:02:00,13:03:00,3,0,Outbound
2025-01-22,Orange,trip_06903,stop_004,14:03:00,14:04:00,4,1,Inbound
2025-01-23,Red,trip_06904,stop_005,15:04:00,15:05:00,5,0,Outbound
2025-01-24,Orange,trip_06905,stop_006,16:05:00,16:06:00,6,1,Inbound
2025-01-25,Red,trip_06906,stop_007,17:06:00,17:07:00,7,0,Outbound
2025-01-26,Orange,trip_06907,stop_008,18:07:00,18:08:00,8,1,Inbound
2025-01-27,Red,trip_06908,stop_009,19:08:00,19:09:00,9,0,Outbound
2025-01-28,Orange,trip_06909,stop_010,20:09:00,20:10:00,10,1,Inbound
2025-01-29,Red,trip_06910,stop_011,21:10:00,21:11:00,11,0,Outbound
2025-01-30,Orange,trip_06911,stop_012,22:11:00,22:12:00,12,1,Inbound
2025-01-31,Red,trip_06912,stop_013,05:12:00,05:13:00,13,0,Outbound
2025-01-01,Orange,trip_06913,stop_014,06:13:00,06:14:00,14,1,Inbound
2025-01-02,Red,trip_06914,stop_015,07:14:00,07:15:00,15,0,Outbound
2025-01-03,Orange,trip_06915,stop_016,08:15:00,08:16:00,16,1,Inbound
2025-01-04,Red,trip_06916,stop_017,09:16:00,09:17:00,17,0,Outbound
2025-01-05,Orange,trip_06917,stop_018,10:17:00,10:18:00,18,1,Inbound
2025-01-06,Red,trip_06918,stop_019,11:18:00,11:19:00,19,0,Outbound
2025-01-07,Orange,trip_06919,stop_020,12:19:00,12:20:00,20,1,Inbound
2025-01-08,Red,trip_06920,stop_021,13:20:00,13:21:00,21,0,Outbound
2025-01-09,Orange,trip_06921,stop_022,14:21:00,14:22:00,22,1,Inbound
2025-01-10,Red,trip_06922,stop_023,15:22:00,15:23:00,23,0,Outbound
2025-01-11,Orange,trip_06923,stop_024,16:23:00,16:24:00,24,1,Inbound
2025-01-12,Red,trip_06924,stop_025,17:24:00,17:25:00,25,0,Outbound
2025-01-13,Orange,trip_06925,stop_026,18:25:00,18:26:00,1,1,Inbound
2025-01-14,Red,trip_06926,stop_027,19:26:00,19:27:00,2,0,Outbound
2025-01-15,Orange,trip_06927,stop_028,20:27:00,20:28:00,3,1,Inbound
2025-01-16,Red,trip_06928,stop_029,21:28:00,21:29:00,4,0,Outbound
2025-01-17,Orange,trip_06929,stop_030,22:29:00,22:30:00,5,1,Inbound
2025-01-18,Red,trip_06930,stop_001,05:30:00,05:31:00,6,0,Outbound
2025-01-19,Orange,trip_06931,stop_002,06:31:00,06:32:00,7,1,Inbound
2025-01-20,Red,trip_06932,stop_003,07:32:00,07:33:00,8,0,Outbound
2025-01-21,Orange,trip_06933,stop_004,08:33:00,08:34:00,9,1,Inbound
2025-01-22,Red,trip_06934,stop_005,09:34:00,09:35:00,10,0,Outbound
2025-01-23,Orange,trip_06935,stop_006,10:35:00,10:36:00,11,1,Inbound
2025-01-24,Red,trip_06936,stop_007,11:36:00,11:37:00,12,0,Outbound
2025-01-25,Orange,trip_06937,stop_008,12:37:00,12:38:00,13,1,Inbound
2025-01-26,Red,trip_06938,stop_009,13:38:00,13:39:00,14,0,Outbound
2025-01-27,Orange,trip_06939,stop_010,14:39:00,14:40:00,15,1,Inbound
2025-01-28,Red,trip_06940,stop_011,15:40:00,15:41:00,16,0,Outbound
2025-01-29,Orange,trip_06941,stop_012,16:41:00,16:42:00,17,1,Inbound
2025-01-30,Red,trip_06942,stop_013,17:42:00,17:43:00,18,0,Outbound
2025-01-31,Orange,trip_06943,stop_014,18:43:00,18:44:00,19,1,Inbound
2025-01-01,Red,trip_06944,stop_015,19:44:00,19:45:00,20,0,Outbound
2025-01-02,Orange,trip_06945,stop_016,20:45:00,20:46:00,21,1,Inbound
2025-01-03,Red,trip_06946,stop_017,21:46:00,21:47:00,22,0,Outbound
2025-01-04,Orange,trip_06947,stop_018,22:47:00,22:48:00,23,1,Inbound
2025-01-05,Red,trip_06948,stop_019,05:48:00,05:49:00,24,0,Outbound
2025-01-06,Orange,trip_06949,stop_020,06:49:00,06:50:00,25,1,Inbound
2025-01-07,Red,trip_06950,stop_021,07:50:00,07:51:00,1,0,Outbound
2025-01-08,Orange,trip_06951,stop_022,08:51:00,08:52:00,2,1,Inbound
2025-01-09,Red,trip_06952,stop_023,09:52:00,09:53:00,3,0,Outbound
2025-01-10,Orange,trip_06953,stop_024,10:53:00,10:54:00,4,1,Inbound
2025-01-11,Red,trip_06954,stop_025,11:54:00,11:55:00,5,0,Outbound
2025-01-12,Orange,trip_06955,stop_026,12:55:00,12:56:00,6,1,Inbound
2025-01-13,Red,trip_06956,stop_027,13:56:00,13:57:00,7,0,Outbound
2025-01-14,Orange,trip_06957,stop_028,14:57:00,14:58:00,8,1,Inbound
2025-01-15,Red,trip_06958,stop_029,15:58:00,15:59:00,9,0,Outbound
2025-01-16,Orange,trip_06959,stop_030,16:59:00,16:00:00,10,1,Inbound
2025-01-17,Red,trip_06960,stop_001,17:00:00,17:01:00,11,0,Outbound
2025-01-18,Orange,trip_06961,stop_002,18:01:00,18:02:00,12,1,Inbound
2025-01-19,Red,trip_06962,stop_003,19:02:00,19:03:00,13,0,Outbound
2025-01-20,Orange,trip_06963,stop_004,20:03:00,20:04:00,14,1,Inbound
2025-01-21,Red,trip_06964,stop_005,21:04:00,21:05:00,15,0,Outbound
2025-01-22,Orange,trip_06965,stop_006,22:05:00,22:06:00,16,1,Inbound
2025-01-23,Red,trip_06966,stop_007,05:06:00,05:07:00,17,0,Outbound
2025-01-24,Orange,trip_06967,stop_008,06:07:00,06:08:00,18,1,Inbound
2025-01-25,Red,trip_06968,stop_009,07:08:00,07:09:00,19,0,Outbound
2025-01-26,Orange,trip_06969,stop_010,08:09:00,08:10:00,20,1,Inbound
2025-01-27,Red,trip_06970,stop_011,09:10:00,09:11:00,21,0,Outbound
2025-01-28,Orange,trip_06971,stop_012,10:11:00,10:12:00,22,1,Inbound
2025-01-29,Red,trip_06972,stop_013,11:12:00,11:13:00,23,0,Outbound
2025-01-30,Orange,trip_06973,stop_014,12:13:00,12:14:00,24,1,Inbound
2025-01-31,Red,trip_06974,stop_015,13:14:00,13:15:00,25,0,Outbound
2025-01-01,Orange,trip_06975,stop_016,14:15:00,14:16:00,1,1,Inbound
2025-01-02,Red,trip_06976,stop_017,15:16:00,15:17:00,2,0,Outbound
2025-01-03,Orange,trip_06977,stop_018,16:17:00,16:18:00,3,1,Inbound
2025-01-04,Red,trip_06978,stop_019,17:18:00,17:19:00,4,0,Outbound
2025-01-05,Orange,trip_06979,stop_020,18:19:00,18:20:00,5,1,Inbound
2025-01-06,Red,trip_06980,stop_021,19:20:00,19:21:00,6,0,Outbound
2025-01-07,Orange,trip_06981,stop_022,20:21:00,20:22:00,7,1,Inbound
2025-01-08,Red,trip_06982,stop_023,21:22:00,21:23:00,8,0,Outbound
2025-01-09,Orange,trip_06983,stop_024,22:23:00,22:24:00,9,1,Inbound
2025-01-10,Red,trip_06984,stop_025,05:24:00,05:25:00,10,0,Outbound
2025-01-11,Orange,trip_06985,stop_026,06:25:00,06:26:00,11,1,Inbound
2025-01-12,Red,trip_06986,stop_027,07:26:00,07:27:00,12,0,Outbound
2025-01-13,Orange,trip_06987,stop_028,08:27:00,08:28:00,13,1,Inbound
2025-01-14,Red,trip_06988,stop_029,09:28:00,09:29:00,14,0,Outbound
2025-01-15,Orange,trip_06989,stop_030,10:29:00,10:30:00,15,1,Inbound
2025-01-16,Red,trip_06990,stop_001,11:30:00,11:31:00,16,0,Outbound
2025-01-17,Orange,trip_06991,stop_002,12:31:00,12:32:00,17,1,Inbound
2025-01-18,Red,trip_06992,stop_003,13:32:00,13:33:00,18,0,Outbound
2025-01-19,Orange,trip_06993,stop_004,14:33:00,14:34:00,19,1,Inbound
2025-01-20,Red,trip_06994,stop_005,15:34:00,15:35:00,20,0,Outbound
2025-01-21,Orange,trip_06995,stop_006,16:35:00,16:36:00,21,1,Inbound
2025-01-22,Red,trip_06996,stop_007,17:36:00,17:37:00,22,0,Outbound
2025-01-23,Orange,trip_06997,stop_008,18:37:00,18:38:00,23,1,Inbound
2025-01-24,Red,trip_06998,stop_009,19:38:00,19:39:00,24,0,Outbound
2025-01-25,Orange,trip_06999,stop_010,20:39:00,20:40:00,25,1,Inbound
2025-01-26,Red,trip_07000,stop_011,21:40:00,21:41:00,1,0,Outbound
2025-01-27,Orange,trip_07001,stop_012,22:41:00,22:42:00,2,1,Inbound
2025-01-28,Red,trip_07002,stop_013,05:42:00,05:43:00,3,0,Outbound
2025-01-29,Orange,trip_07003,stop_014,06:43:00,06:44:00,4,1,Inbound
2025-01-30,Red,trip_07004,stop_015,07:44:00,07:45:00,5,0,Outbound
2025-01-31,Orange,trip_07005,stop_016,08:45:00,08:46:00,6,1,Inbound
2025-01-01,Red,trip_07006,stop_017,09:46:00,09:47:00,7,0,Outbound
2025-01-02,Orange,trip_07007,stop_018,10:47:00,10:48:00,8,1,Inbound
2025-01-03,Red,trip_07008,stop_019,11:48:00,11:49:00,9,0,Outbound
2025-01-04,Orange,trip_07009,stop_020,12:49:00,12:50:00,10,1,Inbound
2025-01-05,Red,trip_07010,stop_021,13:50:00,13:51:00,11,0,Outbound
2025-01-06,Orange,trip_07011,stop_022,14:51:00,14:52:00,12,1,Inbound
2025-01-07,Red,trip_07012,stop_023,15:52:00,15:53:00,13,0,Outbound
2025-01-08,Orange,trip_07013,stop_024,16:53:00,16:54:00,14,1,Inbound
2025-01-09,Red,trip_07014,stop_025,17:54:00,17:55:00,15,0,Outbound
2025-01-10,Orange,trip_07015,stop_026,18:55:00,18:56:00,16,1,Inbound
2025-01-11,Red,trip_07016,stop_027,19:56:00,19:57:00,17,0,Outbound
2025-01-12,Orange,trip_07017,stop_028,20:57:00,20:58:00,18,1,Inbound
2025-01-13,Red,trip_07018,stop_029,21:58:00,21:59:00,19,0,Outbound
2025-01-14,Orange,trip_07019,stop_030,22:59:00,22:00:00,20,1,Inbound
2025-01-15,Red,trip_07020,stop_001,05:00:00,05:01:00,21,0,Outbound
2025-01-16,Orange,trip_07021,stop_002,06:01:00,06:02:00,22,1,Inbound
2025-01-17,Red,trip_07022,stop_003,07:02:00,07:03:00,23,0,Outbound
2025-01-18,Orange,trip_07023,stop_004,08:03:00,08:04:00,24,1,Inbound
2025-01-19,Red,trip_07024,stop_005,09:04:00,09:05:00,25,0,Outbound
2025-01-20,Orange,trip_07025,stop_006,10:05:00,10:06:00,1,1,Inbound
2025-01-21,Red,trip_07026,stop_007,11:06:00,11:07:00,2,0,Outbound
2025-01-22,Orange,trip_07027,stop_008,12:07:00,12:08:00,3,1,Inbound
2025-01-23,Red,trip_07028,stop_009,13:08:00,13:09:00,4,0,Outbound
2025-01-24,Orange,trip_07029,stop_010,14:09:00,14:10:00,5,1,Inbound
2025-01-25,Red,trip_07030,stop_011,15:10:00,15:11:00,6,0,Outbound
2025-01-26,Orange,trip_07031,stop_012,16:11:00,16:12:00,7,1,Inbound
2025-01-27,Red,trip_07032,stop_013,17:12:00,17:13:00,8,0,Outbound
2025-01-28,Orange,trip_07033,stop_014,18:13:00,18:14:00,9,1,Inbound
2025-01-29,Red,trip_07034,stop_015,19:14:00,19:15:00,10,0,Outbound
2025-01-30,Orange,trip_07035,stop_016,20:15:00,20:16:00,11,1,Inbound
2025-01-31,Red,trip_07036,stop_017,21:16:00,21:17:00,12,0,Outbound
2025-01-01,Orange,trip_07037,stop_018,22:17:00,22:18:00,13,1,Inbound
2025-01-02,Red,trip_07038,stop_019,05:18:00,05:19:00,14,0,Outbound
2025-01-03,Orange,trip_07039,stop_020,06:19:00,06:20:00,15,1,Inbound
2025-01-04,Red,trip_07040,stop_021,07:20:00,07:21:00,16,0,Outbound
2025-01-05,Orange,trip_07041,stop_022,08:21:00,08:22:00,17,1,Inbound
2025-01-06,Red,trip_07042,stop_023,09:22:00,09:23:00,18,0,Outbound
2025-01-07,Orange,trip_07043,stop_024,10:23:00,10:24:00,19,1,Inbound
2025-01-08,Red,trip_07044,stop_025,11:24:00,11:25:00,20,0,Outbound
2025-01-09,Orange,trip_07045,stop_026,12:25:00,12:26:00,21,1,Inbound
2025-01-10,Red,trip_07046,stop_027,13:26:00,13:27:00,22,0,Outbound
2025-01-11,Orange,trip_07047,stop_028,14:27:00,14:28:00,23,1,Inbound
2025-01-12,Red,trip_07048,stop_029,15:28:00,15:29:00,24,0,Outbound
2025-01-13,Orange,trip_07049,stop_030,16:29:00,16:30:00,25,1,Inbound
2025-01-14,Red,trip_07050,stop_001,17:30:00,17:31:00,1,0,Outbound
2025-01-15,Orange,trip_07051,stop_002,18:31:00,18:32:00,2,1,Inbound
2025-01-16,Red,trip_07052,stop_003,19:32:00,19:33:00,3,0,Outbound
2025-01-17,Orange,trip_07053,stop_004,20:33:00,20:34:00,4,1,Inbound
2025-01-18,Red,trip_07054,stop_005,21:34:00,21:35:00,5,0,Outbound
2025-01-19,Orange,trip_07055,stop_006,22:35:00,22:36:00,6,1,Inbound
2025-01-20,Red,trip_07056,stop_007,05:36:00,05:37:00,7,0,Outbound
2025-01-21,Orange,trip_07057,stop_008,06:37:00,06:38:00,8,1,Inbound
2025-01-22,Red,trip_07058,stop_009,07:38:00,07:39:00,9,0,Outbound
2025-01-23,Orange,trip_07059,stop_010,08:39:00,08:40:00,10,1,Inbound
2025-01-24,Red,trip_07060,stop_011,09:40:00,09:41:00,11,0,Outbound
2025-01-25,Orange,trip_07061,stop_012,10:41:00,10:42:00,12,1,Inbound
2025-01-26,Red,trip_07062,stop_013,11:42:00,11:43:00,13,0,Outbound
2025-01-27,Orange,trip_07063,stop_014,12:43:00,12:44:00,14,1,Inbound
2025-01-28,Red,trip_07064,stop_015,13:44:00,13:45:00,15,0,Outbound
2025-01-29,Orange,trip_07065,stop_016,14:45:00,14:46:00,16,1,Inbound
2025-01-30,Red,trip_07066,stop_017,15:46:00,15:47:00,17,0,Outbound
2025-01-31,Orange,trip_07067,stop_018,16:47:00,16:48:00,18,1,Inbound
2025-01-01,Red,trip_07068,stop_019,17:48:00,17:49:00,19,0,Outbound
2025-01-02,Orange,trip_07069,stop_020,18:49:00,18:50:00,20,1,Inbound
2025-01-03,Red,trip_07070,stop_021,19:50:00,19:51:00,21,0,Outbound
2025-01-04,Orange,trip_07071,stop_022,20:51:00,20:52:00,22,1,Inbound
2025-01-05,Red,trip_07072,stop_023,21:52:00,21:53:00,23,0,Outbound
2025-01-06,Orange,trip_07073,stop_024,22:53:00,22:54:00,24,1,Inbound
2025-01-07,Red,trip_07074,stop_025,05:54:00,05:55:00,25,0,Outbound
2025-01-08,Orange,trip_07075,stop_026,06:55:00,06:56:00,1,1,Inbound
2025-01-09,Red,trip_07076,stop_027,07:56:00,07:57:00,2,0,Outbound
2025-01-10,Orange,trip_07077,stop_028,08:57:00,08:58:00,3,1,Inbound
2025-01-11,Red,trip_07078,stop_029,09:58:00,09:59:00,4,0,Outbound
2025-01-12,Orange,trip_07079,stop_030,10:59:00,10:00:00,5,1,Inbound
2025-01-13,Red,trip_07080,stop_001,11:00:00,11:01:00,6,0,Outbound
2025-01-14,Orange,trip_07081,stop_002,12:01:00,12:02:00,7,1,Inbound
2025-01-15,Red,trip_07082,stop_003,13:02:00,13:03:00,8,0,Outbound
2025-01-16,Orange,trip_07083,stop_004,14:03:00,14:04:00,9,1,Inbound
2025-01-17,Red,trip_07084,stop_005,15:04:00,15:05:00,10,0,Outbound
2025-01-18,Orange,trip_07085,stop_006,16:05:00,16:06:00,11,1,Inbound
2025-01-19,Red,trip_07086,stop_007,17:06:00,17:07:00,12,0,Outbound
2025-01-20,Orange,trip_07087,stop_008,18:07:00,18:08:00,13,1,Inbound
2025-01-21,Red,trip_07088,stop_009,19:08:00,19:09:00,14,0,Outbound
2025-01-22,Orange,trip_07089,stop_010,20:09:00,20:10:00,15,1,Inbound
2025-01-23,Red,trip_07090,stop_011,21:10:00,21:11:00,16,0,Outbound
2025-01-24,Orange,trip_07091,stop_012,22:11:00,22:12:00,17,1,Inbound
2025-01-25,Red,trip_07092,stop_013,05:12:00,05:13:00,18,0,Outbound
2025-01-26,Orange,trip_07093,stop_014,06:13:00,06:14:00,19,1,Inbound
2025-01-27,Red,trip_07094,stop_015,07:14:00,07:15:00,20,0,Outbound
2025-01-28,Orange,trip_07095,stop_016,08:15:00,08:16:00,21,1,Inbound
2025-01-29,Red,trip_07096,stop_017,09:16:00,09:17:00,22,0,Outbound
2025-01-30,Orange,trip_07097,stop_018,10:17:00,10:18:00,23,1,Inbound
2025-01-31,Red,trip_07098,stop_019,11:18:00,11:19:00,24,0,Outbound
2025-01-01,Orange,trip_07099,stop_020,12:19:00,12:20:00,25,1,Inbound
2025-01-02,Red,trip_07100,stop_021,13:20:00,13:21:00,1,0,Outbound
2025-01-03,Orange,trip_07101,stop_022,14:21:00,14:22:00,2,1,Inbound
2025-01-04,Red,trip_07102,stop_023,15:22:00,15:23:00,3,0,Outbound
2025-01-05,Orange,trip_07103,stop_024,16:23:00,16:24:00,4,1,Inbound
2025-01-06,Red,trip_07104,stop_025,17:24:00,17:25:00,5,0,Outbound
2025-01-07,Orange,trip_07105,stop_026,18:25:00,18:26:00,6,1,Inbound
2025-01-08,Red,trip_07106,stop_027,19:26:00,19:27:00,7,0,Outbound
2025-01-09,Orange,trip_07107,stop_028,20:27:00,20:28:00,8,1,Inbound
2025-01-10,Red,trip_07108,stop_029,21:28:00,21:29:00,9,0,Outbound
2025-01-11,Orange,trip_07109,stop_030,22:29:00,22:30:00,10,1,Inbound
2025-01-12,Red,trip_07110,stop_001,05:30:00,05:31:00,11,0,Outbound
2025-01-13,Orange,trip_07111,stop_002,06:31:00,06:32:00,12,1,Inbound
2025-01-14,Red,trip_07112,stop_003,07:32:00,07:33:00,13,0,Outbound
2025-01-15,Orange,trip_07113,stop_004,08:33:00,08:34:00,14,1,Inbound
2025-01-16,Red,trip_07114,stop_005,09:34:00,09:35:00,15,0,Outbound
2025-01-17,Orange,trip_07115,stop_006,10:35:00,10:36:00,16,1,Inbound
2025-01-18,Red,trip_07116,stop_007,11:36:00,11:37:00,17,0,Outbound
2025-01-19,Orange,trip_07117,stop_008,12:37:00,12:38:00,18,1,Inbound
2025-01-20,Red,trip_07118,stop_009,13:38:00,13:39:00,19,0,Outbound
2025-01-21,Orange,trip_07119,stop_010,14:39:00,14:40:00,20,1,Inbound
2025-01-22,Red,trip_07120,stop_011,15:40:00,15:41:00,21,0,Outbound
2025-01-23,Orange,trip_07121,stop_012,16:41:00,16:42:00,22,1,Inbound
2025-01-24,Red,trip_07122,stop_013,17:42:00,17:43:00,23,0,Outbound
2025-01-25,Orange,trip_07123,stop_014,18:43:00,18:44:00,24,1,Inbound
2025-01-26,Red,trip_07124,stop_015,19:44:00,19:45:00,25,0,Outbound
2025-01-27,Orange,trip_07125,stop_016,20:45:00,20:46:00,1,1,Inbound
2025-01-28,Red,trip_07126,stop_017,21:46:00,21:47:00,2,0,Outbound
2025-01-29,Orange,trip_07127,stop_018,22:47:00,22:48:00,3,1,Inbound
2025-01-30,Red,trip_07128,stop_019,05:48:00,05:49:00,4,0,Outbound
2025-01-31,Orange,trip_07129,stop_020,06:49:00,06:50:00,5,1,Inbound
2025-01-01,Red,trip_07130,stop_021,07:50:00,07:51:00,6,0,Outbound
2025-01-02,Orange,trip_07131,stop_022,08:51:00,08:52:00,7,1,Inbound
2025-01-03,Red,trip_07132,stop_023,09:52:00,09:53:00,8,0,Outbound
2025-01-04,Orange,trip_07133,stop_024,10:53:00,10:54:00,9,1,Inbound
2025-01-05,Red,trip_07134,stop_025,11:54:00,11:55:00,10,0,Outbound
2025-01-06,Orange,trip_07135,stop_026,12:55:00,12:56:00,11,1,Inbound
2025-01-07,Red,trip_07136,stop_027,13:56:00,13:57:00,12,0,Outbound
2025-01-08,Orange,trip_07137,stop_028,14:57:00,14:58:00,13,1,Inbound
2025-01-09,Red,trip_07138,stop_029,15:58:00,15:59:00,14,0,Outbound
2025-01-10,Orange,trip_07139,stop_030,16:59:00,16:00:00,15,1,Inbound
2025-01-11,Red,trip_07140,stop_001,17:00:00,17:01:00,16,0,Outbound
2025-01-12,Orange,trip_07141,stop_002,18:01:00,18:02:00,17,1,Inbound
2025-01-13,Red,trip_07142,stop_003,19:02:00,19:03:00,18,0,Outbound
2025-01-14,Orange,trip_07143,stop_004,20:03:00,20:04:00,19,1,Inbound
2025-01-15,Red,trip_07144,stop_005,21:04:00,21:05:00,20,0,Outbound
2025-01-16,Orange,trip_07145,stop_006,22:05:00,22:06:00,21,1,Inbound
2025-01-17,Red,trip_07146,stop_007,05:06:00,05:07:00,22,0,Outbound
2025-01-18,Orange,trip_07147,stop_008,06:07:00,06:08:00,23,1,Inbound
2025-01-19,Red,trip_07148,stop_009,07:08:00,07:09:00,24,0,Outbound
2025-01-20,Orange,trip_07149,stop_010,08:09:00,08:10:00,25,1,Inbound
2025-01-21,Red,trip_07150,stop_011,09:10:00,09:11:00,1,0,Outbound
2025-01-22,Orange,trip_07151,stop_012,10:11:00,10:12:00,2,1,Inbound
2025-01-23,Red,trip_07152,stop_013,11:12:00,11:13:00,3,0,Outbound
2025-01-24,Orange,trip_07153,stop_014,12:13:00,12:14:00,4,1,Inbound
2025-01-25,Red,trip_07154,stop_015,13:14:00,13:15:00,5,0,Outbound
2025-01-26,Orange,trip_07155,stop_016,14:15:00,14:16:00,6,1,Inbound
2025-01-27,Red,trip_07156,stop_017,15:16:00,15:17:00,7,0,Outbound
2025-01-28,Orange,trip_07157,stop_018,16:17:00,16:18:00,8,1,Inbound
2025-01-29,Red,trip_07158,stop_019,17:18:00,17:19:00,9,0,Outbound
2025-01-30,Orange,trip_07159,stop_020,18:19:00,18:20:00,10,1,Inbound
2025-01-31,Red,trip_07160,stop_021,19:20:00,19:21:00,11,0,Outbound
2025-01-01,Orange,trip_07161,stop_022,20:21:00,20:22:00,12,1,Inbound
2025-01-02,Red,trip_07162,stop_023,21:22:00,21:23:00,13,0,Outbound
2025-01-03,Orange,trip_07163,stop_024,22:23:00,22:24:00,14,1,Inbound
2025-01-04,Red,trip_07164,stop_025,05:24:00,05:25:00,15,0,Outbound
2025-01-05,Orange,trip_07165,stop_026,06:25:00,06:26:00,16,1,Inbound
2025-01-06,Red,trip_07166,stop_027,07:26:00,07:27:00,17,0,Outbound
2025-01-07,Orange,trip_07167,stop_028,08:27:00,08:28:00,18,1,Inbound
2025-01-08,Red,trip_07168,stop_029,09:28:00,09:29:00,19,0,Outbound
2025-01-09,Orange,trip_07169,stop_030,10:29:00,10:30:00,20,1,Inbound
2025-01-10,Red,trip_07170,stop_001,11:30:00,11:31:00,21,0,Outbound
2025-01-11,Orange,trip_07171,stop_002,12:31:00,12:32:00,22,1,Inbound
2025-01-12,Red,trip_07172,stop_003,13:32:00,13:33:00,23,0,Outbound
2025-01-13,Orange,trip_07173,stop_004,14:33:00,14:34:00,24,1,Inbound
2025-01-14,Red,trip_07174,stop_005,15:34:00,15:35:00,25,0,Outbound
2025-01-15,Orange,trip_07175,stop_006,16:35:00,16:36:00,1,1,Inbound
2025-01-16,Red,trip_07176,stop_007,17:36:00,17:37:00,2,0,Outbound
2025-01-17,Orange,trip_07177,stop_008,18:37:00,18:38:00,3,1,Inbound
2025-01-18,Red,trip_07178,stop_009,19:38:00,19:39:00,4,0,Outbound
2025-01-19,Orange,trip_07179,stop_010,20:39:00,20:40:00,5,1,Inbound
2025-01-20,Red,trip_07180,stop_011,21:40:00,21:41:00,6,0,Outbound
2025-01-21,Orange,trip_07181,stop_012,22:41:00,22:42:00,7,1,Inbound
2025-01-22,Red,trip_07182,stop_013,05:42:00,05:43:00,8,0,Outbound
2025-01-23,Orange,trip_07183,stop_014,06:43:00,06:44:00,9,1,Inbound
2025-01-24,Red,trip_07184,stop_015,07:44:00,07:45:00,10,0,Outbound
2025-01-25,Orange,trip_07185,stop_016,08:45:00,08:46:00,11,1,Inbound
2025-01-26,Red,trip_07186,stop_017,09:46:00,09:47:00,12,0,Outbound
2025-01-27,Orange,trip_07187,stop_018,10:47:00,10:48:00,13,1,Inbound
2025-01-28,Red,trip_07188,stop_019,11:48:00,11:49:00,14,0,Outbound
2025-01-29,Orange,trip_07189,stop_020,12:49:00,12:50:00,15,1,Inbound
2025-01-30,Red,trip_07190,stop_021,13:50:00,13:51:00,16,0,Outbound
2025-01-31,Orange,trip_07191,stop_022,14:51:00,14:52:00,17,1,Inbound
2025-01-01,Red,trip_07192,stop_023,15:52:00,15:53:00,18,0,Outbound
2025-01-02,Orange,trip_07193,stop_024,16:53:00,16:54:00,19,1,Inbound
2025-01-03,Red,trip_07194,stop_025,17:54:00,17:55:00,20,0,Outbound
2025-01-04,Orange,trip_07195,stop_026,18:55:00,18:56:00,21,1,Inbound
2025-01-05,Red,trip_07196,stop_027,19:56:00,19:57:00,22,0,Outbound
2025-01-06,Orange,trip_07197,stop_028,20:57:00,20:58:00,23,1,Inbound
2025-01-07,Red,trip_07198,stop_029,21:58:00,21:59:00,24,0,Outbound
2025-01-08,Orange,trip_07199,stop_030,22:59:00,22:00:00,25,1,Inbound
2025-01-09,Red,trip_07200,stop_001,05:00:00,05:01:00,1,0,Outbound
2025-01-10,Orange,trip_07201,stop_002,06:01:00,06:02:00,2,1,Inbound
2025-01-11,Red,trip_07202,stop_003,07:02:00,07:03:00,3,0,Outbound
2025-01-12,Orange,trip_07203,stop_004,08:03:00,08:04:00,4,1,Inbound
2025-01-13,Red,trip_07204,stop_005,09:04:00,09:05:00,5,0,Outbound
2025-01-14,Orange,trip_07205,stop_006,10:05:00,10:06:00,6,1,Inbound
2025-01-15,Red,trip_07206,stop_007,11:06:00,11:07:00,7,0,Outbound
2025-01-16,Orange,trip_07207,stop_008,12:07:00,12:08:00,8,1,Inbound
2025-01-17,Red,trip_07208,stop_009,13:08:00,13:09:00,9,0,Outbound
2025-01-18,Orange,trip_07209,stop_010,14:09:00,14:10:00,10,1,Inbound
2025-01-19,Red,trip_07210,stop_011,15:10:00,15:11:00,11,0,Outbound
2025-01-20,Orange,trip_07211,stop_012,16:11:00,16:12:00,12,1,Inbound
2025-01-21,Red,trip_07212,stop_013,17:12:00,17:13:00,13,0,Outbound
2025-01-22,Orange,trip_07213,stop_014,18:13:00,18:14:00,14,1,Inbound
2025-01-23,Red,trip_07214,stop_015,19:14:00,19:15:00,15,0,Outbound
2025-01-24,Orange,trip_07215,stop_016,20:15:00,20:16:00,16,1,Inbound
2025-01-25,Red,trip_07216,stop_017,21:16:00,21:17:00,17,0,Outbound
2025-01-26,Orange,trip_07217,stop_018,22:17:00,22:18:00,18,1,Inbound
2025-01-27,Red,trip_07218,stop_019,05:18:00,05:19:00,19,0,Outbound
2025-01-28,Orange,trip_07219,stop_020,06:19:00,06:20:00,20,1,Inbound
2025-01-29,Red,trip_07220,stop_021,07:20:00,07:21:00,21,0,Outbound
2025-01-30,Orange,trip_07221,stop_022,08:21:00,08:22:00,22,1,Inbound
2025-01-31,Red,trip_07222,stop_023,09:22:00,09:23:00,23,0,Outbound
2025-01-01,Orange,trip_07223,stop_024,10:23:00,10:24:00,24,1,Inbound
2025-01-02,Red,trip_07224,stop_025,11:24:00,11:25:00,25,0,Outbound
2025-01-03,Orange,trip_07225,stop_026,12:25:00,12:26:00,1,1,Inbound
2025-01-04,Red,trip_07226,stop_027,13:26:00,13:27:00,2,0,Outbound
2025-01-05,Orange,trip_07227,stop_028,14:27:00,14:28:00,3,1,Inbound
2025-01-06,Red,trip_07228,stop_029,15:28:00,15:29:00,4,0,Outbound
2025-01-07,Orange,trip_07229,stop_030,16:29:00,16:30:00,5,1,Inbound
2025-01-08,Red,trip_07230,stop_001,17:30:00,17:31:00,6,0,Outbound
2025-01-09,Orange,trip_07231,stop_002,18:31:00,18:32:00,7,1,Inbound
2025-01-10,Red,trip_07232,stop_003,19:32:00,19:33:00,8,0,Outbound
2025-01-11,Orange,trip_07233,stop_004,20:33:00,20:34:00,9,1,Inbound
2025-01-12,Red,trip_07234,stop_005,21:34:00,21:35:00,10,0,Outbound
2025-01-13,Orange,trip_07235,stop_006,22:35:00,22:36:00,11,1,Inbound
2025-01-14,Red,trip_07236,stop_007,05:36:00,05:37:00,12,0,Outbound
2025-01-15,Orange,trip_07237,stop_008,06:37:00,06:38:00,13,1,Inbound
2025-01-16,Red,trip_07238,stop_009,07:38:00,07:39:00,14,0,Outbound
2025-01-17,Orange,trip_07239,stop_010,08:39:00,08:40:00,15,1,Inbound
2025-01-18,Red,trip_07240,stop_011,09:40:00,09:41:00,16,0,Outbound
2025-01-19,Orange,trip_07241,stop_012,10:41:00,10:42:00,17,1,Inbound
2025-01-20,Red,trip_07242,stop_013,11:42:00,11:43:00,18,0,Outbound
2025-01-21,Orange,trip_07243,stop_014,12:43:00,12:44:00,19,1,Inbound
2025-01-22,Red,trip_07244,stop_015,13:44:00,13:45:00,20,0,Outbound
2025-01-23,Orange,trip_07245,stop_016,14:45:00,14:46:00,21,1,Inbound
2025-01-24,Red,trip_07246,stop_017,15:46:00,15:47:00,22,0,Outbound
2025-01-25,Orange,trip_07247,stop_018,16:47:00,16:48:00,23,1,Inbound
2025-01-26,Red,trip_07248,stop_019,17:48:00,17:49:00,24,0,Outbound
2025-01-27,Orange,trip_07249,stop_020,18:49:00,18:50:00,25,1,Inbound
2025-01-28,Red,trip_07250,stop_021,19:50:00,19:51:00,1,0,Outbound
2025-01-29,Orange,trip_07251,stop_022,20:51:00,20:52:00,2,1,Inbound
2025-01-30,Red,trip_07252,stop_023,21:52:00,21:53:00,3,0,Outbound
2025-01-31,Orange,trip_07253,stop_024,22:53:00,22:54:00,4,1,Inbound
2025-01-01,Red,trip_07254,stop_025,05:54:00,05:55:00,5,0,Outbound
2025-01-02,Orange,trip_07255,stop_026,06:55:00,06:56:00,6,1,Inbound
2025-01-03,Red,trip_07256,stop_027,07:56:00,07:57:00,7,0,Outbound
2025-01-04,Orange,trip_07257,stop_028,08:57:00,08:58:00,8,1,Inbound
2025-01-05,Red,trip_07258,stop_029,09:58:00,09:59:00,9,0,Outbound
2025-01-06,Orange,trip_07259,stop_030,10:59:00,10:00:00,10,1,Inbound
2025-01-07,Red,trip_07260,stop_001,11:00:00,11:01:00,11,0,Outbound
2025-01-08,Orange,trip_07261,stop_002,12:01:00,12:02:00,12,1,Inbound
2025-01-09,Red,trip_07262,stop_003,13:02:00,13:03:00,13,0,Outbound
2025-01-10,Orange,trip_07263,stop_004,14:03:00,14:04:00,14,1,Inbound
2025-01-11,Red,trip_07264,stop_005,15:04:00,15:05:00,15,0,Outbound
2025-01-12,Orange,trip_07265,stop_006,16:05:00,16:06:00,16,1,Inbound
2025-01-13,Red,trip_07266,stop_007,17:06:00,17:07:00,17,0,Outbound
2025-01-14,Orange,trip_07267,stop_008,18:07:00,18:08:00,18,1,Inbound
2025-01-15,Red,trip_07268,stop_009,19:08:00,19:09:00,19,0,Outbound
2025-01-16,Orange,trip_07269,stop_010,20:09:00,20:10:00,20,1,Inbound
2025-01-17,Red,trip_07270,stop_011,21:10:00,21:11:00,21,0,Outbound
2025-01-18,Orange,trip_07271,stop_012,22:11:00,22:12:00,22,1,Inbound
2025-01-19,Red,trip_07272,stop_013,05:12:00,05:13:00,23,0,Outbound
2025-01-20,Orange,trip_07273,stop_014,06:13:00,06:14:00,24,1,Inbound
2025-01-21,Red,trip_07274,stop_015,07:14:00,07:15:00,25,0,Outbound
2025-01-22,Orange,trip_07275,stop_016,08:15:00,08:16:00,1,1,Inbound
2025-01-23,Red,trip_07276,stop_017,09:16:00,09:17:00,2,0,Outbound
2025-01-24,Orange,trip_07277,stop_018,10:17:00,10:18:00,3,1,Inbound
2025-01-25,Red,trip_07278,stop_019,11:18:00,11:19:00,4,0,Outbound
2025-01-26,Orange,trip_07279,stop_020,12:19:00,12:20:00,5,1,Inbound
2025-01-27,Red,trip_07280,stop_021,13:20:00,13:21:00,6,0,Outbound
2025-01-28,Orange,trip_07281,stop_022,14:21:00,14:22:00,7,1,Inbound
2025-01-29,Red,trip_07282,stop_023,15:22:00,15:23:00,8,0,Outbound
2025-01-30,Orange,trip_07283,stop_024,16:23:00,16:24:00,9,1,Inbound
2025-01-31,Red,trip_07284,stop_025,17:24:00,17:25:00,10,0,Outbound
2025-01-01,Orange,trip_07285,stop_026,18:25:00,18:26:00,11,1,Inbound
2025-01-02,Red,trip_07286,stop_027,19:26:00,19:27:00,12,0,Outbound
2025-01-03,Orange,trip_07287,stop_028,20:27:00,20:28:00,13,1,Inbound
2025-01-04,Red,trip_07288,stop_029,21:28:00,21:29:00,14,0,Outbound
2025-01-05,Orange,trip_07289,stop_030,22:29:00,22:30:00,15,1,Inbound
2025-01-06,Red,trip_07290,stop_001,05:30:00,05:31:00,16,0,Outbound
2025-01-07,Orange,trip_07291,stop_002,06:31:00,06:32:00,17,1,Inbound
2025-01-08,Red,trip_07292,stop_003,07:32:00,07:33:00,18,0,Outbound
2025-01-09,Orange,trip_07293,stop_004,08:33:00,08:34:00,19,1,Inbound
2025-01-10,Red,trip_07294,stop_005,09:34:00,09:35:00,20,0,Outbound
2025-01-11,Orange,trip_07295,stop_006,10:35:00,10:36:00,21,1,Inbound
2025-01-12,Red,trip_07296,stop_007,11:36:00,11:37:00,22,0,Outbound
2025-01-13,Orange,trip_07297,stop_008,12:37:00,12:38:00,23,1,Inbound
2025-01-14,Red,trip_07298,stop_009,13:38:00,13:39:00,24,0,Outbound
2025-01-15,Orange,trip_07299,stop_010,14:39:00,14:40:00,25,1,Inbound
2025-01-16,Red,trip_07300,stop_011,15:40:00,15:41:00,1,0,Outbound
2025-01-17,Orange,trip_07301,stop_012,16:41:00,16:42:00,2,1,Inbound
2025-01-18,Red,trip_07302,stop_013,17:42:00,17:43:00,3,0,Outbound
2025-01-19,Orange,trip_07303,stop_014,18:43:00,18:44:00,4,1,Inbound
2025-01-20,Red,trip_07304,stop_015,19:44:00,19:45:00,5,0,Outbound
2025-01-21,Orange,trip_07305,stop_016,20:45:00,20:46:00,6,1,Inbound
2025-01-22,Red,trip_07306,stop_017,21:46:00,21:47:00,7,0,Outbound
2025-01-23,Orange,trip_07307,stop_018,22:47:00,22:48:00,8,1,Inbound
2025-01-24,Red,trip_07308,stop_019,05:48:00,05:49:00,9,0,Outbound
2025-01-25,Orange,trip_07309,stop_020,06:49:00,06:50:00,10,1,Inbound
2025-01-26,Red,trip_07310,stop_021,07:50:00,07:51:00,11,0,Outbound
2025-01-27,Orange,trip_07311,stop_022,08:51:00,08:52:00,12,1,Inbound
2025-01-28,Red,trip_07312,stop_023,09:52:00,09:53:00,13,0,Outbound
2025-01-29,Orange,trip_07313,stop_024,10:53:00,10:54:00,14,1,Inbound
2025-01-30,Red,trip_07314,stop_025,11:54:00,11:55:00,15,0,Outbound
2025-01-31,Orange,trip_07315,stop_026,12:55:00,12:56:00,16,1,Inbound
2025-01-01,Red,trip_07316,stop_027,13:56:00,13:57:00,17,0,Outbound
2025-01-02,Orange,trip_07317,stop_028,14:57:00,14:58:00,18,1,Inbound
2025-01-03,Red,trip_07318,stop_029,15:58:00,15:59:00,19,0,Outbound
2025-01-04,Orange,trip_07319,stop_030,16:59:00,16:00:00,20,1,Inbound
2025-01-05,Red,trip_07320,stop_001,17:00:00,17:01:00,21,0,Outbound
2025-01-06,Orange,trip_07321,stop_002,18:01:00,18:02:00,22,1,Inbound
2025-01-07,Red,trip_07322,stop_003,19:02:00,19:03:00,23,0,Outbound
2025-01-08,Orange,trip_07323,stop_004,20:03:00,20:04:00,24,1,Inbound
2025-01-09,Red,trip_07324,stop_005,21:04:00,21:05:00,25,0,Outbound
2025-01-10,Orange,trip_07325,stop_006,22:05:00,22:06:00,1,1,Inbound
2025-01-11,Red,trip_07326,stop_007,05:06:00,05:07:00,2,0,Outbound
2025-01-12,Orange,trip_07327,stop_008,06:07:00,06:08:00,3,1,Inbound
2025-01-13,Red,trip_07328,stop_009,07:08:00,07:09:00,4,0,Outbound
2025-01-14,Orange,trip_07329,stop_010,08:09:00,08:10:00,5,1,Inbound
2025-01-15,Red,trip_07330,stop_011,09:10:00,09:11:00,6,0,Outbound
2025-01-16,Orange,trip_07331,stop_012,10:11:00,10:12:00,7,1,Inbound
2025-01-17,Red,trip_07332,stop_013,11:12:00,11:13:00,8,0,Outbound
2025-01-18,Orange,trip_07333,stop_014,12:13:00,12:14:00,9,1,Inbound
2025-01-19,Red,trip_07334,stop_015,13:14:00,13:15:00,10,0,Outbound
2025-01-20,Orange,trip_07335,stop_016,14:15:00,14:16:00,11,1,Inbound
2025-01-21,Red,trip_07336,stop_017,15:16:00,15:17:00,12,0,Outbound
2025-01-22,Orange,trip_07337,stop_018,16:17:00,16:18:00,13,1,Inbound
2025-01-23,Red,trip_07338,stop_019,17:18:00,17:19:00,14,0,Outbound
2025-01-24,Orange,trip_07339,stop_020,18:19:00,18:20:00,15,1,Inbound
2025-01-25,Red,trip_07340,stop_021,19:20:00,19:21:00,16,0,Outbound
2025-01-26,Orange,trip_07341,stop_022,20:21:00,20:22:00,17,1,Inbound
2025-01-27,Red,trip_07342,stop_023,21:22:00,21:23:00,18,0,Outbound
2025-01-28,Orange,trip_07343,stop_024,22:23:00,22:24:00,19,1,Inbound
2025-01-29,Red,trip_07344,stop_025,05:24:00,05:25:00,20,0,Outbound
2025-01-30,Orange,trip_07345,stop_026,06:25:00,06:26:00,21,1,Inbound
2025-01-31,Red,trip_07346,stop_027,07:26:00,07:27:00,22,0,Outbound
2025-01-01,Orange,trip_07347,stop_028,08:27:00,08:28:00,23,1,Inbound
2025-01-02,Red,trip_07348,stop_029,09:28:00,09:29:00,24,0,Outbound
2025-01-03,Orange,trip_07349,stop_030,10:29:00,10:30:00,25,1,Inbound
2025-01-04,Red,trip_07350,stop_001,11:30:00,11:31:00,1,0,Outbound
2025-01-05,Orange,trip_07351,stop_002,12:31:00,12:32:00,2,1,Inbound
2025-01-06,Red,trip_07352,stop_003,13:32:00,13:33:00,3,0,Outbound
2025-01-07,Orange,trip_07353,stop_004,14:33:00,14:34:00,4,1,Inbound
2025-01-08,Red,trip_07354,stop_005,15:34:00,15:35:00,5,0,Outbound
2025-01-09,Orange,trip_07355,stop_006,16:35:00,16:36:00,6,1,Inbound
2025-01-10,Red,trip_07356,stop_007,17:36:00,17:37:00,7,0,Outbound
2025-01-11,Orange,trip_07357,stop_008,18:37:00,18:38:00,8,1,Inbound
2025-01-12,Red,trip_07358,stop_009,19:38:00,19:39:00,9,0,Outbound
2025-01-13,Orange,trip_07359,stop_010,20:39:00,20:40:00,10,1,Inbound
2025-01-14,Red,trip_07360,stop_011,21:40:00,21:41:00,11,0,Outbound
2025-01-15,Orange,trip_07361,stop_012,22:41:00,22:42:00,12,1,Inbound
2025-01-16,Red,trip_07362,stop_013,05:42:00,05:43:00,13,0,Outbound
2025-01-17,Orange,trip_07363,stop_014,06:43:00,06:44:00,14,1,Inbound
2025-01-18,Red,trip_07364,stop_015,07:44:00,07:45:00,15,0,Outbound
2025-01-19,Orange,trip_07365,stop_016,08:45:00,08:46:00,16,1,Inbound
2025-01-20,Red,trip_07366,stop_017,09:46:00,09:47:00,17,0,Outbound
2025-01-21,Orange,trip_07367,stop_018,10:47:00,10:48:00,18,1,Inbound
2025-01-22,Red,trip_07368,stop_019,11:48:00,11:49:00,19,0,Outbound
2025-01-23,Orange,trip_07369,stop_020,12:49:00,12:50:00,20,1,Inbound
2025-01-24,Red,trip_07370,stop_021,13:50:00,13:51:00,21,0,Outbound
2025-01-25,Orange,trip_07371,stop_022,14:51:00,14:52:00,22,1,Inbound
2025-01-26,Red,trip_07372,stop_023,15:52:00,15:53:00,23,0,Outbound
2025-01-27,Orange,trip_07373,stop_024,16:53:00,16:54:00,24,1,Inbound
2025-01-28,Red,trip_07374,stop_025,17:54:00,17:55:00,25,0,Outbound
2025-01-29,Orange,trip_07375,stop_026,18:55:00,18:56:00,1,1,Inbound
2025-01-30,Red,trip_07376,stop_027,19:56:00,19:57:00,2,0,Outbound
2025-01-31,Orange,trip_07377,stop_028,20:57:00,20:58:00,3,1,Inbound
2025-01-01,Red,trip_07378,stop_029,21:58:00,21:59:00,4,0,Outbound
2025-01-02,Orange,trip_07379,stop_030,22:59:00,22:00:00,5,1,Inbound
2025-01-03,Red,trip_07380,stop_001,05:00:00,05:01:00,6,0,Outbound
2025-01-04,Orange,trip_07381,stop_002,06:01:00,06:02:00,7,1,Inbound
2025-01-05,Red,trip_07382,stop_003,07:02:00,07:03:00,8,0,Outbound
2025-01-06,Orange,trip_07383,stop_004,08:03:00,08:04:00,9,1,Inbound
2025-01-07,Red,trip_07384,stop_005,09:04:00,09:05:00,10,0,Outbound
2025-01-08,Orange,trip_07385,stop_006,10:05:00,10:06:00,11,1,Inbound
2025-01-09,Red,trip_07386,stop_007,11:06:00,11:07:00,12,0,Outbound
2025-01-10,Orange,trip_07387,stop_008,12:07:00,12:08:00,13,1,Inbound
2025-01-11,Red,trip_07388,stop_009,13:08:00,13:09:00,14,0,Outbound
2025-01-12,Orange,trip_07389,stop_010,14:09:00,14:10:00,15,1,Inbound
2025-01-13,Red,trip_07390,stop_011,15:10:00,15:11:00,16,0,Outbound
2025-01-14,Orange,trip_07391,stop_012,16:11:00,16:12:00,17,1,Inbound
2025-01-15,Red,trip_07392,stop_013,17:12:00,17:13:00,18,0,Outbound
2025-01-16,Orange,trip_07393,stop_014,18:13:00,18:14:00,19,1,Inbound
2025-01-17,Red,trip_07394,stop_015,19:14:00,19:15:00,20,0,Outbound
2025-01-18,Orange,trip_07395,stop_016,20:15:00,20:16:00,21,1,Inbound
2025-01-19,Red,trip_07396,stop_017,21:16:00,21:17:00,22,0,Outbound
2025-01-20,Orange,trip_07397,stop_018,22:17:00,22:18:00,23,1,Inbound
2025-01-21,Red,trip_07398,stop_019,05:18:00,05:19:00,24,0,Outbound
2025-01-22,Orange,trip_07399,stop_020,06:19:00,06:20:00,25,1,Inbound
2025-01-23,Red,trip_07400,stop_021,07:20:00,07:21:00,1,0,Outbound
2025-01-24,Orange,trip_07401,stop_022,08:21:00,08:22:00,2,1,Inbound
2025-01-25,Red,trip_07402,stop_023,09:22:00,09:23:00,3,0,Outbound
2025-01-26,Orange,trip_07403,stop_024,10:23:00,10:24:00,4,1,Inbound
2025-01-27,Red,trip_07404,stop_025,11:24:00,11:25:00,5,0,Outbound
2025-01-28,Orange,trip_07405,stop_026,12:25:00,12:26:00,6,1,Inbound
2025-01-29,Red,trip_07406,stop_027,13:26:00,13:27:00,7,0,Outbound
2025-01-30,Orange,trip_07407,stop_028,14:27:00,14:28:00,8,1,Inbound
2025-01-31,Red,trip_07408,stop_029,15:28:00,15:29:00,9,0,Outbound
2025-01-01,Orange,trip_07409,stop_030,16:29:00,16:30:00,10,1,Inbound
2025-01-02,Red,trip_07410,stop_001,17:30:00,17:31:00,11,0,Outbound
2025-01-03,Orange,trip_07411,stop_002,18:31:00,18:32:00,12,1,Inbound
2025-01-04,Red,trip_07412,stop_003,19:32:00,19:33:00,13,0,Outbound
2025-01-05,Orange,trip_07413,stop_004,20:33:00,20:34:00,14,1,Inbound
2025-01-06,Red,trip_07414,stop_005,21:34:00,21:35:00,15,0,Outbound
2025-01-07,Orange,trip_07415,stop_006,22:35:00,22:36:00,16,1,Inbound
2025-01-08,Red,trip_07416,stop_007,05:36:00,05:37:00,17,0,Outbound
2025-01-09,Orange,trip_07417,stop_008,06:37:00,06:38:00,18,1,Inbound
2025-01-10,Red,trip_07418,stop_009,07:38:00,07:39:00,19,0,Outbound
2025-01-11,Orange,trip_07419,stop_010,08:39:00,08:40:00,20,1,Inbound
2025-01-12,Red,trip_07420,stop_011,09:40:00,09:41:00,21,0,Outbound
2025-01-13,Orange,trip_07421,stop_012,10:41:00,10:42:00,22,1,Inbound
2025-01-14,Red,trip_07422,stop_013,11:42:00,11:43:00,23,0,Outbound
2025-01-15,Orange,trip_07423,stop_014,12:43:00,12:44:00,24,1,Inbound
2025-01-16,Red,trip_07424,stop_015,13:44:00,13:45:00,25,0,Outbound
2025-01-17,Orange,trip_07425,stop_016,14:45:00,14:46:00,1,1,Inbound
2025-01-18,Red,trip_07426,stop_017,15:46:00,15:47:00,2,0,Outbound
2025-01-19,Orange,trip_07427,stop_018,16:47:00,16:48:00,3,1,Inbound
2025-01-20,Red,trip_07428,stop_019,17:48:00,17:49:00,4,0,Outbound
2025-01-21,Orange,trip_07429,stop_020,18:49:00,18:50:00,5,1,Inbound
2025-01-22,Red,trip_07430,stop_021,19:50:00,19:51:00,6,0,Outbound
2025-01-23,Orange,trip_07431,stop_022,20:51:00,20:52:00,7,1,Inbound
2025-01-24,Red,trip_07432,stop_023,21:52:00,21:53:00,8,0,Outbound
2025-01-25,Orange,trip_07433,stop_024,22:53:00,22:54:00,9,1,Inbound
2025-01-26,Red,trip_07434,stop_025,05:54:00,05:55:00,10,0,Outbound
2025-01-27,Orange,trip_07435,stop_026,06:55:00,06:56:00,11,1,Inbound
2025-01-28,Red,trip_07436,stop_027,07:56:00,07:57:00,12,0,Outbound
2025-01-29,Orange,trip_07437,stop_028,08:57:00,08:58:00,13,1,Inbound
2025-01-30,Red,trip_07438,stop_029,09:58:00,09:59:00,14,0,Outbound
2025-01-31,Orange,trip_07439,stop_030,10:59:00,10:00:00,15,1,Inbound
2025-01-01,Red,trip_07440,stop_001,11:00:00,11:01:00,16,0,Outbound
2025-01-02,Orange,trip_07441,stop_002,12:01:00,12:02:00,17,1,Inbound
2025-01-03,Red,trip_07442,stop_003,13:02:00,13:03:00,18,0,Outbound
2025-01-04,Orange,trip_07443,stop_004,14:03:00,14:04:00,19,1,Inbound
2025-01-05,Red,trip_07444,stop_005,15:04:00,15:05:00,20,0,Outbound
2025-01-06,Orange,trip_07445,stop_006,16:05:00,16:06:00,21,1,Inbound
2025-01-07,Red,trip_07446,stop_007,17:06:00,17:07:00,22,0,Outbound
2025-01-08,Orange,trip_07447,stop_008,18:07:00,18:08:00,23,1,Inbound
2025-01-09,Red,trip_07448,stop_009,19:08:00,19:09:00,24,0,Outbound
2025-01-10,Orange,trip_07449,stop_010,20:09:00,20:10:00,25,1,Inbound
2025-01-11,Red,trip_07450,stop_011,21:10:00,21:11:00,1,0,Outbound
2025-01-12,Orange,trip_07451,stop_012,22:11:00,22:12:00,2,1,Inbound
2025-01-13,Red,trip_07452,stop_013,05:12:00,05:13:00,3,0,Outbound
2025-01-14,Orange,trip_07453,stop_014,06:13:00,06:14:00,4,1,Inbound
2025-01-15,Red,trip_07454,stop_015,07:14:00,07:15:00,5,0,Outbound
2025-01-16,Orange,trip_07455,stop_016,08:15:00,08:16:00,6,1,Inbound
2025-01-17,Red,trip_07456,stop_017,09:16:00,09:17:00,7,0,Outbound
2025-01-18,Orange,trip_07457,stop_018,10:17:00,10:18:00,8,1,Inbound
2025-01-19,Red,trip_07458,stop_019,11:18:00,11:19:00,9,0,Outbound
2025-01-20,Orange,trip_07459,stop_020,12:19:00,12:20:00,10,1,Inbound
2025-01-21,Red,trip_07460,stop_021,13:20:00,13:21:00,11,0,Outbound
2025-01-22,Orange,trip_07461,stop_022,14:21:00,14:22:00,12,1,Inbound
2025-01-23,Red,trip_07462,stop_023,15:22:00,15:23:00,13,0,Outbound
2025-01-24,Orange,trip_07463,stop_024,16:23:00,16:24:00,14,1,Inbound
2025-01-25,Red,trip_07464,stop_025,17:24:00,17:25:00,15,0,Outbound
2025-01-26,Orange,trip_07465,stop_026,18:25:00,18:26:00,16,1,Inbound
2025-01-27,Red,trip_07466,stop_027,19:26:00,19:27:00,17,0,Outbound
2025-01-28,Orange,trip_07467,stop_028,20:27:00,20:28:00,18,1,Inbound
2025-01-29,Red,trip_07468,stop_029,21:28:00,21:29:00,19,0,Outbound
2025-01-30,Orange,trip_07469,stop_030,22:29:00,22:30:00,20,1,Inbound
2025-01-31,Red,trip_07470,stop_001,05:30:00,05:31:00,21,0,Outbound
2025-01-01,Orange,trip_07471,stop_002,06:31:00,06:32:00,22,1,Inbound
2025-01-02,Red,trip_07472,stop_003,07:32:00,07:33:00,23,0,Outbound
2025-01-03,Orange,trip_07473,stop_004,08:33:00,08:34:00,24,1,Inbound
2025-01-04,Red,trip_07474,stop_005,09:34:00,09:35:00,25,0,Outbound
2025-01-05,Orange,trip_07475,stop_006,10:35:00,10:36:00,1,1,Inbound
2025-01-06,Red,trip_07476,stop_007,11:36:00,11:37:00,2,0,Outbound
2025-01-07,Orange,trip_07477,stop_008,12:37:00,12:38:00,3,1,Inbound
2025-01-08,Red,trip_07478,stop_009,13:38:00,13:39:00,4,0,Outbound
2025-01-09,Orange,trip_07479,stop_010,14:39:00,14:40:00,5,1,Inbound
2025-01-10,Red,trip_07480,stop_011,15:40:00,15:41:00,6,0,Outbound
2025-01-11,Orange,trip_07481,stop_012,16:41:00,16:42:00,7,1,Inbound
2025-01-12,Red,trip_07482,stop_013,17:42:00,17:43:00,8,0,Outbound
2025-01-13,Orange,trip_07483,stop_014,18:43:00,18:44:00,9,1,Inbound
2025-01-14,Red,trip_07484,stop_015,19:44:00,19:45:00,10,0,Outbound
2025-01-15,Orange,trip_07485,stop_016,20:45:00,20:46:00,11,1,Inbound
2025-01-16,Red,trip_07486,stop_017,21:46:00,21:47:00,12,0,Outbound
2025-01-17,Orange,trip_07487,stop_018,22:47:00,22:48:00,13,1,Inbound
2025-01-18,Red,trip_07488,stop_019,05:48:00,05:49:00,14,0,Outbound
2025-01-19,Orange,trip_07489,stop_020,06:49:00,06:50:00,15,1,Inbound
2025-01-20,Red,trip_07490,stop_021,07:50:00,07:51:00,16,0,Outbound
2025-01-21,Orange,trip_07491,stop_022,08:51:00,08:52:00,17,1,Inbound
2025-01-22,Red,trip_07492,stop_023,09:52:00,09:53:00,18,0,Outbound
2025-01-23,Orange,trip_07493,stop_024,10:53:00,10:54:00,19,1,Inbound
2025-01-24,Red,trip_07494,stop_025,11:54:00,11:55:00,20,0,Outbound
2025-01-25,Orange,trip_07495,stop_026,12:55:00,12:56:00,21,1,Inbound
2025-01-26,Red,trip_07496,stop_027,13:56:00,13:57:00,22,0,Outbound
2025-01-27,Orange,trip_07497,stop_028,14:57:00,14:58:00,23,1,Inbound
2025-01-28,Red,trip_07498,stop_029,15:58:00,15:59:00,24,0,Outbound
2025-01-29,Orange,trip_07499,stop_030,16:59:00,16:00:00,25,1,Inbound
2025-01-30,Red,trip_07500,stop_001,17:00:00,17:01:00,1,0,Outbound
2025-01-31,Orange,trip_07501,stop_002,18:01:00,18:02:00,2,1,Inbound
2025-01-01,Red,trip_07502,stop_003,19:02:00,19:03:00,3,0,Outbound
2025-01-02,Orange,trip_07503,stop_004,20:03:00,20:04:00,4,1,Inbound
2025-01-03,Red,trip_07504,stop_005,21:04:00,21:05:00,5,0,Outbound
2025-01-04,Orange,trip_07505,stop_006,22:05:00,22:06:00,6,1,Inbound
2025-01-05,Red,trip_07506,stop_007,05:06:00,05:07:00,7,0,Outbound
2025-01-06,Orange,trip_07507,stop_008,06:07:00,06:08:00,8,1,Inbound
2025-01-07,Red,trip_07508,stop_009,07:08:00,07:09:00,9,0,Outbound
2025-01-08,Orange,trip_07509,stop_010,08:09:00,08:10:00,10,1,Inbound
2025-01-09,Red,trip_07510,stop_011,09:10:00,09:11:00,11,0,Outbound
2025-01-10,Orange,trip_07511,stop_012,10:11:00,10:12:00,12,1,Inbound
2025-01-11,Red,trip_07512,stop_013,11:12:00,11:13:00,13,0,Outbound
2025-01-12,Orange,trip_07513,stop_014,12:13:00,12:14:00,14,1,Inbound
2025-01-13,Red,trip_07514,stop_015,13:14:00,13:15:00,15,0,Outbound
2025-01-14,Orange,trip_07515,stop_016,14:15:00,14:16:00,16,1,Inbound
2025-01-15,Red,trip_07516,stop_017,15:16:00,15:17:00,17,0,Outbound
2025-01-16,Orange,trip_07517,stop_018,16:17:00,16:18:00,18,1,Inbound
2025-01-17,Red,trip_07518,stop_019,17:18:00,17:19:00,19,0,Outbound
2025-01-18,Orange,trip_07519,stop_020,18:19:00,18:20:00,20,1,Inbound
2025-01-19,Red,trip_07520,stop_021,19:20:00,19:21:00,21,0,Outbound
2025-01-20,Orange,trip_07521,stop_022,20:21:00,20:22:00,22,1,Inbound
2025-01-21,Red,trip_07522,stop_023,21:22:00,21:23:00,23,0,Outbound
2025-01-22,Orange,trip_07523,stop_024,22:23:00,22:24:00,24,1,Inbound
2025-01-23,Red,trip_07524,stop_025,05:24:00,05:25:00,25,0,Outbound
2025-01-24,Orange,trip_07525,stop_026,06:25:00,06:26:00,1,1,Inbound
2025-01-25,Red,trip_07526,stop_027,07:26:00,07:27:00,2,0,Outbound
2025-01-26,Orange,trip_07527,stop_028,08:27:00,08:28:00,3,1,Inbound
2025-01-27,Red,trip_07528,stop_029,09:28:00,09:29:00,4,0,Outbound
2025-01-28,Orange,trip_07529,stop_030,10:29:00,10:30:00,5,1,Inbound
2025-01-29,Red,trip_07530,stop_001,11:30:00,11:31:00,6,0,Outbound
2025-01-30,Orange,trip_07531,stop_002,12:31:00,12:32:00,7,1,Inbound
2025-01-31,Red,trip_07532,stop_003,13:32:00,13:33:00,8,0,Outbound
2025-01-01,Orange,trip_07533,stop_004,14:33:00,14:34:00,9,1,Inbound
2025-01-02,Red,trip_07534,stop_005,15:34:00,15:35:00,10,0,Outbound
2025-01-03,Orange,trip_07535,stop_006,16:35:00,16:36:00,11,1,Inbound
2025-01-04,Red,trip_07536,stop_007,17:36:00,17:37:00,12,0,Outbound
2025-01-05,Orange,trip_07537,stop_008,18:37:00,18:38:00,13,1,Inbound
2025-01-06,Red,trip_07538,stop_009,19:38:00,19:39:00,14,0,Outbound
2025-01-07,Orange,trip_07539,stop_010,20:39:00,20:40:00,15,1,Inbound
2025-01-08,Red,trip_07540,stop_011,21:40:00,21:41:00,16,0,Outbound
2025-01-09,Orange,trip_07541,stop_012,22:41:00,22:42:00,17,1,Inbound
2025-01-10,Red,trip_07542,stop_013,05:42:00,05:43:00,18,0,Outbound
2025-01-11,Orange,trip_07543,stop_014,06:43:00,06:44:00,19,1,Inbound
2025-01-12,Red,trip_07544,stop_015,07:44:00,07:45:00,20,0,Outbound
2025-01-13,Orange,trip_07545,stop_016,08:45:00,08:46:00,21,1,Inbound
2025-01-14,Red,trip_07546,stop_017,09:46:00,09:47:00,22,0,Outbound
2025-01-15,Orange,trip_07547,stop_018,10:47:00,10:48:00,23,1,Inbound
2025-01-16,Red,trip_07548,stop_019,11:48:00,11:49:00,24,0,Outbound
2025-01-17,Orange,trip_07549,stop_020,12:49:00,12:50:00,25,1,Inbound
2025-01-18,Red,trip_07550,stop_021,13:50:00,13:51:00,1,0,Outbound
2025-01-19,Orange,trip_07551,stop_022,14:51:00,14:52:00,2,1,Inbound
2025-01-20,Red,trip_07552,stop_023,15:52:00,15:53:00,3,0,Outbound
2025-01-21,Orange,trip_07553,stop_024,16:53:00,16:54:00,4,1,Inbound
2025-01-22,Red,trip_07554,stop_025,17:54:00,17:55:00,5,0,Outbound
2025-01-23,Orange,trip_07555,stop_026,18:55:00,18:56:00,6,1,Inbound
2025-01-24,Red,trip_07556,stop_027,19:56:00,19:57:00,7,0,Outbound
2025-01-25,Orange,trip_07557,stop_028,20:57:00,20:58:00,8,1,Inbound
2025-01-26,Red,trip_07558,stop_029,21:58:00,21:59:00,9,0,Outbound
2025-01-27,Orange,trip_07559,stop_030,22:59:00,22:00:00,10,1,Inbound
2025-01-28,Red,trip_07560,stop_001,05:00:00,05:01:00,11,0,Outbound
2025-01-29,Orange,trip_07561,stop_002,06:01:00,06:02:00,12,1,Inbound
2025-01-30,Red,trip_07562,stop_003,07:02:00,07:03:00,13,0,Outbound
2025-01-31,Orange,trip_07563,stop_004,08:03:00,08:04:00,14,1,Inbound
2025-01-01,Red,trip_07564,stop_005,09:04:00,09:05:00,15,0,Outbound
2025-01-02,Orange,trip_07565,stop_006,10:05:00,10:06:00,16,1,Inbound
2025-01-03,Red,trip_07566,stop_007,11:06:00,11:07:00,17,0,Outbound
2025-01-04,Orange,trip_07567,stop_008,12:07:00,12:08:00,18,1,Inbound
2025-01-05,Red,trip_07568,stop_009,13:08:00,13:09:00,19,0,Outbound
2025-01-06,Orange,trip_07569,stop_010,14:09:00,14:10:00,20,1,Inbound
2025-01-07,Red,trip_07570,stop_011,15:10:00,15:11:00,21,0,Outbound
2025-01-08,Orange,trip_07571,stop_012,16:11:00,16:12:00,22,1,Inbound
2025-01-09,Red,trip_07572,stop_013,17:12:00,17:13:00,23,0,Outbound
2025-01-10,Orange,trip_07573,stop_014,18:13:00,18:14:00,24,1,Inbound
2025-01-11,Red,trip_07574,stop_015,19:14:00,19:15:00,25,0,Outbound
2025-01-12,Orange,trip_07575,stop_016,20:15:00,20:16:00,1,1,Inbound
2025-01-13,Red,trip_07576,stop_017,21:16:00,21:17:00,2,0,Outbound
2025-01-14,Orange,trip_07577,stop_018,22:17:00,22:18:00,3,1,Inbound
2025-01-15,Red,trip_07578,stop_019,05:18:00,05:19:00,4,0,Outbound
2025-01-16,Orange,trip_07579,stop_020,06:19:00,06:20:00,5,1,Inbound
2025-01-17,Red,trip_07580,stop_021,07:20:00,07:21:00,6,0,Outbound
2025-01-18,Orange,trip_07581,stop_022,08:21:00,08:22:00,7,1,Inbound
2025-01-19,Red,trip_07582,stop_023,09:22:00,09:23:00,8,0,Outbound
2025-01-20,Orange,trip_07583,stop_024,10:23:00,10:24:00,9,1,Inbound
2025-01-21,Red,trip_07584,stop_025,11:24:00,11:25:00,10,0,Outbound
2025-01-22,Orange,trip_07585,stop_026,12:25:00,12:26:00,11,1,Inbound
2025-01-23,Red,trip_07586,stop_027,13:26:00,13:27:00,12,0,Outbound
2025-01-24,Orange,trip_07587,stop_028,14:27:00,14:28:00,13,1,Inbound
2025-01-25,Red,trip_07588,stop_029,15:28:00,15:29:00,14,0,Outbound
2025-01-26,Orange,trip_07589,stop_030,16:29:00,16:30:00,15,1,Inbound
2025-01-27,Red,trip_07590,stop_001,17:30:00,17:31:00,16,0,Outbound
2025-01-28,Orange,trip_07591,stop_002,18:31:00,18:32:00,17,1,Inbound
2025-01-29,Red,trip_07592,stop_003,19:32:00,19:33:00,18,0,Outbound
2025-01-30,Orange,trip_07593,stop_004,20:33:00,20:34:00,19,1,Inbound
2025-01-31,Red,trip_07594,stop_005,21:34:00,21:35:00,20,0,Outbound
2025-01-01,Orange,trip_07595,stop_006,22:35:00,22:36:00,21,1,Inbound
2025-01-02,Red,trip_07596,stop_007,05:36:00,05:37:00,22,0,Outbound
2025-01-03,Orange,trip_07597,stop_008,06:37:00,06:38:00,23,1,Inbound
2025-01-04,Red,trip_07598,stop_009,07:38:00,07:39:00,24,0,Outbound
2025-01-05,Orange,trip_07599,stop_010,08:39:00,08:40:00,25,1,Inbound
2025-01-06,Red,trip_07600,stop_011,09:40:00,09:41:00,1,0,Outbound
2025-01-07,Orange,trip_07601,stop_012,10:41:00,10:42:00,2,1,Inbound
2025-01-08,Red,trip_07602,stop_013,11:42:00,11:43:00,3,0,Outbound
2025-01-09,Orange,trip_07603,stop_014,12:43:00,12:44:00,4,1,Inbound
2025-01-10,Red,trip_07604,stop_015,13:44:00,13:45:00,5,0,Outbound
2025-01-11,Orange,trip_07605,stop_016,14:45:00,14:46:00,6,1,Inbound
2025-01-12,Red,trip_07606,stop_017,15:46:00,15:47:00,7,0,Outbound
2025-01-13,Orange,trip_07607,stop_018,16:47:00,16:48:00,8,1,Inbound
2025-01-14,Red,trip_07608,stop_019,17:48:00,17:49:00,9,0,Outbound
2025-01-15,Orange,trip_07609,stop_020,18:49:00,18:50:00,10,1,Inbound
2025-01-16,Red,trip_07610,stop_021,19:50:00,19:51:00,11,0,Outbound
2025-01-17,Orange,trip_07611,stop_022,20:51:00,20:52:00,12,1,Inbound
2025-01-18,Red,trip_07612,stop_023,21:52:00,21:53:00,13,0,Outbound
2025-01-19,Orange,trip_07613,stop_024,22:53:00,22:54:00,14,1,Inbound
2025-01-20,Red,trip_07614,stop_025,05:54:00,05:55:00,15,0,Outbound
2025-01-21,Orange,trip_07615,stop_026,06:55:00,06:56:00,16,1,Inbound
2025-01-22,Red,trip_07616,stop_027,07:56:00,07:57:00,17,0,Outbound
2025-01-23,Orange,trip_07617,stop_028,08:57:00,08:58:00,18,1,Inbound
2025-01-24,Red,trip_07618,stop_029,09:58:00,09:59:00,19,0,Outbound
2025-01-25,Orange,trip_07619,stop_030,10:59:00,10:00:00,20,1,Inbound
2025-01-26,Red,trip_07620,stop_001,11:00:00,11:01:00,21,0,Outbound
2025-01-27,Orange,trip_07621,stop_002,12:01:00,12:02:00,22,1,Inbound
2025-01-28,Red,trip_07622,stop_003,13:02:00,13:03:00,23,0,Outbound
2025-01-29,Orange,trip_07623,stop_004,14:03:00,14:04:00,24,1,Inbound
2025-01-30,Red,trip_07624,stop_005,15:04:00,15:05:00,25,0,Outbound
2025-01-31,Orange,trip_07625,stop_006,16:05:00,16:06:00,1,1,Inbound
2025-01-01,Red,trip_07626,stop_007,17:06:00,17:07:00,2,0,Outbound
2025-01-02,Orange,trip_07627,stop_008,18:07:00,18:08:00,3,1,Inbound
2025-01-03,Red,trip_07628,stop_009,19:08:00,19:09:00,4,0,Outbound
2025-01-04,Orange,trip_07629,stop_010,20:09:00,20:10:00,5,1,Inbound
2025-01-05,Red,trip_07630,stop_011,21:10:00,21:11:00,6,0,Outbound
2025-01-06,Orange,trip_07631,stop_012,22:11:00,22:12:00,7,1,Inbound
2025-01-07,Red,trip_07632,stop_013,05:12:00,05:13:00,8,0,Outbound
2025-01-08,Orange,trip_07633,stop_014,06:13:00,06:14:00,9,1,Inbound
2025-01-09,Red,trip_07634,stop_015,07:14:00,07:15:00,10,0,Outbound
2025-01-10,Orange,trip_07635,stop_016,08:15:00,08:16:00,11,1,Inbound
2025-01-11,Red,trip_07636,stop_017,09:16:00,09:17:00,12,0,Outbound
2025-01-12,Orange,trip_07637,stop_018,10:17:00,10:18:00,13,1,Inbound
2025-01-13,Red,trip_07638,stop_019,11:18:00,11:19:00,14,0,Outbound
2025-01-14,Orange,trip_07639,stop_020,12:19:00,12:20:00,15,1,Inbound
2025-01-15,Red,trip_07640,stop_021,13:20:00,13:21:00,16,0,Outbound
2025-01-16,Orange,trip_07641,stop_022,14:21:00,14:22:00,17,1,Inbound
2025-01-17,Red,trip_07642,stop_023,15:22:00,15:23:00,18,0,Outbound
2025-01-18,Orange,trip_07643,stop_024,16:23:00,16:24:00,19,1,Inbound
2025-01-19,Red,trip_07644,stop_025,17:24:00,17:25:00,20,0,Outbound
2025-01-20,Orange,trip_07645,stop_026,18:25:00,18:26:00,21,1,Inbound
2025-01-21,Red,trip_07646,stop_027,19:26:00,19:27:00,22,0,Outbound
2025-01-22,Orange,trip_07647,stop_028,20:27:00,20:28:00,23,1,Inbound
2025-01-23,Red,trip_07648,stop_029,21:28:00,21:29:00,24,0,Outbound
2025-01-24,Orange,trip_07649,stop_030,22:29:00,22:30:00,25,1,Inbound
2025-01-25,Red,trip_07650,stop_001,05:30:00,05:31:00,1,0,Outbound
2025-01-26,Orange,trip_07651,stop_002,06:31:00,06:32:00,2,1,Inbound
2025-01-27,Red,trip_07652,stop_003,07:32:00,07:33:00,3,0,Outbound
2025-01-28,Orange,trip_07653,stop_004,08:33:00,08:34:00,4,1,Inbound
2025-01-29,Red,trip_07654,stop_005,09:34:00,09:35:00,5,0,Outbound
2025-01-30,Orange,trip_07655,stop_006,10:35:00,10:36:00,6,1,Inbound
2025-01-31,Red,trip_07656,stop_007,11:36:00,11:37:00,7,0,Outbound
2025-01-01,Orange,trip_07657,stop_008,12:37:00,12:38:00,8,1,Inbound
2025-01-02,Red,trip_07658,stop_009,13:38:00,13:39:00,9,0,Outbound
2025-01-03,Orange,trip_07659,stop_010,14:39:00,14:40:00,10,1,Inbound
2025-01-04,Red,trip_07660,stop_011,15:40:00,15:41:00,11,0,Outbound
2025-01-05,Orange,trip_07661,stop_012,16:41:00,16:42:00,12,1,Inbound
2025-01-06,Red,trip_07662,stop_013,17:42:00,17:43:00,13,0,Outbound
2025-01-07,Orange,trip_07663,stop_014,18:43:00,18:44:00,14,1,Inbound
2025-01-08,Red,trip_07664,stop_015,19:44:00,19:45:00,15,0,Outbound
2025-01-09,Orange,trip_07665,stop_016,20:45:00,20:46:00,16,1,Inbound
2025-01-10,Red,trip_07666,stop_017,21:46:00,21:47:00,17,0,Outbound
2025-01-11,Orange,trip_07667,stop_018,22:47:00,22:48:00,18,1,Inbound
2025-01-12,Red,trip_07668,stop_019,05:48:00,05:49:00,19,0,Outbound
2025-01-13,Orange,trip_07669,stop_020,06:49:00,06:50:00,20,1,Inbound
2025-01-14,Red,trip_07670,stop_021,07:50:00,07:51:00,21,0,Outbound
2025-01-15,Orange,trip_07671,stop_022,08:51:00,08:52:00,22,1,Inbound
2025-01-16,Red,trip_07672,stop_023,09:52:00,09:53:00,23,0,Outbound
2025-01-17,Orange,trip_07673,stop_024,10:53:00,10:54:00,24,1,Inbound
2025-01-18,Red,trip_07674,stop_025,11:54:00,11:55:00,25,0,Outbound
2025-01-19,Orange,trip_07675,stop_026,12:55:00,12:56:00,1,1,Inbound
2025-01-20,Red,trip_07676,stop_027,13:56:00,13:57:00,2,0,Outbound
2025-01-21,Orange,trip_07677,stop_028,14:57:00,14:58:00,3,1,Inbound
2025-01-22,Red,trip_07678,stop_029,15:58:00,15:59:00,4,0,Outbound
2025-01-23,Orange,trip_07679,stop_030,16:59:00,16:00:00,5,1,Inbound
2025-01-24,Red,trip_07680,stop_001,17:00:00,17:01:00,6,0,Outbound
2025-01-25,Orange,trip_07681,stop_002,18:01:00,18:02:00,7,1,Inbound
2025-01-26,Red,trip_07682,stop_003,19:02:00,19:03:00,8,0,Outbound
2025-01-27,Orange,trip_07683,stop_004,20:03:00,20:04:00,9,1,Inbound
2025-01-28,Red,trip_07684,stop_005,21:04:00,21:05:00,10,0,Outbound
2025-01-29,Orange,trip_07685,stop_006,22:05:00,22:06:00,11,1,Inbound
2025-01-30,Red,trip_07686,stop_007,05:06:00,05:07:00,12,0,Outbound
2025-01-31,Orange,trip_07687,stop_008,06:07:00,06:08:00,13,1,Inbound
2025-01-01,Red,trip_07688,stop_009,07:08:00,07:09:00,14,0,Outbound
2025-01-02,Orange,trip_07689,stop_010,08:09:00,08:10:00,15,1,Inbound
2025-01-03,Red,trip_07690,stop_011,09:10:00,09:11:00,16,0,Outbound
2025-01-04,Orange,trip_07691,stop_012,10:11:00,10:12:00,17,1,Inbound
2025-01-05,Red,trip_07692,stop_013,11:12:00,11:13:00,18,0,Outbound
2025-01-06,Orange,trip_07693,stop_014,12:13:00,12:14:00,19,1,Inbound
2025-01-07,Red,trip_07694,stop_015,13:14:00,13:15:00,20,0,Outbound
2025-01-08,Orange,trip_07695,stop_016,14:15:00,14:16:00,21,1,Inbound
2025-01-09,Red,trip_07696,stop_017,15:16:00,15:17:00,22,0,Outbound
2025-01-10,Orange,trip_07697,stop_018,16:17:00,16:18:00,23,1,Inbound
2025-01-11,Red,trip_07698,stop_019,17:18:00,17:19:00,24,0,Outbound
2025-01-12,Orange,trip_07699,stop_020,18:19:00,18:20:00,25,1,Inbound
2025-01-13,Red,trip_07700,stop_021,19:20:00,19:21:00,1,0,Outbound
2025-01-14,Orange,trip_07701,stop_022,20:21:00,20:22:00,2,1,Inbound
2025-01-15,Red,trip_07702,stop_023,21:22:00,21:23:00,3,0,Outbound
2025-01-16,Orange,trip_07703,stop_024,22:23:00,22:24:00,4,1,Inbound
2025-01-17,Red,trip_07704,stop_025,05:24:00,05:25:00,5,0,Outbound
2025-01-18,Orange,trip_07705,stop_026,06:25:00,06:26:00,6,1,Inbound
2025-01-19,Red,trip_07706,stop_027,07:26:00,07:27:00,7,0,Outbound
2025-01-20,Orange,trip_07707,stop_028,08:27:00,08:28:00,8,1,Inbound
2025-01-21,Red,trip_07708,stop_029,09:28:00,09:29:00,9,0,Outbound
2025-01-22,Orange,trip_07709,stop_030,10:29:00,10:30:00,10,1,Inbound
2025-01-23,Red,trip_07710,stop_001,11:30:00,11:31:00,11,0,Outbound
2025-01-24,Orange,trip_07711,stop_002,12:31:00,12:32:00,12,1,Inbound
2025-01-25,Red,trip_07712,stop_003,13:32:00,13:33:00,13,0,Outbound
2025-01-26,Orange,trip_07713,stop_004,14:33:00,14:34:00,14,1,Inbound
2025-01-27,Red,trip_07714,stop_005,15:34:00,15:35:00,15,0,Outbound
2025-01-28,Orange,trip_07715,stop_006,16:35:00,16:36:00,16,1,Inbound
2025-01-29,Red,trip_07716,stop_007,17:36:00,17:37:00,17,0,Outbound
2025-01-30,Orange,trip_07717,stop_008,18:37:00,18:38:00,18,1,Inbound
2025-01-31,Red,trip_07718,stop_009,19:38:00,19:39:00,19,0,Outbound
2025-01-01,Orange,trip_07719,stop_010,20:39:00,20:40:00,20,1,Inbound
2025-01-02,Red,trip_07720,stop_011,21:40:00,21:41:00,21,0,Outbound
2025-01-03,Orange,trip_07721,stop_012,22:41:00,22:42:00,22,1,Inbound
2025-01-04,Red,trip_07722,stop_013,05:42:00,05:43:00,23,0,Outbound
2025-01-05,Orange,trip_07723,stop_014,06:43:00,06:44:00,24,1,Inbound
2025-01-06,Red,trip_07724,stop_015,07:44:00,07:45:00,25,0,Outbound
2025-01-07,Orange,trip_07725,stop_016,08:45:00,08:46:00,1,1,Inbound
2025-01-08,Red,trip_07726,stop_017,09:46:00,09:47:00,2,0,Outbound
2025-01-09,Orange,trip_07727,stop_018,10:47:00,10:48:00,3,1,Inbound
2025-01-10,Red,trip_07728,stop_019,11:48:00,11:49:00,4,0,Outbound
2025-01-11,Orange,trip_07729,stop_020,12:49:00,12:50:00,5,1,Inbound
2025-01-12,Red,trip_07730,stop_021,13:50:00,13:51:00,6,0,Outbound
2025-01-13,Orange,trip_07731,stop_022,14:51:00,14:52:00,7,1,Inbound
2025-01-14,Red,trip_07732,stop_023,15:52:00,15:53:00,8,0,Outbound
2025-01-15,Orange,trip_07733,stop_024,16:53:00,16:54:00,9,1,Inbound
2025-01-16,Red,trip_07734,stop_025,17:54:00,17:55:00,10,0,Outbound
2025-01-17,Orange,trip_07735,stop_026,18:55:00,18:56:00,11,1,Inbound
2025-01-18,Red,trip_07736,stop_027,19:56:00,19:57:00,12,0,Outbound
2025-01-19,Orange,trip_07737,stop_028,20:57:00,20:58:00,13,1,Inbound
2025-01-20,Red,trip_07738,stop_029,21:58:00,21:59:00,14,0,Outbound
2025-01-21,Orange,trip_07739,stop_030,22:59:00,22:00:00,15,1,Inbound
2025-01-22,Red,trip_07740,stop_001,05:00:00,05:01:00,16,0,Outbound
2025-01-23,Orange,trip_07741,stop_002,06:01:00,06:02:00,17,1,Inbound
2025-01-24,Red,trip_07742,stop_003,07:02:00,07:03:00,18,0,Outbound
2025-01-25,Orange,trip_07743,stop_004,08:03:00,08:04:00,19,1,Inbound
2025-01-26,Red,trip_07744,stop_005,09:04:00,09:05:00,20,0,Outbound
2025-01-27,Orange,trip_07745,stop_006,10:05:00,10:06:00,21,1,Inbound
2025-01-28,Red,trip_07746,stop_007,11:06:00,11:07:00,22,0,Outbound
2025-01-29,Orange,trip_07747,stop_008,12:07:00,12:08:00,23,1,Inbound
2025-01-30,Red,trip_07748,stop_009,13:08:00,13:09:00,24,0,Outbound
2025-01-31,Orange,trip_07749,stop_010,14:09:00,14:10:00,25,1,Inbound
2025-01-01,Red,trip_07750,stop_011,15:10:00,15:11:00,1,0,Outbound
2025-01-02,Orange,trip_07751,stop_012,16:11:00,16:12:00,2,1,Inbound
2025-01-03,Red,trip_07752,stop_013,17:12:00,17:13:00,3,0,Outbound
2025-01-04,Orange,trip_07753,stop_014,18:13:00,18:14:00,4,1,Inbound
2025-01-05,Red,trip_07754,stop_015,19:14:00,19:15:00,5,0,Outbound
2025-01-06,Orange,trip_07755,stop_016,20:15:00,20:16:00,6,1,Inbound
2025-01-07,Red,trip_07756,stop_017,21:16:00,21:17:00,7,0,Outbound
2025-01-08,Orange,trip_07757,stop_018,22:17:00,22:18:00,8,1,Inbound
2025-01-09,Red,trip_07758,stop_019,05:18:00,05:19:00,9,0,Outbound
2025-01-10,Orange,trip_07759,stop_020,06:19:00,06:20:00,10,1,Inbound
2025-01-11,Red,trip_07760,stop_021,07:20:00,07:21:00,11,0,Outbound
2025-01-12,Orange,trip_07761,stop_022,08:21:00,08:22:00,12,1,Inbound
2025-01-13,Red,trip_07762,stop_023,09:22:00,09:23:00,13,0,Outbound
2025-01-14,Orange,trip_07763,stop_024,10:23:00,10:24:00,14,1,Inbound
2025-01-15,Red,trip_07764,stop_025,11:24:00,11:25:00,15,0,Outbound
2025-01-16,Orange,trip_07765,stop_026,12:25:00,12:26:00,16,1,Inbound
2025-01-17,Red,trip_07766,stop_027,13:26:00,13:27:00,17,0,Outbound
2025-01-18,Orange,trip_07767,stop_028,14:27:00,14:28:00,18,1,Inbound
2025-01-19,Red,trip_07768,stop_029,15:28:00,15:29:00,19,0,Outbound
2025-01-20,Orange,trip_07769,stop_030,16:29:00,16:30:00,20,1,Inbound
2025-01-21,Red,trip_07770,stop_001,17:30:00,17:31:00,21,0,Outbound
2025-01-22,Orange,trip_07771,stop_002,18:31:00,18:32:00,22,1,Inbound
2025-01-23,Red,trip_07772,stop_003,19:32:00,19:33:00,23,0,Outbound
2025-01-24,Orange,trip_07773,stop_004,20:33:00,20:34:00,24,1,Inbound
2025-01-25,Red,trip_07774,stop_005,21:34:00,21:35:00,25,0,Outbound
2025-01-26,Orange,trip_07775,stop_006,22:35:00,22:36:00,1,1,Inbound
2025-01-27,Red,trip_07776,stop_007,05:36:00,05:37:00,2,0,Outbound
2025-01-28,Orange,trip_07777,stop_008,06:37:00,06:38:00,3,1,Inbound
2025-01-29,Red,trip_07778,stop_009,07:38:00,07:39:00,4,0,Outbound
2025-01-30,Orange,trip_07779,stop_010,08:39:00,08:40:00,5,1,Inbound
2025-01-31,Red,trip_07780,stop_011,09:40:00,09:41:00,6,0,Outbound
2025-01-01,Orange,trip_07781,stop_012,10:41:00,10:42:00,7,1,Inbound
2025-01-02,Red,trip_07782,stop_013,11:42:00,11:43:00,8,0,Outbound
2025-01-03,Orange,trip_07783,stop_014,12:43:00,12:44:00,9,1,Inbound
2025-01-04,Red,trip_07784,stop_015,13:44:00,13:45:00,10,0,Outbound
2025-01-05,Orange,trip_07785,stop_016,14:45:00,14:46:00,11,1,Inbound
2025-01-06,Red,trip_07786,stop_017,15:46:00,15:47:00,12,0,Outbound
2025-01-07,Orange,trip_07787,stop_018,16:47:00,16:48:00,13,1,Inbound
2025-01-08,Red,trip_07788,stop_019,17:48:00,17:49:00,14,0,Outbound
2025-01-09,Orange,trip_07789,stop_020,18:49:00,18:50:00,15,1,Inbound
2025-01-10,Red,trip_07790,stop_021,19:50:00,19:51:00,16,0,Outbound
2025-01-11,Orange,trip_07791,stop_022,20:51:00,20:52:00,17,1,Inbound
2025-01-12,Red,trip_07792,stop_023,21:52:00,21:53:00,18,0,Outbound
2025-01-13,Orange,trip_07793,stop_024,22:53:00,22:54:00,19,1,Inbound
2025-01-14,Red,trip_07794,stop_025,05:54:00,05:55:00,20,0,Outbound
2025-01-15,Orange,trip_07795,stop_026,06:55:00,06:56:00,21,1,Inbound
2025-01-16,Red,trip_07796,stop_027,07:56:00,07:57:00,22,0,Outbound
2025-01-17,Orange,trip_07797,stop_028,08:57:00,08:58:00,23,1,Inbound
2025-01-18,Red,trip_07798,stop_029,09:58:00,09:59:00,24,0,Outbound
2025-01-19,Orange,trip_07799,stop_030,10:59:00,10:00:00,25,1,Inbound
2025-01-20,Red,trip_07800,stop_001,11:00:00,11:01:00,1,0,Outbound
2025-01-21,Orange,trip_07801,stop_002,12:01:00,12:02:00,2,1,Inbound
2025-01-22,Red,trip_07802,stop_003,13:02:00,13:03:00,3,0,Outbound
2025-01-23,Orange,trip_07803,stop_004,14:03:00,14:04:00,4,1,Inbound
2025-01-24,Red,trip_07804,stop_005,15:04:00,15:05:00,5,0,Outbound
2025-01-25,Orange,trip_07805,stop_006,16:05:00,16:06:00,6,1,Inbound
2025-01-26,Red,trip_07806,stop_007,17:06:00,17:07:00,7,0,Outbound
2025-01-27,Orange,trip_07807,stop_008,18:07:00,18:08:00,8,1,Inbound
2025-01-28,Red,trip_07808,stop_009,19:08:00,19:09:00,9,0,Outbound
2025-01-29,Orange,trip_07809,stop_010,20:09:00,20:10:00,10,1,Inbound
2025-01-30,Red,trip_07810,stop_011,21:10:00,21:11:00,11,0,Outbound
2025-01-31,Orange,trip_07811,stop_012,22:11:00,22:12:00,12,1,Inbound
2025-01-01,Red,trip_07812,stop_013,05:12:00,05:13:00,13,0,Outbound
2025-01-02,Orange,trip_07813,stop_014,06:13:00,06:14:00,14,1,Inbound
2025-01-03,Red,trip_07814,stop_015,07:14:00,07:15:00,15,0,Outbound
2025-01-04,Orange,trip_07815,stop_016,08:15:00,08:16:00,16,1,Inbound
2025-01-05,Red,trip_07816,stop_017,09:16:00,09:17:00,17,0,Outbound
2025-01-06,Orange,trip_07817,stop_018,10:17:00,10:18:00,18,1,Inbound
2025-01-07,Red,trip_07818,stop_019,11:18:00,11:19:00,19,0,Outbound
2025-01-08,Orange,trip_07819,stop_020,12:19:00,12:20:00,20,1,Inbound
2025-01-09,Red,trip_07820,stop_021,13:20:00,13:21:00,21,0,Outbound
2025-01-10,Orange,trip_07821,stop_022,14:21:00,14:22:00,22,1,Inbound
2025-01-11,Red,trip_07822,stop_023,15:22:00,15:23:00,23,0,Outbound
2025-01-12,Orange,trip_07823,stop_024,16:23:00,16:24:00,24,1,Inbound
2025-01-13,Red,trip_07824,stop_025,17:24:00,17:25:00,25,0,Outbound
2025-01-14,Orange,trip_07825,stop_026,18:25:00,18:26:00,1,1,Inbound
2025-01-15,Red,trip_07826,stop_027,19:26:00,19:27:00,2,0,Outbound
2025-01-16,Orange,trip_07827,stop_028,20:27:00,20:28:00,3,1,Inbound
2025-01-17,Red,trip_07828,stop_029,21:28:00,21:29:00,4,0,Outbound
2025-01-18,Orange,trip_07829,stop_030,22:29:00,22:30:00,5,1,Inbound
2025-01-19,Red,trip_07830,stop_001,05:30:00,05:31:00,6,0,Outbound
2025-01-20,Orange,trip_07831,stop_002,06:31:00,06:32:00,7,1,Inbound
2025-01-21,Red,trip_07832,stop_003,07:32:00,07:33:00,8,0,Outbound
2025-01-22,Orange,trip_07833,stop_004,08:33:00,08:34:00,9,1,Inbound
2025-01-23,Red,trip_07834,stop_005,09:34:00,09:35:00,10,0,Outbound
2025-01-24,Orange,trip_07835,stop_006,10:35:00,10:36:00,11,1,Inbound
2025-01-25,Red,trip_07836,stop_007,11:36:00,11:37:00,12,0,Outbound
2025-01-26,Orange,trip_07837,stop_008,12:37:00,12:38:00,13,1,Inbound
2025-01-27,Red,trip_07838,stop_009,13:38:00,13:39:00,14,0,Outbound
2025-01-28,Orange,trip_07839,stop_010,14:39:00,14:40:00,15,1,Inbound
2025-01-29,Red,trip_07840,stop_011,15:40:00,15:41:00,16,0,Outbound
2025-01-30,Orange,trip_07841,stop_012,16:41:00,16:42:00,17,1,Inbound
2025-01-31,Red,trip_07842,stop_013,17:42:00,17:43:00,18,0,Outbound
2025-01-01,Orange,trip_07843,stop_014,18:43:00,18:44:00,19,1,Inbound
2025-01-02,Red,trip_07844,stop_015,19:44:00,19:45:00,20,0,Outbound
2025-01-03,Orange,trip_07845,stop_016,20:45:00,20:46:00,21,1,Inbound
2025-01-04,Red,trip_07846,stop_017,21:46:00,21:47:00,22,0,Outbound
2025-01-05,Orange,trip_07847,stop_018,22:47:00,22:48:00,23,1,Inbound
2025-01-06,Red,trip_07848,stop_019,05:48:00,05:49:00,24,0,Outbound
2025-01-07,Orange,trip_07849,stop_020,06:49:00,06:50:00,25,1,Inbound
2025-01-08,Red,trip_07850,stop_021,07:50:00,07:51:00,1,0,Outbound
2025-01-09,Orange,trip_07851,stop_022,08:51:00,08:52:00,2,1,Inbound
2025-01-10,Red,trip_07852,stop_023,09:52:00,09:53:00,3,0,Outbound
2025-01-11,Orange,trip_07853,stop_024,10:53:00,10:54:00,4,1,Inbound
2025-01-12,Red,trip_07854,stop_025,11:54:00,11:55:00,5,0,Outbound
2025-01-13,Orange,trip_07855,stop_026,12:55:00,12:56:00,6,1,Inbound
2025-01-14,Red,trip_07856,stop_027,13:56:00,13:57:00,7,0,Outbound
2025-01-15,Orange,trip_07857,stop_028,14:57:00,14:58:00,8,1,Inbound
2025-01-16,Red,trip_07858,stop_029,15:58:00,15:59:00,9,0,Outbound
2025-01-17,Orange,trip_07859,stop_030,16:59:00,16:00:00,10,1,Inbound
2025-01-18,Red,trip_07860,stop_001,17:00:00,17:01:00,11,0,Outbound
2025-01-19,Orange,trip_07861,stop_002,18:01:00,18:02:00,12,1,Inbound
2025-01-20,Red,trip_07862,stop_003,19:02:00,19:03:00,13,0,Outbound
2025-01-21,Orange,trip_07863,stop_004,20:03:00,20:04:00,14,1,Inbound
2025-01-22,Red,trip_07864,stop_005,21:04:00,21:05:00,15,0,Outbound
2025-01-23,Orange,trip_07865,stop_006,22:05:00,22:06:00,16,1,Inbound
2025-01-24,Red,trip_07866,stop_007,05:06:00,05:07:00,17,0,Outbound
2025-01-25,Orange,trip_07867,stop_008,06:07:00,06:08:00,18,1,Inbound
2025-01-26,Red,trip_07868,stop_009,07:08:00,07:09:00,19,0,Outbound
2025-01-27,Orange,trip_07869,stop_010,08:09:00,08:10:00,20,1,Inbound
2025-01-28,Red,trip_07870,stop_011,09:10:00,09:11:00,21,0,Outbound
2025-01-29,Orange,trip_07871,stop_012,10:11:00,10:12:00,22,1,Inbound
2025-01-30,Red,trip_07872,stop_013,11:12:00,11:13:00,23,0,Outbound
2025-01-31,Orange,trip_07873,stop_014,12:13:00,12:14:00,24,1,Inbound
2025-01-01,Red,trip_07874,stop_015,13:14:00,13:15:00,25,0,Outbound
2025-01-02,Orange,trip_07875,stop_016,14:15:00,14:16:00,1,1,Inbound
2025-01-03,Red,trip_07876,stop_017,15:16:00,15:17:00,2,0,Outbound
2025-01-04,Orange,trip_07877,stop_018,16:17:00,16:18:00,3,1,Inbound
2025-01-05,Red,trip_07878,stop_019,17:18:00,17:19:00,4,0,Outbound
2025-01-06,Orange,trip_07879,stop_020,18:19:00,18:20:00,5,1,Inbound
2025-01-07,Red,trip_07880,stop_021,19:20:00,19:21:00,6,0,Outbound
2025-01-08,Orange,trip_07881,stop_022,20:21:00,20:22:00,7,1,Inbound
2025-01-09,Red,trip_07882,stop_023,21:22:00,21:23:00,8,0,Outbound
2025-01-10,Orange,trip_07883,stop_024,22:23:00,22:24:00,9,1,Inbound
2025-01-11,Red,trip_07884,stop_025,05:24:00,05:25:00,10,0,Outbound
2025-01-12,Orange,trip_07885,stop_026,06:25:00,06:26:00,11,1,Inbound
2025-01-13,Red,trip_07886,stop_027,07:26:00,07:27:00,12,0,Outbound
2025-01-14,Orange,trip_07887,stop_028,08:27:00,08:28:00,13,1,Inbound
2025-01-15,Red,trip_07888,stop_029,09:28:00,09:29:00,14,0,Outbound
2025-01-16,Orange,trip_07889,stop_030,10:29:00,10:30:00,15,1,Inbound
2025-01-17,Red,trip_07890,stop_001,11:30:00,11:31:00,16,0,Outbound
2025-01-18,Orange,trip_07891,stop_002,12:31:00,12:32:00,17,1,Inbound
2025-01-19,Red,trip_07892,stop_003,13:32:00,13:33:00,18,0,Outbound
2025-01-20,Orange,trip_07893,stop_004,14:33:00,14:34:00,19,1,Inbound
2025-01-21,Red,trip_07894,stop_005,15:34:00,15:35:00,20,0,Outbound
2025-01-22,Orange,trip_07895,stop_006,16:35:00,16:36:00,21,1,Inbound
2025-01-23,Red,trip_07896,stop_007,17:36:00,17:37:00,22,0,Outbound
2025-01-24,Orange,trip_07897,stop_008,18:37:00,18:38:00,23,1,Inbound
2025-01-25,Red,trip_07898,stop_009,19:38:00,19:39:00,24,0,Outbound
2025-01-26,Orange,trip_07899,stop_010,20:39:00,20:40:00,25,1,Inbound
2025-01-27,Red,trip_07900,stop_011,21:40:00,21:41:00,1,0,Outbound
2025-01-28,Orange,trip_07901,stop_012,22:41:00,22:42:00,2,1,Inbound
2025-01-29,Red,trip_07902,stop_013,05:42:00,05:43:00,3,0,Outbound
2025-01-30,Orange,trip_07903,stop_014,06:43:00,06:44:00,4,1,Inbound
2025-01-31,Red,trip_07904,stop_015,07:44:00,07:45:00,5,0,Outbound
2025-01-01,Orange,trip_07905,stop_016,08:45:00,08:46:00,6,1,Inbound
2025-01-02,Red,trip_07906,stop_017,09:46:00,09:47:00,7,0,Outbound
2025-01-03,Orange,trip_07907,stop_018,10:47:00,10:48:00,8,1,Inbound
2025-01-04,Red,trip_07908,stop_019,11:48:00,11:49:00,9,0,Outbound
2025-01-05,Orange,trip_07909,stop_020,12:49:00,12:50:00,10,1,Inbound
2025-01-06,Red,trip_07910,stop_021,13:50:00,13:51:00,11,0,Outbound
2025-01-07,Orange,trip_07911,stop_022,14:51:00,14:52:00,12,1,Inbound
2025-01-08,Red,trip_07912,stop_023,15:52:00,15:53:00,13,0,Outbound
2025-01-09,Orange,trip_07913,stop_024,16:53:00,16:54:00,14,1,Inbound
2025-01-10,Red,trip_07914,stop_025,17:54:00,17:55:00,15,0,Outbound
2025-01-11,Orange,trip_07915,stop_026,18:55:00,18:56:00,16,1,Inbound
2025-01-12,Red,trip_07916,stop_027,19:56:00,19:57:00,17,0,Outbound
2025-01-13,Orange,trip_07917,stop_028,20:57:00,20:58:00,18,1,Inbound
2025-01-14,Red,trip_07918,stop_029,21:58:00,21:59:00,19,0,Outbound
2025-01-15,Orange,trip_07919,stop_030,22:59:00,22:00:00,20,1,Inbound
2025-01-16,Red,trip_07920,stop_001,05:00:00,05:01:00,21,0,Outbound
2025-01-17,Orange,trip_07921,stop_002,06:01:00,06:02:00,22,1,Inbound
2025-01-18,Red,trip_07922,stop_003,07:02:00,07:03:00,23,0,Outbound
2025-01-19,Orange,trip_07923,stop_004,08:03:00,08:04:00,24,1,Inbound
2025-01-20,Red,trip_07924,stop_005,09:04:00,09:05:00,25,0,Outbound
2025-01-21,Orange,trip_07925,stop_006,10:05:00,10:06:00,1,1,Inbound
2025-01-22,Red,trip_07926,stop_007,11:06:00,11:07:00,2,0,Outbound
2025-01-23,Orange,trip_07927,stop_008,12:07:00,12:08:00,3,1,Inbound
2025-01-24,Red,trip_07928,stop_009,13:08:00,13:09:00,4,0,Outbound
2025-01-25,Orange,trip_07929,stop_010,14:09:00,14:10:00,5,1,Inbound
2025-01-26,Red,trip_07930,stop_011,15:10:00,15:11:00,6,0,Outbound
2025-01-27,Orange,trip_07931,stop_012,16:11:00,16:12:00,7,1,Inbound
2025-01-28,Red,trip_07932,stop_013,17:12:00,17:13:00,8,0,Outbound
2025-01-29,Orange,trip_07933,stop_014,18:13:00,18:14:00,9,1,Inbound
2025-01-30,Red,trip_07934,stop_015,19:14:00,19:15:00,10,0,Outbound
2025-01-31,Orange,trip_07935,stop_016,20:15:00,20:16:00,11,1,Inbound
2025-01-01,Red,trip_07936,stop_017,21:16:00,21:17:00,12,0,Outbound
2025-01-02,Orange,trip_07937,stop_018,22:17:00,22:18:00,13,1,Inbound
2025-01-03,Red,trip_07938,stop_019,05:18:00,05:19:00,14,0,Outbound
2025-01-04,Orange,trip_07939,stop_020,06:19:00,06:20:00,15,1,Inbound
2025-01-05,Red,trip_07940,stop_021,07:20:00,07:21:00,16,0,Outbound
2025-01-06,Orange,trip_07941,stop_022,08:21:00,08:22:00,17,1,Inbound
2025-01-07,Red,trip_07942,stop_023,09:22:00,09:23:00,18,0,Outbound
2025-01-08,Orange,trip_07943,stop_024,10:23:00,10:24:00,19,1,Inbound
2025-01-09,Red,trip_07944,stop_025,11:24:00,11:25:00,20,0,Outbound
2025-01-10,Orange,trip_07945,stop_026,12:25:00,12:26:00,21,1,Inbound
2025-01-11,Red,trip_07946,stop_027,13:26:00,13:27:00,22,0,Outbound
2025-01-12,Orange,trip_07947,stop_028,14:27:00,14:28:00,23,1,Inbound
2025-01-13,Red,trip_07948,stop_029,15:28:00,15:29:00,24,0,Outbound
2025-01-14,Orange,trip_07949,stop_030,16:29:00,16:30:00,25,1,Inbound
2025-01-15,Red,trip_07950,stop_001,17:30:00,17:31:00,1,0,Outbound
2025-01-16,Orange,trip_07951,stop_002,18:31:00,18:32:00,2,1,Inbound
2025-01-17,Red,trip_07952,stop_003,19:32:00,19:33:00,3,0,Outbound
2025-01-18,Orange,trip_07953,stop_004,20:33:00,20:34:00,4,1,Inbound
2025-01-19,Red,trip_07954,stop_005,21:34:00,21:35:00,5,0,Outbound
2025-01-20,Orange,trip_07955,stop_006,22:35:00,22:36:00,6,1,Inbound
2025-01-21,Red,trip_07956,stop_007,05:36:00,05:37:00,7,0,Outbound
2025-01-22,Orange,trip_07957,stop_008,06:37:00,06:38:00,8,1,Inbound
2025-01-23,Red,trip_07958,stop_009,07:38:00,07:39:00,9,0,Outbound
2025-01-24,Orange,trip_07959,stop_010,08:39:00,08:40:00,10,1,Inbound
2025-01-25,Red,trip_07960,stop_011,09:40:00,09:41:00,11,0,Outbound
2025-01-26,Orange,trip_07961,stop_012,10:41:00,10:42:00,12,1,Inbound
2025-01-27,Red,trip_07962,stop_013,11:42:00,11:43:00,13,0,Outbound
2025-01-28,Orange,trip_07963,stop_014,12:43:00,12:44:00,14,1,Inbound
2025-01-29,Red,trip_07964,stop_015,13:44:00,13:45:00,15,0,Outbound
2025-01-30,Orange,trip_07965,stop_016,14:45:00,14:46:00,16,1,Inbound
2025-01-31,Red,trip_07966,stop_017,15:46:00,15:47:00,17,0,Outbound
2025-01-01,Orange,trip_07967,stop_018,16:47:00,16:48:00,18,1,Inbound
2025-01-02,Red,trip_07968,stop_019,17:48:00,17:49:00,19,0,Outbound
2025-01-03,Orange,trip_07969,stop_020,18:49:00,18:50:00,20,1,Inbound
2025-01-04,Red,trip_07970,stop_021,19:50:00,19:51:00,21,0,Outbound
2025-01-05,Orange,trip_07971,stop_022,20:51:00,20:52:00,22,1,Inbound
2025-01-06,Red,trip_07972,stop_023,21:52:00,21:53:00,23,0,Outbound
2025-01-07,Orange,trip_07973,stop_024,22:53:00,22:54:00,24,1,Inbound
2025-01-08,Red,trip_07974,stop_025,05:54:00,05:55:00,25,0,Outbound
2025-01-09,Orange,trip_07975,stop_026,06:55:00,06:56:00,1,1,Inbound
2025-01-10,Red,trip_07976,stop_027,07:56:00,07:57:00,2,0,Outbound
2025-01-11,Orange,trip_07977,stop_028,08:57:00,08:58:00,3,1,Inbound
2025-01-12,Red,trip_07978,stop_029,09:58:00,09:59:00,4,0,Outbound
2025-01-13,Orange,trip_07979,stop_030,10:59:00,10:00:00,5,1,Inbound
2025-01-14,Red,trip_07980,stop_001,11:00:00,11:01:00,6,0,Outbound
2025-01-15,Orange,trip_07981,stop_002,12:01:00,12:02:00,7,1,Inbound
2025-01-16,Red,trip_07982,stop_003,13:02:00,13:03:00,8,0,Outbound
2025-01-17,Orange,trip_07983,stop_004,14:03:00,14:04:00,9,1,Inbound
2025-01-18,Red,trip_07984,stop_005,15:04:00,15:05:00,10,0,Outbound
2025-01-19,Orange,trip_07985,stop_006,16:05:00,16:06:00,11,1,Inbound
2025-01-20,Red,trip_07986,stop_007,17:06:00,17:07:00,12,0,Outbound
2025-01-21,Orange,trip_07987,stop_008,18:07:00,18:08:00,13,1,Inbound
2025-01-22,Red,trip_07988,stop_009,19:08:00,19:09:00,14,0,Outbound
2025-01-23,Orange,trip_07989,stop_010,20:09:00,20:10:00,15,1,Inbound
2025-01-24,Red,trip_07990,stop_011,21:10:00,21:11:00,16,0,Outbound
2025-01-25,Orange,trip_07991,stop_012,22:11:00,22:12:00,17,1,Inbound
2025-01-26,Red,trip_07992,stop_013,05:12:00,05:13:00,18,0,Outbound
2025-01-27,Orange,trip_07993,stop_014,06:13:00,06:14:00,19,1,Inbound
2025-01-28,Red,trip_07994,stop_015,07:14:00,07:15:00,20,0,Outbound
2025-01-29,Orange,trip_07995,stop_016,08:15:00,08:16:00,21,1,Inbound
2025-01-30,Red,trip_07996,stop_017,09:16:00,09:17:00,22,0,Outbound
2025-01-31,Orange,trip_07997,stop_018,10:17:00,10:18:00,23,1,Inbound
2025-01-01,Red,trip_07998,stop_019,11:18:00,11:19:00,24,0,Outbound
2025-01-02,Orange,trip_07999,stop_020,12:19:00,12:20:00,25,1,Inbound
2025-01-03,Red,trip_08000,stop_021,13:20:00,13:21:00,1,0,Outbound
2025-01-04,Orange,trip_08001,stop_022,14:21:00,14:22:00,2,1,Inbound
2025-01-05,Red,trip_08002,stop_023,15:22:00,15:23:00,3,0,Outbound
2025-01-06,Orange,trip_08003,stop_024,16:23:00,16:24:00,4,1,Inbound
2025-01-07,Red,trip_08004,stop_025,17:24:00,17:25:00,5,0,Outbound
2025-01-08,Orange,trip_08005,stop_026,18:25:00,18:26:00,6,1,Inbound
2025-01-09,Red,trip_08006,stop_027,19:26:00,19:27:00,7,0,Outbound
2025-01-10,Orange,trip_08007,stop_028,20:27:00,20:28:00,8,1,Inbound
2025-01-11,Red,trip_08008,stop_029,21:28:00,21:29:00,9,0,Outbound
2025-01-12,Orange,trip_08009,stop_030,22:29:00,22:30:00,10,1,Inbound
2025-01-13,Red,trip_08010,stop_001,05:30:00,05:31:00,11,0,Outbound
2025-01-14,Orange,trip_08011,stop_002,06:31:00,06:32:00,12,1,Inbound
2025-01-15,Red,trip_08012,stop_003,07:32:00,07:33:00,13,0,Outbound
2025-01-16,Orange,trip_08013,stop_004,08:33:00,08:34:00,14,1,Inbound
2025-01-17,Red,trip_08014,stop_005,09:34:00,09:35:00,15,0,Outbound
2025-01-18,Orange,trip_08015,stop_006,10:35:00,10:36:00,16,1,Inbound
2025-01-19,Red,trip_08016,stop_007,11:36:00,11:37:00,17,0,Outbound
2025-01-20,Orange,trip_08017,stop_008,12:37:00,12:38:00,18,1,Inbound
2025-01-21,Red,trip_08018,stop_009,13:38:00,13:39:00,19,0,Outbound
2025-01-22,Orange,trip_08019,stop_010,14:39:00,14:40:00,20,1,Inbound
2025-01-23,Red,trip_08020,stop_011,15:40:00,15:41:00,21,0,Outbound
2025-01-24,Orange,trip_08021,stop_012,16:41:00,16:42:00,22,1,Inbound
2025-01-25,Red,trip_08022,stop_013,17:42:00,17:43:00,23,0,Outbound
2025-01-26,Orange,trip_08023,stop_014,18:43:00,18:44:00,24,1,Inbound
2025-01-27,Red,trip_08024,stop_015,19:44:00,19:45:00,25,0,Outbound
2025-01-28,Orange,trip_08025,stop_016,20:45:00,20:46:00,1,1,Inbound
2025-01-29,Red,trip_08026,stop_017,21:46:00,21:47:00,2,0,Outbound
2025-01-30,Orange,trip_08027,stop_018,22:47:00,22:48:00,3,1,Inbound
2025-01-31,Red,trip_08028,stop_019,05:48:00,05:49:00,4,0,Outbound
2025-01-01,Orange,trip_08029,stop_020,06:49:00,06:50:00,5,1,Inbound
2025-01-02,Red,trip_08030,stop_021,07:50:00,07:51:00,6,0,Outbound
2025-01-03,Orange,trip_08031,stop_022,08:51:00,08:52:00,7,1,Inbound
2025-01-04,Red,trip_08032,stop_023,09:52:00,09:53:00,8,0,Outbound
2025-01-05,Orange,trip_08033,stop_024,10:53:00,10:54:00,9,1,Inbound
2025-01-06,Red,trip_08034,stop_025,11:54:00,11:55:00,10,0,Outbound
2025-01-07,Orange,trip_08035,stop_026,12:55:00,12:56:00,11,1,Inbound
2025-01-08,Red,trip_08036,stop_027,13:56:00,13:57:00,12,0,Outbound
2025-01-09,Orange,trip_08037,stop_028,14:57:00,14:58:00,13,1,Inbound
2025-01-10,Red,trip_08038,stop_029,15:58:00,15:59:00,14,0,Outbound
2025-01-11,Orange,trip_08039,stop_030,16:59:00,16:00:00,15,1,Inbound
2025-01-12,Red,trip_08040,stop_001,17:00:00,17:01:00,16,0,Outbound
2025-01-13,Orange,trip_08041,stop_002,18:01:00,18:02:00,17,1,Inbound
2025-01-14,Red,trip_08042,stop_003,19:02:00,19:03:00,18,0,Outbound
2025-01-15,Orange,trip_08043,stop_004,20:03:00,20:04:00,19,1,Inbound
2025-01-16,Red,trip_08044,stop_005,21:04:00,21:05:00,20,0,Outbound
2025-01-17,Orange,trip_08045,stop_006,22:05:00,22:06:00,21,1,Inbound
2025-01-18,Red,trip_08046,stop_007,05:06:00,05:07:00,22,0,Outbound
2025-01-19,Orange,trip_08047,stop_008,06:07:00,06:08:00,23,1,Inbound
2025-01-20,Red,trip_08048,stop_009,07:08:00,07:09:00,24,0,Outbound
2025-01-21,Orange,trip_08049,stop_010,08:09:00,08:10:00,25,1,Inbound
2025-01-22,Red,trip_08050,stop_011,09:10:00,09:11:00,1,0,Outbound
2025-01-23,Orange,trip_08051,stop_012,10:11:00,10:12:00,2,1,Inbound
2025-01-24,Red,trip_08052,stop_013,11:12:00,11:13:00,3,0,Outbound
2025-01-25,Orange,trip_08053,stop_014,12:13:00,12:14:00,4,1,Inbound
2025-01-26,Red,trip_08054,stop_015,13:14:00,13:15:00,5,0,Outbound
2025-01-27,Orange,trip_08055,stop_016,14:15:00,14:16:00,6,1,Inbound
2025-01-28,Red,trip_08056,stop_017,15:16:00,15:17:00,7,0,Outbound
2025-01-29,Orange,trip_08057,stop_018,16:17:00,16:18:00,8,1,Inbound
2025-01-30,Red,trip_08058,stop_019,17:18:00,17:19:00,9,0,Outbound
2025-01-31,Orange,trip_08059,stop_020,18:19:00,18:20:00,10,1,Inbound
2025-01-01,Red,trip_08060,stop_021,19:20:00,19:21:00,11,0,Outbound
2025-01-02,Orange,trip_08061,stop_022,20:21:00,20:22:00,12,1,Inbound
2025-01-03,Red,trip_08062,stop_023,21:22:00,21:23:00,13,0,Outbound
2025-01-04,Orange,trip_08063,stop_024,22:23:00,22:24:00,14,1,Inbound
2025-01-05,Red,trip_08064,stop_025,05:24:00,05:25:00,15,0,Outbound
2025-01-06,Orange,trip_08065,stop_026,06:25:00,06:26:00,16,1,Inbound
2025-01-07,Red,trip_08066,stop_027,07:26:00,07:27:00,17,0,Outbound
2025-01-08,Orange,trip_08067,stop_028,08:27:00,08:28:00,18,1,Inbound
2025-01-09,Red,trip_08068,stop_029,09:28:00,09:29:00,19,0,Outbound
2025-01-10,Orange,trip_08069,stop_030,10:29:00,10:30:00,20,1,Inbound
2025-01-11,Red,trip_08070,stop_001,11:30:00,11:31:00,21,0,Outbound
2025-01-12,Orange,trip_08071,stop_002,12:31:00,12:32:00,22,1,Inbound
2025-01-13,Red,trip_08072,stop_003,13:32:00,13:33:00,23,0,Outbound
2025-01-14,Orange,trip_08073,stop_004,14:33:00,14:34:00,24,1,Inbound
2025-01-15,Red,trip_08074,stop_005,15:34:00,15:35:00,25,0,Outbound
2025-01-16,Orange,trip_08075,stop_006,16:35:00,16:36:00,1,1,Inbound
2025-01-17,Red,trip_08076,stop_007,17:36:00,17:37:00,2,0,Outbound
2025-01-18,Orange,trip_08077,stop_008,18:37:00,18:38:00,3,1,Inbound
2025-01-19,Red,trip_08078,stop_009,19:38:00,19:39:00,4,0,Outbound
2025-01-20,Orange,trip_08079,stop_010,20:39:00,20:40:00,5,1,Inbound
2025-01-21,Red,trip_08080,stop_011,21:40:00,21:41:00,6,0,Outbound
2025-01-22,Orange,trip_08081,stop_012,22:41:00,22:42:00,7,1,Inbound
2025-01-23,Red,trip_08082,stop_013,05:42:00,05:43:00,8,0,Outbound
2025-01-24,Orange,trip_08083,stop_014,06:43:00,06:44:00,9,1,Inbound
2025-01-25,Red,trip_08084,stop_015,07:44:00,07:45:00,10,0,Outbound
2025-01-26,Orange,trip_08085,stop_016,08:45:00,08:46:00,11,1,Inbound
2025-01-27,Red,trip_08086,stop_017,09:46:00,09:47:00,12,0,Outbound
2025-01-28,Orange,trip_08087,stop_018,10:47:00,10:48:00,13,1,Inbound
2025-01-29,Red,trip_08088,stop_019,11:48:00,11:49:00,14,0,Outbound
2025-01-30,Orange,trip_08089,stop_020,12:49:00,12:50:00,15,1,Inbound
2025-01-31,Red,trip_08090,stop_021,13:50:00,13:51:00,16,0,Outbound
2025-01-01,Orange,trip_08091,stop_022,14:51:00,14:52:00,17,1,Inbound
2025-01-02,Red,trip_08092,stop_023,15:52:00,15:53:00,18,0,Outbound
2025-01-03,Orange,trip_08093,stop_024,16:53:00,16:54:00,19,1,Inbound
2025-01-04,Red,trip_08094,stop_025,17:54:00,17:55:00,20,0,Outbound
2025-01-05,Orange,trip_08095,stop_026,18:55:00,18:56:00,21,1,Inbound
2025-01-06,Red,trip_08096,stop_027,19:56:00,19:57:00,22,0,Outbound
2025-01-07,Orange,trip_08097,stop_028,20:57:00,20:58:00,23,1,Inbound
2025-01-08,Red,trip_08098,stop_029,21:58:00,21:59:00,24,0,Outbound
2025-01-09,Orange,trip_08099,stop_030,22:59:00,22:00:00,25,1,Inbound
2025-01-10,Red,trip_08100,stop_001,05:00:00,05:01:00,1,0,Outbound
2025-01-11,Orange,trip_08101,stop_002,06:01:00,06:02:00,2,1,Inbound
2025-01-12,Red,trip_08102,stop_003,07:02:00,07:03:00,3,0,Outbound
2025-01-13,Orange,trip_08103,stop_004,08:03:00,08:04:00,4,1,Inbound
2025-01-14,Red,trip_08104,stop_005,09:04:00,09:05:00,5,0,Outbound
2025-01-15,Orange,trip_08105,stop_006,10:05:00,10:06:00,6,1,Inbound
2025-01-16,Red,trip_08106,stop_007,11:06:00,11:07:00,7,0,Outbound
2025-01-17,Orange,trip_08107,stop_008,12:07:00,12:08:00,8,1,Inbound
2025-01-18,Red,trip_08108,stop_009,13:08:00,13:09:00,9,0,Outbound
2025-01-19,Orange,trip_08109,stop_010,14:09:00,14:10:00,10,1,Inbound
2025-01-20,Red,trip_08110,stop_011,15:10:00,15:11:00,11,0,Outbound
2025-01-21,Orange,trip_08111,stop_012,16:11:00,16:12:00,12,1,Inbound
2025-01-22,Red,trip_08112,stop_013,17:12:00,17:13:00,13,0,Outbound
2025-01-23,Orange,trip_08113,stop_014,18:13:00,18:14:00,14,1,Inbound
2025-01-24,Red,trip_08114,stop_015,19:14:00,19:15:00,15,0,Outbound
2025-01-25,Orange,trip_08115,stop_016,20:15:00,20:16:00,16,1,Inbound
2025-01-26,Red,trip_08116,stop_017,21:16:00,21:17:00,17,0,Outbound
2025-01-27,Orange,trip_08117,stop_018,22:17:00,22:18:00,18,1,Inbound
2025-01-28,Red,trip_08118,stop_019,05:18:00,05:19:00,19,0,Outbound
2025-01-29,Orange,trip_08119,stop_020,06:19:00,06:20:00,20,1,Inbound
2025-01-30,Red,trip_08120,stop_021,07:20:00,07:21:00,21,0,Outbound
2025-01-31,Orange,trip_08121,stop_022,08:21:00,08:22:00,22,1,Inbound
2025-01-01,Red,trip_08122,stop_023,09:22:00,09:23:00,23,0,Outbound
2025-01-02,Orange,trip_08123,stop_024,10:23:00,10:24:00,24,1,Inbound
2025-01-03,Red,trip_08124,stop_025,11:24:00,11:25:00,25,0,Outbound
2025-01-04,Orange,trip_08125,stop_026,12:25:00,12:26:00,1,1,Inbound
2025-01-05,Red,trip_08126,stop_027,13:26:00,13:27:00,2,0,Outbound
2025-01-06,Orange,trip_08127,stop_028,14:27:00,14:28:00,3,1,Inbound
2025-01-07,Red,trip_08128,stop_029,15:28:00,15:29:00,4,0,Outbound
2025-01-08,Orange,trip_08129,stop_030,16:29:00,16:30:00,5,1,Inbound
2025-01-09,Red,trip_08130,stop_001,17:30:00,17:31:00,6,0,Outbound
2025-01-10,Orange,trip_08131,stop_002,18:31:00,18:32:00,7,1,Inbound
2025-01-11,Red,trip_08132,stop_003,19:32:00,19:33:00,8,0,Outbound
2025-01-12,Orange,trip_08133,stop_004,20:33:00,20:34:00,9,1,Inbound
2025-01-13,Red,trip_08134,stop_005,21:34:00,21:35:00,10,0,Outbound
2025-01-14,Orange,trip_08135,stop_006,22:35:00,22:36:00,11,1,Inbound
2025-01-15,Red,trip_08136,stop_007,05:36:00,05:37:00,12,0,Outbound
2025-01-16,Orange,trip_08137,stop_008,06:37:00,06:38:00,13,1,Inbound
2025-01-17,Red,trip_08138,stop_009,07:38:00,07:39:00,14,0,Outbound
2025-01-18,Orange,trip_08139,stop_010,08:39:00,08:40:00,15,1,Inbound
2025-01-19,Red,trip_08140,stop_011,09:40:00,09:41:00,16,0,Outbound
2025-01-20,Orange,trip_08141,stop_012,10:41:00,10:42:00,17,1,Inbound
2025-01-21,Red,trip_08142,stop_013,11:42:00,11:43:00,18,0,Outbound
2025-01-22,Orange,trip_08143,stop_014,12:43:00,12:44:00,19,1,Inbound
2025-01-23,Red,trip_08144,stop_015,13:44:00,13:45:00,20,0,Outbound
2025-01-24,Orange,trip_08145,stop_016,14:45:00,14:46:00,21,1,Inbound
2025-01-25,Red,trip_08146,stop_017,15:46:00,15:47:00,22,0,Outbound
2025-01-26,Orange,trip_08147,stop_018,16:47:00,16:48:00,23,1,Inbound
2025-01-27,Red,trip_08148,stop_019,17:48:00,17:49:00,24,0,Outbound
2025-01-28,Orange,trip_08149,stop_020,18:49:00,18:50:00,25,1,Inbound
2025-01-29,Red,trip_08150,stop_021,19:50:00,19:51:00,1,0,Outbound
2025-01-30,Orange,trip_08151,stop_022,20:51:00,20:52:00,2,1,Inbound
2025-01-31,Red,trip_08152,stop_023,21:52:00,21:53:00,3,0,Outbound
2025-01-01,Orange,trip_08153,stop_024,22:53:00,22:54:00,4,1,Inbound
2025-01-02,Red,trip_08154,stop_025,05:54:00,05:55:00,5,0,Outbound
2025-01-03,Orange,trip_08155,stop_026,06:55:00,06:56:00,6,1,Inbound
2025-01-04,Red,trip_08156,stop_027,07:56:00,07:57:00,7,0,Outbound
2025-01-05,Orange,trip_08157,stop_028,08:57:00,08:58:00,8,1,Inbound
2025-01-06,Red,trip_08158,stop_029,09:58:00,09:59:00,9,0,Outbound
2025-01-07,Orange,trip_08159,stop_030,10:59:00,10:00:00,10,1,Inbound
2025-01-08,Red,trip_08160,stop_001,11:00:00,11:01:00,11,0,Outbound
2025-01-09,Orange,trip_08161,stop_002,12:01:00,12:02:00,12,1,Inbound
2025-01-10,Red,trip_08162,stop_003,13:02:00,13:03:00,13,0,Outbound
2025-01-11,Orange,trip_08163,stop_004,14:03:00,14:04:00,14,1,Inbound
2025-01-12,Red,trip_08164,stop_005,15:04:00,15:05:00,15,0,Outbound
2025-01-13,Orange,trip_08165,stop_006,16:05:00,16:06:00,16,1,Inbound
2025-01-14,Red,trip_08166,stop_007,17:06:00,17:07:00,17,0,Outbound
2025-01-15,Orange,trip_08167,stop_008,18:07:00,18:08:00,18,1,Inbound
2025-01-16,Red,trip_08168,stop_009,19:08:00,19:09:00,19,0,Outbound
2025-01-17,Orange,trip_08169,stop_010,20:09:00,20:10:00,20,1,Inbound
2025-01-18,Red,trip_08170,stop_011,21:10:00,21:11:00,21,0,Outbound
2025-01-19,Orange,trip_08171,stop_012,22:11:00,22:12:00,22,1,Inbound
2025-01-20,Red,trip_08172,stop_013,05:12:00,05:13:00,23,0,Outbound
2025-01-21,Orange,trip_08173,stop_014,06:13:00,06:14:00,24,1,Inbound
2025-01-22,Red,trip_08174,stop_015,07:14:00,07:15:00,25,0,Outbound
2025-01-23,Orange,trip_08175,stop_016,08:15:00,08:16:00,1,1,Inbound
2025-01-24,Red,trip_08176,stop_017,09:16:00,09:17:00,2,0,Outbound
2025-01-25,Orange,trip_08177,stop_018,10:17:00,10:18:00,3,1,Inbound
2025-01-26,Red,trip_08178,stop_019,11:18:00,11:19:00,4,0,Outbound
2025-01-27,Orange,trip_08179,stop_020,12:19:00,12:20:00,5,1,Inbound
2025-01-28,Red,trip_08180,stop_021,13:20:00,13:21:00,6,0,Outbound
2025-01-29,Orange,trip_08181,stop_022,14:21:00,14:22:00,7,1,Inbound
2025-01-30,Red,trip_08182,stop_023,15:22:00,15:23:00,8,0,Outbound
2025-01-31,Orange,trip_08183,stop_024,16:23:00,16:24:00,9,1,Inbound
2025-01-01,Red,trip_08184,stop_025,17:24:00,17:25:00,10,0,Outbound
2025-01-02,Orange,trip_08185,stop_026,18:25:00,18:26:00,11,1,Inbound
2025-01-03,Red,trip_08186,stop_027,19:26:00,19:27:00,12,0,Outbound
2025-01-04,Orange,trip_08187,stop_028,20:27:00,20:28:00,13,1,Inbound
2025-01-05,Red,trip_08188,stop_029,21:28:00,21:29:00,14,0,Outbound
2025-01-06,Orange,trip_08189,stop_030,22:29:00,22:30:00,15,1,Inbound
2025-01-07,Red,trip_08190,stop_001,05:30:00,05:31:00,16,0,Outbound
2025-01-08,Orange,trip_08191,stop_002,06:31:00,06:32:00,17,1,Inbound
2025-01-09,Red,trip_08192,stop_003,07:32:00,07:33:00,18,0,Outbound
2025-01-10,Orange,trip_08193,stop_004,08:33:00,08:34:00,19,1,Inbound
2025-01-11,Red,trip_08194,stop_005,09:34:00,09:35:00,20,0,Outbound
2025-01-12,Orange,trip_08195,stop_006,10:35:00,10:36:00,21,1,Inbound
2025-01-13,Red,trip_08196,stop_007,11:36:00,11:37:00,22,0,Outbound
2025-01-14,Orange,trip_08197,stop_008,12:37:00,12:38:00,23,1,Inbound
2025-01-15,Red,trip_08198,stop_009,13:38:00,13:39:00,24,0,Outbound
2025-01-16,Orange,trip_08199,stop_010,14:39:00,14:40:00,25,1,Inbound
2025-01-17,Red,trip_08200,stop_011,15:40:00,15:41:00,1,0,Outbound
2025-01-18,Orange,trip_08201,stop_012,16:41:00,16:42:00,2,1,Inbound
2025-01-19,Red,trip_08202,stop_013,17:42:00,17:43:00,3,0,Outbound
2025-01-20,Orange,trip_08203,stop_014,18:43:00,18:44:00,4,1,Inbound
2025-01-21,Red,trip_08204,stop_015,19:44:00,19:45:00,5,0,Outbound
2025-01-22,Orange,trip_08205,stop_016,20:45:00,20:46:00,6,1,Inbound
2025-01-23,Red,trip_08206,stop_017,21:46:00,21:47:00,7,0,Outbound
2025-01-24,Orange,trip_08207,stop_018,22:47:00,22:48:00,8,1,Inbound
2025-01-25,Red,trip_08208,stop_019,05:48:00,05:49:00,9,0,Outbound
2025-01-26,Orange,trip_08209,stop_020,06:49:00,06:50:00,10,1,Inbound
2025-01-27,Red,trip_08210,stop_021,07:50:00,07:51:00,11,0,Outbound
2025-01-28,Orange,trip_08211,stop_022,08:51:00,08:52:00,12,1,Inbound
2025-01-29,Red,trip_08212,stop_023,09:52:00,09:53:00,13,0,Outbound
2025-01-30,Orange,trip_08213,stop_024,10:53:00,10:54:00,14,1,Inbound
2025-01-31,Red,trip_08214,stop_025,11:54:00,11:55:00,15,0,Outbound
2025-01-01,Orange,trip_08215,stop_026,12:55:00,12:56:00,16,1,Inbound
2025-01-02,Red,trip_08216,stop_027,13:56:00,13:57:00,17,0,Outbound
2025-01-03,Orange,trip_08217,stop_028,14:57:00,14:58:00,18,1,Inbound
2025-01-04,Red,trip_08218,stop_029,15:58:00,15:59:00,19,0,Outbound
2025-01-05,Orange,trip_08219,stop_030,16:59:00,16:00:00,20,1,Inbound
2025-01-06,Red,trip_08220,stop_001,17:00:00,17:01:00,21,0,Outbound
2025-01-07,Orange,trip_08221,stop_002,18:01:00,18:02:00,22,1,Inbound
2025-01-08,Red,trip_08222,stop_003,19:02:00,19:03:00,23,0,Outbound
2025-01-09,Orange,trip_08223,stop_004,20:03:00,20:04:00,24,1,Inbound
2025-01-10,Red,trip_08224,stop_005,21:04:00,21:05:00,25,0,Outbound
2025-01-11,Orange,trip_08225,stop_006,22:05:00,22:06:00,1,1,Inbound
2025-01-12,Red,trip_08226,stop_007,05:06:00,05:07:00,2,0,Outbound
2025-01-13,Orange,trip_08227,stop_008,06:07:00,06:08:00,3,1,Inbound
2025-01-14,Red,trip_08228,stop_009,07:08:00,07:09:00,4,0,Outbound
2025-01-15,Orange,trip_08229,stop_010,08:09:00,08:10:00,5,1,Inbound
2025-01-16,Red,trip_08230,stop_011,09:10:00,09:11:00,6,0,Outbound
2025-01-17,Orange,trip_08231,stop_012,10:11:00,10:12:00,7,1,Inbound
2025-01-18,Red,trip_08232,stop_013,11:12:00,11:13:00,8,0,Outbound
2025-01-19,Orange,trip_08233,stop_014,12:13:00,12:14:00,9,1,Inbound
2025-01-20,Red,trip_08234,stop_015,13:14:00,13:15:00,10,0,Outbound
2025-01-21,Orange,trip_08235,stop_016,14:15:00,14:16:00,11,1,Inbound
2025-01-22,Red,trip_08236,stop_017,15:16:00,15:17:00,12,0,Outbound
2025-01-23,Orange,trip_08237,stop_018,16:17:00,16:18:00,13,1,Inbound
2025-01-24,Red,trip_08238,stop_019,17:18:00,17:19:00,14,0,Outbound
2025-01-25,Orange,trip_08239,stop_020,18:19:00,18:20:00,15,1,Inbound
2025-01-26,Red,trip_08240,stop_021,19:20:00,19:21:00,16,0,Outbound
2025-01-27,Orange,trip_08241,stop_022,20:21:00,20:22:00,17,1,Inbound
2025-01-28,Red,trip_08242,stop_023,21:22:00,21:23:00,18,0,Outbound
2025-01-29,Orange,trip_08243,stop_024,22:23:00,22:24:00,19,1,Inbound
2025-01-30,Red,trip_08244,stop_025,05:24:00,05:25:00,20,0,Outbound
2025-01-31,Orange,trip_08245,stop_026,06:25:00,06:26:00,21,1,Inbound
2025-01-01,Red,trip_08246,stop_027,07:26:00,07:27:00,22,0,Outbound
2025-01-02,Orange,trip_08247,stop_028,08:27:00,08:28:00,23,1,Inbound
2025-01-03,Red,trip_08248,stop_029,09:28:00,09:29:00,24,0,Outbound
2025-01-04,Orange,trip_08249,stop_030,10:29:00,10:30:00,25,1,Inbound
2025-01-05,Red,trip_08250,stop_001,11:30:00,11:31:00,1,0,Outbound
2025-01-06,Orange,trip_08251,stop_002,12:31:00,12:32:00,2,1,Inbound
2025-01-07,Red,trip_08252,stop_003,13:32:00,13:33:00,3,0,Outbound
2025-01-08,Orange,trip_08253,stop_004,14:33:00,14:34:00,4,1,Inbound
2025-01-09,Red,trip_08254,stop_005,15:34:00,15:35:00,5,0,Outbound
2025-01-10,Orange,trip_08255,stop_006,16:35:00,16:36:00,6,1,Inbound
2025-01-11,Red,trip_08256,stop_007,17:36:00,17:37:00,7,0,Outbound
2025-01-12,Orange,trip_08257,stop_008,18:37:00,18:38:00,8,1,Inbound
2025-01-13,Red,trip_08258,stop_009,19:38:00,19:39:00,9,0,Outbound
2025-01-14,Orange,trip_08259,stop_010,20:39:00,20:40:00,10,1,Inbound
2025-01-15,Red,trip_08260,stop_011,21:40:00,21:41:00,11,0,Outbound
2025-01-16,Orange,trip_08261,stop_012,22:41:00,22:42:00,12,1,Inbound
2025-01-17,Red,trip_08262,stop_013,05:42:00,05:43:00,13,0,Outbound
2025-01-18,Orange,trip_08263,stop_014,06:43:00,06:44:00,14,1,Inbound
2025-01-19,Red,trip_08264,stop_015,07:44:00,07:45:00,15,0,Outbound
2025-01-20,Orange,trip_08265,stop_016,08:45:00,08:46:00,16,1,Inbound
2025-01-21,Red,trip_08266,stop_017,09:46:00,09:47:00,17,0,Outbound
2025-01-22,Orange,trip_08267,stop_018,10:47:00,10:48:00,18,1,Inbound
2025-01-23,Red,trip_08268,stop_019,11:48:00,11:49:00,19,0,Outbound
2025-01-24,Orange,trip_08269,stop_020,12:49:00,12:50:00,20,1,Inbound
2025-01-25,Red,trip_08270,stop_021,13:50:00,13:51:00,21,0,Outbound
2025-01-26,Orange,trip_08271,stop_022,14:51:00,14:52:00,22,1,Inbound
2025-01-27,Red,trip_08272,stop_023,15:52:00,15:53:00,23,0,Outbound
2025-01-28,Orange,trip_08273,stop_024,16:53:00,16:54:00,24,1,Inbound
2025-01-29,Red,trip_08274,stop_025,17:54:00,17:55:00,25,0,Outbound
2025-01-30,Orange,trip_08275,stop_026,18:55:00,18:56:00,1,1,Inbound
2025-01-31,Red,trip_08276,stop_027,19:56:00,19:57:00,2,0,Outbound
2025-01-01,Orange,trip_08277,stop_028,20:57:00,20:58:00,3,1,Inbound
2025-01-02,Red,trip_08278,stop_029,21:58:00,21:59:00,4,0,Outbound
2025-01-03,Orange,trip_08279,stop_030,22:59:00,22:00:00,5,1,Inbound
2025-01-04,Red,trip_08280,stop_001,05:00:00,05:01:00,6,0,Outbound
2025-01-05,Orange,trip_08281,stop_002,06:01:00,06:02:00,7,1,Inbound
2025-01-06,Red,trip_08282,stop_003,07:02:00,07:03:00,8,0,Outbound
2025-01-07,Orange,trip_08283,stop_004,08:03:00,08:04:00,9,1,Inbound
2025-01-08,Red,trip_08284,stop_005,09:04:00,09:05:00,10,0,Outbound
2025-01-09,Orange,trip_08285,stop_006,10:05:00,10:06:00,11,1,Inbound
2025-01-10,Red,trip_08286,stop_007,11:06:00,11:07:00,12,0,Outbound
2025-01-11,Orange,trip_08287,stop_008,12:07:00,12:08:00,13,1,Inbound
2025-01-12,Red,trip_08288,stop_009,13:08:00,13:09:00,14,0,Outbound
2025-01-13,Orange,trip_08289,stop_010,14:09:00,14:10:00,15,1,Inbound
2025-01-14,Red,trip_08290,stop_011,15:10:00,15:11:00,16,0,Outbound
2025-01-15,Orange,trip_08291,stop_012,16:11:00,16:12:00,17,1,Inbound
2025-01-16,Red,trip_08292,stop_013,17:12:00,17:13:00,18,0,Outbound
2025-01-17,Orange,trip_08293,stop_014,18:13:00,18:14:00,19,1,Inbound
2025-01-18,Red,trip_08294,stop_015,19:14:00,19:15:00,20,0,Outbound
2025-01-19,Orange,trip_08295,stop_016,20:15:00,20:16:00,21,1,Inbound
2025-01-20,Red,trip_08296,stop_017,21:16:00,21:17:00,22,0,Outbound
2025-01-21,Orange,trip_08297,stop_018,22:17:00,22:18:00,23,1,Inbound
2025-01-22,Red,trip_08298,stop_019,05:18:00,05:19:00,24,0,Outbound
2025-01-23,Orange,trip_08299,stop_020,06:19:00,06:20:00,25,1,Inbound
2025-01-24,Red,trip_08300,stop_021,07:20:00,07:21:00,1,0,Outbound
2025-01-25,Orange,trip_08301,stop_022,08:21:00,08:22:00,2,1,Inbound
2025-01-26,Red,trip_08302,stop_023,09:22:00,09:23:00,3,0,Outbound
2025-01-27,Orange,trip_08303,stop_024,10:23:00,10:24:00,4,1,Inbound
2025-01-28,Red,trip_08304,stop_025,11:24:00,11:25:00,5,0,Outbound
2025-01-29,Orange,trip_08305,stop_026,12:25:00,12:26:00,6,1,Inbound
2025-01-30,Red,trip_08306,stop_027,13:26:00,13:27:00,7,0,Outbound
2025-01-31,Orange,trip_08307,stop_028,14:27:00,14:28:00,8,1,Inbound
2025-01-01,Red,trip_08308,stop_029,15:28:00,15:29:00,9,0,Outbound
2025-01-02,Orange,trip_08309,stop_030,16:29:00,16:30:00,10,1,Inbound
2025-01-03,Red,trip_08310,stop_001,17:30:00,17:31:00,11,0,Outbound
2025-01-04,Orange,trip_08311,stop_002,18:31:00,18:32:00,12,1,Inbound
2025-01-05,Red,trip_08312,stop_003,19:32:00,19:33:00,13,0,Outbound
2025-01-06,Orange,trip_08313,stop_004,20:33:00,20:34:00,14,1,Inbound
2025-01-07,Red,trip_08314,stop_005,21:34:00,21:35:00,15,0,Outbound
2025-01-08,Orange,trip_08315,stop_006,22:35:00,22:36:00,16,1,Inbound
2025-01-09,Red,trip_08316,stop_007,05:36:00,05:37:00,17,0,Outbound
2025-01-10,Orange,trip_08317,stop_008,06:37:00,06:38:00,18,1,Inbound
2025-01-11,Red,trip_08318,stop_009,07:38:00,07:39:00,19,0,Outbound
2025-01-12,Orange,trip_08319,stop_010,08:39:00,08:40:00,20,1,Inbound
2025-01-13,Red,trip_08320,stop_011,09:40:00,09:41:00,21,0,Outbound
2025-01-14,Orange,trip_08321,stop_012,10:41:00,10:42:00,22,1,Inbound
2025-01-15,Red,trip_08322,stop_013,11:42:00,11:43:00,23,0,Outbound
2025-01-16,Orange,trip_08323,stop_014,12:43:00,12:44:00,24,1,Inbound
2025-01-17,Red,trip_08324,stop_015,13:44:00,13:45:00,25,0,Outbound
2025-01-18,Orange,trip_08325,stop_016,14:45:00,14:46:00,1,1,Inbound
2025-01-19,Red,trip_08326,stop_017,15:46:00,15:47:00,2,0,Outbound
2025-01-20,Orange,trip_08327,stop_018,16:47:00,16:48:00,3,1,Inbound
2025-01-21,Red,trip_08328,stop_019,17:48:00,17:49:00,4,0,Outbound
2025-01-22,Orange,trip_08329,stop_020,18:49:00,18:50:00,5,1,Inbound
2025-01-23,Red,trip_08330,stop_021,19:50:00,19:51:00,6,0,Outbound
2025-01-24,Orange,trip_08331,stop_022,20:51:00,20:52:00,7,1,Inbound
2025-01-25,Red,trip_08332,stop_023,21:52:00,21:53:00,8,0,Outbound
2025-01-26,Orange,trip_08333,stop_024,22:53:00,22:54:00,9,1,Inbound
2025-01-27,Red,trip_08334,stop_025,05:54:00,05:55:00,10,0,Outbound
2025-01-28,Orange,trip_08335,stop_026,06:55:00,06:56:00,11,1,Inbound
2025-01-29,Red,trip_08336,stop_027,07:56:00,07:57:00,12,0,Outbound
2025-01-30,Orange,trip_08337,stop_028,08:57:00,08:58:00,13,1,Inbound
2025-01-31,Red,trip_08338,stop_029,09:58:00,09:59:00,14,0,Outbound
2025-01-01,Orange,trip_08339,stop_030,10:59:00,10:00:00,15,1,Inbound
2025-01-02,Red,trip_08340,stop_001,11:00:00,11:01:00,16,0,Outbound
2025-01-03,Orange,trip_08341,stop_002,12:01:00,12:02:00,17,1,Inbound
2025-01-04,Red,trip_08342,stop_003,13:02:00,13:03:00,18,0,Outbound
2025-01-05,Orange,trip_08343,stop_004,14:03:00,14:04:00,19,1,Inbound
2025-01-06,Red,trip_08344,stop_005,15:04:00,15:05:00,20,0,Outbound
2025-01-07,Orange,trip_08345,stop_006,16:05:00,16:06:00,21,1,Inbound
2025-01-08,Red,trip_08346,stop_007,17:06:00,17:07:00,22,0,Outbound
2025-01-09,Orange,trip_08347,stop_008,18:07:00,18:08:00,23,1,Inbound
2025-01-10,Red,trip_08348,stop_009,19:08:00,19:09:00,24,0,Outbound
2025-01-11,Orange,trip_08349,stop_010,20:09:00,20:10:00,25,1,Inbound
2025-01-12,Red,trip_08350,stop_011,21:10:00,21:11:00,1,0,Outbound
2025-01-13,Orange,trip_08351,stop_012,22:11:00,22:12:00,2,1,Inbound
2025-01-14,Red,trip_08352,stop_013,05:12:00,05:13:00,3,0,Outbound
2025-01-15,Orange,trip_08353,stop_014,06:13:00,06:14:00,4,1,Inbound
2025-01-16,Red,trip_08354,stop_015,07:14:00,07:15:00,5,0,Outbound
2025-01-17,Orange,trip_08355,stop_016,08:15:00,08:16:00,6,1,Inbound
2025-01-18,Red,trip_08356,stop_017,09:16:00,09:17:00,7,0,Outbound
2025-01-19,Orange,trip_08357,stop_018,10:17:00,10:18:00,8,1,Inbound
2025-01-20,Red,trip_08358,stop_019,11:18:00,11:19:00,9,0,Outbound
2025-01-21,Orange,trip_08359,stop_020,12:19:00,12:20:00,10,1,Inbound
2025-01-22,Red,trip_08360,stop_021,13:20:00,13:21:00,11,0,Outbound
2025-01-23,Orange,trip_08361,stop_022,14:21:00,14:22:00,12,1,Inbound
2025-01-24,Red,trip_08362,stop_023,15:22:00,15:23:00,13,0,Outbound
2025-01-25,Orange,trip_08363,stop_024,16:23:00,16:24:00,14,1,Inbound
2025-01-26,Red,trip_08364,stop_025,17:24:00,17:25:00,15,0,Outbound
2025-01-27,Orange,trip_08365,stop_026,18:25:00,18:26:00,16,1,Inbound
2025-01-28,Red,trip_08366,stop_027,19:26:00,19:27:00,17,0,Outbound
2025-01-29,Orange,trip_08367,stop_028,20:27:00,20:28:00,18,1,Inbound
2025-01-30,Red,trip_08368,stop_029,21:28:00,21:29:00,19,0,Outbound
2025-01-31,Orange,trip_08369,stop_030,22:29:00,22:30:00,20,1,Inbound
2025-01-01,Red,trip_08370,stop_001,05:30:00,05:31:00,21,0,Outbound
2025-01-02,Orange,trip_08371,stop_002,06:31:00,06:32:00,22,1,Inbound
2025-01-03,Red,trip_08372,stop_003,07:32:00,07:33:00,23,0,Outbound
2025-01-04,Orange,trip_08373,stop_004,08:33:00,08:34:00,24,1,Inbound
2025-01-05,Red,trip_08374,stop_005,09:34:00,09:35:00,25,0,Outbound
2025-01-06,Orange,trip_08375,stop_006,10:35:00,10:36:00,1,1,Inbound
2025-01-07,Red,trip_08376,stop_007,11:36:00,11:37:00,2,0,Outbound
2025-01-08,Orange,trip_08377,stop_008,12:37:00,12:38:00,3,1,Inbound
2025-01-09,Red,trip_08378,stop_009,13:38:00,13:39:00,4,0,Outbound
2025-01-10,Orange,trip_08379,stop_010,14:39:00,14:40:00,5,1,Inbound
2025-01-11,Red,trip_08380,stop_011,15:40:00,15:41:00,6,0,Outbound
2025-01-12,Orange,trip_08381,stop_012,16:41:00,16:42:00,7,1,Inbound
2025-01-13,Red,trip_08382,stop_013,17:42:00,17:43:00,8,0,Outbound
2025-01-14,Orange,trip_08383,stop_014,18:43:00,18:44:00,9,1,Inbound
2025-01-15,Red,trip_08384,stop_015,19:44:00,19:45:00,10,0,Outbound
2025-01-16,Orange,trip_08385,stop_016,20:45:00,20:46:00,11,1,Inbound
2025-01-17,Red,trip_08386,stop_017,21:46:00,21:47:00,12,0,Outbound
2025-01-18,Orange,trip_08387,stop_018,22:47:00,22:48:00,13,1,Inbound
2025-01-19,Red,trip_08388,stop_019,05:48:00,05:49:00,14,0,Outbound
2025-01-20,Orange,trip_08389,stop_020,06:49:00,06:50:00,15,1,Inbound
2025-01-21,Red,trip_08390,stop_021,07:50:00,07:51:00,16,0,Outbound
2025-01-22,Orange,trip_08391,stop_022,08:51:00,08:52:00,17,1,Inbound
2025-01-23,Red,trip_08392,stop_023,09:52:00,09:53:00,18,0,Outbound
2025-01-24,Orange,trip_08393,stop_024,10:53:00,10:54:00,19,1,Inbound
2025-01-25,Red,trip_08394,stop_025,11:54:00,11:55:00,20,0,Outbound
2025-01-26,Orange,trip_08395,stop_026,12:55:00,12:56:00,21,1,Inbound
2025-01-27,Red,trip_08396,stop_027,13:56:00,13:57:00,22,0,Outbound
2025-01-28,Orange,trip_08397,stop_028,14:57:00,14:58:00,23,1,Inbound
2025-01-29,Red,trip_08398,stop_029,15:58:00,15:59:00,24,0,Outbound
2025-01-30,Orange,trip_08399,stop_030,16:59:00,16:00:00,25,1,Inbound
2025-01-31,Red,trip_08400,stop_001,17:00:00,17:01:00,1,0,Outbound
2025-01-01,Orange,trip_08401,stop_002,18:01:00,18:02:00,2,1,Inbound
2025-01-02,Red,trip_08402,stop_003,19:02:00,19:03:00,3,0,Outbound
2025-01-03,Orange,trip_08403,stop_004,20:03:00,20:04:00,4,1,Inbound
2025-01-04,Red,trip_08404,stop_005,21:04:00,21:05:00,5,0,Outbound
2025-01-05,Orange,trip_08405,stop_006,22:05:00,22:06:00,6,1,Inbound
2025-01-06,Red,trip_08406,stop_007,05:06:00,05:07:00,7,0,Outbound
2025-01-07,Orange,trip_08407,stop_008,06:07:00,06:08:00,8,1,Inbound
2025-01-08,Red,trip_08408,stop_009,07:08:00,07:09:00,9,0,Outbound
2025-01-09,Orange,trip_08409,stop_010,08:09:00,08:10:00,10,1,Inbound
2025-01-10,Red,trip_08410,stop_011,09:10:00,09:11:00,11,0,Outbound
2025-01-11,Orange,trip_08411,stop_012,10:11:00,10:12:00,12,1,Inbound
2025-01-12,Red,trip_08412,stop_013,11:12:00,11:13:00,13,0,Outbound
2025-01-13,Orange,trip_08413,stop_014,12:13:00,12:14:00,14,1,Inbound
2025-01-14,Red,trip_08414,stop_015,13:14:00,13:15:00,15,0,Outbound
2025-01-15,Orange,trip_08415,stop_016,14:15:00,14:16:00,16,1,Inbound
2025-01-16,Red,trip_08416,stop_017,15:16:00,15:17:00,17,0,Outbound
2025-01-17,Orange,trip_08417,stop_018,16:17:00,16:18:00,18,1,Inbound
2025-01-18,Red,trip_08418,stop_019,17:18:00,17:19:00,19,0,Outbound
2025-01-19,Orange,trip_08419,stop_020,18:19:00,18:20:00,20,1,Inbound
2025-01-20,Red,trip_08420,stop_021,19:20:00,19:21:00,21,0,Outbound
2025-01-21,Orange,trip_08421,stop_022,20:21:00,20:22:00,22,1,Inbound
2025-01-22,Red,trip_08422,stop_023,21:22:00,21:23:00,23,0,Outbound
2025-01-23,Orange,trip_08423,stop_024,22:23:00,22:24:00,24,1,Inbound
2025-01-24,Red,trip_08424,stop_025,05:24:00,05:25:00,25,0,Outbound
2025-01-25,Orange,trip_08425,stop_026,06:25:00,06:26:00,1,1,Inbound
2025-01-26,Red,trip_08426,stop_027,07:26:00,07:27:00,2,0,Outbound
2025-01-27,Orange,trip_08427,stop_028,08:27:00,08:28:00,3,1,Inbound
2025-01-28,Red,trip_08428,stop_029,09:28:00,09:29:00,4,0,Outbound
2025-01-29,Orange,trip_08429,stop_030,10:29:00,10:30:00,5,1,Inbound
2025-01-30,Red,trip_08430,stop_001,11:30:00,11:31:00,6,0,Outbound
2025-01-31,Orange,trip_08431,stop_002,12:31:00,12:32:00,7,1,Inbound
2025-01-01,Red,trip_08432,stop_003,13:32:00,13:33:00,8,0,Outbound
2025-01-02,Orange,trip_08433,stop_004,14:33:00,14:34:00,9,1,Inbound
2025-01-03,Red,trip_08434,stop_005,15:34:00,15:35:00,10,0,Outbound
2025-01-04,Orange,trip_08435,stop_006,16:35:00,16:36:00,11,1,Inbound
2025-01-05,Red,trip_08436,stop_007,17:36:00,17:37:00,12,0,Outbound
2025-01-06,Orange,trip_08437,stop_008,18:37:00,18:38:00,13,1,Inbound
2025-01-07,Red,trip_08438,stop_009,19:38:00,19:39:00,14,0,Outbound
2025-01-08,Orange,trip_08439,stop_010,20:39:00,20:40:00,15,1,Inbound
2025-01-09,Red,trip_08440,stop_011,21:40:00,21:41:00,16,0,Outbound
2025-01-10,Orange,trip_08441,stop_012,22:41:00,22:42:00,17,1,Inbound
2025-01-11,Red,trip_08442,stop_013,05:42:00,05:43:00,18,0,Outbound
2025-01-12,Orange,trip_08443,stop_014,06:43:00,06:44:00,19,1,Inbound
2025-01-13,Red,trip_08444,stop_015,07:44:00,07:45:00,20,0,Outbound
2025-01-14,Orange,trip_08445,stop_016,08:45:00,08:46:00,21,1,Inbound
2025-01-15,Red,trip_08446,stop_017,09:46:00,09:47:00,22,0,Outbound
2025-01-16,Orange,trip_08447,stop_018,10:47:00,10:48:00,23,1,Inbound
2025-01-17,Red,trip_08448,stop_019,11:48:00,11:49:00,24,0,Outbound
2025-01-18,Orange,trip_08449,stop_020,12:49:00,12:50:00,25,1,Inbound
2025-01-19,Red,trip_08450,stop_021,13:50:00,13:51:00,1,0,Outbound
2025-01-20,Orange,trip_08451,stop_022,14:51:00,14:52:00,2,1,Inbound
2025-01-21,Red,trip_08452,stop_023,15:52:00,15:53:00,3,0,Outbound
2025-01-22,Orange,trip_08453,stop_024,16:53:00,16:54:00,4,1,Inbound
2025-01-23,Red,trip_08454,stop_025,17:54:00,17:55:00,5,0,Outbound
2025-01-24,Orange,trip_08455,stop_026,18:55:00,18:56:00,6,1,Inbound
2025-01-25,Red,trip_08456,stop_027,19:56:00,19:57:00,7,0,Outbound
2025-01-26,Orange,trip_08457,stop_028,20:57:00,20:58:00,8,1,Inbound
2025-01-27,Red,trip_08458,stop_029,21:58:00,21:59:00,9,0,Outbound
2025-01-28,Orange,trip_08459,stop_030,22:59:00,22:00:00,10,1,Inbound
2025-01-29,Red,trip_08460,stop_001,05:00:00,05:01:00,11,0,Outbound
2025-01-30,Orange,trip_08461,stop_002,06:01:00,06:02:00,12,1,Inbound
2025-01-31,Red,trip_08462,stop_003,07:02:00,07:03:00,13,0,Outbound
2025-01-01,Orange,trip_08463,stop_004,08:03:00,08:04:00,14,1,Inbound
2025-01-02,Red,trip_08464,stop_005,09:04:00,09:05:00,15,0,Outbound
2025-01-03,Orange,trip_08465,stop_006,10:05:00,10:06:00,16,1,Inbound
2025-01-04,Red,trip_08466,stop_007,11:06:00,11:07:00,17,0,Outbound
2025-01-05,Orange,trip_08467,stop_008,12:07:00,12:08:00,18,1,Inbound
2025-01-06,Red,trip_08468,stop_009,13:08:00,13:09:00,19,0,Outbound
2025-01-07,Orange,trip_08469,stop_010,14:09:00,14:10:00,20,1,Inbound
2025-01-08,Red,trip_08470,stop_011,15:10:00,15:11:00,21,0,Outbound
2025-01-09,Orange,trip_08471,stop_012,16:11:00,16:12:00,22,1,Inbound
2025-01-10,Red,trip_08472,stop_013,17:12:00,17:13:00,23,0,Outbound
2025-01-11,Orange,trip_08473,stop_014,18:13:00,18:14:00,24,1,Inbound
2025-01-12,Red,trip_08474,stop_015,19:14:00,19:15:00,25,0,Outbound
2025-01-13,Orange,trip_08475,stop_016,20:15:00,20:16:00,1,1,Inbound
2025-01-14,Red,trip_08476,stop_017,21:16:00,21:17:00,2,0,Outbound
2025-01-15,Orange,trip_08477,stop_018,22:17:00,22:18:00,3,1,Inbound
2025-01-16,Red,trip_08478,stop_019,05:18:00,05:19:00,4,0,Outbound
2025-01-17,Orange,trip_08479,stop_020,06:19:00,06:20:00,5,1,Inbound
2025-01-18,Red,trip_08480,stop_021,07:20:00,07:21:00,6,0,Outbound
2025-01-19,Orange,trip_08481,stop_022,08:21:00,08:22:00,7,1,Inbound
2025-01-20,Red,trip_08482,stop_023,09:22:00,09:23:00,8,0,Outbound
2025-01-21,Orange,trip_08483,stop_024,10:23:00,10:24:00,9,1,Inbound
2025-01-22,Red,trip_08484,stop_025,11:24:00,11:25:00,10,0,Outbound
2025-01-23,Orange,trip_08485,stop_026,12:25:00,12:26:00,11,1,Inbound
2025-01-24,Red,trip_08486,stop_027,13:26:00,13:27:00,12,0,Outbound
2025-01-25,Orange,trip_08487,stop_028,14:27:00,14:28:00,13,1,Inbound
2025-01-26,Red,trip_08488,stop_029,15:28:00,15:29:00,14,0,Outbound
2025-01-27,Orange,trip_08489,stop_030,16:29:00,16:30:00,15,1,Inbound
2025-01-28,Red,trip_08490,stop_001,17:30:00,17:31:00,16,0,Outbound
2025-01-29,Orange,trip_08491,stop_002,18:31:00,18:32:00,17,1,Inbound
2025-01-30,Red,trip_08492,stop_003,19:32:00,19:33:00,18,0,Outbound
2025-01-31,Orange,trip_08493,stop_004,20:33:00,20:34:00,19,1,Inbound
2025-01-01,Red,trip_08494,stop_005,21:34:00,21:35:00,20,0,Outbound
2025-01-02,Orange,trip_08495,stop_006,22:35:00,22:36:00,21,1,Inbound
2025-01-03,Red,trip_08496,stop_007,05:36:00,05:37:00,22,0,Outbound
2025-01-04,Orange,trip_08497,stop_008,06:37:00,06:38:00,23,1,Inbound
2025-01-05,Red,trip_08498,stop_009,07:38:00,07:39:00,24,0,Outbound
2025-01-06,Orange,trip_08499,stop_010,08:39:00,08:40:00,25,1,Inbound
2025-01-07,Red,trip_08500,stop_011,09:40:00,09:41:00,1,0,Outbound
2025-01-08,Orange,trip_08501,stop_012,10:41:00,10:42:00,2,1,Inbound
2025-01-09,Red,trip_08502,stop_013,11:42:00,11:43:00,3,0,Outbound
2025-01-10,Orange,trip_08503,stop_014,12:43:00,12:44:00,4,1,Inbound
2025-01-11,Red,trip_08504,stop_015,13:44:00,13:45:00,5,0,Outbound
2025-01-12,Orange,trip_08505,stop_016,14:45:00,14:46:00,6,1,Inbound
2025-01-13,Red,trip_08506,stop_017,15:46:00,15:47:00,7,0,Outbound
2025-01-14,Orange,trip_08507,stop_018,16:47:00,16:48:00,8,1,Inbound
2025-01-15,Red,trip_08508,stop_019,17:48:00,17:49:00,9,0,Outbound
2025-01-16,Orange,trip_08509,stop_020,18:49:00,18:50:00,10,1,Inbound
2025-01-17,Red,trip_08510,stop_021,19:50:00,19:51:00,11,0,Outbound
2025-01-18,Orange,trip_08511,stop_022,20:51:00,20:52:00,12,1,Inbound
2025-01-19,Red,trip_08512,stop_023,21:52:00,21:53:00,13,0,Outbound
2025-01-20,Orange,trip_08513,stop_024,22:53:00,22:54:00,14,1,Inbound
2025-01-21,Red,trip_08514,stop_025,05:54:00,05:55:00,15,0,Outbound
2025-01-22,Orange,trip_08515,stop_026,06:55:00,06:56:00,16,1,Inbound
2025-01-23,Red,trip_08516,stop_027,07:56:00,07:57:00,17,0,Outbound
2025-01-24,Orange,trip_08517,stop_028,08:57:00,08:58:00,18,1,Inbound
2025-01-25,Red,trip_08518,stop_029,09:58:00,09:59:00,19,0,Outbound
2025-01-26,Orange,trip_08519,stop_030,10:59:00,10:00:00,20,1,Inbound
2025-01-27,Red,trip_08520,stop_001,11:00:00,11:01:00,21,0,Outbound
2025-01-28,Orange,trip_08521,stop_002,12:01:00,12:02:00,22,1,Inbound
2025-01-29,Red,trip_08522,stop_003,13:02:00,13:03:00,23,0,Outbound
2025-01-30,Orange,trip_08523,stop_004,14:03:00,14:04:00,24,1,Inbound
2025-01-31,Red,trip_08524,stop_005,15:04:00,15:05:00,25,0,Outbound
2025-01-01,Orange,trip_08525,stop_006,16:05:00,16:06:00,1,1,Inbound
2025-01-02,Red,trip_08526,stop_007,17:06:00,17:07:00,2,0,Outbound
2025-01-03,Orange,trip_08527,stop_008,18:07:00,18:08:00,3,1,Inbound
2025-01-04,Red,trip_08528,stop_009,19:08:00,19:09:00,4,0,Outbound
2025-01-05,Orange,trip_08529,stop_010,20:09:00,20:10:00,5,1,Inbound
2025-01-06,Red,trip_08530,stop_011,21:10:00,21:11:00,6,0,Outbound
2025-01-07,Orange,trip_08531,stop_012,22:11:00,22:12:00,7,1,Inbound
2025-01-08,Red,trip_08532,stop_013,05:12:00,05:13:00,8,0,Outbound
2025-01-09,Orange,trip_08533,stop_014,06:13:00,06:14:00,9,1,Inbound
2025-01-10,Red,trip_08534,stop_015,07:14:00,07:15:00,10,0,Outbound
2025-01-11,Orange,trip_08535,stop_016,08:15:00,08:16:00,11,1,Inbound
2025-01-12,Red,trip_08536,stop_017,09:16:00,09:17:00,12,0,Outbound
2025-01-13,Orange,trip_08537,stop_018,10:17:00,10:18:00,13,1,Inbound
2025-01-14,Red,trip_08538,stop_019,11:18:00,11:19:00,14,0,Outbound
2025-01-15,Orange,trip_08539,stop_020,12:19:00,12:20:00,15,1,Inbound
2025-01-16,Red,trip_08540,stop_021,13:20:00,13:21:00,16,0,Outbound
2025-01-17,Orange,trip_08541,stop_022,14:21:00,14:22:00,17,1,Inbound
2025-01-18,Red,trip_08542,stop_023,15:22:00,15:23:00,18,0,Outbound
2025-01-19,Orange,trip_08543,stop_024,16:23:00,16:24:00,19,1,Inbound
2025-01-20,Red,trip_08544,stop_025,17:24:00,17:25:00,20,0,Outbound
2025-01-21,Orange,trip_08545,stop_026,18:25:00,18:26:00,21,1,Inbound
2025-01-22,Red,trip_08546,stop_027,19:26:00,19:27:00,22,0,Outbound
2025-01-23,Orange,trip_08547,stop_028,20:27:00,20:28:00,23,1,Inbound
2025-01-24,Red,trip_08548,stop_029,21:28:00,21:29:00,24,0,Outbound
2025-01-25,Orange,trip_08549,stop_030,22:29:00,22:30:00,25,1,Inbound
2025-01-26,Red,trip_08550,stop_001,05:30:00,05:31:00,1,0,Outbound
2025-01-27,Orange,trip_08551,stop_002,06:31:00,06:32:00,2,1,Inbound
2025-01-28,Red,trip_08552,stop_003,07:32:00,07:33:00,3,0,Outbound
2025-01-29,Orange,trip_08553,stop_004,08:33:00,08:34:00,4,1,Inbound
2025-01-30,Red,trip_08554,stop_005,09:34:00,09:35:00,5,0,Outbound
2025-01-31,Orange,trip_08555,stop_006,10:35:00,10:36:00,6,1,Inbound
2025-01-01,Red,trip_08556,stop_007,11:36:00,11:37:00,7,0,Outbound
2025-01-02,Orange,trip_08557,stop_008,12:37:00,12:38:00,8,1,Inbound
2025-01-03,Red,trip_08558,stop_009,13:38:00,13:39:00,9,0,Outbound
2025-01-04,Orange,trip_08559,stop_010,14:39:00,14:40:00,10,1,Inbound
2025-01-05,Red,trip_08560,stop_011,15:40:00,15:41:00,11,0,Outbound
2025-01-06,Orange,trip_08561,stop_012,16:41:00,16:42:00,12,1,Inbound
2025-01-07,Red,trip_08562,stop_013,17:42:00,17:43:00,13,0,Outbound
2025-01-08,Orange,trip_08563,stop_014,18:43:00,18:44:00,14,1,Inbound
2025-01-09,Red,trip_08564,stop_015,19:44:00,19:45:00,15,0,Outbound
2025-01-10,Orange,trip_08565,stop_016,20:45:00,20:46:00,16,1,Inbound
2025-01-11,Red,trip_08566,stop_017,21:46:00,21:47:00,17,0,Outbound
2025-01-12,Orange,trip_08567,stop_018,22:47:00,22:48:00,18,1,Inbound
2025-01-13,Red,trip_08568,stop_019,05:48:00,05:49:00,19,0,Outbound
2025-01-14,Orange,trip_08569,stop_020,06:49:00,06:50:00,20,1,Inbound
2025-01-15,Red,trip_08570,stop_021,07:50:00,07:51:00,21,0,Outbound
2025-01-16,Orange,trip_08571,stop_022,08:51:00,08:52:00,22,1,Inbound
2025-01-17,Red,trip_08572,stop_023,09:52:00,09:53:00,23,0,Outbound
2025-01-18,Orange,trip_08573,stop_024,10:53:00,10:54:00,24,1,Inbound
2025-01-19,Red,trip_08574,stop_025,11:54:00,11:55:00,25,0,Outbound
2025-01-20,Orange,trip_08575,stop_026,12:55:00,12:56:00,1,1,Inbound
2025-01-21,Red,trip_08576,stop_027,13:56:00,13:57:00,2,0,Outbound
2025-01-22,Orange,trip_08577,stop_028,14:57:00,14:58:00,3,1,Inbound
2025-01-23,Red,trip_08578,stop_029,15:58:00,15:59:00,4,0,Outbound
2025-01-24,Orange,trip_08579,stop_030,16:59:00,16:00:00,5,1,Inbound
2025-01-25,Red,trip_08580,stop_001,17:00:00,17:01:00,6,0,Outbound
2025-01-26,Orange,trip_08581,stop_002,18:01:00,18:02:00,7,1,Inbound
2025-01-27,Red,trip_08582,stop_003,19:02:00,19:03:00,8,0,Outbound
2025-01-28,Orange,trip_08583,stop_004,20:03:00,20:04:00,9,1,Inbound
2025-01-29,Red,trip_08584,stop_005,21:04:00,21:05:00,10,0,Outbound
2025-01-30,Orange,trip_08585,stop_006,22:05:00,22:06:00,11,1,Inbound
2025-01-31,Red,trip_08586,stop_007,05:06:00,05:07:00,12,0,Outbound
2025-01-01,Orange,trip_08587,stop_008,06:07:00,06:08:00,13,1,Inbound
2025-01-02,Red,trip_08588,stop_009,07:08:00,07:09:00,14,0,Outbound
2025-01-03,Orange,trip_08589,stop_010,08:09:00,08:10:00,15,1,Inbound
2025-01-04,Red,trip_08590,stop_011,09:10:00,09:11:00,16,0,Outbound
2025-01-05,Orange,trip_08591,stop_012,10:11:00,10:12:00,17,1,Inbound
2025-01-06,Red,trip_08592,stop_013,11:12:00,11:13:00,18,0,Outbound
2025-01-07,Orange,trip_08593,stop_014,12:13:00,12:14:00,19,1,Inbound
2025-01-08,Red,trip_08594,stop_015,13:14:00,13:15:00,20,0,Outbound
2025-01-09,Orange,trip_08595,stop_016,14:15:00,14:16:00,21,1,Inbound
2025-01-10,Red,trip_08596,stop_017,15:16:00,15:17:00,22,0,Outbound
2025-01-11,Orange,trip_08597,stop_018,16:17:00,16:18:00,23,1,Inbound
2025-01-12,Red,trip_08598,stop_019,17:18:00,17:19:00,24,0,Outbound
2025-01-13,Orange,trip_08599,stop_020,18:19:00,18:20:00,25,1,Inbound
2025-01-14,Red,trip_08600,stop_021,19:20:00,19:21:00,1,0,Outbound
2025-01-15,Orange,trip_08601,stop_022,20:21:00,20:22:00,2,1,Inbound
2025-01-16,Red,trip_08602,stop_023,21:22:00,21:23:00,3,0,Outbound
2025-01-17,Orange,trip_08603,stop_024,22:23:00,22:24:00,4,1,Inbound
2025-01-18,Red,trip_08604,stop_025,05:24:00,05:25:00,5,0,Outbound
2025-01-19,Orange,trip_08605,stop_026,06:25:00,06:26:00,6,1,Inbound
2025-01-20,Red,trip_08606,stop_027,07:26:00,07:27:00,7,0,Outbound
2025-01-21,Orange,trip_08607,stop_028,08:27:00,08:28:00,8,1,Inbound
2025-01-22,Red,trip_08608,stop_029,09:28:00,09:29:00,9,0,Outbound
2025-01-23,Orange,trip_08609,stop_030,10:29:00,10:30:00,10,1,Inbound
2025-01-24,Red,trip_08610,stop_001,11:30:00,11:31:00,11,0,Outbound
2025-01-25,Orange,trip_08611,stop_002,12:31:00,12:32:00,12,1,Inbound
2025-01-26,Red,trip_08612,stop_003,13:32:00,13:33:00,13,0,Outbound
2025-01-27,Orange,trip_08613,stop_004,14:33:00,14:34:00,14,1,Inbound
2025-01-28,Red,trip_08614,stop_005,15:34:00,15:35:00,15,0,Outbound
2025-01-29,Orange,trip_08615,stop_006,16:35:00,16:36:00,16,1,Inbound
2025-01-30,Red,trip_08616,stop_007,17:36:00,17:37:00,17,0,Outbound
2025-01-31,Orange,trip_08617,stop_008,18:37:00,18:38:00,18,1,Inbound
2025-01-01,Red,trip_08618,stop_009,19:38:00,19:39:00,19,0,Outbound
2025-01-02,Orange,trip_08619,stop_010,20:39:00,20:40:00,20,1,Inbound
2025-01-03,Red,trip_08620,stop_011,21:40:00,21:41:00,21,0,Outbound
2025-01-04,Orange,trip_08621,stop_012,22:41:00,22:42:00,22,1,Inbound
2025-01-05,Red,trip_08622,stop_013,05:42:00,05:43:00,23,0,Outbound
2025-01-06,Orange,trip_08623,stop_014,06:43:00,06:44:00,24,1,Inbound
2025-01-07,Red,trip_08624,stop_015,07:44:00,07:45:00,25,0,Outbound
2025-01-08,Orange,trip_08625,stop_016,08:45:00,08:46:00,1,1,Inbound
2025-01-09,Red,trip_08626,stop_017,09:46:00,09:47:00,2,0,Outbound
2025-01-10,Orange,trip_08627,stop_018,10:47:00,10:48:00,3,1,Inbound
2025-01-11,Red,trip_08628,stop_019,11:48:00,11:49:00,4,0,Outbound
2025-01-12,Orange,trip_08629,stop_020,12:49:00,12:50:00,5,1,Inbound
2025-01-13,Red,trip_08630,stop_021,13:50:00,13:51:00,6,0,Outbound
2025-01-14,Orange,trip_08631,stop_022,14:51:00,14:52:00,7,1,Inbound
2025-01-15,Red,trip_08632,stop_023,15:52:00,15:53:00,8,0,Outbound
2025-01-16,Orange,trip_08633,stop_024,16:53:00,16:54:00,9,1,Inbound
2025-01-17,Red,trip_08634,stop_025,17:54:00,17:55:00,10,0,Outbound
2025-01-18,Orange,trip_08635,stop_026,18:55:00,18:56:00,11,1,Inbound
2025-01-19,Red,trip_08636,stop_027,19:56:00,19:57:00,12,0,Outbound
2025-01-20,Orange,trip_08637,stop_028,20:57:00,20:58:00,13,1,Inbound
2025-01-21,Red,trip_08638,stop_029,21:58:00,21:59:00,14,0,Outbound
2025-01-22,Orange,trip_08639,stop_030,22:59:00,22:00:00,15,1,Inbound
2025-01-23,Red,trip_08640,stop_001,05:00:00,05:01:00,16,0,Outbound
2025-01-24,Orange,trip_08641,stop_002,06:01:00,06:02:00,17,1,Inbound
2025-01-25,Red,trip_08642,stop_003,07:02:00,07:03:00,18,0,Outbound
2025-01-26,Orange,trip_08643,stop_004,08:03:00,08:04:00,19,1,Inbound
2025-01-27,Red,trip_08644,stop_005,09:04:00,09:05:00,20,0,Outbound
2025-01-28,Orange,trip_08645,stop_006,10:05:00,10:06:00,21,1,Inbound
2025-01-29,Red,trip_08646,stop_007,11:06:00,11:07:00,22,0,Outbound
2025-01-30,Orange,trip_08647,stop_008,12:07:00,12:08:00,23,1,Inbound
2025-01-31,Red,trip_08648,stop_009,13:08:00,13:09:00,24,0,Outbound
2025-01-01,Orange,trip_08649,stop_010,14:09:00,14:10:00,25,1,Inbound
2025-01-02,Red,trip_08650,stop_011,15:10:00,15:11:00,1,0,Outbound
2025-01-03,Orange,trip_08651,stop_012,16:11:00,16:12:00,2,1,Inbound
2025-01-04,Red,trip_08652,stop_013,17:12:00,17:13:00,3,0,Outbound
2025-01-05,Orange,trip_08653,stop_014,18:13:00,18:14:00,4,1,Inbound
2025-01-06,Red,trip_08654,stop_015,19:14:00,19:15:00,5,0,Outbound
2025-01-07,Orange,trip_08655,stop_016,20:15:00,20:16:00,6,1,Inbound
2025-01-08,Red,trip_08656,stop_017,21:16:00,21:17:00,7,0,Outbound
2025-01-09,Orange,trip_08657,stop_018,22:17:00,22:18:00,8,1,Inbound
2025-01-10,Red,trip_08658,stop_019,05:18:00,05:19:00,9,0,Outbound
2025-01-11,Orange,trip_08659,stop_020,06:19:00,06:20:00,10,1,Inbound
2025-01-12,Red,trip_08660,stop_021,07:20:00,07:21:00,11,0,Outbound
2025-01-13,Orange,trip_08661,stop_022,08:21:00,08:22:00,12,1,Inbound
2025-01-14,Red,trip_08662,stop_023,09:22:00,09:23:00,13,0,Outbound
2025-01-15,Orange,trip_08663,stop_024,10:23:00,10:24:00,14,1,Inbound
2025-01-16,Red,trip_08664,stop_025,11:24:00,11:25:00,15,0,Outbound
2025-01-17,Orange,trip_08665,stop_026,12:25:00,12:26:00,16,1,Inbound
2025-01-18,Red,trip_08666,stop_027,13:26:00,13:27:00,17,0,Outbound
2025-01-19,Orange,trip_08667,stop_028,14:27:00,14:28:00,18,1,Inbound
2025-01-20,Red,trip_08668,stop_029,15:28:00,15:29:00,19,0,Outbound
2025-01-21,Orange,trip_08669,stop_030,16:29:00,16:30:00,20,1,Inbound
2025-01-22,Red,trip_08670,stop_001,17:30:00,17:31:00,21,0,Outbound
2025-01-23,Orange,trip_08671,stop_002,18:31:00,18:32:00,22,1,Inbound
2025-01-24,Red,trip_08672,stop_003,19:32:00,19:33:00,23,0,Outbound
2025-01-25,Orange,trip_08673,stop_004,20:33:00,20:34:00,24,1,Inbound
2025-01-26,Red,trip_08674,stop_005,21:34:00,21:35:00,25,0,Outbound
2025-01-27,Orange,trip_08675,stop_006,22:35:00,22:36:00,1,1,Inbound
2025-01-28,Red,trip_08676,stop_007,05:36:00,05:37:00,2,0,Outbound
2025-01-29,Orange,trip_08677,stop_008,06:37:00,06:38:00,3,1,Inbound
2025-01-30,Red,trip_08678,stop_009,07:38:00,07:39:00,4,0,Outbound
2025-01-31,Orange,trip_08679,stop_010,08:39:00,08:40:00,5,1,Inbound
2025-01-01,Red,trip_08680,stop_011,09:40:00,09:41:00,6,0,Outbound
2025-01-02,Orange,trip_08681,stop_012,10:41:00,10:42:00,7,1,Inbound
2025-01-03,Red,trip_08682,stop_013,11:42:00,11:43:00,8,0,Outbound
2025-01-04,Orange,trip_08683,stop_014,12:43:00,12:44:00,9,1,Inbound
2025-01-05,Red,trip_08684,stop_015,13:44:00,13:45:00,10,0,Outbound
2025-01-06,Orange,trip_08685,stop_016,14:45:00,14:46:00,11,1,Inbound
2025-01-07,Red,trip_08686,stop_017,15:46:00,15:47:00,12,0,Outbound
2025-01-08,Orange,trip_08687,stop_018,16:47:00,16:48:00,13,1,Inbound
2025-01-09,Red,trip_08688,stop_019,17:48:00,17:49:00,14,0,Outbound
2025-01-10,Orange,trip_08689,stop_020,18:49:00,18:50:00,15,1,Inbound
2025-01-11,Red,trip_08690,stop_021,19:50:00,19:51:00,16,0,Outbound
2025-01-12,Orange,trip_08691,stop_022,20:51:00,20:52:00,17,1,Inbound
2025-01-13,Red,trip_08692,stop_023,21:52:00,21:53:00,18,0,Outbound
2025-01-14,Orange,trip_08693,stop_024,22:53:00,22:54:00,19,1,Inbound
2025-01-15,Red,trip_08694,stop_025,05:54:00,05:55:00,20,0,Outbound
2025-01-16,Orange,trip_08695,stop_026,06:55:00,06:56:00,21,1,Inbound
2025-01-17,Red,trip_08696,stop_027,07:56:00,07:57:00,22,0,Outbound
2025-01-18,Orange,trip_08697,stop_028,08:57:00,08:58:00,23,1,Inbound
2025-01-19,Red,trip_08698,stop_029,09:58:00,09:59:00,24,0,Outbound
2025-01-20,Orange,trip_08699,stop_030,10:59:00,10:00:00,25,1,Inbound
2025-01-21,Red,trip_08700,stop_001,11:00:00,11:01:00,1,0,Outbound
2025-01-22,Orange,trip_08701,stop_002,12:01:00,12:02:00,2,1,Inbound
2025-01-23,Red,trip_08702,stop_003,13:02:00,13:03:00,3,0,Outbound
2025-01-24,Orange,trip_08703,stop_004,14:03:00,14:04:00,4,1,Inbound
2025-01-25,Red,trip_08704,stop_005,15:04:00,15:05:00,5,0,Outbound
2025-01-26,Orange,trip_08705,stop_006,16:05:00,16:06:00,6,1,Inbound
2025-01-27,Red,trip_08706,stop_007,17:06:00,17:07:00,7,0,Outbound
2025-01-28,Orange,trip_08707,stop_008,18:07:00,18:08:00,8,1,Inbound
2025-01-29,Red,trip_08708,stop_009,19:08:00,19:09:00,9,0,Outbound
2025-01-30,Orange,trip_08709,stop_010,20:09:00,20:10:00,10,1,Inbound
2025-01-31,Red,trip_08710,stop_011,21:10:00,21:11:00,11,0,Outbound
2025-01-01,Orange,trip_08711,stop_012,22:11:00,22:12:00,12,1,Inbound
2025-01-02,Red,trip_08712,stop_013,05:12:00,05:13:00,13,0,Outbound
2025-01-03,Orange,trip_08713,stop_014,06:13:00,06:14:00,14,1,Inbound
2025-01-04,Red,trip_08714,stop_015,07:14:00,07:15:00,15,0,Outbound
2025-01-05,Orange,trip_08715,stop_016,08:15:00,08:16:00,16,1,Inbound
2025-01-06,Red,trip_08716,stop_017,09:16:00,09:17:00,17,0,Outbound
2025-01-07,Orange,trip_08717,stop_018,10:17:00,10:18:00,18,1,Inbound
2025-01-08,Red,trip_08718,stop_019,11:18:00,11:19:00,19,0,Outbound
2025-01-09,Orange,trip_08719,stop_020,12:19:00,12:20:00,20,1,Inbound
2025-01-10,Red,trip_08720,stop_021,13:20:00,13:21:00,21,0,Outbound
2025-01-11,Orange,trip_08721,stop_022,14:21:00,14:22:00,22,1,Inbound
2025-01-12,Red,trip_08722,stop_023,15:22:00,15:23:00,23,0,Outbound
2025-01-13,Orange,trip_08723,stop_024,16:23:00,16:24:00,24,1,Inbound
2025-01-14,Red,trip_08724,stop_025,17:24:00,17:25:00,25,0,Outbound
2025-01-15,Orange,trip_08725,stop_026,18:25:00,18:26:00,1,1,Inbound
2025-01-16,Red,trip_08726,stop_027,19:26:00,19:27:00,2,0,Outbound
2025-01-17,Orange,trip_08727,stop_028,20:27:00,20:28:00,3,1,Inbound
2025-01-18,Red,trip_08728,stop_029,21:28:00,21:29:00,4,0,Outbound
2025-01-19,Orange,trip_08729,stop_030,22:29:00,22:30:00,5,1,Inbound
2025-01-20,Red,trip_08730,stop_001,05:30:00,05:31:00,6,0,Outbound
2025-01-21,Orange,trip_08731,stop_002,06:31:00,06:32:00,7,1,Inbound
2025-01-22,Red,trip_08732,stop_003,07:32:00,07:33:00,8,0,Outbound
2025-01-23,Orange,trip_08733,stop_004,08:33:00,08:34:00,9,1,Inbound
2025-01-24,Red,trip_08734,stop_005,09:34:00,09:35:00,10,0,Outbound
2025-01-25,Orange,trip_08735,stop_006,10:35:00,10:36:00,11,1,Inbound
2025-01-26,Red,trip_08736,stop_007,11:36:00,11:37:00,12,0,Outbound
2025-01-27,Orange,trip_08737,stop_008,12:37:00,12:38:00,13,1,Inbound
2025-01-28,Red,trip_08738,stop_009,13:38:00,13:39:00,14,0,Outbound
2025-01-29,Orange,trip_08739,stop_010,14:39:00,14:40:00,15,1,Inbound
2025-01-30,Red,trip_08740,stop_011,15:40:00,15:41:00,16,0,Outbound
2025-01-31,Orange,trip_08741,stop_012,16:41:00,16:42:00,17,1,Inbound
2025-01-01,Red,trip_08742,stop_013,17:42:00,17:43:00,18,0,Outbound
2025-01-02,Orange,trip_08743,stop_014,18:43:00,18:44:00,19,1,Inbound
2025-01-03,Red,trip_08744,stop_015,19:44:00,19:45:00,20,0,Outbound
2025-01-04,Orange,trip_08745,stop_016,20:45:00,20:46:00,21,1,Inbound
2025-01-05,Red,trip_08746,stop_017,21:46:00,21:47:00,22,0,Outbound
2025-01-06,Orange,trip_08747,stop_018,22:47:00,22:48:00,23,1,Inbound
2025-01-07,Red,trip_08748,stop_019,05:48:00,05:49:00,24,0,Outbound
2025-01-08,Orange,trip_08749,stop_020,06:49:00,06:50:00,25,1,Inbound
2025-01-09,Red,trip_08750,stop_021,07:50:00,07:51:00,1,0,Outbound
2025-01-10,Orange,trip_08751,stop_022,08:51:00,08:52:00,2,1,Inbound
2025-01-11,Red,trip_08752,stop_023,09:52:00,09:53:00,3,0,Outbound
2025-01-12,Orange,trip_08753,stop_024,10:53:00,10:54:00,4,1,Inbound
2025-01-13,Red,trip_08754,stop_025,11:54:00,11:55:00,5,0,Outbound
2025-01-14,Orange,trip_08755,stop_026,12:55:00,12:56:00,6,1,Inbound
2025-01-15,Red,trip_08756,stop_027,13:56:00,13:57:00,7,0,Outbound
2025-01-16,Orange,trip_08757,stop_028,14:57:00,14:58:00,8,1,Inbound
2025-01-17,Red,trip_08758,stop_029,15:58:00,15:59:00,9,0,Outbound
2025-01-18,Orange,trip_08759,stop_030,16:59:00,16:00:00,10,1,Inbound
2025-01-19,Red,trip_08760,stop_001,17:00:00,17:01:00,11,0,Outbound
2025-01-20,Orange,trip_08761,stop_002,18:01:00,18:02:00,12,1,Inbound
2025-01-21,Red,trip_08762,stop_003,19:02:00,19:03:00,13,0,Outbound
2025-01-22,Orange,trip_08763,stop_004,20:03:00,20:04:00,14,1,Inbound
2025-01-23,Red,trip_08764,stop_005,21:04:00,21:05:00,15,0,Outbound
2025-01-24,Orange,trip_08765,stop_006,22:05:00,22:06:00,16,1,Inbound
2025-01-25,Red,trip_08766,stop_007,05:06:00,05:07:00,17,0,Outbound
2025-01-26,Orange,trip_08767,stop_008,06:07:00,06:08:00,18,1,Inbound
2025-01-27,Red,trip_08768,stop_009,07:08:00,07:09:00,19,0,Outbound
2025-01-28,Orange,trip_08769,stop_010,08:09:00,08:10:00,20,1,Inbound
2025-01-29,Red,trip_08770,stop_011,09:10:00,09:11:00,21,0,Outbound
2025-01-30,Orange,trip_08771,stop_012,10:11:00,10:12:00,22,1,Inbound
2025-01-31,Red,trip_08772,stop_013,11:12:00,11:13:00,23,0,Outbound
2025-01-01,Orange,trip_08773,stop_014,12:13:00,12:14:00,24,1,Inbound
2025-01-02,Red,trip_08774,stop_015,13:14:00,13:15:00,25,0,Outbound
2025-01-03,Orange,trip_08775,stop_016,14:15:00,14:16:00,1,1,Inbound
2025-01-04,Red,trip_08776,stop_017,15:16:00,15:17:00,2,0,Outbound
2025-01-05,Orange,trip_08777,stop_018,16:17:00,16:18:00,3,1,Inbound
2025-01-06,Red,trip_08778,stop_019,17:18:00,17:19:00,4,0,Outbound
2025-01-07,Orange,trip_08779,stop_020,18:19:00,18:20:00,5,1,Inbound
2025-01-08,Red,trip_08780,stop_021,19:20:00,19:21:00,6,0,Outbound
2025-01-09,Orange,trip_08781,stop_022,20:21:00,20:22:00,7,1,Inbound
2025-01-10,Red,trip_08782,stop_023,21:22:00,21:23:00,8,0,Outbound
2025-01-11,Orange,trip_08783,stop_024,22:23:00,22:24:00,9,1,Inbound
2025-01-12,Red,trip_08784,stop_025,05:24:00,05:25:00,10,0,Outbound
2025-01-13,Orange,trip_08785,stop_026,06:25:00,06:26:00,11,1,Inbound
2025-01-14,Red,trip_08786,stop_027,07:26:00,07:27:00,12,0,Outbound
2025-01-15,Orange,trip_08787,stop_028,08:27:00,08:28:00,13,1,Inbound
2025-01-16,Red,trip_08788,stop_029,09:28:00,09:29:00,14,0,Outbound
2025-01-17,Orange,trip_08789,stop_030,10:29:00,10:30:00,15,1,Inbound
2025-01-18,Red,trip_08790,stop_001,11:30:00,11:31:00,16,0,Outbound
2025-01-19,Orange,trip_08791,stop_002,12:31:00,12:32:00,17,1,Inbound
2025-01-20,Red,trip_08792,stop_003,13:32:00,13:33:00,18,0,Outbound
2025-01-21,Orange,trip_08793,stop_004,14:33:00,14:34:00,19,1,Inbound
2025-01-22,Red,trip_08794,stop_005,15:34:00,15:35:00,20,0,Outbound
2025-01-23,Orange,trip_08795,stop_006,16:35:00,16:36:00,21,1,Inbound
2025-01-24,Red,trip_08796,stop_007,17:36:00,17:37:00,22,0,Outbound
2025-01-25,Orange,trip_08797,stop_008,18:37:00,18:38:00,23,1,Inbound
2025-01-26,Red,trip_08798,stop_009,19:38:00,19:39:00,24,0,Outbound
2025-01-27,Orange,trip_08799,stop_010,20:39:00,20:40:00,25,1,Inbound
2025-01-28,Red,trip_08800,stop_011,21:40:00,21:41:00,1,0,Outbound
2025-01-29,Orange,trip_08801,stop_012,22:41:00,22:42:00,2,1,Inbound
2025-01-30,Red,trip_08802,stop_013,05:42:00,05:43:00,3,0,Outbound
2025-01-31,Orange,trip_08803,stop_014,06:43:00,06:44:00,4,1,Inbound
2025-01-01,Red,trip_08804,stop_015,07:44:00,07:45:00,5,0,Outbound
2025-01-02,Orange,trip_08805,stop_016,08:45:00,08:46:00,6,1,Inbound
2025-01-03,Red,trip_08806,stop_017,09:46:00,09:47:00,7,0,Outbound
2025-01-04,Orange,trip_08807,stop_018,10:47:00,10:48:00,8,1,Inbound
2025-01-05,Red,trip_08808,stop_019,11:48:00,11:49:00,9,0,Outbound
2025-01-06,Orange,trip_08809,stop_020,12:49:00,12:50:00,10,1,Inbound
2025-01-07,Red,trip_08810,stop_021,13:50:00,13:51:00,11,0,Outbound
2025-01-08,Orange,trip_08811,stop_022,14:51:00,14:52:00,12,1,Inbound
2025-01-09,Red,trip_08812,stop_023,15:52:00,15:53:00,13,0,Outbound
2025-01-10,Orange,trip_08813,stop_024,16:53:00,16:54:00,14,1,Inbound
2025-01-11,Red,trip_08814,stop_025,17:54:00,17:55:00,15,0,Outbound
2025-01-12,Orange,trip_08815,stop_026,18:55:00,18:56:00,16,1,Inbound
2025-01-13,Red,trip_08816,stop_027,19:56:00,19:57:00,17,0,Outbound
2025-01-14,Orange,trip_08817,stop_028,20:57:00,20:58:00,18,1,Inbound
2025-01-15,Red,trip_08818,stop_029,21:58:00,21:59:00,19,0,Outbound
2025-01-16,Orange,trip_08819,stop_030,22:59:00,22:00:00,20,1,Inbound
2025-01-17,Red,trip_08820,stop_001,05:00:00,05:01:00,21,0,Outbound
2025-01-18,Orange,trip_08821,stop_002,06:01:00,06:02:00,22,1,Inbound
2025-01-19,Red,trip_08822,stop_003,07:02:00,07:03:00,23,0,Outbound
2025-01-20,Orange,trip_08823,stop_004,08:03:00,08:04:00,24,1,Inbound
2025-01-21,Red,trip_08824,stop_005,09:04:00,09:05:00,25,0,Outbound
2025-01-22,Orange,trip_08825,stop_006,10:05:00,10:06:00,1,1,Inbound
2025-01-23,Red,trip_08826,stop_007,11:06:00,11:07:00,2,0,Outbound
2025-01-24,Orange,trip_08827,stop_008,12:07:00,12:08:00,3,1,Inbound
2025-01-25,Red,trip_08828,stop_009,13:08:00,13:09:00,4,0,Outbound
2025-01-26,Orange,trip_08829,stop_010,14:09:00,14:10:00,5,1,Inbound
2025-01-27,Red,trip_08830,stop_011,15:10:00,15:11:00,6,0,Outbound
2025-01-28,Orange,trip_08831,stop_012,16:11:00,16:12:00,7,1,Inbound
2025-01-29,Red,trip_08832,stop_013,17:12:00,17:13:00,8,0,Outbound
2025-01-30,Orange,trip_08833,stop_014,18:13:00,18:14:00,9,1,Inbound
2025-01-31,Red,trip_08834,stop_015,19:14:00,19:15:00,10,0,Outbound
2025-01-01,Orange,trip_08835,stop_016,20:15:00,20:16:00,11,1,Inbound
2025-01-02,Red,trip_08836,stop_017,21:16:00,21:17:00,12,0,Outbound
2025-01-03,Orange,trip_08837,stop_018,22:17:00,22:18:00,13,1,Inbound
2025-01-04,Red,trip_08838,stop_019,05:18:00,05:19:00,14,0,Outbound
2025-01-05,Orange,trip_08839,stop_020,06:19:00,06:20:00,15,1,Inbound
2025-01-06,Red,trip_08840,stop_021,07:20:00,07:21:00,16,0,Outbound
2025-01-07,Orange,trip_08841,stop_022,08:21:00,08:22:00,17,1,Inbound
2025-01-08,Red,trip_08842,stop_023,09:22:00,09:23:00,18,0,Outbound
2025-01-09,Orange,trip_08843,stop_024,10:23:00,10:24:00,19,1,Inbound
2025-01-10,Red,trip_08844,stop_025,11:24:00,11:25:00,20,0,Outbound
2025-01-11,Orange,trip_08845,stop_026,12:25:00,12:26:00,21,1,Inbound
2025-01-12,Red,trip_08846,stop_027,13:26:00,13:27:00,22,0,Outbound
2025-01-13,Orange,trip_08847,stop_028,14:27:00,14:28:00,23,1,Inbound
2025-01-14,Red,trip_08848,stop_029,15:28:00,15:29:00,24,0,Outbound
2025-01-15,Orange,trip_08849,stop_030,16:29:00,16:30:00,25,1,Inbound
2025-01-16,Red,trip_08850,stop_001,17:30:00,17:31:00,1,0,Outbound
2025-01-17,Orange,trip_08851,stop_002,18:31:00,18:32:00,2,1,Inbound
2025-01-18,Red,trip_08852,stop_003,19:32:00,19:33:00,3,0,Outbound
2025-01-19,Orange,trip_08853,stop_004,20:33:00,20:34:00,4,1,Inbound
2025-01-20,Red,trip_08854,stop_005,21:34:00,21:35:00,5,0,Outbound
2025-01-21,Orange,trip_08855,stop_006,22:35:00,22:36:00,6,1,Inbound
2025-01-22,Red,trip_08856,stop_007,05:36:00,05:37:00,7,0,Outbound
2025-01-23,Orange,trip_08857,stop_008,06:37:00,06:38:00,8,1,Inbound
2025-01-24,Red,trip_08858,stop_009,07:38:00,07:39:00,9,0,Outbound
2025-01-25,Orange,trip_08859,stop_010,08:39:00,08:40:00,10,1,Inbound
2025-01-26,Red,trip_08860,stop_011,09:40:00,09:41:00,11,0,Outbound
2025-01-27,Orange,trip_08861,stop_012,10:41:00,10:42:00,12,1,Inbound
2025-01-28,Red,trip_08862,stop_013,11:42:00,11:43:00,13,0,Outbound
2025-01-29,Orange,trip_08863,stop_014,12:43:00,12:44:00,14,1,Inbound
2025-01-30,Red,trip_08864,stop_015,13:44:00,13:45:00,15,0,Outbound
2025-01-31,Orange,trip_08865,stop_016,14:45:00,14:46:00,16,1,Inbound
2025-01-01,Red,trip_08866,stop_017,15:46:00,15:47:00,17,0,Outbound
2025-01-02,Orange,trip_08867,stop_018,16:47:00,16:48:00,18,1,Inbound
2025-01-03,Red,trip_08868,stop_019,17:48:00,17:49:00,19,0,Outbound
2025-01-04,Orange,trip_08869,stop_020,18:49:00,18:50:00,20,1,Inbound
2025-01-05,Red,trip_08870,stop_021,19:50:00,19:51:00,21,0,Outbound
2025-01-06,Orange,trip_08871,stop_022,20:51:00,20:52:00,22,1,Inbound
2025-01-07,Red,trip_08872,stop_023,21:52:00,21:53:00,23,0,Outbound
2025-01-08,Orange,trip_08873,stop_024,22:53:00,22:54:00,24,1,Inbound
2025-01-09,Red,trip_08874,stop_025,05:54:00,05:55:00,25,0,Outbound
2025-01-10,Orange,trip_08875,stop_026,06:55:00,06:56:00,1,1,Inbound
2025-01-11,Red,trip_08876,stop_027,07:56:00,07:57:00,2,0,Outbound
2025-01-12,Orange,trip_08877,stop_028,08:57:00,08:58:00,3,1,Inbound
2025-01-13,Red,trip_08878,stop_029,09:58:00,09:59:00,4,0,Outbound
2025-01-14,Orange,trip_08879,stop_030,10:59:00,10:00:00,5,1,Inbound
2025-01-15,Red,trip_08880,stop_001,11:00:00,11:01:00,6,0,Outbound
2025-01-16,Orange,trip_08881,stop_002,12:01:00,12:02:00,7,1,Inbound
2025-01-17,Red,trip_08882,stop_003,13:02:00,13:03:00,8,0,Outbound
2025-01-18,Orange,trip_08883,stop_004,14:03:00,14:04:00,9,1,Inbound
2025-01-19,Red,trip_08884,stop_005,15:04:00,15:05:00,10,0,Outbound
2025-01-20,Orange,trip_08885,stop_006,16:05:00,16:06:00,11,1,Inbound
2025-01-21,Red,trip_08886,stop_007,17:06:00,17:07:00,12,0,Outbound
2025-01-22,Orange,trip_08887,stop_008,18:07:00,18:08:00,13,1,Inbound
2025-01-23,Red,trip_08888,stop_009,19:08:00,19:09:00,14,0,Outbound
2025-01-24,Orange,trip_08889,stop_010,20:09:00,20:10:00,15,1,Inbound
2025-01-25,Red,trip_08890,stop_011,21:10:00,21:11:00,16,0,Outbound
2025-01-26,Orange,trip_08891,stop_012,22:11:00,22:12:00,17,1,Inbound
2025-01-27,Red,trip_08892,stop_013,05:12:00,05:13:00,18,0,Outbound
2025-01-28,Orange,trip_08893,stop_014,06:13:00,06:14:00,19,1,Inbound
2025-01-29,Red,trip_08894,stop_015,07:14:00,07:15:00,20,0,Outbound
2025-01-30,Orange,trip_08895,stop_016,08:15:00,08:16:00,21,1,Inbound
2025-01-31,Red,trip_08896,stop_017,09:16:00,09:17:00,22,0,Outbound
2025-01-01,Orange,trip_08897,stop_018,10:17:00,10:18:00,23,1,Inbound
2025-01-02,Red,trip_08898,stop_019,11:18:00,11:19:00,24,0,Outbound
2025-01-03,Orange,trip_08899,stop_020,12:19:00,12:20:00,25,1,Inbound
2025-01-04,Red,trip_08900,stop_021,13:20:00,13:21:00,1,0,Outbound
2025-01-05,Orange,trip_08901,stop_022,14:21:00,14:22:00,2,1,Inbound
2025-01-06,Red,trip_08902,stop_023,15:22:00,15:23:00,3,0,Outbound
2025-01-07,Orange,trip_08903,stop_024,16:23:00,16:24:00,4,1,Inbound
2025-01-08,Red,trip_08904,stop_025,17:24:00,17:25:00,5,0,Outbound
2025-01-09,Orange,trip_08905,stop_026,18:25:00,18:26:00,6,1,Inbound
2025-01-10,Red,trip_08906,stop_027,19:26:00,19:27:00,7,0,Outbound
2025-01-11,Orange,trip_08907,stop_028,20:27:00,20:28:00,8,1,Inbound
2025-01-12,Red,trip_08908,stop_029,21:28:00,21:29:00,9,0,Outbound
2025-01-13,Orange,trip_08909,stop_030,22:29:00,22:30:00,10,1,Inbound
2025-01-14,Red,trip_08910,stop_001,05:30:00,05:31:00,11,0,Outbound
2025-01-15,Orange,trip_08911,stop_002,06:31:00,06:32:00,12,1,Inbound
2025-01-16,Red,trip_08912,stop_003,07:32:00,07:33:00,13,0,Outbound
2025-01-17,Orange,trip_08913,stop_004,08:33:00,08:34:00,14,1,Inbound
2025-01-18,Red,trip_08914,stop_005,09:34:00,09:35:00,15,0,Outbound
2025-01-19,Orange,trip_08915,stop_006,10:35:00,10:36:00,16,1,Inbound
2025-01-20,Red,trip_08916,stop_007,11:36:00,11:37:00,17,0,Outbound
2025-01-21,Orange,trip_08917,stop_008,12:37:00,12:38:00,18,1,Inbound
2025-01-22,Red,trip_08918,stop_009,13:38:00,13:39:00,19,0,Outbound
2025-01-23,Orange,trip_08919,stop_010,14:39:00,14:40:00,20,1,Inbound
2025-01-24,Red,trip_08920,stop_011,15:40:00,15:41:00,21,0,Outbound
2025-01-25,Orange,trip_08921,stop_012,16:41:00,16:42:00,22,1,Inbound
2025-01-26,Red,trip_08922,stop_013,17:42:00,17:43:00,23,0,Outbound
2025-01-27,Orange,trip_08923,stop_014,18:43:00,18:44:00,24,1,Inbound
2025-01-28,Red,trip_08924,stop_015,19:44:00,19:45:00,25,0,Outbound
2025-01-29,Orange,trip_08925,stop_016,20:45:00,20:46:00,1,1,Inbound
2025-01-30,Red,trip_08926,stop_017,21:46:00,21:47:00,2,0,Outbound
2025-01-31,Orange,trip_08927,stop_018,22:47:00,22:48:00,3,1,Inbound
2025-01-01,Red,trip_08928,stop_019,05:48:00,05:49:00,4,0,Outbound
2025-01-02,Orange,trip_08929,stop_020,06:49:00,06:50:00,5,1,Inbound
2025-01-03,Red,trip_08930,stop_021,07:50:00,07:51:00,6,0,Outbound
2025-01-04,Orange,trip_08931,stop_022,08:51:00,08:52:00,7,1,Inbound
2025-01-05,Red,trip_08932,stop_023,09:52:00,09:53:00,8,0,Outbound
2025-01-06,Orange,trip_08933,stop_024,10:53:00,10:54:00,9,1,Inbound
2025-01-07,Red,trip_08934,stop_025,11:54:00,11:55:00,10,0,Outbound
2025-01-08,Orange,trip_08935,stop_026,12:55:00,12:56:00,11,1,Inbound
2025-01-09,Red,trip_08936,stop_027,13:56:00,13:57:00,12,0,Outbound
2025-01-10,Orange,trip_08937,stop_028,14:57:00,14:58:00,13,1,Inbound
2025-01-11,Red,trip_08938,stop_029,15:58:00,15:59:00,14,0,Outbound
2025-01-12,Orange,trip_08939,stop_030,16:59:00,16:00:00,15,1,Inbound
2025-01-13,Red,trip_08940,stop_001,17:00:00,17:01:00,16,0,Outbound
2025-01-14,Orange,trip_08941,stop_002,18:01:00,18:02:00,17,1,Inbound
2025-01-15,Red,trip_08942,stop_003,19:02:00,19:03:00,18,0,Outbound
2025-01-16,Orange,trip_08943,stop_004,20:03:00,20:04:00,19,1,Inbound
2025-01-17,Red,trip_08944,stop_005,21:04:00,21:05:00,20,0,Outbound
2025-01-18,Orange,trip_08945,stop_006,22:05:00,22:06:00,21,1,Inbound
2025-01-19,Red,trip_08946,stop_007,05:06:00,05:07:00,22,0,Outbound
2025-01-20,Orange,trip_08947,stop_008,06:07:00,06:08:00,23,1,Inbound
2025-01-21,Red,trip_08948,stop_009,07:08:00,07:09:00,24,0,Outbound
2025-01-22,Orange,trip_08949,stop_010,08:09:00,08:10:00,25,1,Inbound
2025-01-23,Red,trip_08950,stop_011,09:10:00,09:11:00,1,0,Outbound
2025-01-24,Orange,trip_08951,stop_012,10:11:00,10:12:00,2,1,Inbound
2025-01-25,Red,trip_08952,stop_013,11:12:00,11:13:00,3,0,Outbound
2025-01-26,Orange,trip_08953,stop_014,12:13:00,12:14:00,4,1,Inbound
2025-01-27,Red,trip_08954,stop_015,13:14:00,13:15:00,5,0,Outbound
2025-01-28,Orange,trip_08955,stop_016,14:15:00,14:16:00,6,1,Inbound
2025-01-29,Red,trip_08956,stop_017,15:16:00,15:17:00,7,0,Outbound
2025-01-30,Orange,trip_08957,stop_018,16:17:00,16:18:00,8,1,Inbound
2025-01-31,Red,trip_08958,stop_019,17:18:00,17:19:00,9,0,Outbound
2025-01-01,Orange,trip_08959,stop_020,18:19:00,18:20:00,10,1,Inbound
2025-01-02,Red,trip_08960,stop_021,19:20:00,19:21:00,11,0,Outbound
2025-01-03,Orange,trip_08961,stop_022,20:21:00,20:22:00,12,1,Inbound
2025-01-04,Red,trip_08962,stop_023,21:22:00,21:23:00,13,0,Outbound
2025-01-05,Orange,trip_08963,stop_024,22:23:00,22:24:00,14,1,Inbound
2025-01-06,Red,trip_08964,stop_025,05:24:00,05:25:00,15,0,Outbound
2025-01-07,Orange,trip_08965,stop_026,06:25:00,06:26:00,16,1,Inbound
2025-01-08,Red,trip_08966,stop_027,07:26:00,07:27:00,17,0,Outbound
2025-01-09,Orange,trip_08967,stop_028,08:27:00,08:28:00,18,1,Inbound
2025-01-10,Red,trip_08968,stop_029,09:28:00,09:29:00,19,0,Outbound
2025-01-11,Orange,trip_08969,stop_030,10:29:00,10:30:00,20,1,Inbound
2025-01-12,Red,trip_08970,stop_001,11:30:00,11:31:00,21,0,Outbound
2025-01-13,Orange,trip_08971,stop_002,12:31:00,12:32:00,22,1,Inbound
2025-01-14,Red,trip_08972,stop_003,13:32:00,13:33:00,23,0,Outbound
2025-01-15,Orange,trip_08973,stop_004,14:33:00,14:34:00,24,1,Inbound
2025-01-16,Red,trip_08974,stop_005,15:34:00,15:35:00,25,0,Outbound
2025-01-17,Orange,trip_08975,stop_006,16:35:00,16:36:00,1,1,Inbound
2025-01-18,Red,trip_08976,stop_007,17:36:00,17:37:00,2,0,Outbound
2025-01-19,Orange,trip_08977,stop_008,18:37:00,18:38:00,3,1,Inbound
2025-01-20,Red,trip_08978,stop_009,19:38:00,19:39:00,4,0,Outbound
2025-01-21,Orange,trip_08979,stop_010,20:39:00,20:40:00,5,1,Inbound
2025-01-22,Red,trip_08980,stop_011,21:40:00,21:41:00,6,0,Outbound
2025-01-23,Orange,trip_08981,stop_012,22:41:00,22:42:00,7,1,Inbound
2025-01-24,Red,trip_08982,stop_013,05:42:00,05:43:00,8,0,Outbound
2025-01-25,Orange,trip_08983,stop_014,06:43:00,06:44:00,9,1,Inbound
2025-01-26,Red,trip_08984,stop_015,07:44:00,07:45:00,10,0,Outbound
2025-01-27,Orange,trip_08985,stop_016,08:45:00,08:46:00,11,1,Inbound
2025-01-28,Red,trip_08986,stop_017,09:46:00,09:47:00,12,0,Outbound
2025-01-29,Orange,trip_08987,stop_018,10:47:00,10:48:00,13,1,Inbound
2025-01-30,Red,trip_08988,stop_019,11:48:00,11:49:00,14,0,Outbound
2025-01-31,Orange,trip_08989,stop_020,12:49:00,12:50:00,15,1,Inbound
2025-01-01,Red,trip_08990,stop_021,13:50:00,13:51:00,16,0,Outbound
2025-01-02,Orange,trip_08991,stop_022,14:51:00,14:52:00,17,1,Inbound
2025-01-03,Red,trip_08992,stop_023,15:52:00,15:53:00,18,0,Outbound
2025-01-04,Orange,trip_08993,stop_024,16:53:00,16:54:00,19,1,Inbound
2025-01-05,Red,trip_08994,stop_025,17:54:00,17:55:00,20,0,Outbound
2025-01-06,Orange,trip_08995,stop_026,18:55:00,18:56:00,21,1,Inbound
2025-01-07,Red,trip_08996,stop_027,19:56:00,19:57:00,22,0,Outbound
2025-01-08,Orange,trip_08997,stop_028,20:57:00,20:58:00,23,1,Inbound
2025-01-09,Red,trip_08998,stop_029,21:58:00,21:59:00,24,0,Outbound
2025-01-10,Orange,trip_08999,stop_030,22:59:00,22:00:00,25,1,Inbound
2025-01-11,Red,trip_09000,stop_001,05:00:00,05:01:00,1,0,Outbound
2025-01-12,Orange,trip_09001,stop_002,06:01:00,06:02:00,2,1,Inbound
2025-01-13,Red,trip_09002,stop_003,07:02:00,07:03:00,3,0,Outbound
2025-01-14,Orange,trip_09003,stop_004,08:03:00,08:04:00,4,1,Inbound
2025-01-15,Red,trip_09004,stop_005,09:04:00,09:05:00,5,0,Outbound
2025-01-16,Orange,trip_09005,stop_006,10:05:00,10:06:00,6,1,Inbound
2025-01-17,Red,trip_09006,stop_007,11:06:00,11:07:00,7,0,Outbound
2025-01-18,Orange,trip_09007,stop_008,12:07:00,12:08:00,8,1,Inbound
2025-01-19,Red,trip_09008,stop_009,13:08:00,13:09:00,9,0,Outbound
2025-01-20,Orange,trip_09009,stop_010,14:09:00,14:10:00,10,1,Inbound
2025-01-21,Red,trip_09010,stop_011,15:10:00,15:11:00,11,0,Outbound
2025-01-22,Orange,trip_09011,stop_012,16:11:00,16:12:00,12,1,Inbound
2025-01-23,Red,trip_09012,stop_013,17:12:00,17:13:00,13,0,Outbound
2025-01-24,Orange,trip_09013,stop_014,18:13:00,18:14:00,14,1,Inbound
2025-01-25,Red,trip_09014,stop_015,19:14:00,19:15:00,15,0,Outbound
2025-01-26,Orange,trip_09015,stop_016,20:15:00,20:16:00,16,1,Inbound
2025-01-27,Red,trip_09016,stop_017,21:16:00,21:17:00,17,0,Outbound
2025-01-28,Orange,trip_09017,stop_018,22:17:00,22:18:00,18,1,Inbound
2025-01-29,Red,trip_09018,stop_019,05:18:00,05:19:00,19,0,Outbound
2025-01-30,Orange,trip_09019,stop_020,06:19:00,06:20:00,20,1,Inbound
2025-01-31,Red,trip_09020,stop_021,07:20:00,07:21:00,21,0,Outbound
2025-01-01,Orange,trip_09021,stop_022,08:21:00,08:22:00,22,1,Inbound
2025-01-02,Red,trip_09022,stop_023,09:22:00,09:23:00,23,0,Outbound
2025-01-03,Orange,trip_09023,stop_024,10:23:00,10:24:00,24,1,Inbound
2025-01-04,Red,trip_09024,stop_025,11:24:00,11:25:00,25,0,Outbound
2025-01-05,Orange,trip_09025,stop_026,12:25:00,12:26:00,1,1,Inbound
2025-01-06,Red,trip_09026,stop_027,13:26:00,13:27:00,2,0,Outbound
2025-01-07,Orange,trip_09027,stop_028,14:27:00,14:28:00,3,1,Inbound
2025-01-08,Red,trip_09028,stop_029,15:28:00,15:29:00,4,0,Outbound
2025-01-09,Orange,trip_09029,stop_030,16:29:00,16:30:00,5,1,Inbound
2025-01-10,Red,trip_09030,stop_001,17:30:00,17:31:00,6,0,Outbound
2025-01-11,Orange,trip_09031,stop_002,18:31:00,18:32:00,7,1,Inbound
2025-01-12,Red,trip_09032,stop_003,19:32:00,19:33:00,8,0,Outbound
2025-01-13,Orange,trip_09033,stop_004,20:33:00,20:34:00,9,1,Inbound
2025-01-14,Red,trip_09034,stop_005,21:34:00,21:35:00,10,0,Outbound
2025-01-15,Orange,trip_09035,stop_006,22:35:00,22:36:00,11,1,Inbound
2025-01-16,Red,trip_09036,stop_007,05:36:00,05:37:00,12,0,Outbound
2025-01-17,Orange,trip_09037,stop_008,06:37:00,06:38:00,13,1,Inbound
2025-01-18,Red,trip_09038,stop_009,07:38:00,07:39:00,14,0,Outbound
2025-01-19,Orange,trip_09039,stop_010,08:39:00,08:40:00,15,1,Inbound
2025-01-20,Red,trip_09040,stop_011,09:40:00,09:41:00,16,0,Outbound
2025-01-21,Orange,trip_09041,stop_012,10:41:00,10:42:00,17,1,Inbound
2025-01-22,Red,trip_09042,stop_013,11:42:00,11:43:00,18,0,Outbound
2025-01-23,Orange,trip_09043,stop_014,12:43:00,12:44:00,19,1,Inbound
2025-01-24,Red,trip_09044,stop_015,13:44:00,13:45:00,20,0,Outbound
2025-01-25,Orange,trip_09045,stop_016,14:45:00,14:46:00,21,1,Inbound
2025-01-26,Red,trip_09046,stop_017,15:46:00,15:47:00,22,0,Outbound
2025-01-27,Orange,trip_09047,stop_018,16:47:00,16:48:00,23,1,Inbound
2025-01-28,Red,trip_09048,stop_019,17:48:00,17:49:00,24,0,Outbound
2025-01-29,Orange,trip_09049,stop_020,18:49:00,18:50:00,25,1,Inbound
2025-01-30,Red,trip_09050,stop_021,19:50:00,19:51:00,1,0,Outbound
2025-01-31,Orange,trip_09051,stop_022,20:51:00,20:52:00,2,1,Inbound
2025-01-01,Red,trip_09052,stop_023,21:52:00,21:53:00,3,0,Outbound
2025-01-02,Orange,trip_09053,stop_024,22:53:00,22:54:00,4,1,Inbound
2025-01-03,Red,trip_09054,stop_025,05:54:00,05:55:00,5,0,Outbound
2025-01-04,Orange,trip_09055,stop_026,06:55:00,06:56:00,6,1,Inbound
2025-01-05,Red,trip_09056,stop_027,07:56:00,07:57:00,7,0,Outbound
2025-01-06,Orange,trip_09057,stop_028,08:57:00,08:58:00,8,1,Inbound
2025-01-07,Red,trip_09058,stop_029,09:58:00,09:59:00,9,0,Outbound
2025-01-08,Orange,trip_09059,stop_030,10:59:00,10:00:00,10,1,Inbound
2025-01-09,Red,trip_09060,stop_001,11:00:00,11:01:00,11,0,Outbound
2025-01-10,Orange,trip_09061,stop_002,12:01:00,12:02:00,12,1,Inbound
2025-01-11,Red,trip_09062,stop_003,13:02:00,13:03:00,13,0,Outbound
2025-01-12,Orange,trip_09063,stop_004,14:03:00,14:04:00,14,1,Inbound
2025-01-13,Red,trip_09064,stop_005,15:04:00,15:05:00,15,0,Outbound
2025-01-14,Orange,trip_09065,stop_006,16:05:00,16:06:00,16,1,Inbound
2025-01-15,Red,trip_09066,stop_007,17:06:00,17:07:00,17,0,Outbound
2025-01-16,Orange,trip_09067,stop_008,18:07:00,18:08:00,18,1,Inbound
2025-01-17,Red,trip_09068,stop_009,19:08:00,19:09:00,19,0,Outbound
2025-01-18,Orange,trip_09069,stop_010,20:09:00,20:10:00,20,1,Inbound
2025-01-19,Red,trip_09070,stop_011,21:10:00,21:11:00,21,0,Outbound
2025-01-20,Orange,trip_09071,stop_012,22:11:00,22:12:00,22,1,Inbound
2025-01-21,Red,trip_09072,stop_013,05:12:00,05:13:00,23,0,Outbound
2025-01-22,Orange,trip_09073,stop_014,06:13:00,06:14:00,24,1,Inbound
2025-01-23,Red,trip_09074,stop_015,07:14:00,07:15:00,25,0,Outbound
2025-01-24,Orange,trip_09075,stop_016,08:15:00,08:16:00,1,1,Inbound
2025-01-25,Red,trip_09076,stop_017,09:16:00,09:17:00,2,0,Outbound
2025-01-26,Orange,trip_09077,stop_018,10:17:00,10:18:00,3,1,Inbound
2025-01-27,Red,trip_09078,stop_019,11:18:00,11:19:00,4,0,Outbound
2025-01-28,Orange,trip_09079,stop_020,12:19:00,12:20:00,5,1,Inbound
2025-01-29,Red,trip_09080,stop_021,13:20:00,13:21:00,6,0,Outbound
2025-01-30,Orange,trip_09081,stop_022,14:21:00,14:22:00,7,1,Inbound
2025-01-31,Red,trip_09082,stop_023,15:22:00,15:23:00,8,0,Outbound
2025-01-01,Orange,trip_09083,stop_024,16:23:00,16:24:00,9,1,Inbound
2025-01-02,Red,trip_09084,stop_025,17:24:00,17:25:00,10,0,Outbound
2025-01-03,Orange,trip_09085,stop_026,18:25:00,18:26:00,11,1,Inbound
2025-01-04,Red,trip_09086,stop_027,19:26:00,19:27:00,12,0,Outbound
2025-01-05,Orange,trip_09087,stop_028,20:27:00,20:28:00,13,1,Inbound
2025-01-06,Red,trip_09088,stop_029,21:28:00,21:29:00,14,0,Outbound
2025-01-07,Orange,trip_09089,stop_030,22:29:00,22:30:00,15,1,Inbound
2025-01-08,Red,trip_09090,stop_001,05:30:00,05:31:00,16,0,Outbound
2025-01-09,Orange,trip_09091,stop_002,06:31:00,06:32:00,17,1,Inbound
2025-01-10,Red,trip_09092,stop_003,07:32:00,07:33:00,18,0,Outbound
2025-01-11,Orange,trip_09093,stop_004,08:33:00,08:34:00,19,1,Inbound
2025-01-12,Red,trip_09094,stop_005,09:34:00,09:35:00,20,0,Outbound
2025-01-13,Orange,trip_09095,stop_006,10:35:00,10:36:00,21,1,Inbound
2025-01-14,Red,trip_09096,stop_007,11:36:00,11:37:00,22,0,Outbound
2025-01-15,Orange,trip_09097,stop_008,12:37:00,12:38:00,23,1,Inbound
2025-01-16,Red,trip_09098,stop_009,13:38:00,13:39:00,24,0,Outbound
2025-01-17,Orange,trip_09099,stop_010,14:39:00,14:40:00,25,1,Inbound
2025-01-18,Red,trip_09100,stop_011,15:40:00,15:41:00,1,0,Outbound
2025-01-19,Orange,trip_09101,stop_012,16:41:00,16:42:00,2,1,Inbound
2025-01-20,Red,trip_09102,stop_013,17:42:00,17:43:00,3,0,Outbound
2025-01-21,Orange,trip_09103,stop_014,18:43:00,18:44:00,4,1,Inbound
2025-01-22,Red,trip_09104,stop_015,19:44:00,19:45:00,5,0,Outbound
2025-01-23,Orange,trip_09105,stop_016,20:45:00,20:46:00,6,1,Inbound
2025-01-24,Red,trip_09106,stop_017,21:46:00,21:47:00,7,0,Outbound
2025-01-25,Orange,trip_09107,stop_018,22:47:00,22:48:00,8,1,Inbound
2025-01-26,Red,trip_09108,stop_019,05:48:00,05:49:00,9,0,Outbound
2025-01-27,Orange,trip_09109,stop_020,06:49:00,06:50:00,10,1,Inbound
2025-01-28,Red,trip_09110,stop_021,07:50:00,07:51:00,11,0,Outbound
2025-01-29,Orange,trip_09111,stop_022,08:51:00,08:52:00,12,1,Inbound
2025-01-30,Red,trip_09112,stop_023,09:52:00,09:53:00,13,0,Outbound
2025-01-31,Orange,trip_09113,stop_024,10:53:00,10:54:00,14,1,Inbound
2025-01-01,Red,trip_09114,stop_025,11:54:00,11:55:00,15,0,Outbound
2025-01-02,Orange,trip_09115,stop_026,12:55:00,12:56:00,16,1,Inbound
2025-01-03,Red,trip_09116,stop_027,13:56:00,13:57:00,17,0,Outbound
2025-01-04,Orange,trip_09117,stop_028,14:57:00,14:58:00,18,1,Inbound
2025-01-05,Red,trip_09118,stop_029,15:58:00,15:59:00,19,0,Outbound
2025-01-06,Orange,trip_09119,stop_030,16:59:00,16:00:00,20,1,Inbound
2025-01-07,Red,trip_09120,stop_001,17:00:00,17:01:00,21,0,Outbound
2025-01-08,Orange,trip_09121,stop_002,18:01:00,18:02:00,22,1,Inbound
2025-01-09,Red,trip_09122,stop_003,19:02:00,19:03:00,23,0,Outbound
2025-01-10,Orange,trip_09123,stop_004,20:03:00,20:04:00,24,1,Inbound
2025-01-11,Red,trip_09124,stop_005,21:04:00,21:05:00,25,0,Outbound
2025-01-12,Orange,trip_09125,stop_006,22:05:00,22:06:00,1,1,Inbound
2025-01-13,Red,trip_09126,stop_007,05:06:00,05:07:00,2,0,Outbound
2025-01-14,Orange,trip_09127,stop_008,06:07:00,06:08:00,3,1,Inbound
2025-01-15,Red,trip_09128,stop_009,07:08:00,07:09:00,4,0,Outbound
2025-01-16,Orange,trip_09129,stop_010,08:09:00,08:10:00,5,1,Inbound
2025-01-17,Red,trip_09130,stop_011,09:10:00,09:11:00,6,0,Outbound
2025-01-18,Orange,trip_09131,stop_012,10:11:00,10:12:00,7,1,Inbound
2025-01-19,Red,trip_09132,stop_013,11:12:00,11:13:00,8,0,Outbound
2025-01-20,Orange,trip_09133,stop_014,12:13:00,12:14:00,9,1,Inbound
2025-01-21,Red,trip_09134,stop_015,13:14:00,13:15:00,10,0,Outbound
2025-01-22,Orange,trip_09135,stop_016,14:15:00,14:16:00,11,1,Inbound
2025-01-23,Red,trip_09136,stop_017,15:16:00,15:17:00,12,0,Outbound
2025-01-24,Orange,trip_09137,stop_018,16:17:00,16:18:00,13,1,Inbound
2025-01-25,Red,trip_09138,stop_019,17:18:00,17:19:00,14,0,Outbound
2025-01-26,Orange,trip_09139,stop_020,18:19:00,18:20:00,15,1,Inbound
2025-01-27,Red,trip_09140,stop_021,19:20:00,19:21:00,16,0,Outbound
2025-01-28,Orange,trip_09141,stop_022,20:21:00,20:22:00,17,1,Inbound
2025-01-29,Red,trip_09142,stop_023,21:22:00,21:23:00,18,0,Outbound
2025-01-30,Orange,trip_09143,stop_024,22:23:00,22:24:00,19,1,Inbound
2025-01-31,Red,trip_09144,stop_025,05:24:00,05:25:00,20,0,Outbound
2025-01-01,Orange,trip_09145,stop_026,06:25:00,06:26:00,21,1,Inbound
2025-01-02,Red,trip_09146,stop_027,07:26:00,07:27:00,22,0,Outbound
2025-01-03,Orange,trip_09147,stop_028,08:27:00,08:28:00,23,1,Inbound
2025-01-04,Red,trip_09148,stop_029,09:28:00,09:29:00,24,0,Outbound
2025-01-05,Orange,trip_09149,stop_030,10:29:00,10:30:00,25,1,Inbound
2025-01-06,Red,trip_09150,stop_001,11:30:00,11:31:00,1,0,Outbound
2025-01-07,Orange,trip_09151,stop_002,12:31:00,12:32:00,2,1,Inbound
2025-01-08,Red,trip_09152,stop_003,13:32:00,13:33:00,3,0,Outbound
2025-01-09,Orange,trip_09153,stop_004,14:33:00,14:34:00,4,1,Inbound
2025-01-10,Red,trip_09154,stop_005,15:34:00,15:35:00,5,0,Outbound
2025-01-11,Orange,trip_09155,stop_006,16:35:00,16:36:00,6,1,Inbound
2025-01-12,Red,trip_09156,stop_007,17:36:00,17:37:00,7,0,Outbound
2025-01-13,Orange,trip_09157,stop_008,18:37:00,18:38:00,8,1,Inbound
2025-01-14,Red,trip_09158,stop_009,19:38:00,19:39:00,9,0,Outbound
2025-01-15,Orange,trip_09159,stop_010,20:39:00,20:40:00,10,1,Inbound
2025-01-16,Red,trip_09160,stop_011,21:40:00,21:41:00,11,0,Outbound
2025-01-17,Orange,trip_09161,stop_012,22:41:00,22:42:00,12,1,Inbound
2025-01-18,Red,trip_09162,stop_013,05:42:00,05:43:00,13,0,Outbound
2025-01-19,Orange,trip_09163,stop_014,06:43:00,06:44:00,14,1,Inbound
2025-01-20,Red,trip_09164,stop_015,07:44:00,07:45:00,15,0,Outbound
2025-01-21,Orange,trip_09165,stop_016,08:45:00,08:46:00,16,1,Inbound
2025-01-22,Red,trip_09166,stop_017,09:46:00,09:47:00,17,0,Outbound
2025-01-23,Orange,trip_09167,stop_018,10:47:00,10:48:00,18,1,Inbound
2025-01-24,Red,trip_09168,stop_019,11:48:00,11:49:00,19,0,Outbound
2025-01-25,Orange,trip_09169,stop_020,12:49:00,12:50:00,20,1,Inbound
2025-01-26,Red,trip_09170,stop_021,13:50:00,13:51:00,21,0,Outbound
2025-01-27,Orange,trip_09171,stop_022,14:51:00,14:52:00,22,1,Inbound
2025-01-28,Red,trip_09172,stop_023,15:52:00,15:53:00,23,0,Outbound
2025-01-29,Orange,trip_09173,stop_024,16:53:00,16:54:00,24,1,Inbound
2025-01-30,Red,trip_09174,stop_025,17:54:00,17:55:00,25,0,Outbound
2025-01-31,Orange,trip_09175,stop_026,18:55:00,18:56:00,1,1,Inbound
2025-01-01,Red,trip_09176,stop_027,19:56:00,19:57:00,2,0,Outbound
2025-01-02,Orange,trip_09177,stop_028,20:57:00,20:58:00,3,1,Inbound
2025-01-03,Red,trip_09178,stop_029,21:58:00,21:59:00,4,0,Outbound
2025-01-04,Orange,trip_09179,stop_030,22:59:00,22:00:00,5,1,Inbound
2025-01-05,Red,trip_09180,stop_001,05:00:00,05:01:00,6,0,Outbound
2025-01-06,Orange,trip_09181,stop_002,06:01:00,06:02:00,7,1,Inbound
2025-01-07,Red,trip_09182,stop_003,07:02:00,07:03:00,8,0,Outbound
2025-01-08,Orange,trip_09183,stop_004,08:03:00,08:04:00,9,1,Inbound
2025-01-09,Red,trip_09184,stop_005,09:04:00,09:05:00,10,0,Outbound
2025-01-10,Orange,trip_09185,stop_006,10:05:00,10:06:00,11,1,Inbound
2025-01-11,Red,trip_09186,stop_007,11:06:00,11:07:00,12,0,Outbound
2025-01-12,Orange,trip_09187,stop_008,12:07:00,12:08:00,13,1,Inbound
2025-01-13,Red,trip_09188,stop_009,13:08:00,13:09:00,14,0,Outbound
2025-01-14,Orange,trip_09189,stop_010,14:09:00,14:10:00,15,1,Inbound
2025-01-15,Red,trip_09190,stop_011,15:10:00,15:11:00,16,0,Outbound
2025-01-16,Orange,trip_09191,stop_012,16:11:00,16:12:00,17,1,Inbound
2025-01-17,Red,trip_09192,stop_013,17:12:00,17:13:00,18,0,Outbound
2025-01-18,Orange,trip_09193,stop_014,18:13:00,18:14:00,19,1,Inbound
2025-01-19,Red,trip_09194,stop_015,19:14:00,19:15:00,20,0,Outbound
2025-01-20,Orange,trip_09195,stop_016,20:15:00,20:16:00,21,1,Inbound
2025-01-21,Red,trip_09196,stop_017,21:16:00,21:17:00,22,0,Outbound
2025-01-22,Orange,trip_09197,stop_018,22:17:00,22:18:00,23,1,Inbound
2025-01-23,Red,trip_09198,stop_019,05:18:00,05:19:00,24,0,Outbound
2025-01-24,Orange,trip_09199,stop_020,06:19:00,06:20:00,25,1,Inbound
2025-01-25,Red,trip_09200,stop_021,07:20:00,07:21:00,1,0,Outbound
2025-01-26,Orange,trip_09201,stop_022,08:21:00,08:22:00,2,1,Inbound
2025-01-27,Red,trip_09202,stop_023,09:22:00,09:23:00,3,0,Outbound
2025-01-28,Orange,trip_09203,stop_024,10:23:00,10:24:00,4,1,Inbound
2025-01-29,Red,trip_09204,stop_025,11:24:00,11:25:00,5,0,Outbound
2025-01-30,Orange,trip_09205,stop_026,12:25:00,12:26:00,6,1,Inbound
2025-01-31,Red,trip_09206,stop_027,13:26:00,13:27:00,7,0,Outbound
2025-01-01,Orange,trip_09207,stop_028,14:27:00,14:28:00,8,1,Inbound
2025-01-02,Red,trip_09208,stop_029,15:28:00,15:29:00,9,0,Outbound
2025-01-03,Orange,trip_09209,stop_030,16:29:00,16:30:00,10,1,Inbound
2025-01-04,Red,trip_09210,stop_001,17:30:00,17:31:00,11,0,Outbound
2025-01-05,Orange,trip_09211,stop_002,18:31:00,18:32:00,12,1,Inbound
2025-01-06,Red,trip_09212,stop_003,19:32:00,19:33:00,13,0,Outbound
2025-01-07,Orange,trip_09213,stop_004,20:33:00,20:34:00,14,1,Inbound
2025-01-08,Red,trip_09214,stop_005,21:34:00,21:35:00,15,0,Outbound
2025-01-09,Orange,trip_09215,stop_006,22:35:00,22:36:00,16,1,Inbound
2025-01-10,Red,trip_09216,stop_007,05:36:00,05:37:00,17,0,Outbound
2025-01-11,Orange,trip_09217,stop_008,06:37:00,06:38:00,18,1,Inbound
2025-01-12,Red,trip_09218,stop_009,07:38:00,07:39:00,19,0,Outbound
2025-01-13,Orange,trip_09219,stop_010,08:39:00,08:40:00,20,1,Inbound
2025-01-14,Red,trip_09220,stop_011,09:40:00,09:41:00,21,0,Outbound
2025-01-15,Orange,trip_09221,stop_012,10:41:00,10:42:00,22,1,Inbound
2025-01-16,Red,trip_09222,stop_013,11:42:00,11:43:00,23,0,Outbound
2025-01-17,Orange,trip_09223,stop_014,12:43:00,12:44:00,24,1,Inbound
2025-01-18,Red,trip_09224,stop_015,13:44:00,13:45:00,25,0,Outbound
2025-01-19,Orange,trip_09225,stop_016,14:45:00,14:46:00,1,1,Inbound
2025-01-20,Red,trip_09226,stop_017,15:46:00,15:47:00,2,0,Outbound
2025-01-21,Orange,trip_09227,stop_018,16:47:00,16:48:00,3,1,Inbound
2025-01-22,Red,trip_09228,stop_019,17:48:00,17:49:00,4,0,Outbound
2025-01-23,Orange,trip_09229,stop_020,18:49:00,18:50:00,5,1,Inbound
2025-01-24,Red,trip_09230,stop_021,19:50:00,19:51:00,6,0,Outbound
2025-01-25,Orange,trip_09231,stop_022,20:51:00,20:52:00,7,1,Inbound
2025-01-26,Red,trip_09232,stop_023,21:52:00,21:53:00,8,0,Outbound
2025-01-27,Orange,trip_09233,stop_024,22:53:00,22:54:00,9,1,Inbound
2025-01-28,Red,trip_09234,stop_025,05:54:00,05:55:00,10,0,Outbound
2025-01-29,Orange,trip_09235,stop_026,06:55:00,06:56:00,11,1,Inbound
2025-01-30,Red,trip_09236,stop_027,07:56:00,07:57:00,12,0,Outbound
2025-01-31,Orange,trip_09237,stop_028,08:57:00,08:58:00,13,1,Inbound
2025-01-01,Red,trip_09238,stop_029,09:58:00,09:59:00,14,0,Outbound
2025-01-02,Orange,trip_09239,stop_030,10:59:00,10:00:00,15,1,Inbound
2025-01-03,Red,trip_09240,stop_001,11:00:00,11:01:00,16,0,Outbound
2025-01-04,Orange,trip_09241,stop_002,12:01:00,12:02:00,17,1,Inbound
2025-01-05,Red,trip_09242,stop_003,13:02:00,13:03:00,18,0,Outbound
2025-01-06,Orange,trip_09243,stop_004,14:03:00,14:04:00,19,1,Inbound
2025-01-07,Red,trip_09244,stop_005,15:04:00,15:05:00,20,0,Outbound
2025-01-08,Orange,trip_09245,stop_006,16:05:00,16:06:00,21,1,Inbound
2025-01-09,Red,trip_09246,stop_007,17:06:00,17:07:00,22,0,Outbound
2025-01-10,Orange,trip_09247,stop_008,18:07:00,18:08:00,23,1,Inbound
2025-01-11,Red,trip_09248,stop_009,19:08:00,19:09:00,24,0,Outbound
2025-01-12,Orange,trip_09249,stop_010,20:09:00,20:10:00,25,1,Inbound
2025-01-13,Red,trip_09250,stop_011,21:10:00,21:11:00,1,0,Outbound
2025-01-14,Orange,trip_09251,stop_012,22:11:00,22:12:00,2,1,Inbound
2025-01-15,Red,trip_09252,stop_013,05:12:00,05:13:00,3,0,Outbound
2025-01-16,Orange,trip_09253,stop_014,06:13:00,06:14:00,4,1,Inbound
2025-01-17,Red,trip_09254,stop_015,07:14:00,07:15:00,5,0,Outbound
2025-01-18,Orange,trip_09255,stop_016,08:15:00,08:16:00,6,1,Inbound
2025-01-19,Red,trip_09256,stop_017,09:16:00,09:17:00,7,0,Outbound
2025-01-20,Orange,trip_09257,stop_018,10:17:00,10:18:00,8,1,Inbound
2025-01-21,Red,trip_09258,stop_019,11:18:00,11:19:00,9,0,Outbound
2025-01-22,Orange,trip_09259,stop_020,12:19:00,12:20:00,10,1,Inbound
2025-01-23,Red,trip_09260,stop_021,13:20:00,13:21:00,11,0,Outbound
2025-01-24,Orange,trip_09261,stop_022,14:21:00,14:22:00,12,1,Inbound
2025-01-25,Red,trip_09262,stop_023,15:22:00,15:23:00,13,0,Outbound
2025-01-26,Orange,trip_09263,stop_024,16:23:00,16:24:00,14,1,Inbound
2025-01-27,Red,trip_09264,stop_025,17:24:00,17:25:00,15,0,Outbound
2025-01-28,Orange,trip_09265,stop_026,18:25:00,18:26:00,16,1,Inbound
2025-01-29,Red,trip_09266,stop_027,19:26:00,19:27:00,17,0,Outbound
2025-01-30,Orange,trip_09267,stop_028,20:27:00,20:28:00,18,1,Inbound
2025-01-31,Red,trip_09268,stop_029,21:28:00,21:29:00,19,0,Outbound
2025-01-01,Orange,trip_09269,stop_030,22:29:00,22:30:00,20,1,Inbound
2025-01-02,Red,trip_09270,stop_001,05:30:00,05:31:00,21,0,Outbound
2025-01-03,Orange,trip_09271,stop_002,06:31:00,06:32:00,22,1,Inbound
2025-01-04,Red,trip_09272,stop_003,07:32:00,07:33:00,23,0,Outbound
2025-01-05,Orange,trip_09273,stop_004,08:33:00,08:34:00,24,1,Inbound
2025-01-06,Red,trip_09274,stop_005,09:34:00,09:35:00,25,0,Outbound
2025-01-07,Orange,trip_09275,stop_006,10:35:00,10:36:00,1,1,Inbound
2025-01-08,Red,trip_09276,stop_007,11:36:00,11:37:00,2,0,Outbound
2025-01-09,Orange,trip_09277,stop_008,12:37:00,12:38:00,3,1,Inbound
2025-01-10,Red,trip_09278,stop_009,13:38:00,13:39:00,4,0,Outbound
2025-01-11,Orange,trip_09279,stop_010,14:39:00,14:40:00,5,1,Inbound
2025-01-12,Red,trip_09280,stop_011,15:40:00,15:41:00,6,0,Outbound
2025-01-13,Orange,trip_09281,stop_012,16:41:00,16:42:00,7,1,Inbound
2025-01-14,Red,trip_09282,stop_013,17:42:00,17:43:00,8,0,Outbound
2025-01-15,Orange,trip_09283,stop_014,18:43:00,18:44:00,9,1,Inbound
2025-01-16,Red,trip_09284,stop_015,19:44:00,19:45:00,10,0,Outbound
2025-01-17,Orange,trip_09285,stop_016,20:45:00,20:46:00,11,1,Inbound
2025-01-18,Red,trip_09286,stop_017,21:46:00,21:47:00,12,0,Outbound
2025-01-19,Orange,trip_09287,stop_018,22:47:00,22:48:00,13,1,Inbound
2025-01-20,Red,trip_09288,stop_019,05:48:00,05:49:00,14,0,Outbound
2025-01-21,Orange,trip_09289,stop_020,06:49:00,06:50:00,15,1,Inbound
2025-01-22,Red,trip_09290,stop_021,07:50:00,07:51:00,16,0,Outbound
2025-01-23,Orange,trip_09291,stop_022,08:51:00,08:52:00,17,1,Inbound
2025-01-24,Red,trip_09292,stop_023,09:52:00,09:53:00,18,0,Outbound
2025-01-25,Orange,trip_09293,stop_024,10:53:00,10:54:00,19,1,Inbound
2025-01-26,Red,trip_09294,stop_025,11:54:00,11:55:00,20,0,Outbound
2025-01-27,Orange,trip_09295,stop_026,12:55:00,12:56:00,21,1,Inbound
2025-01-28,Red,trip_09296,stop_027,13:56:00,13:57:00,22,0,Outbound
2025-01-29,Orange,trip_09297,stop_028,14:57:00,14:58:00,23,1,Inbound
2025-01-30,Red,trip_09298,stop_029,15:58:00,15:59:00,24,0,Outbound
2025-01-31,Orange,trip_09299,stop_030,16:59:00,16:00:00,25,1,Inbound
2025-01-01,Red,trip_09300,stop_001,17:00:00,17:01:00,1,0,Outbound
2025-01-02,Orange,trip_09301,stop_002,18:01:00,18:02:00,2,1,Inbound
2025-01-03,Red,trip_09302,stop_003,19:02:00,19:03:00,3,0,Outbound
2025-01-04,Orange,trip_09303,stop_004,20:03:00,20:04:00,4,1,Inbound
2025-01-05,Red,trip_09304,stop_005,21:04:00,21:05:00,5,0,Outbound
2025-01-06,Orange,trip_09305,stop_006,22:05:00,22:06:00,6,1,Inbound
2025-01-07,Red,trip_09306,stop_007,05:06:00,05:07:00,7,0,Outbound
2025-01-08,Orange,trip_09307,stop_008,06:07:00,06:08:00,8,1,Inbound
2025-01-09,Red,trip_09308,stop_009,07:08:00,07:09:00,9,0,Outbound
2025-01-10,Orange,trip_09309,stop_010,08:09:00,08:10:00,10,1,Inbound
2025-01-11,Red,trip_09310,stop_011,09:10:00,09:11:00,11,0,Outbound
2025-01-12,Orange,trip_09311,stop_012,10:11:00,10:12:00,12,1,Inbound
2025-01-13,Red,trip_09312,stop_013,11:12:00,11:13:00,13,0,Outbound
2025-01-14,Orange,trip_09313,stop_014,12:13:00,12:14:00,14,1,Inbound
2025-01-15,Red,trip_09314,stop_015,13:14:00,13:15:00,15,0,Outbound
2025-01-16,Orange,trip_09315,stop_016,14:15:00,14:16:00,16,1,Inbound
2025-01-17,Red,trip_09316,stop_017,15:16:00,15:17:00,17,0,Outbound
2025-01-18,Orange,trip_09317,stop_018,16:17:00,16:18:00,18,1,Inbound
2025-01-19,Red,trip_09318,stop_019,17:18:00,17:19:00,19,0,Outbound
2025-01-20,Orange,trip_09319,stop_020,18:19:00,18:20:00,20,1,Inbound
2025-01-21,Red,trip_09320,stop_021,19:20:00,19:21:00,21,0,Outbound
2025-01-22,Orange,trip_09321,stop_022,20:21:00,20:22:00,22,1,Inbound
2025-01-23,Red,trip_09322,stop_023,21:22:00,21:23:00,23,0,Outbound
2025-01-24,Orange,trip_09323,stop_024,22:23:00,22:24:00,24,1,Inbound
2025-01-25,Red,trip_09324,stop_025,05:24:00,05:25:00,25,0,Outbound
2025-01-26,Orange,trip_09325,stop_026,06:25:00,06:26:00,1,1,Inbound
2025-01-27,Red,trip_09326,stop_027,07:26:00,07:27:00,2,0,Outbound
2025-01-28,Orange,trip_09327,stop_028,08:27:00,08:28:00,3,1,Inbound
2025-01-29,Red,trip_09328,stop_029,09:28:00,09:29:00,4,0,Outbound
2025-01-30,Orange,trip_09329,stop_030,10:29:00,10:30:00,5,1,Inbound
2025-01-31,Red,trip_09330,stop_001,11:30:00,11:31:00,6,0,Outbound
2025-01-01,Orange,trip_09331,stop_002,12:31:00,12:32:00,7,1,Inbound
2025-01-02,Red,trip_09332,stop_003,13:32:00,13:33:00,8,0,Outbound
2025-01-03,Orange,trip_09333,stop_004,14:33:00,14:34:00,9,1,Inbound
2025-01-04,Red,trip_09334,stop_005,15:34:00,15:35:00,10,0,Outbound
2025-01-05,Orange,trip_09335,stop_006,16:35:00,16:36:00,11,1,Inbound
2025-01-06,Red,trip_09336,stop_007,17:36:00,17:37:00,12,0,Outbound
2025-01-07,Orange,trip_09337,stop_008,18:37:00,18:38:00,13,1,Inbound
2025-01-08,Red,trip_09338,stop_009,19:38:00,19:39:00,14,0,Outbound
2025-01-09,Orange,trip_09339,stop_010,20:39:00,20:40:00,15,1,Inbound
2025-01-10,Red,trip_09340,stop_011,21:40:00,21:41:00,16,0,Outbound
2025-01-11,Orange,trip_09341,stop_012,22:41:00,22:42:00,17,1,Inbound
2025-01-12,Red,trip_09342,stop_013,05:42:00,05:43:00,18,0,Outbound
2025-01-13,Orange,trip_09343,stop_014,06:43:00,06:44:00,19,1,Inbound
2025-01-14,Red,trip_09344,stop_015,07:44:00,07:45:00,20,0,Outbound
2025-01-15,Orange,trip_09345,stop_016,08:45:00,08:46:00,21,1,Inbound
2025-01-16,Red,trip_09346,stop_017,09:46:00,09:47:00,22,0,Outbound
2025-01-17,Orange,trip_09347,stop_018,10:47:00,10:48:00,23,1,Inbound
2025-01-18,Red,trip_09348,stop_019,11:48:00,11:49:00,24,0,Outbound
2025-01-19,Orange,trip_09349,stop_020,12:49:00,12:50:00,25,1,Inbound
2025-01-20,Red,trip_09350,stop_021,13:50:00,13:51:00,1,0,Outbound
2025-01-21,Orange,trip_09351,stop_022,14:51:00,14:52:00,2,1,Inbound
2025-01-22,Red,trip_09352,stop_023,15:52:00,15:53:00,3,0,Outbound
2025-01-23,Orange,trip_09353,stop_024,16:53:00,16:54:00,4,1,Inbound
2025-01-24,Red,trip_09354,stop_025,17:54:00,17:55:00,5,0,Outbound
2025-01-25,Orange,trip_09355,stop_026,18:55:00,18:56:00,6,1,Inbound
2025-01-26,Red,trip_09356,stop_027,19:56:00,19:57:00,7,0,Outbound
2025-01-27,Orange,trip_09357,stop_028,20:57:00,20:58:00,8,1,Inbound
2025-01-28,Red,trip_09358,stop_029,21:58:00,21:59:00,9,0,Outbound
2025-01-29,Orange,trip_09359,stop_030,22:59:00,22:00:00,10,1,Inbound
2025-01-30,Red,trip_09360,stop_001,05:00:00,05:01:00,11,0,Outbound
2025-01-31,Orange,trip_09361,stop_002,06:01:00,06:02:00,12,1,Inbound
2025-01-01,Red,trip_09362,stop_003,07:02:00,07:03:00,13,0,Outbound
2025-01-02,Orange,trip_09363,stop_004,08:03:00,08:04:00,14,1,Inbound
2025-01-03,Red,trip_09364,stop_005,09:04:00,09:05:00,15,0,Outbound
2025-01-04,Orange,trip_09365,stop_006,10:05:00,10:06:00,16,1,Inbound
2025-01-05,Red,trip_09366,stop_007,11:06:00,11:07:00,17,0,Outbound
2025-01-06,Orange,trip_09367,stop_008,12:07:00,12:08:00,18,1,Inbound
2025-01-07,Red,trip_09368,stop_009,13:08:00,13:09:00,19,0,Outbound
2025-01-08,Orange,trip_09369,stop_010,14:09:00,14:10:00,20,1,Inbound
2025-01-09,Red,trip_09370,stop_011,15:10:00,15:11:00,21,0,Outbound
2025-01-10,Orange,trip_09371,stop_012,16:11:00,16:12:00,22,1,Inbound
2025-01-11,Red,trip_09372,stop_013,17:12:00,17:13:00,23,0,Outbound
2025-01-12,Orange,trip_09373,stop_014,18:13:00,18:14:00,24,1,Inbound
2025-01-13,Red,trip_09374,stop_015,19:14:00,19:15:00,25,0,Outbound
2025-01-14,Orange,trip_09375,stop_016,20:15:00,20:16:00,1,1,Inbound
2025-01-15,Red,trip_09376,stop_017,21:16:00,21:17:00,2,0,Outbound
2025-01-16,Orange,trip_09377,stop_018,22:17:00,22:18:00,3,1,Inbound
2025-01-17,Red,trip_09378,stop_019,05:18:00,05:19:00,4,0,Outbound
2025-01-18,Orange,trip_09379,stop_020,06:19:00,06:20:00,5,1,Inbound
2025-01-19,Red,trip_09380,stop_021,07:20:00,07:21:00,6,0,Outbound
2025-01-20,Orange,trip_09381,stop_022,08:21:00,08:22:00,7,1,Inbound
2025-01-21,Red,trip_09382,stop_023,09:22:00,09:23:00,8,0,Outbound
2025-01-22,Orange,trip_09383,stop_024,10:23:00,10:24:00,9,1,Inbound
2025-01-23,Red,trip_09384,stop_025,11:24:00,11:25:00,10,0,Outbound
2025-01-24,Orange,trip_09385,stop_026,12:25:00,12:26:00,11,1,Inbound
2025-01-25,Red,trip_09386,stop_027,13:26:00,13:27:00,12,0,Outbound
2025-01-26,Orange,trip_09387,stop_028,14:27:00,14:28:00,13,1,Inbound
2025-01-27,Red,trip_09388,stop_029,15:28:00,15:29:00,14,0,Outbound
2025-01-28,Orange,trip_09389,stop_030,16:29:00,16:30:00,15,1,Inbound
2025-01-29,Red,trip_09390,stop_001,17:30:00,17:31:00,16,0,Outbound
2025-01-30,Orange,trip_09391,stop_002,18:31:00,18:32:00,17,1,Inbound
2025-01-31,Red,trip_09392,stop_003,19:32:00,19:33:00,18,0,Outbound
2025-01-01,Orange,trip_09393,stop_004,20:33:00,20:34:00,19,1,Inbound
2025-01-02,Red,trip_09394,stop_005,21:34:00,21:35:00,20,0,Outbound
2025-01-03,Orange,trip_09395,stop_006,22:35:00,22:36:00,21,1,Inbound
2025-01-04,Red,trip_09396,stop_007,05:36:00,05:37:00,22,0,Outbound
2025-01-05,Orange,trip_09397,stop_008,06:37:00,06:38:00,23,1,Inbound
2025-01-06,Red,trip_09398,stop_009,07:38:00,07:39:00,24,0,Outbound
2025-01-07,Orange,trip_09399,stop_010,08:39:00,08:40:00,25,1,Inbound
2025-01-08,Red,trip_09400,stop_011,09:40:00,09:41:00,1,0,Outbound
2025-01-09,Orange,trip_09401,stop_012,10:41:00,10:42:00,2,1,Inbound
2025-01-10,Red,trip_09402,stop_013,11:42:00,11:43:00,3,0,Outbound
2025-01-11,Orange,trip_09403,stop_014,12:43:00,12:44:00,4,1,Inbound
2025-01-12,Red,trip_09404,stop_015,13:44:00,13:45:00,5,0,Outbound
2025-01-13,Orange,trip_09405,stop_016,14:45:00,14:46:00,6,1,Inbound
2025-01-14,Red,trip_09406,stop_017,15:46:00,15:47:00,7,0,Outbound
2025-01-15,Orange,trip_09407,stop_018,16:47:00,16:48:00,8,1,Inbound
2025-01-16,Red,trip_09408,stop_019,17:48:00,17:49:00,9,0,Outbound
2025-01-17,Orange,trip_09409,stop_020,18:49:00,18:50:00,10,1,Inbound
2025-01-18,Red,trip_09410,stop_021,19:50:00,19:51:00,11,0,Outbound
2025-01-19,Orange,trip_09411,stop_022,20:51:00,20:52:00,12,1,Inbound
2025-01-20,Red,trip_09412,stop_023,21:52:00,21:53:00,13,0,Outbound
2025-01-21,Orange,trip_09413,stop_024,22:53:00,22:54:00,14,1,Inbound
2025-01-22,Red,trip_09414,stop_025,05:54:00,05:55:00,15,0,Outbound
2025-01-23,Orange,trip_09415,stop_026,06:55:00,06:56:00,16,1,Inbound
2025-01-24,Red,trip_09416,stop_027,07:56:00,07:57:00,17,0,Outbound
2025-01-25,Orange,trip_09417,stop_028,08:57:00,08:58:00,18,1,Inbound
2025-01-26,Red,trip_09418,stop_029,09:58:00,09:59:00,19,0,Outbound
2025-01-27,Orange,trip_09419,stop_030,10:59:00,10:00:00,20,1,Inbound
2025-01-28,Red,trip_09420,stop_001,11:00:00,11:01:00,21,0,Outbound
2025-01-29,Orange,trip_09421,stop_002,12:01:00,12:02:00,22,1,Inbound
2025-01-30,Red,trip_09422,stop_003,13:02:00,13:03:00,23,0,Outbound
2025-01-31,Orange,trip_09423,stop_004,14:03:00,14:04:00,24,1,Inbound
2025-01-01,Red,trip_09424,stop_005,15:04:00,15:05:00,25,0,Outbound
2025-01-02,Orange,trip_09425,stop_006,16:05:00,16:06:00,1,1,Inbound
2025-01-03,Red,trip_09426,stop_007,17:06:00,17:07:00,2,0,Outbound
2025-01-04,Orange,trip_09427,stop_008,18:07:00,18:08:00,3,1,Inbound
2025-01-05,Red,trip_09428,stop_009,19:08:00,19:09:00,4,0,Outbound
2025-01-06,Orange,trip_09429,stop_010,20:09:00,20:10:00,5,1,Inbound
2025-01-07,Red,trip_09430,stop_011,21:10:00,21:11:00,6,0,Outbound
2025-01-08,Orange,trip_09431,stop_012,22:11:00,22:12:00,7,1,Inbound
2025-01-09,Red,trip_09432,stop_013,05:12:00,05:13:00,8,0,Outbound
2025-01-10,Orange,trip_09433,stop_014,06:13:00,06:14:00,9,1,Inbound
2025-01-11,Red,trip_09434,stop_015,07:14:00,07:15:00,10,0,Outbound
2025-01-12,Orange,trip_09435,stop_016,08:15:00,08:16:00,11,1,Inbound
2025-01-13,Red,trip_09436,stop_017,09:16:00,09:17:00,12,0,Outbound
2025-01-14,Orange,trip_09437,stop_018,10:17:00,10:18:00,13,1,Inbound
2025-01-15,Red,trip_09438,stop_019,11:18:00,11:19:00,14,0,Outbound
2025-01-16,Orange,trip_09439,stop_020,12:19:00,12:20:00,15,1,Inbound
2025-01-17,Red,trip_09440,stop_021,13:20:00,13:21:00,16,0,Outbound
2025-01-18,Orange,trip_09441,stop_022,14:21:00,14:22:00,17,1,Inbound
2025-01-19,Red,trip_09442,stop_023,15:22:00,15:23:00,18,0,Outbound
2025-01-20,Orange,trip_09443,stop_024,16:23:00,16:24:00,19,1,Inbound
2025-01-21,Red,trip_09444,stop_025,17:24:00,17:25:00,20,0,Outbound
2025-01-22,Orange,trip_09445,stop_026,18:25:00,18:26:00,21,1,Inbound
2025-01-23,Red,trip_09446,stop_027,19:26:00,19:27:00,22,0,Outbound
2025-01-24,Orange,trip_09447,stop_028,20:27:00,20:28:00,23,1,Inbound
2025-01-25,Red,trip_09448,stop_029,21:28:00,21:29:00,24,0,Outbound
2025-01-26,Orange,trip_09449,stop_030,22:29:00,22:30:00,25,1,Inbound
2025-01-27,Red,trip_09450,stop_001,05:30:00,05:31:00,1,0,Outbound
2025-01-28,Orange,trip_09451,stop_002,06:31:00,06:32:00,2,1,Inbound
2025-01-29,Red,trip_09452,stop_003,07:32:00,07:33:00,3,0,Outbound
2025-01-30,Orange,trip_09453,stop_004,08:33:00,08:34:00,4,1,Inbound
2025-01-31,Red,trip_09454,stop_005,09:34:00,09:35:00,5,0,Outbound
2025-01-01,Orange,trip_09455,stop_006,10:35:00,10:36:00,6,1,Inbound
2025-01-02,Red,trip_09456,stop_007,11:36:00,11:37:00,7,0,Outbound
2025-01-03,Orange,trip_09457,stop_008,12:37:00,12:38:00,8,1,Inbound
2025-01-04,Red,trip_09458,stop_009,13:38:00,13:39:00,9,0,Outbound
2025-01-05,Orange,trip_09459,stop_010,14:39:00,14:40:00,10,1,Inbound
2025-01-06,Red,trip_09460,stop_011,15:40:00,15:41:00,11,0,Outbound
2025-01-07,Orange,trip_09461,stop_012,16:41:00,16:42:00,12,1,Inbound
2025-01-08,Red,trip_09462,stop_013,17:42:00,17:43:00,13,0,Outbound
2025-01-09,Orange,trip_09463,stop_014,18:43:00,18:44:00,14,1,Inbound
2025-01-10,Red,trip_09464,stop_015,19:44:00,19:45:00,15,0,Outbound
2025-01-11,Orange,trip_09465,stop_016,20:45:00,20:46:00,16,1,Inbound
2025-01-12,Red,trip_09466,stop_017,21:46:00,21:47:00,17,0,Outbound
2025-01-13,Orange,trip_09467,stop_018,22:47:00,22:48:00,18,1,Inbound
2025-01-14,Red,trip_09468,stop_019,05:48:00,05:49:00,19,0,Outbound
2025-01-15,Orange,trip_09469,stop_020,06:49:00,06:50:00,20,1,Inbound
2025-01-16,Red,trip_09470,stop_021,07:50:00,07:51:00,21,0,Outbound
2025-01-17,Orange,trip_09471,stop_022,08:51:00,08:52:00,22,1,Inbound
2025-01-18,Red,trip_09472,stop_023,09:52:00,09:53:00,23,0,Outbound
2025-01-19,Orange,trip_09473,stop_024,10:53:00,10:54:00,24,1,Inbound
2025-01-20,Red,trip_09474,stop_025,11:54:00,11:55:00,25,0,Outbound
2025-01-21,Orange,trip_09475,stop_026,12:55:00,12:56:00,1,1,Inbound
2025-01-22,Red,trip_09476,stop_027,13:56:00,13:57:00,2,0,Outbound
2025-01-23,Orange,trip_09477,stop_028,14:57:00,14:58:00,3,1,Inbound
2025-01-24,Red,trip_09478,stop_029,15:58:00,15:59:00,4,0,Outbound
2025-01-25,Orange,trip_09479,stop_030,16:59:00,16:00:00,5,1,Inbound
2025-01-26,Red,trip_09480,stop_001,17:00:00,17:01:00,6,0,Outbound
2025-01-27,Orange,trip_09481,stop_002,18:01:00,18:02:00,7,1,Inbound
2025-01-28,Red,trip_09482,stop_003,19:02:00,19:03:00,8,0,Outbound
2025-01-29,Orange,trip_09483,stop_004,20:03:00,20:04:00,9,1,Inbound
2025-01-30,Red,trip_09484,stop_005,21:04:00,21:05:00,10,0,Outbound
2025-01-31,Orange,trip_09485,stop_006,22:05:00,22:06:00,11,1,Inbound
2025-01-01,Red,trip_09486,stop_007,05:06:00,05:07:00,12,0,Outbound
2025-01-02,Orange,trip_09487,stop_008,06:07:00,06:08:00,13,1,Inbound
2025-01-03,Red,trip_09488,stop_009,07:08:00,07:09:00,14,0,Outbound
2025-01-04,Orange,trip_09489,stop_010,08:09:00,08:10:00,15,1,Inbound
2025-01-05,Red,trip_09490,stop_011,09:10:00,09:11:00,16,0,Outbound
2025-01-06,Orange,trip_09491,stop_012,10:11:00,10:12:00,17,1,Inbound
2025-01-07,Red,trip_09492,stop_013,11:12:00,11:13:00,18,0,Outbound
2025-01-08,Orange,trip_09493,stop_014,12:13:00,12:14:00,19,1,Inbound
2025-01-09,Red,trip_09494,stop_015,13:14:00,13:15:00,20,0,Outbound
2025-01-10,Orange,trip_09495,stop_016,14:15:00,14:16:00,21,1,Inbound
2025-01-11,Red,trip_09496,stop_017,15:16:00,15:17:00,22,0,Outbound
2025-01-12,Orange,trip_09497,stop_018,16:17:00,16:18:00,23,1,Inbound
2025-01-13,Red,trip_09498,stop_019,17:18:00,17:19:00,24,0,Outbound
2025-01-14,Orange,trip_09499,stop_020,18:19:00,18:20:00,25,1,Inbound
2025-01-15,Red,trip_09500,stop_021,19:20:00,19:21:00,1,0,Outbound
2025-01-16,Orange,trip_09501,stop_022,20:21:00,20:22:00,2,1,Inbound
2025-01-17,Red,trip_09502,stop_023,21:22:00,21:23:00,3,0,Outbound
2025-01-18,Orange,trip_09503,stop_024,22:23:00,22:24:00,4,1,Inbound
2025-01-19,Red,trip_09504,stop_025,05:24:00,05:25:00,5,0,Outbound
2025-01-20,Orange,trip_09505,stop_026,06:25:00,06:26:00,6,1,Inbound
2025-01-21,Red,trip_09506,stop_027,07:26:00,07:27:00,7,0,Outbound
2025-01-22,Orange,trip_09507,stop_028,08:27:00,08:28:00,8,1,Inbound
2025-01-23,Red,trip_09508,stop_029,09:28:00,09:29:00,9,0,Outbound
2025-01-24,Orange,trip_09509,stop_030,10:29:00,10:30:00,10,1,Inbound
2025-01-25,Red,trip_09510,stop_001,11:30:00,11:31:00,11,0,Outbound
2025-01-26,Orange,trip_09511,stop_002,12:31:00,12:32:00,12,1,Inbound
2025-01-27,Red,trip_09512,stop_003,13:32:00,13:33:00,13,0,Outbound
2025-01-28,Orange,trip_09513,stop_004,14:33:00,14:34:00,14,1,Inbound
2025-01-29,Red,trip_09514,stop_005,15:34:00,15:35:00,15,0,Outbound
2025-01-30,Orange,trip_09515,stop_006,16:35:00,16:36:00,16,1,Inbound
2025-01-31,Red,trip_09516,stop_007,17:36:00,17:37:00,17,0,Outbound
2025-01-01,Orange,trip_09517,stop_008,18:37:00,18:38:00,18,1,Inbound
2025-01-02,Red,trip_09518,stop_009,19:38:00,19:39:00,19,0,Outbound
2025-01-03,Orange,trip_09519,stop_010,20:39:00,20:40:00,20,1,Inbound
2025-01-04,Red,trip_09520,stop_011,21:40:00,21:41:00,21,0,Outbound
2025-01-05,Orange,trip_09521,stop_012,22:41:00,22:42:00,22,1,Inbound
2025-01-06,Red,trip_09522,stop_013,05:42:00,05:43:00,23,0,Outbound
2025-01-07,Orange,trip_09523,stop_014,06:43:00,06:44:00,24,1,Inbound
2025-01-08,Red,trip_09524,stop_015,07:44:00,07:45:00,25,0,Outbound
2025-01-09,Orange,trip_09525,stop_016,08:45:00,08:46:00,1,1,Inbound
2025-01-10,Red,trip_09526,stop_017,09:46:00,09:47:00,2,0,Outbound
2025-01-11,Orange,trip_09527,stop_018,10:47:00,10:48:00,3,1,Inbound
2025-01-12,Red,trip_09528,stop_019,11:48:00,11:49:00,4,0,Outbound
2025-01-13,Orange,trip_09529,stop_020,12:49:00,12:50:00,5,1,Inbound
2025-01-14,Red,trip_09530,stop_021,13:50:00,13:51:00,6,0,Outbound
2025-01-15,Orange,trip_09531,stop_022,14:51:00,14:52:00,7,1,Inbound
2025-01-16,Red,trip_09532,stop_023,15:52:00,15:53:00,8,0,Outbound
2025-01-17,Orange,trip_09533,stop_024,16:53:00,16:54:00,9,1,Inbound
2025-01-18,Red,trip_09534,stop_025,17:54:00,17:55:00,10,0,Outbound
2025-01-19,Orange,trip_09535,stop_026,18:55:00,18:56:00,11,1,Inbound
2025-01-20,Red,trip_09536,stop_027,19:56:00,19:57:00,12,0,Outbound
2025-01-21,Orange,trip_09537,stop_028,20:57:00,20:58:00,13,1,Inbound
2025-01-22,Red,trip_09538,stop_029,21:58:00,21:59:00,14,0,Outbound
2025-01-23,Orange,trip_09539,stop_030,22:59:00,22:00:00,15,1,Inbound
2025-01-24,Red,trip_09540,stop_001,05:00:00,05:01:00,16,0,Outbound
2025-01-25,Orange,trip_09541,stop_002,06:01:00,06:02:00,17,1,Inbound
2025-01-26,Red,trip_09542,stop_003,07:02:00,07:03:00,18,0,Outbound
2025-01-27,Orange,trip_09543,stop_004,08:03:00,08:04:00,19,1,Inbound
2025-01-28,Red,trip_09544,stop_005,09:04:00,09:05:00,20,0,Outbound
2025-01-29,Orange,trip_09545,stop_006,10:05:00,10:06:00,21,1,Inbound
2025-01-30,Red,trip_09546,stop_007,11:06:00,11:07:00,22,0,Outbound
2025-01-31,Orange,trip_09547,stop_008,12:07:00,12:08:00,23,1,Inbound
2025-01-01,Red,trip_09548,stop_009,13:08:00,13:09:00,24,0,Outbound
2025-01-02,Orange,trip_09549,stop_010,14:09:00,14:10:00,25,1,Inbound
2025-01-03,Red,trip_09550,stop_011,15:10:00,15:11:00,1,0,Outbound
2025-01-04,Orange,trip_09551,stop_012,16:11:00,16:12:00,2,1,Inbound
2025-01-05,Red,trip_09552,stop_013,17:12:00,17:13:00,3,0,Outbound
2025-01-06,Orange,trip_09553,stop_014,18:13:00,18:14:00,4,1,Inbound
2025-01-07,Red,trip_09554,stop_015,19:14:00,19:15:00,5,0,Outbound
2025-01-08,Orange,trip_09555,stop_016,20:15:00,20:16:00,6,1,Inbound
2025-01-09,Red,trip_09556,stop_017,21:16:00,21:17:00,7,0,Outbound
2025-01-10,Orange,trip_09557,stop_018,22:17:00,22:18:00,8,1,Inbound
2025-01-11,Red,trip_09558,stop_019,05:18:00,05:19:00,9,0,Outbound
2025-01-12,Orange,trip_09559,stop_020,06:19:00,06:20:00,10,1,Inbound
2025-01-13,Red,trip_09560,stop_021,07:20:00,07:21:00,11,0,Outbound
2025-01-14,Orange,trip_09561,stop_022,08:21:00,08:22:00,12,1,Inbound
2025-01-15,Red,trip_09562,stop_023,09:22:00,09:23:00,13,0,Outbound
2025-01-16,Orange,trip_09563,stop_024,10:23:00,10:24:00,14,1,Inbound
2025-01-17,Red,trip_09564,stop_025,11:24:00,11:25:00,15,0,Outbound
2025-01-18,Orange,trip_09565,stop_026,12:25:00,12:26:00,16,1,Inbound
2025-01-19,Red,trip_09566,stop_027,13:26:00,13:27:00,17,0,Outbound
2025-01-20,Orange,trip_09567,stop_028,14:27:00,14:28:00,18,1,Inbound
2025-01-21,Red,trip_09568,stop_029,15:28:00,15:29:00,19,0,Outbound
2025-01-22,Orange,trip_09569,stop_030,16:29:00,16:30:00,20,1,Inbound
2025-01-23,Red,trip_09570,stop_001,17:30:00,17:31:00,21,0,Outbound
2025-01-24,Orange,trip_09571,stop_002,18:31:00,18:32:00,22,1,Inbound
2025-01-25,Red,trip_09572,stop_003,19:32:00,19:33:00,23,0,Outbound
2025-01-26,Orange,trip_09573,stop_004,20:33:00,20:34:00,24,1,Inbound
2025-01-27,Red,trip_09574,stop_005,21:34:00,21:35:00,25,0,Outbound
2025-01-28,Orange,trip_09575,stop_006,22:35:00,22:36:00,1,1,Inbound
2025-01-29,Red,trip_09576,stop_007,05:36:00,05:37:00,2,0,Outbound
2025-01-30,Orange,trip_09577,stop_008,06:37:00,06:38:00,3,1,Inbound
2025-01-31,Red,trip_09578,stop_009,07:38:00,07:39:00,4,0,Outbound
2025-01-01,Orange,trip_09579,stop_010,08:39:00,08:40:00,5,1,Inbound
2025-01-02,Red,trip_09580,stop_011,09:40:00,09:41:00,6,0,Outbound
2025-01-03,Orange,trip_09581,stop_012,10:41:00,10:42:00,7,1,Inbound
2025-01-04,Red,trip_09582,stop_013,11:42:00,11:43:00,8,0,Outbound
2025-01-05,Orange,trip_09583,stop_014,12:43:00,12:44:00,9,1,Inbound
2025-01-06,Red,trip_09584,stop_015,13:44:00,13:45:00,10,0,Outbound
2025-01-07,Orange,trip_09585,stop_016,14:45:00,14:46:00,11,1,Inbound
2025-01-08,Red,trip_09586,stop_017,15:46:00,15:47:00,12,0,Outbound
2025-01-09,Orange,trip_09587,stop_018,16:47:00,16:48:00,13,1,Inbound
2025-01-10,Red,trip_09588,stop_019,17:48:00,17:49:00,14,0,Outbound
2025-01-11,Orange,trip_09589,stop_020,18:49:00,18:50:00,15,1,Inbound
2025-01-12,Red,trip_09590,stop_021,19:50:00,19:51:00,16,0,Outbound
2025-01-13,Orange,trip_09591,stop_022,20:51:00,20:52:00,17,1,Inbound
2025-01-14,Red,trip_09592,stop_023,21:52:00,21:53:00,18,0,Outbound
2025-01-15,Orange,trip_09593,stop_024,22:53:00,22:54:00,19,1,Inbound
2025-01-16,Red,trip_09594,stop_025,05:54:00,05:55:00,20,0,Outbound
2025-01-17,Orange,trip_09595,stop_026,06:55:00,06:56:00,21,1,Inbound
2025-01-18,Red,trip_09596,stop_027,07:56:00,07:57:00,22,0,Outbound
2025-01-19,Orange,trip_09597,stop_028,08:57:00,08:58:00,23,1,Inbound
2025-01-20,Red,trip_09598,stop_029,09:58:00,09:59:00,24,0,Outbound
2025-01-21,Orange,trip_09599,stop_030,10:59:00,10:00:00,25,1,Inbound
2025-01-22,Red,trip_09600,stop_001,11:00:00,11:01:00,1,0,Outbound
2025-01-23,Orange,trip_09601,stop_002,12:01:00,12:02:00,2,1,Inbound
2025-01-24,Red,trip_09602,stop_003,13:02:00,13:03:00,3,0,Outbound
2025-01-25,Orange,trip_09603,stop_004,14:03:00,14:04:00,4,1,Inbound
2025-01-26,Red,trip_09604,stop_005,15:04:00,15:05:00,5,0,Outbound
2025-01-27,Orange,trip_09605,stop_006,16:05:00,16:06:00,6,1,Inbound
2025-01-28,Red,trip_09606,stop_007,17:06:00,17:07:00,7,0,Outbound
2025-01-29,Orange,trip_09607,stop_008,18:07:00,18:08:00,8,1,Inbound
2025-01-30,Red,trip_09608,stop_009,19:08:00,19:09:00,9,0,Outbound
2025-01-31,Orange,trip_09609,stop_010,20:09:00,20:10:00,10,1,Inbound
2025-01-01,Red,trip_09610,stop_011,21:10:00,21:11:00,11,0,Outbound
2025-01-02,Orange,trip_09611,stop_012,22:11:00,22:12:00,12,1,Inbound
2025-01-03,Red,trip_09612,stop_013,05:12:00,05:13:00,13,0,Outbound
2025-01-04,Orange,trip_09613,stop_014,06:13:00,06:14:00,14,1,Inbound
2025-01-05,Red,trip_09614,stop_015,07:14:00,07:15:00,15,0,Outbound
2025-01-06,Orange,trip_09615,stop_016,08:15:00,08:16:00,16,1,Inbound
2025-01-07,Red,trip_09616,stop_017,09:16:00,09:17:00,17,0,Outbound
2025-01-08,Orange,trip_09617,stop_018,10:17:00,10:18:00,18,1,Inbound
2025-01-09,Red,trip_09618,stop_019,11:18:00,11:19:00,19,0,Outbound
2025-01-10,Orange,trip_09619,stop_020,12:19:00,12:20:00,20,1,Inbound
2025-01-11,Red,trip_09620,stop_021,13:20:00,13:21:00,21,0,Outbound
2025-01-12,Orange,trip_09621,stop_022,14:21:00,14:22:00,22,1,Inbound
2025-01-13,Red,trip_09622,stop_023,15:22:00,15:23:00,23,0,Outbound
2025-01-14,Orange,trip_09623,stop_024,16:23:00,16:24:00,24,1,Inbound
2025-01-15,Red,trip_09624,stop_025,17:24:00,17:25:00,25,0,Outbound
2025-01-16,Orange,trip_09625,stop_026,18:25:00,18:26:00,1,1,Inbound
2025-01-17,Red,trip_09626,stop_027,19:26:00,19:27:00,2,0,Outbound
2025-01-18,Orange,trip_09627,stop_028,20:27:00,20:28:00,3,1,Inbound
2025-01-19,Red,trip_09628,stop_029,21:28:00,21:29:00,4,0,Outbound
2025-01-20,Orange,trip_09629,stop_030,22:29:00,22:30:00,5,1,Inbound
2025-01-21,Red,trip_09630,stop_001,05:30:00,05:31:00,6,0,Outbound
2025-01-22,Orange,trip_09631,stop_002,06:31:00,06:32:00,7,1,Inbound
2025-01-23,Red,trip_09632,stop_003,07:32:00,07:33:00,8,0,Outbound
2025-01-24,Orange,trip_09633,stop_004,08:33:00,08:34:00,9,1,Inbound
2025-01-25,Red,trip_09634,stop_005,09:34:00,09:35:00,10,0,Outbound
2025-01-26,Orange,trip_09635,stop_006,10:35:00,10:36:00,11,1,Inbound
2025-01-27,Red,trip_09636,stop_007,11:36:00,11:37:00,12,0,Outbound
2025-01-28,Orange,trip_09637,stop_008,12:37:00,12:38:00,13,1,Inbound
2025-01-29,Red,trip_09638,stop_009,13:38:00,13:39:00,14,0,Outbound
2025-01-30,Orange,trip_09639,stop_010,14:39:00,14:40:00,15,1,Inbound
2025-01-31,Red,trip_09640,stop_011,15:40:00,15:41:00,16,0,Outbound
2025-01-01,Orange,trip_09641,stop_012,16:41:00,16:42:00,17,1,Inbound
2025-01-02,Red,trip_09642,stop_013,17:42:00,17:43:00,18,0,Outbound
2025-01-03,Orange,trip_09643,stop_014,18:43:00,18:44:00,19,1,Inbound
2025-01-04,Red,trip_09644,stop_015,19:44:00,19:45:00,20,0,Outbound
2025-01-05,Orange,trip_09645,stop_016,20:45:00,20:46:00,21,1,Inbound
2025-01-06,Red,trip_09646,stop_017,21:46:00,21:47:00,22,0,Outbound
2025-01-07,Orange,trip_09647,stop_018,22:47:00,22:48:00,23,1,Inbound
2025-01-08,Red,trip_09648,stop_019,05:48:00,05:49:00,24,0,Outbound
2025-01-09,Orange,trip_09649,stop_020,06:49:00,06:50:00,25,1,Inbound
2025-01-10,Red,trip_09650,stop_021,07:50:00,07:51:00,1,0,Outbound
2025-01-11,Orange,trip_09651,stop_022,08:51:00,08:52:00,2,1,Inbound
2025-01-12,Red,trip_09652,stop_023,09:52:00,09:53:00,3,0,Outbound
2025-01-13,Orange,trip_09653,stop_024,10:53:00,10:54:00,4,1,Inbound
2025-01-14,Red,trip_09654,stop_025,11:54:00,11:55:00,5,0,Outbound
2025-01-15,Orange,trip_09655,stop_026,12:55:00,12:56:00,6,1,Inbound
2025-01-16,Red,trip_09656,stop_027,13:56:00,13:57:00,7,0,Outbound
2025-01-17,Orange,trip_09657,stop_028,14:57:00,14:58:00,8,1,Inbound
2025-01-18,Red,trip_09658,stop_029,15:58:00,15:59:00,9,0,Outbound
2025-01-19,Orange,trip_09659,stop_030,16:59:00,16:00:00,10,1,Inbound
2025-01-20,Red,trip_09660,stop_001,17:00:00,17:01:00,11,0,Outbound
2025-01-21,Orange,trip_09661,stop_002,18:01:00,18:02:00,12,1,Inbound
2025-01-22,Red,trip_09662,stop_003,19:02:00,19:03:00,13,0,Outbound
2025-01-23,Orange,trip_09663,stop_004,20:03:00,20:04:00,14,1,Inbound
2025-01-24,Red,trip_09664,stop_005,21:04:00,21:05:00,15,0,Outbound
2025-01-25,Orange,trip_09665,stop_006,22:05:00,22:06:00,16,1,Inbound
2025-01-26,Red,trip_09666,stop_007,05:06:00,05:07:00,17,0,Outbound
2025-01-27,Orange,trip_09667,stop_008,06:07:00,06:08:00,18,1,Inbound
2025-01-28,Red,trip_09668,stop_009,07:08:00,07:09:00,19,0,Outbound
2025-01-29,Orange,trip_09669,stop_010,08:09:00,08:10:00,20,1,Inbound
2025-01-30,Red,trip_09670,stop_011,09:10:00,09:11:00,21,0,Outbound
2025-01-31,Orange,trip_09671,stop_012,10:11:00,10:12:00,22,1,Inbound
2025-01-01,Red,trip_09672,stop_013,11:12:00,11:13:00,23,0,Outbound
2025-01-02,Orange,trip_09673,stop_014,12:13:00,12:14:00,24,1,Inbound
2025-01-03,Red,trip_09674,stop_015,13:14:00,13:15:00,25,0,Outbound
2025-01-04,Orange,trip_09675,stop_016,14:15:00,14:16:00,1,1,Inbound
2025-01-05,Red,trip_09676,stop_017,15:16:00,15:17:00,2,0,Outbound
2025-01-06,Orange,trip_09677,stop_018,16:17:00,16:18:00,3,1,Inbound
2025-01-07,Red,trip_09678,stop_019,17:18:00,17:19:00,4,0,Outbound
2025-01-08,Orange,trip_09679,stop_020,18:19:00,18:20:00,5,1,Inbound
2025-01-09,Red,trip_09680,stop_021,19:20:00,19:21:00,6,0,Outbound
2025-01-10,Orange,trip_09681,stop_022,20:21:00,20:22:00,7,1,Inbound
2025-01-11,Red,trip_09682,stop_023,21:22:00,21:23:00,8,0,Outbound
2025-01-12,Orange,trip_09683,stop_024,22:23:00,22:24:00,9,1,Inbound
2025-01-13,Red,trip_09684,stop_025,05:24:00,05:25:00,10,0,Outbound
2025-01-14,Orange,trip_09685,stop_026,06:25:00,06:26:00,11,1,Inbound
2025-01-15,Red,trip_09686,stop_027,07:26:00,07:27:00,12,0,Outbound
2025-01-16,Orange,trip_09687,stop_028,08:27:00,08:28:00,13,1,Inbound
2025-01-17,Red,trip_09688,stop_029,09:28:00,09:29:00,14,0,Outbound
2025-01-18,Orange,trip_09689,stop_030,10:29:00,10:30:00,15,1,Inbound
2025-01-19,Red,trip_09690,stop_001,11:30:00,11:31:00,16,0,Outbound
2025-01-20,Orange,trip_09691,stop_002,12:31:00,12:32:00,17,1,Inbound
2025-01-21,Red,trip_09692,stop_003,13:32:00,13:33:00,18,0,Outbound
2025-01-22,Orange,trip_09693,stop_004,14:33:00,14:34:00,19,1,Inbound
2025-01-23,Red,trip_09694,stop_005,15:34:00,15:35:00,20,0,Outbound
2025-01-24,Orange,trip_09695,stop_006,16:35:00,16:36:00,21,1,Inbound
2025-01-25,Red,trip_09696,stop_007,17:36:00,17:37:00,22,0,Outbound
2025-01-26,Orange,trip_09697,stop_008,18:37:00,18:38:00,23,1,Inbound
2025-01-27,Red,trip_09698,stop_009,19:38:00,19:39:00,24,0,Outbound
2025-01-28,Orange,trip_09699,stop_010,20:39:00,20:40:00,25,1,Inbound
2025-01-29,Red,trip_09700,stop_011,21:40:00,21:41:00,1,0,Outbound
2025-01-30,Orange,trip_09701,stop_012,22:41:00,22:42:00,2,1,Inbound
2025-01-31,Red,trip_09702,stop_013,05:42:00,05:43:00,3,0,Outbound
2025-01-01,Orange,trip_09703,stop_014,06:43:00,06:44:00,4,1,Inbound
2025-01-02,Red,trip_09704,stop_015,07:44:00,07:45:00,5,0,Outbound
2025-01-03,Orange,trip_09705,stop_016,08:45:00,08:46:00,6,1,Inbound
2025-01-04,Red,trip_09706,stop_017,09:46:00,09:47:00,7,0,Outbound
2025-01-05,Orange,trip_09707,stop_018,10:47:00,10:48:00,8,1,Inbound
2025-01-06,Red,trip_09708,stop_019,11:48:00,11:49:00,9,0,Outbound
2025-01-07,Orange,trip_09709,stop_020,12:49:00,12:50:00,10,1,Inbound
2025-01-08,Red,trip_09710,stop_021,13:50:00,13:51:00,11,0,Outbound
2025-01-09,Orange,trip_09711,stop_022,14:51:00,14:52:00,12,1,Inbound
2025-01-10,Red,trip_09712,stop_023,15:52:00,15:53:00,13,0,Outbound
2025-01-11,Orange,trip_09713,stop_024,16:53:00,16:54:00,14,1,Inbound
2025-01-12,Red,trip_09714,stop_025,17:54:00,17:55:00,15,0,Outbound
2025-01-13,Orange,trip_09715,stop_026,18:55:00,18:56:00,16,1,Inbound
2025-01-14,Red,trip_09716,stop_027,19:56:00,19:57:00,17,0,Outbound
2025-01-15,Orange,trip_09717,stop_028,20:57:00,20:58:00,18,1,Inbound
2025-01-16,Red,trip_09718,stop_029,21:58:00,21:59:00,19,0,Outbound
2025-01-17,Orange,trip_09719,stop_030,22:59:00,22:00:00,20,1,Inbound
2025-01-18,Red,trip_09720,stop_001,05:00:00,05:01:00,21,0,Outbound
2025-01-19,Orange,trip_09721,stop_002,06:01:00,06:02:00,22,1,Inbound
2025-01-20,Red,trip_09722,stop_003,07:02:00,07:03:00,23,0,Outbound
2025-01-21,Orange,trip_09723,stop_004,08:03:00,08:04:00,24,1,Inbound
2025-01-22,Red,trip_09724,stop_005,09:04:00,09:05:00,25,0,Outbound
2025-01-23,Orange,trip_09725,stop_006,10:05:00,10:06:00,1,1,Inbound
2025-01-24,Red,trip_09726,stop_007,11:06:00,11:07:00,2,0,Outbound
2025-01-25,Orange,trip_09727,stop_008,12:07:00,12:08:00,3,1,Inbound
2025-01-26,Red,trip_09728,stop_009,13:08:00,13:09:00,4,0,Outbound
2025-01-27,Orange,trip_09729,stop_010,14:09:00,14:10:00,5,1,Inbound
2025-01-28,Red,trip_09730,stop_011,15:10:00,15:11:00,6,0,Outbound
2025-01-29,Orange,trip_09731,stop_012,16:11:00,16:12:00,7,1,Inbound
2025-01-30,Red,trip_09732,stop_013,17:12:00,17:13:00,8,0,Outbound
2025-01-31,Orange,trip_09733,stop_014,18:13:00,18:14:00,9,1,Inbound
2025-01-01,Red,trip_09734,stop_015,19:14:00,19:15:00,10,0,Outbound
2025-01-02,Orange,trip_09735,stop_016,20:15:00,20:16:00,11,1,Inbound
2025-01-03,Red,trip_09736,stop_017,21:16:00,21:17:00,12,0,Outbound
2025-01-04,Orange,trip_09737,stop_018,22:17:00,22:18:00,13,1,Inbound
2025-01-05,Red,trip_09738,stop_019,05:18:00,05:19:00,14,0,Outbound
2025-01-06,Orange,trip_09739,stop_020,06:19:00,06:20:00,15,1,Inbound
2025-01-07,Red,trip_09740,stop_021,07:20:00,07:21:00,16,0,Outbound
2025-01-08,Orange,trip_09741,stop_022,08:21:00,08:22:00,17,1,Inbound
2025-01-09,Red,trip_09742,stop_023,09:22:00,09:23:00,18,0,Outbound
2025-01-10,Orange,trip_09743,stop_024,10:23:00,10:24:00,19,1,Inbound
2025-01-11,Red,trip_09744,stop_025,11:24:00,11:25:00,20,0,Outbound
2025-01-12,Orange,trip_09745,stop_026,12:25:00,12:26:00,21,1,Inbound
2025-01-13,Red,trip_09746,stop_027,13:26:00,13:27:00,22,0,Outbound
2025-01-14,Orange,trip_09747,stop_028,14:27:00,14:28:00,23,1,Inbound
2025-01-15,Red,trip_09748,stop_029,15:28:00,15:29:00,24,0,Outbound
2025-01-16,Orange,trip_09749,stop_030,16:29:00,16:30:00,25,1,Inbound
2025-01-17,Red,trip_09750,stop_001,17:30:00,17:31:00,1,0,Outbound
2025-01-18,Orange,trip_09751,stop_002,18:31:00,18:32:00,2,1,Inbound
2025-01-19,Red,trip_09752,stop_003,19:32:00,19:33:00,3,0,Outbound
2025-01-20,Orange,trip_09753,stop_004,20:33:00,20:34:00,4,1,Inbound
2025-01-21,Red,trip_09754,stop_005,21:34:00,21:35:00,5,0,Outbound
2025-01-22,Orange,trip_09755,stop_006,22:35:00,22:36:00,6,1,Inbound
2025-01-23,Red,trip_09756,stop_007,05:36:00,05:37:00,7,0,Outbound
2025-01-24,Orange,trip_09757,stop_008,06:37:00,06:38:00,8,1,Inbound
2025-01-25,Red,trip_09758,stop_009,07:38:00,07:39:00,9,0,Outbound
2025-01-26,Orange,trip_09759,stop_010,08:39:00,08:40:00,10,1,Inbound
2025-01-27,Red,trip_09760,stop_011,09:40:00,09:41:00,11,0,Outbound
2025-01-28,Orange,trip_09761,stop_012,10:41:00,10:42:00,12,1,Inbound
2025-01-29,Red,trip_09762,stop_013,11:42:00,11:43:00,13,0,Outbound
2025-01-30,Orange,trip_09763,stop_014,12:43:00,12:44:00,14,1,Inbound
2025-01-31,Red,trip_09764,stop_015,13:44:00,13:45:00,15,0,Outbound
2025-01-01,Orange,trip_09765,stop_016,14:45:00,14:46:00,16,1,Inbound
2025-01-02,Red,trip_09766,stop_017,15:46:00,15:47:00,17,0,Outbound
2025-01-03,Orange,trip_09767,stop_018,16:47:00,16:48:00,18,1,Inbound
2025-01-04,Red,trip_09768,stop_019,17:48:00,17:49:00,19,0,Outbound
2025-01-05,Orange,trip_09769,stop_020,18:49:00,18:50:00,20,1,Inbound
2025-01-06,Red,trip_09770,stop_021,19:50:00,19:51:00,21,0,Outbound
2025-01-07,Orange,trip_09771,stop_022,20:51:00,20:52:00,22,1,Inbound
2025-01-08,Red,trip_09772,stop_023,21:52:00,21:53:00,23,0,Outbound
2025-01-09,Orange,trip_09773,stop_024,22:53:00,22:54:00,24,1,Inbound
2025-01-10,Red,trip_09774,stop_025,05:54:00,05:55:00,25,0,Outbound
2025-01-11,Orange,trip_09775,stop_026,06:55:00,06:56:00,1,1,Inbound
2025-01-12,Red,trip_09776,stop_027,07:56:00,07:57:00,2,0,Outbound
2025-01-13,Orange,trip_09777,stop_028,08:57:00,08:58:00,3,1,Inbound
2025-01-14,Red,trip_09778,stop_029,09:58:00,09:59:00,4,0,Outbound
2025-01-15,Orange,trip_09779,stop_030,10:59:00,10:00:00,5,1,Inbound
2025-01-16,Red,trip_09780,stop_001,11:00:00,11:01:00,6,0,Outbound
2025-01-17,Orange,trip_09781,stop_002,12:01:00,12:02:00,7,1,Inbound
2025-01-18,Red,trip_09782,stop_003,13:02:00,13:03:00,8,0,Outbound
2025-01-19,Orange,trip_09783,stop_004,14:03:00,14:04:00,9,1,Inbound
2025-01-20,Red,trip_09784,stop_005,15:04:00,15:05:00,10,0,Outbound
2025-01-21,Orange,trip_09785,stop_006,16:05:00,16:06:00,11,1,Inbound
2025-01-22,Red,trip_09786,stop_007,17:06:00,17:07:00,12,0,Outbound
2025-01-23,Orange,trip_09787,stop_008,18:07:00,18:08:00,13,1,Inbound
2025-01-24,Red,trip_09788,stop_009,19:08:00,19:09:00,14,0,Outbound
2025-01-25,Orange,trip_09789,stop_010,20:09:00,20:10:00,15,1,Inbound
2025-01-26,Red,trip_09790,stop_011,21:10:00,21:11:00,16,0,Outbound
2025-01-27,Orange,trip_09791,stop_012,22:11:00,22:12:00,17,1,Inbound
2025-01-28,Red,trip_09792,stop_013,05:12:00,05:13:00,18,0,Outbound
2025-01-29,Orange,trip_09793,stop_014,06:13:00,06:14:00,19,1,Inbound
2025-01-30,Red,trip_09794,stop_015,07:14:00,07:15:00,20,0,Outbound
2025-01-31,Orange,trip_09795,stop_016,08:15:00,08:16:00,21,1,Inbound
2025-01-01,Red,trip_09796,stop_017,09:16:00,09:17:00,22,0,Outbound
2025-01-02,Orange,trip_09797,stop_018,10:17:00,10:18:00,23,1,Inbound
2025-01-03,Red,trip_09798,stop_019,11:18:00,11:19:00,24,0,Outbound
2025-01-04,Orange,trip_09799,stop_020,12:19:00,12:20:00,25,1,Inbound
2025-01-05,Red,trip_09800,stop_021,13:20:00,13:21:00,1,0,Outbound
2025-01-06,Orange,trip_09801,stop_022,14:21:00,14:22:00,2,1,Inbound
2025-01-07,Red,trip_09802,stop_023,15:22:00,15:23:00,3,0,Outbound
2025-01-08,Orange,trip_09803,stop_024,16:23:00,16:24:00,4,1,Inbound
2025-01-09,Red,trip_09804,stop_025,17:24:00,17:25:00,5,0,Outbound
2025-01-10,Orange,trip_09805,stop_026,18:25:00,18:26:00,6,1,Inbound
2025-01-11,Red,trip_09806,stop_027,19:26:00,19:27:00,7,0,Outbound
2025-01-12,Orange,trip_09807,stop_028,20:27:00,20:28:00,8,1,Inbound
2025-01-13,Red,trip_09808,stop_029,21:28:00,21:29:00,9,0,Outbound
2025-01-14,Orange,trip_09809,stop_030,22:29:00,22:30:00,10,1,Inbound
2025-01-15,Red,trip_09810,stop_001,05:30:00,05:31:00,11,0,Outbound
2025-01-16,Orange,trip_09811,stop_002,06:31:00,06:32:00,12,1,Inbound
2025-01-17,Red,trip_09812,stop_003,07:32:00,07:33:00,13,0,Outbound
2025-01-18,Orange,trip_09813,stop_004,08:33:00,08:34:00,14,1,Inbound
2025-01-19,Red,trip_09814,stop_005,09:34:00,09:35:00,15,0,Outbound
2025-01-20,Orange,trip_09815,stop_006,10:35:00,10:36:00,16,1,Inbound
2025-01-21,Red,trip_09816,stop_007,11:36:00,11:37:00,17,0,Outbound
2025-01-22,Orange,trip_09817,stop_008,12:37:00,12:38:00,18,1,Inbound
2025-01-23,Red,trip_09818,stop_009,13:38:00,13:39:00,19,0,Outbound
2025-01-24,Orange,trip_09819,stop_010,14:39:00,14:40:00,20,1,Inbound
2025-01-25,Red,trip_09820,stop_011,15:40:00,15:41:00,21,0,Outbound
2025-01-26,Orange,trip_09821,stop_012,16:41:00,16:42:00,22,1,Inbound
2025-01-27,Red,trip_09822,stop_013,17:42:00,17:43:00,23,0,Outbound
2025-01-28,Orange,trip_09823,stop_014,18:43:00,18:44:00,24,1,Inbound
2025-01-29,Red,trip_09824,stop_015,19:44:00,19:45:00,25,0,Outbound
2025-01-30,Orange,trip_09825,stop_016,20:45:00,20:46:00,1,1,Inbound
2025-01-31,Red,trip_09826,stop_017,21:46:00,21:47:00,2,0,Outbound
2025-01-01,Orange,trip_09827,stop_018,22:47:00,22:48:00,3,1,Inbound
2025-01-02,Red,trip_09828,stop_019,05:48:00,05:49:00,4,0,Outbound
2025-01-03,Orange,trip_09829,stop_020,06:49:00,06:50:00,5,1,Inbound
2025-01-04,Red,trip_09830,stop_021,07:50:00,07:51:00,6,0,Outbound
2025-01-05,Orange,trip_09831,stop_022,08:51:00,08:52:00,7,1,Inbound
2025-01-06,Red,trip_09832,stop_023,09:52:00,09:53:00,8,0,Outbound
2025-01-07,Orange,trip_09833,stop_024,10:53:00,10:54:00,9,1,Inbound
2025-01-08,Red,trip_09834,stop_025,11:54:00,11:55:00,10,0,Outbound
2025-01-09,Orange,trip_09835,stop_026,12:55:00,12:56:00,11,1,Inbound
2025-01-10,Red,trip_09836,stop_027,13:56:00,13:57:00,12,0,Outbound
2025-01-11,Orange,trip_09837,stop_028,14:57:00,14:58:00,13,1,Inbound
2025-01-12,Red,trip_09838,stop_029,15:58:00,15:59:00,14,0,Outbound
2025-01-13,Orange,trip_09839,stop_030,16:59:00,16:00:00,15,1,Inbound
2025-01-14,Red,trip_09840,stop_001,17:00:00,17:01:00,16,0,Outbound
2025-01-15,Orange,trip_09841,stop_002,18:01:00,18:02:00,17,1,Inbound
2025-01-16,Red,trip_09842,stop_003,19:02:00,19:03:00,18,0,Outbound
2025-01-17,Orange,trip_09843,stop_004,20:03:00,20:04:00,19,1,Inbound
2025-01-18,Red,trip_09844,stop_005,21:04:00,21:05:00,20,0,Outbound
2025-01-19,Orange,trip_09845,stop_006,22:05:00,22:06:00,21,1,Inbound
2025-01-20,Red,trip_09846,stop_007,05:06:00,05:07:00,22,0,Outbound
2025-01-21,Orange,trip_09847,stop_008,06:07:00,06:08:00,23,1,Inbound
2025-01-22,Red,trip_09848,stop_009,07:08:00,07:09:00,24,0,Outbound
2025-01-23,Orange,trip_09849,stop_010,08:09:00,08:10:00,25,1,Inbound
2025-01-24,Red,trip_09850,stop_011,09:10:00,09:11:00,1,0,Outbound
2025-01-25,Orange,trip_09851,stop_012,10:11:00,10:12:00,2,1,Inbound
2025-01-26,Red,trip_09852,stop_013,11:12:00,11:13:00,3,0,Outbound
2025-01-27,Orange,trip_09853,stop_014,12:13:00,12:14:00,4,1,Inbound
2025-01-28,Red,trip_09854,stop_015,13:14:00,13:15:00,5,0,Outbound
2025-01-29,Orange,trip_09855,stop_016,14:15:00,14:16:00,6,1,Inbound
2025-01-30,Red,trip_09856,stop_017,15:16:00,15:17:00,7,0,Outbound
2025-01-31,Orange,trip_09857,stop_018,16:17:00,16:18:00,8,1,Inbound
2025-01-01,Red,trip_09858,stop_019,17:18:00,17:19:00,9,0,Outbound
2025-01-02,Orange,trip_09859,stop_020,18:19:00,18:20:00,10,1,Inbound
2025-01-03,Red,trip_09860,stop_021,19:20:00,19:21:00,11,0,Outbound
2025-01-04,Orange,trip_09861,stop_022,20:21:00,20:22:00,12,1,Inbound
2025-01-05,Red,trip_09862,stop_023,21:22:00,21:23:00,13,0,Outbound
2025-01-06,Orange,trip_09863,stop_024,22:23:00,22:24:00,14,1,Inbound
2025-01-07,Red,trip_09864,stop_025,05:24:00,05:25:00,15,0,Outbound
2025-01-08,Orange,trip_09865,stop_026,06:25:00,06:26:00,16,1,Inbound
2025-01-09,Red,trip_09866,stop_027,07:26:00,07:27:00,17,0,Outbound
2025-01-10,Orange,trip_09867,stop_028,08:27:00,08:28:00,18,1,Inbound
2025-01-11,Red,trip_09868,stop_029,09:28:00,09:29:00,19,0,Outbound
2025-01-12,Orange,trip_09869,stop_030,10:29:00,10:30:00,20,1,Inbound
2025-01-13,Red,trip_09870,stop_001,11:30:00,11:31:00,21,0,Outbound
2025-01-14,Orange,trip_09871,stop_002,12:31:00,12:32:00,22,1,Inbound
2025-01-15,Red,trip_09872,stop_003,13:32:00,13:33:00,23,0,Outbound
2025-01-16,Orange,trip_09873,stop_004,14:33:00,14:34:00,24,1,Inbound
2025-01-17,Red,trip_09874,stop_005,15:34:00,15:35:00,25,0,Outbound
2025-01-18,Orange,trip_09875,stop_006,16:35:00,16:36:00,1,1,Inbound
2025-01-19,Red,trip_09876,stop_007,17:36:00,17:37:00,2,0,Outbound
2025-01-20,Orange,trip_09877,stop_008,18:37:00,18:38:00,3,1,Inbound
2025-01-21,Red,trip_09878,stop_009,19:38:00,19:39:00,4,0,Outbound
2025-01-22,Orange,trip_09879,stop_010,20:39:00,20:40:00,5,1,Inbound
2025-01-23,Red,trip_09880,stop_011,21:40:00,21:41:00,6,0,Outbound
2025-01-24,Orange,trip_09881,stop_012,22:41:00,22:42:00,7,1,Inbound
2025-01-25,Red,trip_09882,stop_013,05:42:00,05:43:00,8,0,Outbound
2025-01-26,Orange,trip_09883,stop_014,06:43:00,06:44:00,9,1,Inbound
2025-01-27,Red,trip_09884,stop_015,07:44:00,07:45:00,10,0,Outbound
2025-01-28,Orange,trip_09885,stop_016,08:45:00,08:46:00,11,1,Inbound
2025-01-29,Red,trip_09886,stop_017,09:46:00,09:47:00,12,0,Outbound
2025-01-30,Orange,trip_09887,stop_018,10:47:00,10:48:00,13,1,Inbound
2025-01-31,Red,trip_09888,stop_019,11:48:00,11:49:00,14,0,Outbound
2025-01-01,Orange,trip_09889,stop_020,12:49:00,12:50:00,15,1,Inbound
2025-01-02,Red,trip_09890,stop_021,13:50:00,13:51:00,16,0,Outbound
2025-01-03,Orange,trip_09891,stop_022,14:51:00,14:52:00,17,1,Inbound
2025-01-04,Red,trip_09892,stop_023,15:52:00,15:53:00,18,0,Outbound
2025-01-05,Orange,trip_09893,stop_024,16:53:00,16:54:00,19,1,Inbound
2025-01-06,Red,trip_09894,stop_025,17:54:00,17:55:00,20,0,Outbound
2025-01-07,Orange,trip_09895,stop_026,18:55:00,18:56:00,21,1,Inbound
2025-01-08,Red,trip_09896,stop_027,19:56:00,19:57:00,22,0,Outbound
2025-01-09,Orange,trip_09897,stop_028,20:57:00,20:58:00,23,1,Inbound
2025-01-10,Red,trip_09898,stop_029,21:58:00,21:59:00,24,0,Outbound
2025-01-11,Orange,trip_09899,stop_030,22:59:00,22:00:00,25,1,Inbound
2025-01-12,Red,trip_09900,stop_001,05:00:00,05:01:00,1,0,Outbound
2025-01-13,Orange,trip_09901,stop_002,06:01:00,06:02:00,2,1,Inbound
2025-01-14,Red,trip_09902,stop_003,07:02:00,07:03:00,3,0,Outbound
2025-01-15,Orange,trip_09903,stop_004,08:03:00,08:04:00,4,1,Inbound
2025-01-16,Red,trip_09904,stop_005,09:04:00,09:05:00,5,0,Outbound
2025-01-17,Orange,trip_09905,stop_006,10:05:00,10:06:00,6,1,Inbound
2025-01-18,Red,trip_09906,stop_007,11:06:00,11:07:00,7,0,Outbound
2025-01-19,Orange,trip_09907,stop_008,12:07:00,12:08:00,8,1,Inbound
2025-01-20,Red,trip_09908,stop_009,13:08:00,13:09:00,9,0,Outbound
2025-01-21,Orange,trip_09909,stop_010,14:09:00,14:10:00,10,1,Inbound
2025-01-22,Red,trip_09910,stop_011,15:10:00,15:11:00,11,0,Outbound
2025-01-23,Orange,trip_09911,stop_012,16:11:00,16:12:00,12,1,Inbound
2025-01-24,Red,trip_09912,stop_013,17:12:00,17:13:00,13,0,Outbound
2025-01-25,Orange,trip_09913,stop_014,18:13:00,18:14:00,14,1,Inbound
2025-01-26,Red,trip_09914,stop_015,19:14:00,19:15:00,15,0,Outbound
2025-01-27,Orange,trip_09915,stop_016,20:15:00,20:16:00,16,1,Inbound
2025-01-28,Red,trip_09916,stop_017,21:16:00,21:17:00,17,0,Outbound
2025-01-29,Orange,trip_09917,stop_018,22:17:00,22:18:00,18,1,Inbound
2025-01-30,Red,trip_09918,stop_019,05:18:00,05:19:00,19,0,Outbound
2025-01-31,Orange,trip_09919,stop_020,06:19:00,06:20:00,20,1,Inbound
2025-01-01,Red,trip_09920,stop_021,07:20:00,07:21:00,21,0,Outbound
2025-01-02,Orange,trip_09921,stop_022,08:21:00,08:22:00,22,1,Inbound
2025-01-03,Red,trip_09922,stop_023,09:22:00,09:23:00,23,0,Outbound
2025-01-04,Orange,trip_09923,stop_024,10:23:00,10:24:00,24,1,Inbound
2025-01-05,Red,trip_09924,stop_025,11:24:00,11:25:00,25,0,Outbound
2025-01-06,Orange,trip_09925,stop_026,12:25:00,12:26:00,1,1,Inbound
2025-01-07,Red,trip_09926,stop_027,13:26:00,13:27:00,2,0,Outbound
2025-01-08,Orange,trip_09927,stop_028,14:27:00,14:28:00,3,1,Inbound
2025-01-09,Red,trip_09928,stop_029,15:28:00,15:29:00,4,0,Outbound
2025-01-10,Orange,trip_09929,stop_030,16:29:00,16:30:00,5,1,Inbound
2025-01-11,Red,trip_09930,stop_001,17:30:00,17:31:00,6,0,Outbound
2025-01-12,Orange,trip_09931,stop_002,18:31:00,18:32:00,7,1,Inbound
2025-01-13,Red,trip_09932,stop_003,19:32:00,19:33:00,8,0,Outbound
2025-01-14,Orange,trip_09933,stop_004,20:33:00,20:34:00,9,1,Inbound
2025-01-15,Red,trip_09934,stop_005,21:34:00,21:35:00,10,0,Outbound
2025-01-16,Orange,trip_09935,stop_006,22:35:00,22:36:00,11,1,Inbound
2025-01-17,Red,trip_09936,stop_007,05:36:00,05:37:00,12,0,Outbound
2025-01-18,Orange,trip_09937,stop_008,06:37:00,06:38:00,13,1,Inbound
2025-01-19,Red,trip_09938,stop_009,07:38:00,07:39:00,14,0,Outbound
2025-01-20,Orange,trip_09939,stop_010,08:39:00,08:40:00,15,1,Inbound
2025-01-21,Red,trip_09940,stop_011,09:40:00,09:41:00,16,0,Outbound
2025-01-22,Orange,trip_09941,stop_012,10:41:00,10:42:00,17,1,Inbound
2025-01-23,Red,trip_09942,stop_013,11:42:00,11:43:00,18,0,Outbound
2025-01-24,Orange,trip_09943,stop_014,12:43:00,12:44:00,19,1,Inbound
2025-01-25,Red,trip_09944,stop_015,13:44:00,13:45:00,20,0,Outbound
2025-01-26,Orange,trip_09945,stop_016,14:45:00,14:46:00,21,1,Inbound
2025-01-27,Red,trip_09946,stop_017,15:46:00,15:47:00,22,0,Outbound
2025-01-28,Orange,trip_09947,stop_018,16:47:00,16:48:00,23,1,Inbound
2025-01-29,Red,trip_09948,stop_019,17:48:00,17:49:00,24,0,Outbound
2025-01-30,Orange,trip_09949,stop_020,18:49:00,18:50:00,25,1,Inbound
2025-01-31,Red,trip_09950,stop_021,19:50:00,19:51:00,1,0,Outbound
2025-01-01,Orange,trip_09951,stop_022,20:51:00,20:52:00,2,1,Inbound
2025-01-02,Red,trip_09952,stop_023,21:52:00,21:53:00,3,0,Outbound
2025-01-03,Orange,trip_09953,stop_024,22:53:00,22:54:00,4,1,Inbound
2025-01-04,Red,trip_09954,stop_025,05:54:00,05:55:00,5,0,Outbound
2025-01-05,Orange,trip_09955,stop_026,06:55:00,06:56:00,6,1,Inbound
2025-01-06,Red,trip_09956,stop_027,07:56:00,07:57:00,7,0,Outbound
2025-01-07,Orange,trip_09957,stop_028,08:57:00,08:58:00,8,1,Inbound
2025-01-08,Red,trip_09958,stop_029,09:58:00,09:59:00,9,0,Outbound
2025-01-09,Orange,trip_09959,stop_030,10:59:00,10:00:00,10,1,Inbound
2025-01-10,Red,trip_09960,stop_001,11:00:00,11:01:00,11,0,Outbound
2025-01-11,Orange,trip_09961,stop_002,12:01:00,12:02:00,12,1,Inbound
2025-01-12,Red,trip_09962,stop_003,13:02:00,13:03:00,13,0,Outbound
2025-01-13,Orange,trip_09963,stop_004,14:03:00,14:04:00,14,1,Inbound
2025-01-14,Red,trip_09964,stop_005,15:04:00,15:05:00,15,0,Outbound
2025-01-15,Orange,trip_09965,stop_006,16:05:00,16:06:00,16,1,Inbound
2025-01-16,Red,trip_09966,stop_007,17:06:00,17:07:00,17,0,Outbound
2025-01-17,Orange,trip_09967,stop_008,18:07:00,18:08:00,18,1,Inbound
2025-01-18,Red,trip_09968,stop_009,19:08:00,19:09:00,19,0,Outbound
2025-01-19,Orange,trip_09969,stop_010,20:09:00,20:10:00,20,1,Inbound
2025-01-20,Red,trip_09970,stop_011,21:10:00,21:11:00,21,0,Outbound
2025-01-21,Orange,trip_09971,stop_012,22:11:00,22:12:00,22,1,Inbound
2025-01-22,Red,trip_09972,stop_013,05:12:00,05:13:00,23,0,Outbound
2025-01-23,Orange,trip_09973,stop_014,06:13:00,06:14:00,24,1,Inbound
2025-01-24,Red,trip_09974,stop_015,07:14:00,07:15:00,25,0,Outbound
2025-01-25,Orange,trip_09975,stop_016,08:15:00,08:16:00,1,1,Inbound
2025-01-26,Red,trip_09976,stop_017,09:16:00,09:17:00,2,0,Outbound
2025-01-27,Orange,trip_09977,stop_018,10:17:00,10:18:00,3,1,Inbound
2025-01-28,Red,trip_09978,stop_019,11:18:00,11:19:00,4,0,Outbound
2025-01-29,Orange,trip_09979,stop_020,12:19:00,12:20:00,5,1,Inbound
2025-01-30,Red,trip_09980,stop_021,13:20:00,13:21:00,6,0,Outbound
2025-01-31,Orange,trip_09981,stop_022,14:21:00,14:22:00,7,1,Inbound
2025-01-01,Red,trip_09982,stop_023,15:22:00,15:23:00,8,0,Outbound
2025-01-02,Orange,trip_09983,stop_024,16:23:00,16:24:00,9,1,Inbound
2025-01-03,Red,trip_09984,stop_025,17:24:00,17:25:00,10,0,Outbound
2025-01-04,Orange,trip_09985,stop_026,18:25:00,18:26:00,11,1,Inbound
2025-01-05,Red,trip_09986,stop_027,19:26:00,19:27:00,12,0,Outbound
2025-01-06,Orange,trip_09987,stop_028,20:27:00,20:28:00,13,1,Inbound
2025-01-07,Red,trip_09988,stop_029,21:28:00,21:29:00,14,0,Outbound
2025-01-08,Orange,trip_09989,stop_030,22:29:00,22:30:00,15,1,Inbound
2025-01-09,Red,trip_09990,stop_001,05:30:00,05:31:00,16,0,Outbound
2025-01-10,Orange,trip_09991,stop_002,06:31:00,06:32:00,17,1,Inbound
2025-01-11,Red,trip_09992,stop_003,07:32:00,07:33:00,18,0,Outbound
2025-01-12,Orange,trip_09993,stop_004,08:33:00,08:34:00,19,1,Inbound
2025-01-13,Red,trip_09994,stop_005,09:34:00,09:35:00,20,0,Outbound
2025-01-14,Orange,trip_09995,stop_006,10:35:00,10:36:00,21,1,Inbound
2025-01-15,Red,trip_09996,stop_007,11:36:00,11:37:00,22,0,Outbound
2025-01-16,Orange,trip_09997,stop_008,12:37:00,12:38:00,23,1,Inbound
2025-01-17,Red,trip_09998,stop_009,13:38:00,13:39:00,24,0,Outbound
2025-01-18,Orange,trip_09999,stop_010,14:39:00,14:40:00,25,1,Inbound
