service_date,route_id,stop_id,trip_id,event_type,event_time_sec,schedule_deviation_sec,direction,direction_id
2025-01-01,Red,stop_001,trip_00000,ARR,18000,-120,Outbound,0
2025-01-02,Orange,stop_002,trip_00001,DEP,18180,-119,Inbound,1
2025-01-03,Red,stop_003,trip_00002,ARR,18360,-118,Outbound,0
2025-01-04,Orange,stop_004,trip_00003,DEP,18540,-117,Inbound,1
2025-01-05,Red,stop_005,trip_00004,ARR,18720,-116,Outbound,0
2025-01-06,Orange,stop_006,trip_00005,DEP,18900,-115,Inbound,1
2025-01-07,Red,stop_007,trip_00006,ARR,19080,-114,Outbound,0
2025-01-08,Orange,stop_008,trip_00007,DEP,19260,-113,Inbound,1
2025-01-09,Red,stop_009,trip_00008,ARR,19440,-112,Outbound,0
2025-01-10,Orange,stop_010,trip_00009,DEP,19620,-111,Inbound,1
2025-01-11,Red,stop_011,trip_00010,ARR,19800,-110,Outbound,0
2025-01-12,Orange,stop_012,trip_00011,DEP,19980,-109,Inbound,1
2025-01-13,Red,stop_013,trip_00012,ARR,20160,-108,Outbound,0
2025-01-14,Orange,stop_014,trip_00013,DEP,20340,-107,Inbound,1
2025-01-15,Red,stop_015,trip_00014,ARR,20520,-106,Outbound,0
2025-01-16,Orange,stop_016,trip_00015,DEP,20700,-105,Inbound,1
2025-01-17,Red,stop_017,trip_00016,ARR,20880,-104,Outbound,0
2025-01-18,Orange,stop_018,trip_00017,DEP,21060,-103,Inbound,1
2025-01-19,Red,stop_019,trip_00018,ARR,21240,-102,Outbound,0
2025-01-20,Orange,stop_020,trip_00019,DEP,21420,-101,Inbound,1
2025-01-21,Red,stop_021,trip_00020,ARR,18000,-100,Outbound,0
2025-01-22,Orange,stop_022,trip_00021,DEP,18180,-99,Inbound,1
2025-01-23,Red,stop_023,trip_00022,ARR,18360,-98,Outbound,0
2025-01-24,Orange,stop_024,trip_00023,DEP,18540,-97,Inbound,1
2025-01-25,Red,stop_025,trip_00024,ARR,18720,-96,Outbound,0
2025-01-26,Orange,stop_026,trip_00025,DEP,18900,-95,Inbound,1
2025-01-27,Red,stop_027,trip_00026,ARR,19080,-94,Outbound,0
2025-01-28,Orange,stop_028,trip_00027,DEP,19260,-93,Inbound,1
2025-01-29,Red,stop_029,trip_00028,ARR,19440,-92,Outbound,0
2025-01-30,Orange,stop_030,trip_00029,DEP,19620,-91,Inbound,1
2025-01-31,Red,stop_031,trip_00030,ARR,19800,-90,Outbound,0
2025-01-01,Orange,stop_032,trip_00031,DEP,19980,-89,Inbound,1
2025-01-02,Red,stop_033,trip_00032,ARR,20160,-88,Outbound,0
2025-01-03,Orange,stop_034,trip_00033,DEP,20340,-87,Inbound,1
2025-01-04,Red,stop_035,trip_00034,ARR,20520,-86,Outbound,0
2025-01-05,Orange,stop_036,trip_00035,DEP,20700,-85,Inbound,1
2025-01-06,Red,stop_037,trip_00036,ARR,20880,-84,Outbound,0
2025-01-07,Orange,stop_038,trip_00037,DEP,21060,-83,Inbound,1
2025-01-08,Red,stop_039,trip_00038,ARR,21240,-82,Outbound,0
2025-01-09,Orange,stop_040,trip_00039,DEP,21420,-81,Inbound,1
2025-01-10,Red,stop_001,trip_00040,ARR,18000,-80,Outbound,0
2025-01-11,Orange,stop_002,trip_00041,DEP,18180,-79,Inbound,1
2025-01-12,Red,stop_003,trip_00042,ARR,18360,-78,Outbound,0
2025-01-13,Orange,stop_004,trip_00043,DEP,18540,-77,Inbound,1
2025-01-14,Red,stop_005,trip_00044,ARR,18720,-76,Outbound,0
2025-01-15,Orange,stop_006,trip_00045,DEP,18900,-75,Inbound,1
2025-01-16,Red,stop_007,trip_00046,ARR,19080,-74,Outbound,0
2025-01-17,Orange,stop_008,trip_00047,DEP,19260,-73,Inbound,1
2025-01-18,Red,stop_009,trip_00048,ARR,19440,-72,Outbound,0
2025-01-19,Orange,stop_010,trip_00049,DEP,19620,-71,Inbound,1
2025-01-20,Red,stop_011,trip_00050,ARR,19800,-70,Outbound,0
2025-01-21,Orange,stop_012,trip_00051,DEP,19980,-69,Inbound,1
2025-01-22,Red,stop_013,trip_00052,ARR,20160,-68,Outbound,0
2025-01-23,Orange,stop_014,trip_00053,DEP,20340,-67,Inbound,1
2025-01-24,Red,stop_015,trip_00054,ARR,20520,-66,Outbound,0
2025-01-25,Orange,stop_016,trip_00055,DEP,20700,-65,Inbound,1
2025-01-26,Red,stop_017,trip_00056,ARR,20880,-64,Outbound,0
2025-01-27,Orange,stop_018,trip_00057,DEP,21060,-63,Inbound,1
2025-01-28,Red,stop_019,trip_00058,ARR,21240,-62,Outbound,0
2025-01-29,Orange,stop_020,trip_00059,DEP,21420,-61,Inbound,1
2025-01-30,Red,stop_021,trip_00060,ARR,18000,-60,Outbound,0
2025-01-31,Orange,stop_022,trip_00061,DEP,18180,-59,Inbound,1
2025-01-01,Red,stop_023,trip_00062,ARR,18360,-58,Outbound,0
2025-01-02,Orange,stop_024,trip_00063,DEP,18540,-57,Inbound,1
2025-01-03,Red,stop_025,trip_00064,ARR,18720,-56,Outbound,0
2025-01-04,Orange,stop_026,trip_00065,DEP,18900,-55,Inbound,1
2025-01-05,Red,stop_027,trip_00066,ARR,19080,-54,Outbound,0
2025-01-06,Orange,stop_028,trip_00067,DEP,19260,-53,Inbound,1
2025-01-07,Red,stop_029,trip_00068,ARR,19440,-52,Outbound,0
2025-01-08,Orange,stop_030,trip_00069,DEP,19620,-51,Inbound,1
2025-01-09,Red,stop_031,trip_00070,ARR,19800,-50,Outbound,0
2025-01-10,Orange,stop_032,trip_00071,DEP,19980,-49,Inbound,1
2025-01-11,Red,stop_033,trip_00072,ARR,20160,-48,Outbound,0
2025-01-12,Orange,stop_034,trip_00073,DEP,20340,-47,Inbound,1
2025-01-13,Red,stop_035,trip_00074,ARR,20520,-46,Outbound,0
2025-01-14,Orange,stop_036,trip_00075,DEP,20700,-45,Inbound,1
2025-01-15,Red,stop_037,trip_00076,ARR,20880,-44,Outbound,0
2025-01-16,Orange,stop_038,trip_00077,DEP,21060,-43,Inbound,1
2025-01-17,Red,stop_039,trip_00078,ARR,21240,-42,Outbound,0
2025-01-18,Orange,stop_040,trip_00079,DEP,21420,-41,Inbound,1
2025-01-19,Red,stop_001,trip_00080,ARR,18000,-40,Outbound,0
2025-01-20,Orange,stop_002,trip_00081,DEP,18180,-39,Inbound,1
2025-01-21,Red,stop_003,trip_00082,ARR,18360,-38,Outbound,0
2025-01-22,Orange,stop_004,trip_00083,DEP,18540,-37,Inbound,1
2025-01-23,Red,stop_005,trip_00084,ARR,18720,-36,Outbound,0
2025-01-24,Orange,stop_006,trip_00085,DEP,18900,-35,Inbound,1
2025-01-25,Red,stop_007,trip_00086,ARR,19080,-34,Outbound,0
2025-01-26,Orange,stop_008,trip_00087,DEP,19260,-33,Inbound,1
2025-01-27,Red,stop_009,trip_00088,ARR,19440,-32,Outbound,0
2025-01-28,Orange,stop_010,trip_00089,DEP,19620,-31,Inbound,1
2025-01-29,Red,stop_011,trip_00090,ARR,19800,-30,Outbound,0
2025-01-30,Orange,stop_012,trip_00091,DEP,19980,-29,Inbound,1
2025-01-31,Red,stop_013,trip_00092,ARR,20160,-28,Outbound,0
2025-01-01,Orange,stop_014,trip_00093,DEP,20340,-27,Inbound,1
2025-01-02,Red,stop_015,trip_00094,ARR,20520,-26,Outbound,0
2025-01-03,Orange,stop_016,trip_00095,DEP,20700,-25,Inbound,1
2025-01-04,Red,stop_017,trip_00096,ARR,20880,-24,Outbound,0
2025-01-05,Orange,stop_018,trip_00097,DEP,21060,-23,Inbound,1
2025-01-06,Red,stop_019,trip_00098,ARR,21240,-22,Outbound,0
2025-01-07,Orange,stop_020,trip_00099,DEP,21420,-21,Inbound,1
2025-01-08,Red,stop_021,trip_00100,ARR,18000,-20,Outbound,0
2025-01-09,Orange,stop_022,trip_00101,DEP,18180,-19,Inbound,1
2025-01-10,Red,stop_023,trip_00102,ARR,18360,-18,Outbound,0
2025-01-11,Orange,stop_024,trip_00103,DEP,18540,-17,Inbound,1
2025-01-12,Red,stop_025,trip_00104,ARR,18720,-16,Outbound,0
2025-01-13,Orange,stop_026,trip_00105,DEP,18900,-15,Inbound,1
2025-01-14,Red,stop_027,trip_00106,ARR,19080,-14,Outbound,0
2025-01-15,Orange,stop_028,trip_00107,DEP,19260,-13,Inbound,1
2025-01-16,Red,stop_029,trip_00108,ARR,19440,-12,Outbound,0
2025-01-17,Orange,stop_030,trip_00109,DEP,19620,-11,Inbound,1
2025-01-18,Red,stop_031,trip_00110,ARR,19800,-10,Outbound,0
2025-01-19,Orange,stop_032,trip_00111,DEP,19980,-9,Inbound,1
2025-01-20,Red,stop_033,trip_00112,ARR,20160,-8,Outbound,0
2025-01-21,Orange,stop_034,trip_00113,DEP,20340,-7,Inbound,1
2025-01-22,Red,stop_035,trip_00114,ARR,20520,-6,Outbound,0
2025-01-23,Orange,stop_036,trip_00115,DEP,20700,-5,Inbound,1
2025-01-24,Red,stop_037,trip_00116,ARR,20880,-4,Outbound,0
2025-01-25,Orange,stop_038,trip_00117,DEP,21060,-3,Inbound,1
2025-01-26,Red,stop_039,trip_00118,ARR,21240,-2,Outbound,0
2025-01-27,Orange,stop_040,trip_00119,DEP,21420,-1,Inbound,1
2025-01-28,Red,stop_001,trip_00120,ARR,18000,0,Outbound,0
2025-01-29,Orange,stop_002,trip_00121,DEP,18180,1,Inbound,1
2025-01-30,Red,stop_003,trip_00122,ARR,18360,2,Outbound,0
2025-01-31,Orange,stop_004,trip_00123,DEP,18540,3,Inbound,1
2025-01-01,Red,stop_005,trip_00124,ARR,18720,4,Outbound,0
2025-01-02,Orange,stop_006,trip_00125,DEP,18900,5,Inbound,1
2025-01-03,Red,stop_007,trip_00126,ARR,19080,6,Outbound,0
2025-01-04,Orange,stop_008,trip_00127,DEP,19260,7,Inbound,1
2025-01-05,Red,stop_009,trip_00128,ARR,19440,8,Outbound,0
2025-01-06,Orange,stop_010,trip_00129,DEP,19620,9,Inbound,1
2025-01-07,Red,stop_011,trip_00130,ARR,19800,10,Outbound,0
2025-01-08,Orange,stop_012,trip_00131,DEP,19980,11,Inbound,1
2025-01-09,Red,stop_013,trip_00132,ARR,20160,12,Outbound,0
2025-01-10,Orange,stop_014,trip_00133,DEP,20340,13,Inbound,1
2025-01-11,Red,stop_015,trip_00134,ARR,20520,14,Outbound,0
2025-01-12,Orange,stop_016,trip_00135,DEP,20700,15,Inbound,1
2025-01-13,Red,stop_017,trip_00136,ARR,20880,16,Outbound,0
2025-01-14,Orange,stop_018,trip_00137,DEP,21060,17,Inbound,1
2025-01-15,Red,stop_019,trip_00138,ARR,21240,18,Outbound,0
2025-01-16,Orange,stop_020,trip_00139,DEP,21420,19,Inbound,1
2025-01-17,Red,stop_021,trip_00140,ARR,18000,20,Outbound,0
2025-01-18,Orange,stop_022,trip_00141,DEP,18180,21,Inbound,1
2025-01-19,Red,stop_023,trip_00142,ARR,18360,22,Outbound,0
2025-01-20,Orange,stop_024,trip_00143,DEP,18540,23,Inbound,1
2025-01-21,Red,stop_025,trip_00144,ARR,18720,24,Outbound,0
2025-01-22,Orange,stop_026,trip_00145,DEP,18900,25,Inbound,1
2025-01-23,Red,stop_027,trip_00146,ARR,19080,26,Outbound,0
2025-01-24,Orange,stop_028,trip_00147,DEP,19260,27,Inbound,1
2025-01-25,Red,stop_029,trip_00148,ARR,19440,28,Outbound,0
2025-01-26,Orange,stop_030,trip_00149,DEP,19620,29,Inbound,1
2025-01-27,Red,stop_031,trip_00150,ARR,19800,30,Outbound,0
2025-01-28,Orange,stop_032,trip_00151,DEP,19980,31,Inbound,1
2025-01-29,Red,stop_033,trip_00152,ARR,20160,32,Outbound,0
2025-01-30,Orange,stop_034,trip_00153,DEP,20340,33,Inbound,1
2025-01-31,Red,stop_035,trip_00154,ARR,20520,34,Outbound,0
2025-01-01,Orange,stop_036,trip_00155,DEP,20700,35,Inbound,1
2025-01-02,Red,stop_037,trip_00156,ARR,20880,36,Outbound,0
2025-01-03,Orange,stop_038,trip_00157,DEP,21060,37,Inbound,1
2025-01-04,Red,stop_039,trip_00158,ARR,21240,38,Outbound,0
2025-01-05,Orange,stop_040,trip_00159,DEP,21420,39,Inbound,1
2025-01-06,Red,stop_001,trip_00160,ARR,18000,40,Outbound,0
2025-01-07,Orange,stop_002,trip_00161,DEP,18180,41,Inbound,1
2025-01-08,Red,stop_003,trip_00162,ARR,18360,42,Outbound,0
2025-01-09,Orange,stop_004,trip_00163,DEP,18540,43,Inbound,1
2025-01-10,Red,stop_005,trip_00164,ARR,18720,44,Outbound,0
2025-01-11,Orange,stop_006,trip_00165,DEP,18900,45,Inbound,1
2025-01-12,Red,stop_007,trip_00166,ARR,19080,46,Outbound,0
2025-01-13,Orange,stop_008,trip_00167,DEP,19260,47,Inbound,1
2025-01-14,Red,stop_009,trip_00168,ARR,19440,48,Outbound,0
2025-01-15,Orange,stop_010,trip_00169,DEP,19620,49,Inbound,1
2025-01-16,Red,stop_011,trip_00170,ARR,19800,50,Outbound,0
2025-01-17,Orange,stop_012,trip_00171,DEP,19980,51,Inbound,1
2025-01-18,Red,stop_013,trip_00172,ARR,20160,52,Outbound,0
2025-01-19,Orange,stop_014,trip_00173,DEP,20340,53,Inbound,1
2025-01-20,Red,stop_015,trip_00174,ARR,20520,54,Outbound,0
2025-01-21,Orange,stop_016,trip_00175,DEP,20700,55,Inbound,1
2025-01-22,Red,stop_017,trip_00176,ARR,20880,56,Outbound,0
2025-01-23,Orange,stop_018,trip_00177,DEP,21060,57,Inbound,1
2025-01-24,Red,stop_019,trip_00178,ARR,21240,58,Outbound,0
2025-01-25,Orange,stop_020,trip_00179,DEP,21420,59,Inbound,1
2025-01-26,Red,stop_021,trip_00180,ARR,18000,60,Outbound,0
2025-01-27,Orange,stop_022,trip_00181,DEP,18180,61,Inbound,1
2025-01-28,Red,stop_023,trip_00182,ARR,18360,62,Outbound,0
2025-01-29,Orange,stop_024,trip_00183,DEP,18540,63,Inbound,1
2025-01-30,Red,stop_025,trip_00184,ARR,18720,64,Outbound,0
2025-01-31,Orange,stop_026,trip_00185,DEP,18900,65,Inbound,1
2025-01-01,Red,stop_027,trip_00186,ARR,19080,66,Outbound,0
2025-01-02,Orange,stop_028,trip_00187,DEP,19260,67,Inbound,1
2025-01-03,Red,stop_029,trip_00188,ARR,19440,68,Outbound,0
2025-01-04,Orange,stop_030,trip_00189,DEP,19620,69,Inbound,1
2025-01-05,Red,stop_031,trip_00190,ARR,19800,70,Outbound,0
2025-01-06,Orange,stop_032,trip_00191,DEP,19980,71,Inbound,1
2025-01-07,Red,stop_033,trip_00192,ARR,20160,72,Outbound,0
2025-01-08,Orange,stop_034,trip_00193,DEP,20340,73,Inbound,1
2025-01-09,Red,stop_035,trip_00194,ARR,20520,74,Outbound,0
2025-01-10,Orange,stop_036,trip_00195,DEP,20700,75,Inbound,1
2025-01-11,Red,stop_037,trip_00196,ARR,20880,76,Outbound,0
2025-01-12,Orange,stop_038,trip_00197,DEP,21060,77,Inbound,1
2025-01-13,Red,stop_039,trip_00198,ARR,21240,78,Outbound,0
2025-01-14,Orange,stop_040,trip_00199,DEP,21420,79,Inbound,1
2025-01-15,Red,stop_001,trip_00200,ARR,18000,80,Outbound,0
2025-01-16,Orange,stop_002,trip_00201,DEP,18180,81,Inbound,1
2025-01-17,Red,stop_003,trip_00202,ARR,18360,82,Outbound,0
2025-01-18,Orange,stop_004,trip_00203,DEP,18540,83,Inbound,1
2025-01-19,Red,stop_005,trip_00204,ARR,18720,84,Outbound,0
2025-01-20,Orange,stop_006,trip_00205,DEP,18900,85,Inbound,1
2025-01-21,Red,stop_007,trip_00206,ARR,19080,86,Outbound,0
2025-01-22,Orange,stop_008,trip_00207,DEP,19260,87,Inbound,1
2025-01-23,Red,stop_009,trip_00208,ARR,19440,88,Outbound,0
2025-01-24,Orange,stop_010,trip_00209,DEP,19620,89,Inbound,1
2025-01-25,Red,stop_011,trip_00210,ARR,19800,90,Outbound,0
2025-01-26,Orange,stop_012,trip_00211,DEP,19980,91,Inbound,1
2025-01-27,Red,stop_013,trip_00212,ARR,20160,92,Outbound,0
2025-01-28,Orange,stop_014,trip_00213,DEP,20340,93,Inbound,1
2025-01-29,Red,stop_015,trip_00214,ARR,20520,94,Outbound,0
2025-01-30,Orange,stop_016,trip_00215,DEP,20700,95,Inbound,1
2025-01-31,Red,stop_017,trip_00216,ARR,20880,96,Outbound,0
2025-01-01,Orange,stop_018,trip_00217,DEP,21060,97,Inbound,1
2025-01-02,Red,stop_019,trip_00218,ARR,21240,98,Outbound,0
2025-01-03,Orange,stop_020,trip_00219,DEP,21420,99,Inbound,1
2025-01-04,Red,stop_021,trip_00220,ARR,18000,100,Outbound,0
2025-01-05,Orange,stop_022,trip_00221,DEP,18180,101,Inbound,1
2025-01-06,Red,stop_023,trip_00222,ARR,18360,102,Outbound,0
2025-01-07,Orange,stop_024,trip_00223,DEP,18540,103,Inbound,1
2025-01-08,Red,stop_025,trip_00224,ARR,18720,104,Outbound,0
2025-01-09,Orange,stop_026,trip_00225,DEP,18900,105,Inbound,1
2025-01-10,Red,stop_027,trip_00226,ARR,19080,106,Outbound,0
2025-01-11,Orange,stop_028,trip_00227,DEP,19260,107,Inbound,1
2025-01-12,Red,stop_029,trip_00228,ARR,19440,108,Outbound,0
2025-01-13,Orange,stop_030,trip_00229,DEP,19620,109,Inbound,1
2025-01-14,Red,stop_031,trip_00230,ARR,19800,110,Outbound,0
2025-01-15,Orange,stop_032,trip_00231,DEP,19980,111,Inbound,1
2025-01-16,Red,stop_033,trip_00232,ARR,20160,112,Outbound,0
2025-01-17,Orange,stop_034,trip_00233,DEP,20340,113,Inbound,1
2025-01-18,Red,stop_035,trip_00234,ARR,20520,114,Outbound,0
2025-01-19,Orange,stop_036,trip_00235,DEP,20700,115,Inbound,1
2025-01-20,Red,stop_037,trip_00236,ARR,20880,116,Outbound,0
2025-01-21,Orange,stop_038,trip_00237,DEP,21060,117,Inbound,1
2025-01-22,Red,stop_039,trip_00238,ARR,21240,118,Outbound,0
2025-01-23,Orange,stop_040,trip_00239,DEP,21420,119,Inbound,1
2025-01-24,Red,stop_001,trip_00240,ARR,18000,120,Outbound,0
2025-01-25,Orange,stop_002,trip_00241,DEP,18180,121,Inbound,1
2025-01-26,Red,stop_003,trip_00242,ARR,18360,122,Outbound,0
2025-01-27,Orange,stop_004,trip_00243,DEP,18540,123,Inbound,1
2025-01-28,Red,stop_005,trip_00244,ARR,18720,124,Outbound,0
2025-01-29,Orange,stop_006,trip_00245,DEP,18900,125,Inbound,1
2025-01-30,Red,stop_007,trip_00246,ARR,19080,126,Outbound,0
2025-01-31,Orange,stop_008,trip_00247,DEP,19260,127,Inbound,1
2025-01-01,Red,stop_009,trip_00248,ARR,19440,128,Outbound,0
2025-01-02,Orange,stop_010,trip_00249,DEP,19620,129,Inbound,1
2025-01-03,Red,stop_011,trip_00250,ARR,19800,130,Outbound,0
2025-01-04,Orange,stop_012,trip_00251,DEP,19980,131,Inbound,1
2025-01-05,Red,stop_013,trip_00252,ARR,20160,132,Outbound,0
2025-01-06,Orange,stop_014,trip_00253,DEP,20340,133,Inbound,1
2025-01-07,Red,stop_015,trip_00254,ARR,20520,134,Outbound,0
2025-01-08,Orange,stop_016,trip_00255,DEP,20700,135,Inbound,1
2025-01-09,Red,stop_017,trip_00256,ARR,20880,136,Outbound,0
2025-01-10,Orange,stop_018,trip_00257,DEP,21060,137,Inbound,1
2025-01-11,Red,stop_019,trip_00258,ARR,21240,138,Outbound,0
2025-01-12,Orange,stop_020,trip_00259,DEP,21420,139,Inbound,1
2025-01-13,Red,stop_021,trip_00260,ARR,18000,140,Outbound,0
2025-01-14,Orange,stop_022,trip_00261,DEP,18180,141,Inbound,1
2025-01-15,Red,stop_023,trip_00262,ARR,18360,142,Outbound,0
2025-01-16,Orange,stop_024,trip_00263,DEP,18540,143,Inbound,1
2025-01-17,Red,stop_025,trip_00264,ARR,18720,144,Outbound,0
2025-01-18,Orange,stop_026,trip_00265,DEP,18900,145,Inbound,1
2025-01-19,Red,stop_027,trip_00266,ARR,19080,146,Outbound,0
2025-01-20,Orange,stop_028,trip_00267,DEP,19260,147,Inbound,1
2025-01-21,Red,stop_029,trip_00268,ARR,19440,148,Outbound,0
2025-01-22,Orange,stop_030,trip_00269,DEP,19620,149,Inbound,1
2025-01-23,Red,stop_031,trip_00270,ARR,19800,150,Outbound,0
2025-01-24,Orange,stop_032,trip_00271,DEP,19980,151,Inbound,1
2025-01-25,Red,stop_033,trip_00272,ARR,20160,152,Outbound,0
2025-01-26,Orange,stop_034,trip_00273,DEP,20340,153,Inbound,1
2025-01-27,Red,stop_035,trip_00274,ARR,20520,154,Outbound,0
2025-01-28,Orange,stop_036,trip_00275,DEP,20700,155,Inbound,1
2025-01-29,Red,stop_037,trip_00276,ARR,20880,156,Outbound,0
2025-01-30,Orange,stop_038,trip_00277,DEP,21060,157,Inbound,1
2025-01-31,Red,stop_039,trip_00278,ARR,21240,158,Outbound,0
2025-01-01,Orange,stop_040,trip_00279,DEP,21420,159,Inbound,1
2025-01-02,Red,stop_001,trip_00280,ARR,18000,160,Outbound,0
2025-01-03,Orange,stop_002,trip_00281,DEP,18180,161,Inbound,1
2025-01-04,Red,stop_003,trip_00282,ARR,18360,162,Outbound,0
2025-01-05,Orange,stop_004,trip_00283,DEP,18540,163,Inbound,1
2025-01-06,Red,stop_005,trip_00284,ARR,18720,164,Outbound,0
2025-01-07,Orange,stop_006,trip_00285,DEP,18900,165,Inbound,1
2025-01-08,Red,stop_007,trip_00286,ARR,19080,166,Outbound,0
2025-01-09,Orange,stop_008,trip_00287,DEP,19260,167,Inbound,1
2025-01-10,Red,stop_009,trip_00288,ARR,19440,168,Outbound,0
2025-01-11,Orange,stop_010,trip_00289,DEP,19620,169,Inbound,1
2025-01-12,Red,stop_011,trip_00290,ARR,19800,170,Outbound,0
2025-01-13,Orange,stop_012,trip_00291,DEP,19980,171,Inbound,1
2025-01-14,Red,stop_013,trip_00292,ARR,20160,172,Outbound,0
2025-01-15,Orange,stop_014,trip_00293,DEP,20340,173,Inbound,1
2025-01-16,Red,stop_015,trip_00294,ARR,20520,174,Outbound,0
2025-01-17,Orange,stop_016,trip_00295,DEP,20700,175,Inbound,1
2025-01-18,Red,stop_017,trip_00296,ARR,20880,176,Outbound,0
2025-01-19,Orange,stop_018,trip_00297,DEP,21060,177,Inbound,1
2025-01-20,Red,stop_019,trip_00298,ARR,21240,178,Outbound,0
2025-01-21,Orange,stop_020,trip_00299,DEP,21420,179,Inbound,1
2025-01-22,Red,stop_021,trip_00300,ARR,18000,180,Outbound,0
2025-01-23,Orange,stop_022,trip_00301,DEP,18180,181,Inbound,1
2025-01-24,Red,stop_023,trip_00302,ARR,18360,182,Outbound,0
2025-01-25,Orange,stop_024,trip_00303,DEP,18540,183,Inbound,1
2025-01-26,Red,stop_025,trip_00304,ARR,18720,184,Outbound,0
2025-01-27,Orange,stop_026,trip_00305,DEP,18900,185,Inbound,1
2025-01-28,Red,stop_027,trip_00306,ARR,19080,186,Outbound,0
2025-01-29,Orange,stop_028,trip_00307,DEP,19260,187,Inbound,1
2025-01-30,Red,stop_029,trip_00308,ARR,19440,188,Outbound,0
2025-01-31,Orange,stop_030,trip_00309,DEP,19620,189,Inbound,1
2025-01-01,Red,stop_031,trip_00310,ARR,19800,190,Outbound,0
2025-01-02,Orange,stop_032,trip_00311,DEP,19980,191,Inbound,1
2025-01-03,Red,stop_033,trip_00312,ARR,20160,192,Outbound,0
2025-01-04,Orange,stop_034,trip_00313,DEP,20340,193,Inbound,1
2025-01-05,Red,stop_035,trip_00314,ARR,20520,194,Outbound,0
2025-01-06,Orange,stop_036,trip_00315,DEP,20700,195,Inbound,1
2025-01-07,Red,stop_037,trip_00316,ARR,20880,196,Outbound,0
2025-01-08,Orange,stop_038,trip_00317,DEP,21060,197,Inbound,1
2025-01-09,Red,stop_039,trip_00318,ARR,21240,198,Outbound,0
2025-01-10,Orange,stop_040,trip_00319,DEP,21420,199,Inbound,1
2025-01-11,Red,stop_001,trip_00320,ARR,18000,200,Outbound,0
2025-01-12,Orange,stop_002,trip_00321,DEP,18180,201,Inbound,1
2025-01-13,Red,stop_003,trip_00322,ARR,18360,202,Outbound,0
2025-01-14,Orange,stop_004,trip_00323,DEP,18540,203,Inbound,1
2025-01-15,Red,stop_005,trip_00324,ARR,18720,204,Outbound,0
2025-01-16,Orange,stop_006,trip_00325,DEP,18900,205,Inbound,1
2025-01-17,Red,stop_007,trip_00326,ARR,19080,206,Outbound,0
2025-01-18,Orange,stop_008,trip_00327,DEP,19260,207,Inbound,1
2025-01-19,Red,stop_009,trip_00328,ARR,19440,208,Outbound,0
2025-01-20,Orange,stop_010,trip_00329,DEP,19620,209,Inbound,1
2025-01-21,Red,stop_011,trip_00330,ARR,19800,210,Outbound,0
2025-01-22,Orange,stop_012,trip_00331,DEP,19980,211,Inbound,1
2025-01-23,Red,stop_013,trip_00332,ARR,20160,212,Outbound,0
2025-01-24,Orange,stop_014,trip_00333,DEP,20340,213,Inbound,1
2025-01-25,Red,stop_015,trip_00334,ARR,20520,214,Outbound,0
2025-01-26,Orange,stop_016,trip_00335,DEP,20700,215,Inbound,1
2025-01-27,Red,stop_017,trip_00336,ARR,20880,216,Outbound,0
2025-01-28,Orange,stop_018,trip_00337,DEP,21060,217,Inbound,1
2025-01-29,Red,stop_019,trip_00338,ARR,21240,218,Outbound,0
2025-01-30,Orange,stop_020,trip_00339,DEP,21420,219,Inbound,1
2025-01-31,Red,stop_021,trip_00340,ARR,18000,220,Outbound,0
2025-01-01,Orange,stop_022,trip_00341,DEP,18180,221,Inbound,1
2025-01-02,Red,stop_023,trip_00342,ARR,18360,222,Outbound,0
2025-01-03,Orange,stop_024,trip_00343,DEP,18540,223,Inbound,1
2025-01-04,Red,stop_025,trip_00344,ARR,18720,224,Outbound,0
2025-01-05,Orange,stop_026,trip_00345,DEP,18900,225,Inbound,1
2025-01-06,Red,stop_027,trip_00346,ARR,19080,226,Outbound,0
2025-01-07,Orange,stop_028,trip_00347,DEP,19260,227,Inbound,1
2025-01-08,Red,stop_029,trip_00348,ARR,19440,228,Outbound,0
2025-01-09,Orange,stop_030,trip_00349,DEP,19620,229,Inbound,1
2025-01-10,Red,stop_031,trip_00350,ARR,19800,230,Outbound,0
2025-01-11,Orange,stop_032,trip_00351,DEP,19980,231,Inbound,1
2025-01-12,Red,stop_033,trip_00352,ARR,20160,232,Outbound,0
2025-01-13,Orange,stop_034,trip_00353,DEP,20340,233,Inbound,1
2025-01-14,Red,stop_035,trip_00354,ARR,20520,234,Outbound,0
2025-01-15,Orange,stop_036,trip_00355,DEP,20700,235,Inbound,1
2025-01-16,Red,stop_037,trip_00356,ARR,20880,236,Outbound,0
2025-01-17,Orange,stop_038,trip_00357,DEP,21060,237,Inbound,1
2025-01-18,Red,stop_039,trip_00358,ARR,21240,238,Outbound,0
2025-01-19,Orange,stop_040,trip_00359,DEP,21420,239,Inbound,1
2025-01-20,Red,stop_001,trip_00360,ARR,18000,240,Outbound,0
2025-01-21,Orange,stop_002,trip_00361,DEP,18180,241,Inbound,1
2025-01-22,Red,stop_003,trip_00362,ARR,18360,242,Outbound,0
2025-01-23,Orange,stop_004,trip_00363,DEP,18540,243,Inbound,1
2025-01-24,Red,stop_005,trip_00364,ARR,18720,244,Outbound,0
2025-01-25,Orange,stop_006,trip_00365,DEP,18900,245,Inbound,1
2025-01-26,Red,stop_007,trip_00366,ARR,19080,246,Outbound,0
2025-01-27,Orange,stop_008,trip_00367,DEP,19260,247,Inbound,1
2025-01-28,Red,stop_009,trip_00368,ARR,19440,248,Outbound,0
2025-01-29,Orange,stop_010,trip_00369,DEP,19620,249,Inbound,1
2025-01-30,Red,stop_011,trip_00370,ARR,19800,250,Outbound,0
2025-01-31,Orange,stop_012,trip_00371,DEP,19980,251,Inbound,1
2025-01-01,Red,stop_013,trip_00372,ARR,20160,252,Outbound,0
2025-01-02,Orange,stop_014,trip_00373,DEP,20340,253,Inbound,1
2025-01-03,Red,stop_015,trip_00374,ARR,20520,254,Outbound,0
2025-01-04,Orange,stop_016,trip_00375,DEP,20700,255,Inbound,1
2025-01-05,Red,stop_017,trip_00376,ARR,20880,256,Outbound,0
2025-01-06,Orange,stop_018,trip_00377,DEP,21060,257,Inbound,1
2025-01-07,Red,stop_019,trip_00378,ARR,21240,258,Outbound,0
2025-01-08,Orange,stop_020,trip_00379,DEP,21420,259,Inbound,1
2025-01-09,Red,stop_021,trip_00380,ARR,18000,260,Outbound,0
2025-01-10,Orange,stop_022,trip_00381,DEP,18180,261,Inbound,1
2025-01-11,Red,stop_023,trip_00382,ARR,18360,262,Outbound,0
2025-01-12,Orange,stop_024,trip_00383,DEP,18540,263,Inbound,1
2025-01-13,Red,stop_025,trip_00384,ARR,18720,264,Outbound,0
2025-01-14,Orange,stop_026,trip_00385,DEP,18900,265,Inbound,1
2025-01-15,Red,stop_027,trip_00386,ARR,19080,266,Outbound,0
2025-01-16,Orange,stop_028,trip_00387,DEP,19260,267,Inbound,1
2025-01-17,Red,stop_029,trip_00388,ARR,19440,268,Outbound,0
2025-01-18,Orange,stop_030,trip_00389,DEP,19620,269,Inbound,1
2025-01-19,Red,stop_031,trip_00390,ARR,19800,270,Outbound,0
2025-01-20,Orange,stop_032,trip_00391,DEP,19980,271,Inbound,1
2025-01-21,Red,stop_033,trip_00392,ARR,20160,272,Outbound,0
2025-01-22,Orange,stop_034,trip_00393,DEP,20340,273,Inbound,1
2025-01-23,Red,stop_035,trip_00394,ARR,20520,274,Outbound,0
2025-01-24,Orange,stop_036,trip_00395,DEP,20700,275,Inbound,1
2025-01-25,Red,stop_037,trip_00396,ARR,20880,276,Outbound,0
2025-01-26,Orange,stop_038,trip_00397,DEP,21060,277,Inbound,1
2025-01-27,Red,stop_039,trip_00398,ARR,21240,278,Outbound,0
2025-01-28,Orange,stop_040,trip_00399,DEP,21420,279,Inbound,1
2025-01-29,Red,stop_001,trip_00400,ARR,18000,-120,Outbound,0
2025-01-30,Orange,stop_002,trip_00401,DEP,18180,-119,Inbound,1
2025-01-31,Red,stop_003,trip_00402,ARR,18360,-118,Outbound,0
2025-01-01,Orange,stop_004,trip_00403,DEP,18540,-117,Inbound,1
2025-01-02,Red,stop_005,trip_00404,ARR,18720,-116,Outbound,0
2025-01-03,Orange,stop_006,trip_00405,DEP,18900,-115,Inbound,1
2025-01-04,Red,stop_007,trip_00406,ARR,19080,-114,Outbound,0
2025-01-05,Orange,stop_008,trip_00407,DEP,19260,-113,Inbound,1
2025-01-06,Red,stop_009,trip_00408,ARR,19440,-112,Outbound,0
2025-01-07,Orange,stop_010,trip_00409,DEP,19620,-111,Inbound,1
2025-01-08,Red,stop_011,trip_00410,ARR,19800,-110,Outbound,0
2025-01-09,Orange,stop_012,trip_00411,DEP,19980,-109,Inbound,1
2025-01-10,Red,stop_013,trip_00412,ARR,20160,-108,Outbound,0
2025-01-11,Orange,stop_014,trip_00413,DEP,20340,-107,Inbound,1
2025-01-12,Red,stop_015,trip_00414,ARR,20520,-106,Outbound,0
2025-01-13,Orange,stop_016,trip_00415,DEP,20700,-105,Inbound,1
2025-01-14,Red,stop_017,trip_00416,ARR,20880,-104,Outbound,0
2025-01-15,Orange,stop_018,trip_00417,DEP,21060,-103,Inbound,1
2025-01-16,Red,stop_019,trip_00418,ARR,21240,-102,Outbound,0
2025-01-17,Orange,stop_020,trip_00419,DEP,21420,-101,Inbound,1
2025-01-18,Red,stop_021,trip_00420,ARR,18000,-100,Outbound,0
2025-01-19,Orange,stop_022,trip_00421,DEP,18180,-99,Inbound,1
2025-01-20,Red,stop_023,trip_00422,ARR,18360,-98,Outbound,0
2025-01-21,Orange,stop_024,trip_00423,DEP,18540,-97,Inbound,1
2025-01-22,Red,stop_025,trip_00424,ARR,18720,-96,Outbound,0
2025-01-23,Orange,stop_026,trip_00425,DEP,18900,-95,Inbound,1
2025-01-24,Red,stop_027,trip_00426,ARR,19080,-94,Outbound,0
2025-01-25,Orange,stop_028,trip_00427,DEP,19260,-93,Inbound,1
2025-01-26,Red,stop_029,trip_00428,ARR,19440,-92,Outbound,0
2025-01-27,Orange,stop_030,trip_00429,DEP,19620,-91,Inbound,1
2025-01-28,Red,stop_031,trip_00430,ARR,19800,-90,Outbound,0
2025-01-29,Orange,stop_032,trip_00431,DEP,19980,-89,Inbound,1
2025-01-30,Red,stop_033,trip_00432,ARR,20160,-88,Outbound,0
2025-01-31,Orange,stop_034,trip_00433,DEP,20340,-87,Inbound,1
2025-01-01,Red,stop_035,trip_00434,ARR,20520,-86,Outbound,0
2025-01-02,Orange,stop_036,trip_00435,DEP,20700,-85,Inbound,1
2025-01-03,Red,stop_037,trip_00436,ARR,20880,-84,Outbound,0
2025-01-04,Orange,stop_038,trip_00437,DEP,21060,-83,Inbound,1
2025-01-05,Red,stop_039,trip_00438,ARR,21240,-82,Outbound,0
2025-01-06,Orange,stop_040,trip_00439,DEP,21420,-81,Inbound,1
2025-01-07,Red,stop_001,trip_00440,ARR,18000,-80,Outbound,0
2025-01-08,Orange,stop_002,trip_00441,DEP,18180,-79,Inbound,1
2025-01-09,Red,stop_003,trip_00442,ARR,18360,-78,Outbound,0
2025-01-10,Orange,stop_004,trip_00443,DEP,18540,-77,Inbound,1
2025-01-11,Red,stop_005,trip_00444,ARR,18720,-76,Outbound,0
2025-01-12,Orange,stop_006,trip_00445,DEP,18900,-75,Inbound,1
2025-01-13,Red,stop_007,trip_00446,ARR,19080,-74,Outbound,0
2025-01-14,Orange,stop_008,trip_00447,DEP,19260,-73,Inbound,1
2025-01-15,Red,stop_009,trip_00448,ARR,19440,-72,Outbound,0
2025-01-16,Orange,stop_010,trip_00449,DEP,19620,-71,Inbound,1
2025-01-17,Red,stop_011,trip_00450,ARR,19800,-70,Outbound,0
2025-01-18,Orange,stop_012,trip_00451,DEP,19980,-69,Inbound,1
2025-01-19,Red,stop_013,trip_00452,ARR,20160,-68,Outbound,0
2025-01-20,Orange,stop_014,trip_00453,DEP,20340,-67,Inbound,1
2025-01-21,Red,stop_015,trip_00454,ARR,20520,-66,Outbound,0
2025-01-22,Orange,stop_016,trip_00455,DEP,20700,-65,Inbound,1
2025-01-23,Red,stop_017,trip_00456,ARR,20880,-64,Outbound,0
2025-01-24,Orange,stop_018,trip_00457,DEP,21060,-63,Inbound,1
2025-01-25,Red,stop_019,trip_00458,ARR,21240,-62,Outbound,0
2025-01-26,Orange,stop_020,trip_00459,DEP,21420,-61,Inbound,1
2025-01-27,Red,stop_021,trip_00460,ARR,18000,-60,Outbound,0
2025-01-28,Orange,stop_022,trip_00461,DEP,18180,-59,Inbound,1
2025-01-29,Red,stop_023,trip_00462,ARR,18360,-58,Outbound,0
2025-01-30,Orange,stop_024,trip_00463,DEP,18540,-57,Inbound,1
2025-01-31,Red,stop_025,trip_00464,ARR,18720,-56,Outbound,0
2025-01-01,Orange,stop_026,trip_00465,DEP,18900,-55,Inbound,1
2025-01-02,Red,stop_027,trip_00466,ARR,19080,-54,Outbound,0
2025-01-03,Orange,stop_028,trip_00467,DEP,19260,-53,Inbound,1
2025-01-04,Red,stop_029,trip_00468,ARR,19440,-52,Outbound,0
2025-01-05,Orange,stop_030,trip_00469,DEP,19620,-51,Inbound,1
2025-01-06,Red,stop_031,trip_00470,ARR,19800,-50,Outbound,0
2025-01-07,Orange,stop_032,trip_00471,DEP,19980,-49,Inbound,1
2025-01-08,Red,stop_033,trip_00472,ARR,20160,-48,Outbound,0
2025-01-09,Orange,stop_034,trip_00473,DEP,20340,-47,Inbound,1
2025-01-10,Red,stop_035,trip_00474,ARR,20520,-46,Outbound,0
2025-01-11,Orange,stop_036,trip_00475,DEP,20700,-45,Inbound,1
2025-01-12,Red,stop_037,trip_00476,ARR,20880,-44,Outbound,0
2025-01-13,Orange,stop_038,trip_00477,DEP,21060,-43,Inbound,1
2025-01-14,Red,stop_039,trip_00478,ARR,21240,-42,Outbound,0
2025-01-15,Orange,stop_040,trip_00479,DEP,21420,-41,Inbound,1
2025-01-16,Red,stop_001,trip_00480,ARR,18000,-40,Outbound,0
2025-01-17,Orange,stop_002,trip_00481,DEP,18180,-39,Inbound,1
2025-01-18,Red,stop_003,trip_00482,ARR,18360,-38,Outbound,0
2025-01-19,Orange,stop_004,trip_00483,DEP,18540,-37,Inbound,1
2025-01-20,Red,stop_005,trip_00484,ARR,18720,-36,Outbound,0
2025-01-21,Orange,stop_006,trip_00485,DEP,18900,-35,Inbound,1
2025-01-22,Red,stop_007,trip_00486,ARR,19080,-34,Outbound,0
2025-01-23,Orange,stop_008,trip_00487,DEP,19260,-33,Inbound,1
2025-01-24,Red,stop_009,trip_00488,ARR,19440,-32,Outbound,0
2025-01-25,Orange,stop_010,trip_00489,DEP,19620,-31,Inbound,1
2025-01-26,Red,stop_011,trip_00490,ARR,19800,-30,Outbound,0
2025-01-27,Orange,stop_012,trip_00491,DEP,19980,-29,Inbound,1
2025-01-28,Red,stop_013,trip_00492,ARR,20160,-28,Outbound,0
2025-01-29,Orange,stop_014,trip_00493,DEP,20340,-27,Inbound,1
2025-01-30,Red,stop_015,trip_00494,ARR,20520,-26,Outbound,0
2025-01-31,Orange,stop_016,trip_00495,DEP,20700,-25,Inbound,1
2025-01-01,Red,stop_017,trip_00496,ARR,20880,-24,Outbound,0
2025-01-02,Orange,stop_018,trip_00497,DEP,21060,-23,Inbound,1
2025-01-03,Red,stop_019,trip_00498,ARR,21240,-22,Outbound,0
2025-01-04,Orange,stop_020,trip_00499,DEP,21420,-21,Inbound,1
2025-01-05,Red,stop_021,trip_00500,ARR,18000,-20,Outbound,0
2025-01-06,Orange,stop_022,trip_00501,DEP,18180,-19,Inbound,1
2025-01-07,Red,stop_023,trip_00502,ARR,18360,-18,Outbound,0
2025-01-08,Orange,stop_024,trip_00503,DEP,18540,-17,Inbound,1
2025-01-09,Red,stop_025,trip_00504,ARR,18720,-16,Outbound,0
2025-01-10,Orange,stop_026,trip_00505,DEP,18900,-15,Inbound,1
2025-01-11,Red,stop_027,trip_00506,ARR,19080,-14,Outbound,0
2025-01-12,Orange,stop_028,trip_00507,DEP,19260,-13,Inbound,1
2025-01-13,Red,stop_029,trip_00508,ARR,19440,-12,Outbound,0
2025-01-14,Orange,stop_030,trip_00509,DEP,19620,-11,Inbound,1
2025-01-15,Red,stop_031,trip_00510,ARR,19800,-10,Outbound,0
2025-01-16,Orange,stop_032,trip_00511,DEP,19980,-9,Inbound,1
2025-01-17,Red,stop_033,trip_00512,ARR,20160,-8,Outbound,0
2025-01-18,Orange,stop_034,trip_00513,DEP,20340,-7,Inbound,1
2025-01-19,Red,stop_035,trip_00514,ARR,20520,-6,Outbound,0
2025-01-20,Orange,stop_036,trip_00515,DEP,20700,-5,Inbound,1
2025-01-21,Red,stop_037,trip_00516,ARR,20880,-4,Outbound,0
2025-01-22,Orange,stop_038,trip_00517,DEP,21060,-3,Inbound,1
2025-01-23,Red,stop_039,trip_00518,ARR,21240,-2,Outbound,0
2025-01-24,Orange,stop_040,trip_00519,DEP,21420,-1,Inbound,1
2025-01-25,Red,stop_001,trip_00520,ARR,18000,0,Outbound,0
2025-01-26,Orange,stop_002,trip_00521,DEP,18180,1,Inbound,1
2025-01-27,Red,stop_003,trip_00522,ARR,18360,2,Outbound,0
2025-01-28,Orange,stop_004,trip_00523,DEP,18540,3,Inbound,1
2025-01-29,Red,stop_005,trip_00524,ARR,18720,4,Outbound,0
2025-01-30,Orange,stop_006,trip_00525,DEP,18900,5,Inbound,1
2025-01-31,Red,stop_007,trip_00526,ARR,19080,6,Outbound,0
2025-01-01,Orange,stop_008,trip_00527,DEP,19260,7,Inbound,1
2025-01-02,Red,stop_009,trip_00528,ARR,19440,8,Outbound,0
2025-01-03,Orange,stop_010,trip_00529,DEP,19620,9,Inbound,1
2025-01-04,Red,stop_011,trip_00530,ARR,19800,10,Outbound,0
2025-01-05,Orange,stop_012,trip_00531,DEP,19980,11,Inbound,1
2025-01-06,Red,stop_013,trip_00532,ARR,20160,12,Outbound,0
2025-01-07,Orange,stop_014,trip_00533,DEP,20340,13,Inbound,1
2025-01-08,Red,stop_015,trip_00534,ARR,20520,14,Outbound,0
2025-01-09,Orange,stop_016,trip_00535,DEP,20700,15,Inbound,1
2025-01-10,Red,stop_017,trip_00536,ARR,20880,16,Outbound,0
2025-01-11,Orange,stop_018,trip_00537,DEP,21060,17,Inbound,1
2025-01-12,Red,stop_019,trip_00538,ARR,21240,18,Outbound,0
2025-01-13,Orange,stop_020,trip_00539,DEP,21420,19,Inbound,1
2025-01-14,Red,stop_021,trip_00540,ARR,18000,20,Outbound,0
2025-01-15,Orange,stop_022,trip_00541,DEP,18180,21,Inbound,1
2025-01-16,Red,stop_023,trip_00542,ARR,18360,22,Outbound,0
2025-01-17,Orange,stop_024,trip_00543,DEP,18540,23,Inbound,1
2025-01-18,Red,stop_025,trip_00544,ARR,18720,24,Outbound,0
2025-01-19,Orange,stop_026,trip_00545,DEP,18900,25,Inbound,1
2025-01-20,Red,stop_027,trip_00546,ARR,19080,26,Outbound,0
2025-01-21,Orange,stop_028,trip_00547,DEP,19260,27,Inbound,1
2025-01-22,Red,stop_029,trip_00548,ARR,19440,28,Outbound,0
2025-01-23,Orange,stop_030,trip_00549,DEP,19620,29,Inbound,1
2025-01-24,Red,stop_031,trip_00550,ARR,19800,30,Outbound,0
2025-01-25,Orange,stop_032,trip_00551,DEP,19980,31,Inbound,1
2025-01-26,Red,stop_033,trip_00552,ARR,20160,32,Outbound,0
2025-01-27,Orange,stop_034,trip_00553,DEP,20340,33,Inbound,1
2025-01-28,Red,stop_035,trip_00554,ARR,20520,34,Outbound,0
2025-01-29,Orange,stop_036,trip_00555,DEP,20700,35,Inbound,1
2025-01-30,Red,stop_037,trip_00556,ARR,20880,36,Outbound,0
2025-01-31,Orange,stop_038,trip_00557,DEP,21060,37,Inbound,1
2025-01-01,Red,stop_039,trip_00558,ARR,21240,38,Outbound,0
2025-01-02,Orange,stop_040,trip_00559,DEP,21420,39,Inbound,1
2025-01-03,Red,stop_001,trip_00560,ARR,18000,40,Outbound,0
2025-01-04,Orange,stop_002,trip_00561,DEP,18180,41,Inbound,1
2025-01-05,Red,stop_003,trip_00562,ARR,18360,42,Outbound,0
2025-01-06,Orange,stop_004,trip_00563,DEP,18540,43,Inbound,1
2025-01-07,Red,stop_005,trip_00564,ARR,18720,44,Outbound,0
2025-01-08,Orange,stop_006,trip_00565,DEP,18900,45,Inbound,1
2025-01-09,Red,stop_007,trip_00566,ARR,19080,46,Outbound,0
2025-01-10,Orange,stop_008,trip_00567,DEP,19260,47,Inbound,1
2025-01-11,Red,stop_009,trip_00568,ARR,19440,48,Outbound,0
2025-01-12,Orange,stop_010,trip_00569,DEP,19620,49,Inbound,1
2025-01-13,Red,stop_011,trip_00570,ARR,19800,50,Outbound,0
2025-01-14,Orange,stop_012,trip_00571,DEP,19980,51,Inbound,1
2025-01-15,Red,stop_013,trip_00572,ARR,20160,52,Outbound,0
2025-01-16,Orange,stop_014,trip_00573,DEP,20340,53,Inbound,1
2025-01-17,Red,stop_015,trip_00574,ARR,20520,54,Outbound,0
2025-01-18,Orange,stop_016,trip_00575,DEP,20700,55,Inbound,1
2025-01-19,Red,stop_017,trip_00576,ARR,20880,56,Outbound,0
2025-01-20,Orange,stop_018,trip_00577,DEP,21060,57,Inbound,1
2025-01-21,Red,stop_019,trip_00578,ARR,21240,58,Outbound,0
2025-01-22,Orange,stop_020,trip_00579,DEP,21420,59,Inbound,1
2025-01-23,Red,stop_021,trip_00580,ARR,18000,60,Outbound,0
2025-01-24,Orange,stop_022,trip_00581,DEP,18180,61,Inbound,1
2025-01-25,Red,stop_023,trip_00582,ARR,18360,62,Outbound,0
2025-01-26,Orange,stop_024,trip_00583,DEP,18540,63,Inbound,1
2025-01-27,Red,stop_025,trip_00584,ARR,18720,64,Outbound,0
2025-01-28,Orange,stop_026,trip_00585,DEP,18900,65,Inbound,1
2025-01-29,Red,stop_027,trip_00586,ARR,19080,66,Outbound,0
2025-01-30,Orange,stop_028,trip_00587,DEP,19260,67,Inbound,1
2025-01-31,Red,stop_029,trip_00588,ARR,19440,68,Outbound,0
2025-01-01,Orange,stop_030,trip_00589,DEP,19620,69,Inbound,1
2025-01-02,Red,stop_031,trip_00590,ARR,19800,70,Outbound,0
2025-01-03,Orange,stop_032,trip_00591,DEP,19980,71,Inbound,1
2025-01-04,Red,stop_033,trip_00592,ARR,20160,72,Outbound,0
2025-01-05,Orange,stop_034,trip_00593,DEP,20340,73,Inbound,1
2025-01-06,Red,stop_035,trip_00594,ARR,20520,74,Outbound,0
2025-01-07,Orange,stop_036,trip_00595,DEP,20700,75,Inbound,1
2025-01-08,Red,stop_037,trip_00596,ARR,20880,76,Outbound,0
2025-01-09,Orange,stop_038,trip_00597,DEP,21060,77,Inbound,1
2025-01-10,Red,stop_039,trip_00598,ARR,21240,78,Outbound,0
2025-01-11,Orange,stop_040,trip_00599,DEP,21420,79,Inbound,1
2025-01-12,Red,stop_001,trip_00600,ARR,18000,80,Outbound,0
2025-01-13,Orange,stop_002,trip_00601,DEP,18180,81,Inbound,1
2025-01-14,Red,stop_003,trip_00602,ARR,18360,82,Outbound,0
2025-01-15,Orange,stop_004,trip_00603,DEP,18540,83,Inbound,1
2025-01-16,Red,stop_005,trip_00604,ARR,18720,84,Outbound,0
2025-01-17,Orange,stop_006,trip_00605,DEP,18900,85,Inbound,1
2025-01-18,Red,stop_007,trip_00606,ARR,19080,86,Outbound,0
2025-01-19,Orange,stop_008,trip_00607,DEP,19260,87,Inbound,1
2025-01-20,Red,stop_009,trip_00608,ARR,19440,88,Outbound,0
2025-01-21,Orange,stop_010,trip_00609,DEP,19620,89,Inbound,1
2025-01-22,Red,stop_011,trip_00610,ARR,19800,90,Outbound,0
2025-01-23,Orange,stop_012,trip_00611,DEP,19980,91,Inbound,1
2025-01-24,Red,stop_013,trip_00612,ARR,20160,92,Outbound,0
2025-01-25,Orange,stop_014,trip_00613,DEP,20340,93,Inbound,1
2025-01-26,Red,stop_015,trip_00614,ARR,20520,94,Outbound,0
2025-01-27,Orange,stop_016,trip_00615,DEP,20700,95,Inbound,1
2025-01-28,Red,stop_017,trip_00616,ARR,20880,96,Outbound,0
2025-01-29,Orange,stop_018,trip_00617,DEP,21060,97,Inbound,1
2025-01-30,Red,stop_019,trip_00618,ARR,21240,98,Outbound,0
2025-01-31,Orange,stop_020,trip_00619,DEP,21420,99,Inbound,1
2025-01-01,Red,stop_021,trip_00620,ARR,18000,100,Outbound,0
2025-01-02,Orange,stop_022,trip_00621,DEP,18180,101,Inbound,1
2025-01-03,Red,stop_023,trip_00622,ARR,18360,102,Outbound,0
2025-01-04,Orange,stop_024,trip_00623,DEP,18540,103,Inbound,1
2025-01-05,Red,stop_025,trip_00624,ARR,18720,104,Outbound,0
2025-01-06,Orange,stop_026,trip_00625,DEP,18900,105,Inbound,1
2025-01-07,Red,stop_027,trip_00626,ARR,19080,106,Outbound,0
2025-01-08,Orange,stop_028,trip_00627,DEP,19260,107,Inbound,1
2025-01-09,Red,stop_029,trip_00628,ARR,19440,108,Outbound,0
2025-01-10,Orange,stop_030,trip_00629,DEP,19620,109,Inbound,1
2025-01-11,Red,stop_031,trip_00630,ARR,19800,110,Outbound,0
2025-01-12,Orange,stop_032,trip_00631,DEP,19980,111,Inbound,1
2025-01-13,Red,stop_033,trip_00632,ARR,20160,112,Outbound,0
2025-01-14,Orange,stop_034,trip_00633,DEP,20340,113,Inbound,1
2025-01-15,Red,stop_035,trip_00634,ARR,20520,114,Outbound,0
2025-01-16,Orange,stop_036,trip_00635,DEP,20700,115,Inbound,1
2025-01-17,Red,stop_037,trip_00636,ARR,20880,116,Outbound,0
2025-01-18,Orange,stop_038,trip_00637,DEP,21060,117,Inbound,1
2025-01-19,Red,stop_039,trip_00638,ARR,21240,118,Outbound,0
2025-01-20,Orange,stop_040,trip_00639,DEP,21420,119,Inbound,1
2025-01-21,Red,stop_001,trip_00640,ARR,18000,120,Outbound,0
2025-01-22,Orange,stop_002,trip_00641,DEP,18180,121,Inbound,1
2025-01-23,Red,stop_003,trip_00642,ARR,18360,122,Outbound,0
2025-01-24,Orange,stop_004,trip_00643,DEP,18540,123,Inbound,1
2025-01-25,Red,stop_005,trip_00644,ARR,18720,124,Outbound,0
2025-01-26,Orange,stop_006,trip_00645,DEP,18900,125,Inbound,1
2025-01-27,Red,stop_007,trip_00646,ARR,19080,126,Outbound,0
2025-01-28,Orange,stop_008,trip_00647,DEP,19260,127,Inbound,1
2025-01-29,Red,stop_009,trip_00648,ARR,19440,128,Outbound,0
2025-01-30,Orange,stop_010,trip_00649,DEP,19620,129,Inbound,1
2025-01-31,Red,stop_011,trip_00650,ARR,19800,130,Outbound,0
2025-01-01,Orange,stop_012,trip_00651,DEP,19980,131,Inbound,1
2025-01-02,Red,stop_013,trip_00652,ARR,20160,132,Outbound,0
2025-01-03,Orange,stop_014,trip_00653,DEP,20340,133,Inbound,1
2025-01-04,Red,stop_015,trip_00654,ARR,20520,134,Outbound,0
2025-01-05,Orange,stop_016,trip_00655,DEP,20700,135,Inbound,1
2025-01-06,Red,stop_017,trip_00656,ARR,20880,136,Outbound,0
2025-01-07,Orange,stop_018,trip_00657,DEP,21060,137,Inbound,1
2025-01-08,Red,stop_019,trip_00658,ARR,21240,138,Outbound,0
2025-01-09,Orange,stop_020,trip_00659,DEP,21420,139,Inbound,1
2025-01-10,Red,stop_021,trip_00660,ARR,18000,140,Outbound,0
2025-01-11,Orange,stop_022,trip_00661,DEP,18180,141,Inbound,1
2025-01-12,Red,stop_023,trip_00662,ARR,18360,142,Outbound,0
2025-01-13,Orange,stop_024,trip_00663,DEP,18540,143,Inbound,1
2025-01-14,Red,stop_025,trip_00664,ARR,18720,144,Outbound,0
2025-01-15,Orange,stop_026,trip_00665,DEP,18900,145,Inbound,1
2025-01-16,Red,stop_027,trip_00666,ARR,19080,146,Outbound,0
2025-01-17,Orange,stop_028,trip_00667,DEP,19260,147,Inbound,1
2025-01-18,Red,stop_029,trip_00668,ARR,19440,148,Outbound,0
2025-01-19,Orange,stop_030,trip_00669,DEP,19620,149,Inbound,1
2025-01-20,Red,stop_031,trip_00670,ARR,19800,150,Outbound,0
2025-01-21,Orange,stop_032,trip_00671,DEP,19980,151,Inbound,1
2025-01-22,Red,stop_033,trip_00672,ARR,20160,152,Outbound,0
2025-01-23,Orange,stop_034,trip_00673,DEP,20340,153,Inbound,1
2025-01-24,Red,stop_035,trip_00674,ARR,20520,154,Outbound,0
2025-01-25,Orange,stop_036,trip_00675,DEP,20700,155,Inbound,1
2025-01-26,Red,stop_037,trip_00676,ARR,20880,156,Outbound,0
2025-01-27,Orange,stop_038,trip_00677,DEP,21060,157,Inbound,1
2025-01-28,Red,stop_039,trip_00678,ARR,21240,158,Outbound,0
2025-01-29,Orange,stop_040,trip_00679,DEP,21420,159,Inbound,1
2025-01-30,Red,stop_001,trip_00680,ARR,18000,160,Outbound,0
2025-01-31,Orange,stop_002,trip_00681,DEP,18180,161,Inbound,1
2025-01-01,Red,stop_003,trip_00682,ARR,18360,162,Outbound,0
2025-01-02,Orange,stop_004,trip_00683,DEP,18540,163,Inbound,1
2025-01-03,Red,stop_005,trip_00684,ARR,18720,164,Outbound,0
2025-01-04,Orange,stop_006,trip_00685,DEP,18900,165,Inbound,1
2025-01-05,Red,stop_007,trip_00686,ARR,19080,166,Outbound,0
2025-01-06,Orange,stop_008,trip_00687,DEP,19260,167,Inbound,1
2025-01-07,Red,stop_009,trip_00688,ARR,19440,168,Outbound,0
2025-01-08,Orange,stop_010,trip_00689,DEP,19620,169,Inbound,1
2025-01-09,Red,stop_011,trip_00690,ARR,19800,170,Outbound,0
2025-01-10,Orange,stop_012,trip_00691,DEP,19980,171,Inbound,1
2025-01-11,Red,stop_013,trip_00692,ARR,20160,172,Outbound,0
2025-01-12,Orange,stop_014,trip_00693,DEP,20340,173,Inbound,1
2025-01-13,Red,stop_015,trip_00694,ARR,20520,174,Outbound,0
2025-01-14,Orange,stop_016,trip_00695,DEP,20700,175,Inbound,1
2025-01-15,Red,stop_017,trip_00696,ARR,20880,176,Outbound,0
2025-01-16,Orange,stop_018,trip_00697,DEP,21060,177,Inbound,1
2025-01-17,Red,stop_019,trip_00698,ARR,21240,178,Outbound,0
2025-01-18,Orange,stop_020,trip_00699,DEP,21420,179,Inbound,1
2025-01-19,Red,stop_021,trip_00700,ARR,18000,180,Outbound,0
2025-01-20,Orange,stop_022,trip_00701,DEP,18180,181,Inbound,1
2025-01-21,Red,stop_023,trip_00702,ARR,18360,182,Outbound,0
2025-01-22,Orange,stop_024,trip_00703,DEP,18540,183,Inbound,1
2025-01-23,Red,stop_025,trip_00704,ARR,18720,184,Outbound,0
2025-01-24,Orange,stop_026,trip_00705,DEP,18900,185,Inbound,1
2025-01-25,Red,stop_027,trip_00706,ARR,19080,186,Outbound,0
2025-01-26,Orange,stop_028,trip_00707,DEP,19260,187,Inbound,1
2025-01-27,Red,stop_029,trip_00708,ARR,19440,188,Outbound,0
2025-01-28,Orange,stop_030,trip_00709,DEP,19620,189,Inbound,1
2025-01-29,Red,stop_031,trip_00710,ARR,19800,190,Outbound,0
2025-01-30,Orange,stop_032,trip_00711,DEP,19980,191,Inbound,1
2025-01-31,Red,stop_033,trip_00712,ARR,20160,192,Outbound,0
2025-01-01,Orange,stop_034,trip_00713,DEP,20340,193,Inbound,1
2025-01-02,Red,stop_035,trip_00714,ARR,20520,194,Outbound,0
2025-01-03,Orange,stop_036,trip_00715,DEP,20700,195,Inbound,1
2025-01-04,Red,stop_037,trip_00716,ARR,20880,196,Outbound,0
2025-01-05,Orange,stop_038,trip_00717,DEP,21060,197,Inbound,1
2025-01-06,Red,stop_039,trip_00718,ARR,21240,198,Outbound,0
2025-01-07,Orange,stop_040,trip_00719,DEP,21420,199,Inbound,1
2025-01-08,Red,stop_001,trip_00720,ARR,18000,200,Outbound,0
2025-01-09,Orange,stop_002,trip_00721,DEP,18180,201,Inbound,1
2025-01-10,Red,stop_003,trip_00722,ARR,18360,202,Outbound,0
2025-01-11,Orange,stop_004,trip_00723,DEP,18540,203,Inbound,1
2025-01-12,Red,stop_005,trip_00724,ARR,18720,204,Outbound,0
2025-01-13,Orange,stop_006,trip_00725,DEP,18900,205,Inbound,1
2025-01-14,Red,stop_007,trip_00726,ARR,19080,206,Outbound,0
2025-01-15,Orange,stop_008,trip_00727,DEP,19260,207,Inbound,1
2025-01-16,Red,stop_009,trip_00728,ARR,19440,208,Outbound,0
2025-01-17,Orange,stop_010,trip_00729,DEP,19620,209,Inbound,1
2025-01-18,Red,stop_011,trip_00730,ARR,19800,210,Outbound,0
2025-01-19,Orange,stop_012,trip_00731,DEP,19980,211,Inbound,1
2025-01-20,Red,stop_013,trip_00732,ARR,20160,212,Outbound,0
2025-01-21,Orange,stop_014,trip_00733,DEP,20340,213,Inbound,1
2025-01-22,Red,stop_015,trip_00734,ARR,20520,214,Outbound,0
2025-01-23,Orange,stop_016,trip_00735,DEP,20700,215,Inbound,1
2025-01-24,Red,stop_017,trip_00736,ARR,20880,216,Outbound,0
2025-01-25,Orange,stop_018,trip_00737,DEP,21060,217,Inbound,1
2025-01-26,Red,stop_019,trip_00738,ARR,21240,218,Outbound,0
2025-01-27,Orange,stop_020,trip_00739,DEP,21420,219,Inbound,1
2025-01-28,Red,stop_021,trip_00740,ARR,18000,220,Outbound,0
2025-01-29,Orange,stop_022,trip_00741,DEP,18180,221,Inbound,1
2025-01-30,Red,stop_023,trip_00742,ARR,18360,222,Outbound,0
2025-01-31,Orange,stop_024,trip_00743,DEP,18540,223,Inbound,1
2025-01-01,Red,stop_025,trip_00744,ARR,18720,224,Outbound,0
2025-01-02,Orange,stop_026,trip_00745,DEP,18900,225,Inbound,1
2025-01-03,Red,stop_027,trip_00746,ARR,19080,226,Outbound,0
2025-01-04,Orange,stop_028,trip_00747,DEP,19260,227,Inbound,1
2025-01-05,Red,stop_029,trip_00748,ARR,19440,228,Outbound,0
2025-01-06,Orange,stop_030,trip_00749,DEP,19620,229,Inbound,1
2025-01-07,Red,stop_031,trip_00750,ARR,19800,230,Outbound,0
2025-01-08,Orange,stop_032,trip_00751,DEP,19980,231,Inbound,1
2025-01-09,Red,stop_033,trip_00752,ARR,20160,232,Outbound,0
2025-01-10,Orange,stop_034,trip_00753,DEP,20340,233,Inbound,1
2025-01-11,Red,stop_035,trip_00754,ARR,20520,234,Outbound,0
2025-01-12,Orange,stop_036,trip_00755,DEP,20700,235,Inbound,1
2025-01-13,Red,stop_037,trip_00756,ARR,20880,236,Outbound,0
2025-01-14,Orange,stop_038,trip_00757,DEP,21060,237,Inbound,1
2025-01-15,Red,stop_039,trip_00758,ARR,21240,238,Outbound,0
2025-01-16,Orange,stop_040,trip_00759,DEP,21420,239,Inbound,1
2025-01-17,Red,stop_001,trip_00760,ARR,18000,240,Outbound,0
2025-01-18,Orange,stop_002,trip_00761,DEP,18180,241,Inbound,1
2025-01-19,Red,stop_003,trip_00762,ARR,18360,242,Outbound,0
2025-01-20,Orange,stop_004,trip_00763,DEP,18540,243,Inbound,1
2025-01-21,Red,stop_005,trip_00764,ARR,18720,244,Outbound,0
2025-01-22,Orange,stop_006,trip_00765,DEP,18900,245,Inbound,1
2025-01-23,Red,stop_007,trip_00766,ARR,19080,246,Outbound,0
2025-01-24,Orange,stop_008,trip_00767,DEP,19260,247,Inbound,1
2025-01-25,Red,stop_009,trip_00768,ARR,19440,248,Outbound,0
2025-01-26,Orange,stop_010,trip_00769,DEP,19620,249,Inbound,1
2025-01-27,Red,stop_011,trip_00770,ARR,19800,250,Outbound,0
2025-01-28,Orange,stop_012,trip_00771,DEP,19980,251,Inbound,1
2025-01-29,Red,stop_013,trip_00772,ARR,20160,252,Outbound,0
2025-01-30,Orange,stop_014,trip_00773,DEP,20340,253,Inbound,1
2025-01-31,Red,stop_015,trip_00774,ARR,20520,254,Outbound,0
2025-01-01,Orange,stop_016,trip_00775,DEP,20700,255,Inbound,1
2025-01-02,Red,stop_017,trip_00776,ARR,20880,256,Outbound,0
2025-01-03,Orange,stop_018,trip_00777,DEP,21060,257,Inbound,1
2025-01-04,Red,stop_019,trip_00778,ARR,21240,258,Outbound,0
2025-01-05,Orange,stop_020,trip_00779,DEP,21420,259,Inbound,1
2025-01-06,Red,stop_021,trip_00780,ARR,18000,260,Outbound,0
2025-01-07,Orange,stop_022,trip_00781,DEP,18180,261,Inbound,1
2025-01-08,Red,stop_023,trip_00782,ARR,18360,262,Outbound,0
2025-01-09,Orange,stop_024,trip_00783,DEP,18540,263,Inbound,1
2025-01-10,Red,stop_025,trip_00784,ARR,18720,264,Outbound,0
2025-01-11,Orange,stop_026,trip_00785,DEP,18900,265,Inbound,1
2025-01-12,Red,stop_027,trip_00786,ARR,19080,266,Outbound,0
2025-01-13,Orange,stop_028,trip_00787,DEP,19260,267,Inbound,1
2025-01-14,Red,stop_029,trip_00788,ARR,19440,268,Outbound,0
2025-01-15,Orange,stop_030,trip_00789,DEP,19620,269,Inbound,1
2025-01-16,Red,stop_031,trip_00790,ARR,19800,270,Outbound,0
2025-01-17,Orange,stop_032,trip_00791,DEP,19980,271,Inbound,1
2025-01-18,Red,stop_033,trip_00792,ARR,20160,272,Outbound,0
2025-01-19,Orange,stop_034,trip_00793,DEP,20340,273,Inbound,1
2025-01-20,Red,stop_035,trip_00794,ARR,20520,274,Outbound,0
2025-01-21,Orange,stop_036,trip_00795,DEP,20700,275,Inbound,1
2025-01-22,Red,stop_037,trip_00796,ARR,20880,276,Outbound,0
2025-01-23,Orange,stop_038,trip_00797,DEP,21060,277,Inbound,1
2025-01-24,Red,stop_039,trip_00798,ARR,21240,278,Outbound,0
2025-01-25,Orange,stop_040,trip_00799,DEP,21420,279,Inbound,1
2025-01-26,Red,stop_001,trip_00800,ARR,18000,-120,Outbound,0
2025-01-27,Orange,stop_002,trip_00801,DEP,18180,-119,Inbound,1
2025-01-28,Red,stop_003,trip_00802,ARR,18360,-118,Outbound,0
2025-01-29,Orange,stop_004,trip_00803,DEP,18540,-117,Inbound,1
2025-01-30,Red,stop_005,trip_00804,ARR,18720,-116,Outbound,0
2025-01-31,Orange,stop_006,trip_00805,DEP,18900,-115,Inbound,1
2025-01-01,Red,stop_007,trip_00806,ARR,19080,-114,Outbound,0
2025-01-02,Orange,stop_008,trip_00807,DEP,19260,-113,Inbound,1
2025-01-03,Red,stop_009,trip_00808,ARR,19440,-112,Outbound,0
2025-01-04,Orange,stop_010,trip_00809,DEP,19620,-111,Inbound,1
2025-01-05,Red,stop_011,trip_00810,ARR,19800,-110,Outbound,0
2025-01-06,Orange,stop_012,trip_00811,DEP,19980,-109,Inbound,1
2025-01-07,Red,stop_013,trip_00812,ARR,20160,-108,Outbound,0
2025-01-08,Orange,stop_014,trip_00813,DEP,20340,-107,Inbound,1
2025-01-09,Red,stop_015,trip_00814,ARR,20520,-106,Outbound,0
2025-01-10,Orange,stop_016,trip_00815,DEP,20700,-105,Inbound,1
2025-01-11,Red,stop_017,trip_00816,ARR,20880,-104,Outbound,0
2025-01-12,Orange,stop_018,trip_00817,DEP,21060,-103,Inbound,1
2025-01-13,Red,stop_019,trip_00818,ARR,21240,-102,Outbound,0
2025-01-14,Orange,stop_020,trip_00819,DEP,21420,-101,Inbound,1
2025-01-15,Red,stop_021,trip_00820,ARR,18000,-100,Outbound,0
2025-01-16,Orange,stop_022,trip_00821,DEP,18180,-99,Inbound,1
2025-01-17,Red,stop_023,trip_00822,ARR,18360,-98,Outbound,0
2025-01-18,Orange,stop_024,trip_00823,DEP,18540,-97,Inbound,1
2025-01-19,Red,stop_025,trip_00824,ARR,18720,-96,Outbound,0
2025-01-20,Orange,stop_026,trip_00825,DEP,18900,-95,Inbound,1
2025-01-21,Red,stop_027,trip_00826,ARR,19080,-94,Outbound,0
2025-01-22,Orange,stop_028,trip_00827,DEP,19260,-93,Inbound,1
2025-01-23,Red,stop_029,trip_00828,ARR,19440,-92,Outbound,0
2025-01-24,Orange,stop_030,trip_00829,DEP,19620,-91,Inbound,1
2025-01-25,Red,stop_031,trip_00830,ARR,19800,-90,Outbound,0
2025-01-26,Orange,stop_032,trip_00831,DEP,19980,-89,Inbound,1
2025-01-27,Red,stop_033,trip_00832,ARR,20160,-88,Outbound,0
2025-01-28,Orange,stop_034,trip_00833,DEP,20340,-87,Inbound,1
2025-01-29,Red,stop_035,trip_00834,ARR,20520,-86,Outbound,0
2025-01-30,Orange,stop_036,trip_00835,DEP,20700,-85,Inbound,1
2025-01-31,Red,stop_037,trip_00836,ARR,20880,-84,Outbound,0
2025-01-01,Orange,stop_038,trip_00837,DEP,21060,-83,Inbound,1
2025-01-02,Red,stop_039,trip_00838,ARR,21240,-82,Outbound,0
2025-01-03,Orange,stop_040,trip_00839,DEP,21420,-81,Inbound,1
2025-01-04,Red,stop_001,trip_00840,ARR,18000,-80,Outbound,0
2025-01-05,Orange,stop_002,trip_00841,DEP,18180,-79,Inbound,1
2025-01-06,Red,stop_003,trip_00842,ARR,18360,-78,Outbound,0
2025-01-07,Orange,stop_004,trip_00843,DEP,18540,-77,Inbound,1
2025-01-08,Red,stop_005,trip_00844,ARR,18720,-76,Outbound,0
2025-01-09,Orange,stop_006,trip_00845,DEP,18900,-75,Inbound,1
2025-01-10,Red,stop_007,trip_00846,ARR,19080,-74,Outbound,0
2025-01-11,Orange,stop_008,trip_00847,DEP,19260,-73,Inbound,1
2025-01-12,Red,stop_009,trip_00848,ARR,19440,-72,Outbound,0
2025-01-13,Orange,stop_010,trip_00849,DEP,19620,-71,Inbound,1
2025-01-14,Red,stop_011,trip_00850,ARR,19800,-70,Outbound,0
2025-01-15,Orange,stop_012,trip_00851,DEP,19980,-69,Inbound,1
2025-01-16,Red,stop_013,trip_00852,ARR,20160,-68,Outbound,0
2025-01-17,Orange,stop_014,trip_00853,DEP,20340,-67,Inbound,1
2025-01-18,Red,stop_015,trip_00854,ARR,20520,-66,Outbound,0
2025-01-19,Orange,stop_016,trip_00855,DEP,20700,-65,Inbound,1
2025-01-20,Red,stop_017,trip_00856,ARR,20880,-64,Outbound,0
2025-01-21,Orange,stop_018,trip_00857,DEP,21060,-63,Inbound,1
2025-01-22,Red,stop_019,trip_00858,ARR,21240,-62,Outbound,0
2025-01-23,Orange,stop_020,trip_00859,DEP,21420,-61,Inbound,1
2025-01-24,Red,stop_021,trip_00860,ARR,18000,-60,Outbound,0
2025-01-25,Orange,stop_022,trip_00861,DEP,18180,-59,Inbound,1
2025-01-26,Red,stop_023,trip_00862,ARR,18360,-58,Outbound,0
2025-01-27,Orange,stop_024,trip_00863,DEP,18540,-57,Inbound,1
2025-01-28,Red,stop_025,trip_00864,ARR,18720,-56,Outbound,0
2025-01-29,Orange,stop_026,trip_00865,DEP,18900,-55,Inbound,1
2025-01-30,Red,stop_027,trip_00866,ARR,19080,-54,Outbound,0
2025-01-31,Orange,stop_028,trip_00867,DEP,19260,-53,Inbound,1
2025-01-01,Red,stop_029,trip_00868,ARR,19440,-52,Outbound,0
2025-01-02,Orange,stop_030,trip_00869,DEP,19620,-51,Inbound,1
2025-01-03,Red,stop_031,trip_00870,ARR,19800,-50,Outbound,0
2025-01-04,Orange,stop_032,trip_00871,DEP,19980,-49,Inbound,1
2025-01-05,Red,stop_033,trip_00872,ARR,20160,-48,Outbound,0
2025-01-06,Orange,stop_034,trip_00873,DEP,20340,-47,Inbound,1
2025-01-07,Red,stop_035,trip_00874,ARR,20520,-46,Outbound,0
2025-01-08,Orange,stop_036,trip_00875,DEP,20700,-45,Inbound,1
2025-01-09,Red,stop_037,trip_00876,ARR,20880,-44,Outbound,0
2025-01-10,Orange,stop_038,trip_00877,DEP,21060,-43,Inbound,1
2025-01-11,Red,stop_039,trip_00878,ARR,21240,-42,Outbound,0
2025-01-12,Orange,stop_040,trip_00879,DEP,21420,-41,Inbound,1
2025-01-13,Red,stop_001,trip_00880,ARR,18000,-40,Outbound,0
2025-01-14,Orange,stop_002,trip_00881,DEP,18180,-39,Inbound,1
2025-01-15,Red,stop_003,trip_00882,ARR,18360,-38,Outbound,0
2025-01-16,Orange,stop_004,trip_00883,DEP,18540,-37,Inbound,1
2025-01-17,Red,stop_005,trip_00884,ARR,18720,-36,Outbound,0
2025-01-18,Orange,stop_006,trip_00885,DEP,18900,-35,Inbound,1
2025-01-19,Red,stop_007,trip_00886,ARR,19080,-34,Outbound,0
2025-01-20,Orange,stop_008,trip_00887,DEP,19260,-33,Inbound,1
2025-01-21,Red,stop_009,trip_00888,ARR,19440,-32,Outbound,0
2025-01-22,Orange,stop_010,trip_00889,DEP,19620,-31,Inbound,1
2025-01-23,Red,stop_011,trip_00890,ARR,19800,-30,Outbound,0
2025-01-24,Orange,stop_012,trip_00891,DEP,19980,-29,Inbound,1
2025-01-25,Red,stop_013,trip_00892,ARR,20160,-28,Outbound,0
2025-01-26,Orange,stop_014,trip_00893,DEP,20340,-27,Inbound,1
2025-01-27,Red,stop_015,trip_00894,ARR,20520,-26,Outbound,0
2025-01-28,Orange,stop_016,trip_00895,DEP,20700,-25,Inbound,1
2025-01-29,Red,stop_017,trip_00896,ARR,20880,-24,Outbound,0
2025-01-30,Orange,stop_018,trip_00897,DEP,21060,-23,Inbound,1
2025-01-31,Red,stop_019,trip_00898,ARR,21240,-22,Outbound,0
2025-01-01,Orange,stop_020,trip_00899,DEP,21420,-21,Inbound,1
2025-01-02,Red,stop_021,trip_00900,ARR,18000,-20,Outbound,0
2025-01-03,Orange,stop_022,trip_00901,DEP,18180,-19,Inbound,1
2025-01-04,Red,stop_023,trip_00902,ARR,18360,-18,Outbound,0
2025-01-05,Orange,stop_024,trip_00903,DEP,18540,-17,Inbound,1
2025-01-06,Red,stop_025,trip_00904,ARR,18720,-16,Outbound,0
2025-01-07,Orange,stop_026,trip_00905,DEP,18900,-15,Inbound,1
2025-01-08,Red,stop_027,trip_00906,ARR,19080,-14,Outbound,0
2025-01-09,Orange,stop_028,trip_00907,DEP,19260,-13,Inbound,1
2025-01-10,Red,stop_029,trip_00908,ARR,19440,-12,Outbound,0
2025-01-11,Orange,stop_030,trip_00909,DEP,19620,-11,Inbound,1
2025-01-12,Red,stop_031,trip_00910,ARR,19800,-10,Outbound,0
2025-01-13,Orange,stop_032,trip_00911,DEP,19980,-9,Inbound,1
2025-01-14,Red,stop_033,trip_00912,ARR,20160,-8,Outbound,0
2025-01-15,Orange,stop_034,trip_00913,DEP,20340,-7,Inbound,1
2025-01-16,Red,stop_035,trip_00914,ARR,20520,-6,Outbound,0
2025-01-17,Orange,stop_036,trip_00915,DEP,20700,-5,Inbound,1
2025-01-18,Red,stop_037,trip_00916,ARR,20880,-4,Outbound,0
2025-01-19,Orange,stop_038,trip_00917,DEP,21060,-3,Inbound,1
2025-01-20,Red,stop_039,trip_00918,ARR,21240,-2,Outbound,0
2025-01-21,Orange,stop_040,trip_00919,DEP,21420,-1,Inbound,1
2025-01-22,Red,stop_001,trip_00920,ARR,18000,0,Outbound,0
2025-01-23,Orange,stop_002,trip_00921,DEP,18180,1,Inbound,1
2025-01-24,Red,stop_003,trip_00922,ARR,18360,2,Outbound,0
2025-01-25,Orange,stop_004,trip_00923,DEP,18540,3,Inbound,1
2025-01-26,Red,stop_005,trip_00924,ARR,18720,4,Outbound,0
2025-01-27,Orange,stop_006,trip_00925,DEP,18900,5,Inbound,1
2025-01-28,Red,stop_007,trip_00926,ARR,19080,6,Outbound,0
2025-01-29,Orange,stop_008,trip_00927,DEP,19260,7,Inbound,1
2025-01-30,Red,stop_009,trip_00928,ARR,19440,8,Outbound,0
2025-01-31,Orange,stop_010,trip_00929,DEP,19620,9,Inbound,1
2025-01-01,Red,stop_011,trip_00930,ARR,19800,10,Outbound,0
2025-01-02,Orange,stop_012,trip_00931,DEP,19980,11,Inbound,1
2025-01-03,Red,stop_013,trip_00932,ARR,20160,12,Outbound,0
2025-01-04,Orange,stop_014,trip_00933,DEP,20340,13,Inbound,1
2025-01-05,Red,stop_015,trip_00934,ARR,20520,14,Outbound,0
2025-01-06,Orange,stop_016,trip_00935,DEP,20700,15,Inbound,1
2025-01-07,Red,stop_017,trip_00936,ARR,20880,16,Outbound,0
2025-01-08,Orange,stop_018,trip_00937,DEP,21060,17,Inbound,1
2025-01-09,Red,stop_019,trip_00938,ARR,21240,18,Outbound,0
2025-01-10,Orange,stop_020,trip_00939,DEP,21420,19,Inbound,1
2025-01-11,Red,stop_021,trip_00940,ARR,18000,20,Outbound,0
2025-01-12,Orange,stop_022,trip_00941,DEP,18180,21,Inbound,1
2025-01-13,Red,stop_023,trip_00942,ARR,18360,22,Outbound,0
2025-01-14,Orange,stop_024,trip_00943,DEP,18540,23,Inbound,1
2025-01-15,Red,stop_025,trip_00944,ARR,18720,24,Outbound,0
2025-01-16,Orange,stop_026,trip_00945,DEP,18900,25,Inbound,1
2025-01-17,Red,stop_027,trip_00946,ARR,19080,26,Outbound,0
2025-01-18,Orange,stop_028,trip_00947,DEP,19260,27,Inbound,1
2025-01-19,Red,stop_029,trip_00948,ARR,19440,28,Outbound,0
2025-01-20,Orange,stop_030,trip_00949,DEP,19620,29,Inbound,1
2025-01-21,Red,stop_031,trip_00950,ARR,19800,30,Outbound,0
2025-01-22,Orange,stop_032,trip_00951,DEP,19980,31,Inbound,1
2025-01-23,Red,stop_033,trip_00952,ARR,20160,32,Outbound,0
2025-01-24,Orange,stop_034,trip_00953,DEP,20340,33,Inbound,1
2025-01-25,Red,stop_035,trip_00954,ARR,20520,34,Outbound,0
2025-01-26,Orange,stop_036,trip_00955,DEP,20700,35,Inbound,1
2025-01-27,Red,stop_037,trip_00956,ARR,20880,36,Outbound,0
2025-01-28,Orange,stop_038,trip_00957,DEP,21060,37,Inbound,1
2025-01-29,Red,stop_039,trip_00958,ARR,21240,38,Outbound,0
2025-01-30,Orange,stop_040,trip_00959,DEP,21420,39,Inbound,1
2025-01-31,Red,stop_001,trip_00960,ARR,18000,40,Outbound,0
2025-01-01,Orange,stop_002,trip_00961,DEP,18180,41,Inbound,1
2025-01-02,Red,stop_003,trip_00962,ARR,18360,42,Outbound,0
2025-01-03,Orange,stop_004,trip_00963,DEP,18540,43,Inbound,1
2025-01-04,Red,stop_005,trip_00964,ARR,18720,44,Outbound,0
2025-01-05,Orange,stop_006,trip_00965,DEP,18900,45,Inbound,1
2025-01-06,Red,stop_007,trip_00966,ARR,19080,46,Outbound,0
2025-01-07,Orange,stop_008,trip_00967,DEP,19260,47,Inbound,1
2025-01-08,Red,stop_009,trip_00968,ARR,19440,48,Outbound,0
2025-01-09,Orange,stop_010,trip_00969,DEP,19620,49,Inbound,1
2025-01-10,Red,stop_011,trip_00970,ARR,19800,50,Outbound,0
2025-01-11,Orange,stop_012,trip_00971,DEP,19980,51,Inbound,1
2025-01-12,Red,stop_013,trip_00972,ARR,20160,52,Outbound,0
2025-01-13,Orange,stop_014,trip_00973,DEP,20340,53,Inbound,1
2025-01-14,Red,stop_015,trip_00974,ARR,20520,54,Outbound,0
2025-01-15,Orange,stop_016,trip_00975,DEP,20700,55,Inbound,1
2025-01-16,Red,stop_017,trip_00976,ARR,20880,56,Outbound,0
2025-01-17,Orange,stop_018,trip_00977,DEP,21060,57,Inbound,1
2025-01-18,Red,stop_019,trip_00978,ARR,21240,58,Outbound,0
2025-01-19,Orange,stop_020,trip_00979,DEP,21420,59,Inbound,1
2025-01-20,Red,stop_021,trip_00980,ARR,18000,60,Outbound,0
2025-01-21,Orange,stop_022,trip_00981,DEP,18180,61,Inbound,1
2025-01-22,Red,stop_023,trip_00982,ARR,18360,62,Outbound,0
2025-01-23,Orange,stop_024,trip_00983,DEP,18540,63,Inbound,1
2025-01-24,Red,stop_025,trip_00984,ARR,18720,64,Outbound,0
2025-01-25,Orange,stop_026,trip_00985,DEP,18900,65,Inbound,1
2025-01-26,Red,stop_027,trip_00986,ARR,19080,66,Outbound,0
2025-01-27,Orange,stop_028,trip_00987,DEP,19260,67,Inbound,1
2025-01-28,Red,stop_029,trip_00988,ARR,19440,68,Outbound,0
2025-01-29,Orange,stop_030,trip_00989,DEP,19620,69,Inbound,1
2025-01-30,Red,stop_031,trip_00990,ARR,19800,70,Outbound,0
2025-01-31,Orange,stop_032,trip_00991,DEP,19980,71,Inbound,1
2025-01-01,Red,stop_033,trip_00992,ARR,20160,72,Outbound,0
2025-01-02,Orange,stop_034,trip_00993,DEP,20340,73,Inbound,1
2025-01-03,Red,stop_035,trip_00994,ARR,20520,74,Outbound,0
2025-01-04,Orange,stop_036,trip_00995,DEP,20700,75,Inbound,1
2025-01-05,Red,stop_037,trip_00996,ARR,20880,76,Outbound,0
2025-01-06,Orange,stop_038,trip_00997,DEP,21060,77,Inbound,1
2025-01-07,Red,stop_039,trip_00998,ARR,21240,78,Outbound,0
2025-01-08,Orange,stop_040,trip_00999,DEP,21420,79,Inbound,1
2025-01-09,Red,stop_001,trip_01000,ARR,18000,80,Outbound,0
2025-01-10,Orange,stop_002,trip_01001,DEP,18180,81,Inbound,1
2025-01-11,Red,stop_003,trip_01002,ARR,18360,82,Outbound,0
2025-01-12,Orange,stop_004,trip_01003,DEP,18540,83,Inbound,1
2025-01-13,Red,stop_005,trip_01004,ARR,18720,84,Outbound,0
2025-01-14,Orange,stop_006,trip_01005,DEP,18900,85,Inbound,1
2025-01-15,Red,stop_007,trip_01006,ARR,19080,86,Outbound,0
2025-01-16,Orange,stop_008,trip_01007,DEP,19260,87,Inbound,1
2025-01-17,Red,stop_009,trip_01008,ARR,19440,88,Outbound,0
2025-01-18,Orange,stop_010,trip_01009,DEP,19620,89,Inbound,1
2025-01-19,Red,stop_011,trip_01010,ARR,19800,90,Outbound,0
2025-01-20,Orange,stop_012,trip_01011,DEP,19980,91,Inbound,1
2025-01-21,Red,stop_013,trip_01012,ARR,20160,92,Outbound,0
2025-01-22,Orange,stop_014,trip_01013,DEP,20340,93,Inbound,1
2025-01-23,Red,stop_015,trip_01014,ARR,20520,94,Outbound,0
2025-01-24,Orange,stop_016,trip_01015,DEP,20700,95,Inbound,1
2025-01-25,Red,stop_017,trip_01016,ARR,20880,96,Outbound,0
2025-01-26,Orange,stop_018,trip_01017,DEP,21060,97,Inbound,1
2025-01-27,Red,stop_019,trip_01018,ARR,21240,98,Outbound,0
2025-01-28,Orange,stop_020,trip_01019,DEP,21420,99,Inbound,1
2025-01-29,Red,stop_021,trip_01020,ARR,18000,100,Outbound,0
2025-01-30,Orange,stop_022,trip_01021,DEP,18180,101,Inbound,1
2025-01-31,Red,stop_023,trip_01022,ARR,18360,102,Outbound,0
2025-01-01,Orange,stop_024,trip_01023,DEP,18540,103,Inbound,1
2025-01-02,Red,stop_025,trip_01024,ARR,18720,104,Outbound,0
2025-01-03,Orange,stop_026,trip_01025,DEP,18900,105,Inbound,1
2025-01-04,Red,stop_027,trip_01026,ARR,19080,106,Outbound,0
2025-01-05,Orange,stop_028,trip_01027,DEP,19260,107,Inbound,1
2025-01-06,Red,stop_029,trip_01028,ARR,19440,108,Outbound,0
2025-01-07,Orange,stop_030,trip_01029,DEP,19620,109,Inbound,1
2025-01-08,Red,stop_031,trip_01030,ARR,19800,110,Outbound,0
2025-01-09,Orange,stop_032,trip_01031,DEP,19980,111,Inbound,1
2025-01-10,Red,stop_033,trip_01032,ARR,20160,112,Outbound,0
2025-01-11,Orange,stop_034,trip_01033,DEP,20340,113,Inbound,1
2025-01-12,Red,stop_035,trip_01034,ARR,20520,114,Outbound,0
2025-01-13,Orange,stop_036,trip_01035,DEP,20700,115,Inbound,1
2025-01-14,Red,stop_037,trip_01036,ARR,20880,116,Outbound,0
2025-01-15,Orange,stop_038,trip_01037,DEP,21060,117,Inbound,1
2025-01-16,Red,stop_039,trip_01038,ARR,21240,118,Outbound,0
2025-01-17,Orange,stop_040,trip_01039,DEP,21420,119,Inbound,1
2025-01-18,Red,stop_001,trip_01040,ARR,18000,120,Outbound,0
2025-01-19,Orange,stop_002,trip_01041,DEP,18180,121,Inbound,1
2025-01-20,Red,stop_003,trip_01042,ARR,18360,122,Outbound,0
2025-01-21,Orange,stop_004,trip_01043,DEP,18540,123,Inbound,1
2025-01-22,Red,stop_005,trip_01044,ARR,18720,124,Outbound,0
2025-01-23,Orange,stop_006,trip_01045,DEP,18900,125,Inbound,1
2025-01-24,Red,stop_007,trip_01046,ARR,19080,126,Outbound,0
2025-01-25,Orange,stop_008,trip_01047,DEP,19260,127,Inbound,1
2025-01-26,Red,stop_009,trip_01048,ARR,19440,128,Outbound,0
2025-01-27,Orange,stop_010,trip_01049,DEP,19620,129,Inbound,1
2025-01-28,Red,stop_011,trip_01050,ARR,19800,130,Outbound,0
2025-01-29,Orange,stop_012,trip_01051,DEP,19980,131,Inbound,1
2025-01-30,Red,stop_013,trip_01052,ARR,20160,132,Outbound,0
2025-01-31,Orange,stop_014,trip_01053,DEP,20340,133,Inbound,1
2025-01-01,Red,stop_015,trip_01054,ARR,20520,134,Outbound,0
2025-01-02,Orange,stop_016,trip_01055,DEP,20700,135,Inbound,1
2025-01-03,Red,stop_017,trip_01056,ARR,20880,136,Outbound,0
2025-01-04,Orange,stop_018,trip_01057,DEP,21060,137,Inbound,1
2025-01-05,Red,stop_019,trip_01058,ARR,21240,138,Outbound,0
2025-01-06,Orange,stop_020,trip_01059,DEP,21420,139,Inbound,1
2025-01-07,Red,stop_021,trip_01060,ARR,18000,140,Outbound,0
2025-01-08,Orange,stop_022,trip_01061,DEP,18180,141,Inbound,1
2025-01-09,Red,stop_023,trip_01062,ARR,18360,142,Outbound,0
2025-01-10,Orange,stop_024,trip_01063,DEP,18540,143,Inbound,1
2025-01-11,Red,stop_025,trip_01064,ARR,18720,144,Outbound,0
2025-01-12,Orange,stop_026,trip_01065,DEP,18900,145,Inbound,1
2025-01-13,Red,stop_027,trip_01066,ARR,19080,146,Outbound,0
2025-01-14,Orange,stop_028,trip_01067,DEP,19260,147,Inbound,1
2025-01-15,Red,stop_029,trip_01068,ARR,19440,148,Outbound,0
2025-01-16,Orange,stop_030,trip_01069,DEP,19620,149,Inbound,1
2025-01-17,Red,stop_031,trip_01070,ARR,19800,150,Outbound,0
2025-01-18,Orange,stop_032,trip_01071,DEP,19980,151,Inbound,1
2025-01-19,Red,stop_033,trip_01072,ARR,20160,152,Outbound,0
2025-01-20,Orange,stop_034,trip_01073,DEP,20340,153,Inbound,1
2025-01-21,Red,stop_035,trip_01074,ARR,20520,154,Outbound,0
2025-01-22,Orange,stop_036,trip_01075,DEP,20700,155,Inbound,1
2025-01-23,Red,stop_037,trip_01076,ARR,20880,156,Outbound,0
2025-01-24,Orange,stop_038,trip_01077,DEP,21060,157,Inbound,1
2025-01-25,Red,stop_039,trip_01078,ARR,21240,158,Outbound,0
2025-01-26,Orange,stop_040,trip_01079,DEP,21420,159,Inbound,1
2025-01-27,Red,stop_001,trip_01080,ARR,18000,160,Outbound,0
2025-01-28,Orange,stop_002,trip_01081,DEP,18180,161,Inbound,1
2025-01-29,Red,stop_003,trip_01082,ARR,18360,162,Outbound,0
2025-01-30,Orange,stop_004,trip_01083,DEP,18540,163,Inbound,1
2025-01-31,Red,stop_005,trip_01084,ARR,18720,164,Outbound,0
2025-01-01,Orange,stop_006,trip_01085,DEP,18900,165,Inbound,1
2025-01-02,Red,stop_007,trip_01086,ARR,19080,166,Outbound,0
2025-01-03,Orange,stop_008,trip_01087,DEP,19260,167,Inbound,1
2025-01-04,Red,stop_009,trip_01088,ARR,19440,168,Outbound,0
2025-01-05,Orange,stop_010,trip_01089,DEP,19620,169,Inbound,1
2025-01-06,Red,stop_011,trip_01090,ARR,19800,170,Outbound,0
2025-01-07,Orange,stop_012,trip_01091,DEP,19980,171,Inbound,1
2025-01-08,Red,stop_013,trip_01092,ARR,20160,172,Outbound,0
2025-01-09,Orange,stop_014,trip_01093,DEP,20340,173,Inbound,1
2025-01-10,Red,stop_015,trip_01094,ARR,20520,174,Outbound,0
2025-01-11,Orange,stop_016,trip_01095,DEP,20700,175,Inbound,1
2025-01-12,Red,stop_017,trip_01096,ARR,20880,176,Outbound,0
2025-01-13,Orange,stop_018,trip_01097,DEP,21060,177,Inbound,1
2025-01-14,Red,stop_019,trip_01098,ARR,21240,178,Outbound,0
2025-01-15,Orange,stop_020,trip_01099,DEP,21420,179,Inbound,1
2025-01-16,Red,stop_021,trip_01100,ARR,18000,180,Outbound,0
2025-01-17,Orange,stop_022,trip_01101,DEP,18180,181,Inbound,1
2025-01-18,Red,stop_023,trip_01102,ARR,18360,182,Outbound,0
2025-01-19,Orange,stop_024,trip_01103,DEP,18540,183,Inbound,1
2025-01-20,Red,stop_025,trip_01104,ARR,18720,184,Outbound,0
2025-01-21,Orange,stop_026,trip_01105,DEP,18900,185,Inbound,1
2025-01-22,Red,stop_027,trip_01106,ARR,19080,186,Outbound,0
2025-01-23,Orange,stop_028,trip_01107,DEP,19260,187,Inbound,1
2025-01-24,Red,stop_029,trip_01108,ARR,19440,188,Outbound,0
2025-01-25,Orange,stop_030,trip_01109,DEP,19620,189,Inbound,1
2025-01-26,Red,stop_031,trip_01110,ARR,19800,190,Outbound,0
2025-01-27,Orange,stop_032,trip_01111,DEP,19980,191,Inbound,1
2025-01-28,Red,stop_033,trip_01112,ARR,20160,192,Outbound,0
2025-01-29,Orange,stop_034,trip_01113,DEP,20340,193,Inbound,1
2025-01-30,Red,stop_035,trip_01114,ARR,20520,194,Outbound,0
2025-01-31,Orange,stop_036,trip_01115,DEP,20700,195,Inbound,1
2025-01-01,Red,stop_037,trip_01116,ARR,20880,196,Outbound,0
2025-01-02,Orange,stop_038,trip_01117,DEP,21060,197,Inbound,1
2025-01-03,Red,stop_039,trip_01118,ARR,21240,198,Outbound,0
2025-01-04,Orange,stop_040,trip_01119,DEP,21420,199,Inbound,1
2025-01-05,Red,stop_001,trip_01120,ARR,18000,200,Outbound,0
2025-01-06,Orange,stop_002,trip_01121,DEP,18180,201,Inbound,1
2025-01-07,Red,stop_003,trip_01122,ARR,18360,202,Outbound,0
2025-01-08,Orange,stop_004,trip_01123,DEP,18540,203,Inbound,1
2025-01-09,Red,stop_005,trip_01124,ARR,18720,204,Outbound,0
2025-01-10,Orange,stop_006,trip_01125,DEP,18900,205,Inbound,1
2025-01-11,Red,stop_007,trip_01126,ARR,19080,206,Outbound,0
2025-01-12,Orange,stop_008,trip_01127,DEP,19260,207,Inbound,1
2025-01-13,Red,stop_009,trip_01128,ARR,19440,208,Outbound,0
2025-01-14,Orange,stop_010,trip_01129,DEP,19620,209,Inbound,1
2025-01-15,Red,stop_011,trip_01130,ARR,19800,210,Outbound,0
2025-01-16,Orange,stop_012,trip_01131,DEP,19980,211,Inbound,1
2025-01-17,Red,stop_013,trip_01132,ARR,20160,212,Outbound,0
2025-01-18,Orange,stop_014,trip_01133,DEP,20340,213,Inbound,1
2025-01-19,Red,stop_015,trip_01134,ARR,20520,214,Outbound,0
2025-01-20,Orange,stop_016,trip_01135,DEP,20700,215,Inbound,1
2025-01-21,Red,stop_017,trip_01136,ARR,20880,216,Outbound,0
2025-01-22,Orange,stop_018,trip_01137,DEP,21060,217,Inbound,1
2025-01-23,Red,stop_019,trip_01138,ARR,21240,218,Outbound,0
2025-01-24,Orange,stop_020,trip_01139,DEP,21420,219,Inbound,1
2025-01-25,Red,stop_021,trip_01140,ARR,18000,220,Outbound,0
2025-01-26,Orange,stop_022,trip_01141,DEP,18180,221,Inbound,1
2025-01-27,Red,stop_023,trip_01142,ARR,18360,222,Outbound,0
2025-01-28,Orange,stop_024,trip_01143,DEP,18540,223,Inbound,1
2025-01-29,Red,stop_025,trip_01144,ARR,18720,224,Outbound,0
2025-01-30,Orange,stop_026,trip_01145,DEP,18900,225,Inbound,1
2025-01-31,Red,stop_027,trip_01146,ARR,19080,226,Outbound,0
2025-01-01,Orange,stop_028,trip_01147,DEP,19260,227,Inbound,1
2025-01-02,Red,stop_029,trip_01148,ARR,19440,228,Outbound,0
2025-01-03,Orange,stop_030,trip_01149,DEP,19620,229,Inbound,1
2025-01-04,Red,stop_031,trip_01150,ARR,19800,230,Outbound,0
2025-01-05,Orange,stop_032,trip_01151,DEP,19980,231,Inbound,1
2025-01-06,Red,stop_033,trip_01152,ARR,20160,232,Outbound,0
2025-01-07,Orange,stop_034,trip_01153,DEP,20340,233,Inbound,1
2025-01-08,Red,stop_035,trip_01154,ARR,20520,234,Outbound,0
2025-01-09,Orange,stop_036,trip_01155,DEP,20700,235,Inbound,1
2025-01-10,Red,stop_037,trip_01156,ARR,20880,236,Outbound,0
2025-01-11,Orange,stop_038,trip_01157,DEP,21060,237,Inbound,1
2025-01-12,Red,stop_039,trip_01158,ARR,21240,238,Outbound,0
2025-01-13,Orange,stop_040,trip_01159,DEP,21420,239,Inbound,1
2025-01-14,Red,stop_001,trip_01160,ARR,18000,240,Outbound,0
2025-01-15,Orange,stop_002,trip_01161,DEP,18180,241,Inbound,1
2025-01-16,Red,stop_003,trip_01162,ARR,18360,242,Outbound,0
2025-01-17,Orange,stop_004,trip_01163,DEP,18540,243,Inbound,1
2025-01-18,Red,stop_005,trip_01164,ARR,18720,244,Outbound,0
2025-01-19,Orange,stop_006,trip_01165,DEP,18900,245,Inbound,1
2025-01-20,Red,stop_007,trip_01166,ARR,19080,246,Outbound,0
2025-01-21,Orange,stop_008,trip_01167,DEP,19260,247,Inbound,1
2025-01-22,Red,stop_009,trip_01168,ARR,19440,248,Outbound,0
2025-01-23,Orange,stop_010,trip_01169,DEP,19620,249,Inbound,1
2025-01-24,Red,stop_011,trip_01170,ARR,19800,250,Outbound,0
2025-01-25,Orange,stop_012,trip_01171,DEP,19980,251,Inbound,1
2025-01-26,Red,stop_013,trip_01172,ARR,20160,252,Outbound,0
2025-01-27,Orange,stop_014,trip_01173,DEP,20340,253,Inbound,1
2025-01-28,Red,stop_015,trip_01174,ARR,20520,254,Outbound,0
2025-01-29,Orange,stop_016,trip_01175,DEP,20700,255,Inbound,1
2025-01-30,Red,stop_017,trip_01176,ARR,20880,256,Outbound,0
2025-01-31,Orange,stop_018,trip_01177,DEP,21060,257,Inbound,1
2025-01-01,Red,stop_019,trip_01178,ARR,21240,258,Outbound,0
2025-01-02,Orange,stop_020,trip_01179,DEP,21420,259,Inbound,1
2025-01-03,Red,stop_021,trip_01180,ARR,18000,260,Outbound,0
2025-01-04,Orange,stop_022,trip_01181,DEP,18180,261,Inbound,1
2025-01-05,Red,stop_023,trip_01182,ARR,18360,262,Outbound,0
2025-01-06,Orange,stop_024,trip_01183,DEP,18540,263,Inbound,1
2025-01-07,Red,stop_025,trip_01184,ARR,18720,264,Outbound,0
2025-01-08,Orange,stop_026,trip_01185,DEP,18900,265,Inbound,1
2025-01-09,Red,stop_027,trip_01186,ARR,19080,266,Outbound,0
2025-01-10,Orange,stop_028,trip_01187,DEP,19260,267,Inbound,1
2025-01-11,Red,stop_029,trip_01188,ARR,19440,268,Outbound,0
2025-01-12,Orange,stop_030,trip_01189,DEP,19620,269,Inbound,1
2025-01-13,Red,stop_031,trip_01190,ARR,19800,270,Outbound,0
2025-01-14,Orange,stop_032,trip_01191,DEP,19980,271,Inbound,1
2025-01-15,Red,stop_033,trip_01192,ARR,20160,272,Outbound,0
2025-01-16,Orange,stop_034,trip_01193,DEP,20340,273,Inbound,1
2025-01-17,Red,stop_035,trip_01194,ARR,20520,274,Outbound,0
2025-01-18,Orange,stop_036,trip_01195,DEP,20700,275,Inbound,1
2025-01-19,Red,stop_037,trip_01196,ARR,20880,276,Outbound,0
2025-01-20,Orange,stop_038,trip_01197,DEP,21060,277,Inbound,1
2025-01-21,Red,stop_039,trip_01198,ARR,21240,278,Outbound,0
2025-01-22,Orange,stop_040,trip_01199,DEP,21420,279,Inbound,1
2025-01-23,Red,stop_001,trip_01200,ARR,18000,-120,Outbound,0
2025-01-24,Orange,stop_002,trip_01201,DEP,18180,-119,Inbound,1
2025-01-25,Red,stop_003,trip_01202,ARR,18360,-118,Outbound,0
2025-01-26,Orange,stop_004,trip_01203,DEP,18540,-117,Inbound,1
2025-01-27,Red,stop_005,trip_01204,ARR,18720,-116,Outbound,0
2025-01-28,Orange,stop_006,trip_01205,DEP,18900,-115,Inbound,1
2025-01-29,Red,stop_007,trip_01206,ARR,19080,-114,Outbound,0
2025-01-30,Orange,stop_008,trip_01207,DEP,19260,-113,Inbound,1
2025-01-31,Red,stop_009,trip_01208,ARR,19440,-112,Outbound,0
2025-01-01,Orange,stop_010,trip_01209,DEP,19620,-111,Inbound,1
2025-01-02,Red,stop_011,trip_01210,ARR,19800,-110,Outbound,0
2025-01-03,Orange,stop_012,trip_01211,DEP,19980,-109,Inbound,1
2025-01-04,Red,stop_013,trip_01212,ARR,20160,-108,Outbound,0
2025-01-05,Orange,stop_014,trip_01213,DEP,20340,-107,Inbound,1
2025-01-06,Red,stop_015,trip_01214,ARR,20520,-106,Outbound,0
2025-01-07,Orange,stop_016,trip_01215,DEP,20700,-105,Inbound,1
2025-01-08,Red,stop_017,trip_01216,ARR,20880,-104,Outbound,0
2025-01-09,Orange,stop_018,trip_01217,DEP,21060,-103,Inbound,1
2025-01-10,Red,stop_019,trip_01218,ARR,21240,-102,Outbound,0
2025-01-11,Orange,stop_020,trip_01219,DEP,21420,-101,Inbound,1
2025-01-12,Red,stop_021,trip_01220,ARR,18000,-100,Outbound,0
2025-01-13,Orange,stop_022,trip_01221,DEP,18180,-99,Inbound,1
2025-01-14,Red,stop_023,trip_01222,ARR,18360,-98,Outbound,0
2025-01-15,Orange,stop_024,trip_01223,DEP,18540,-97,Inbound,1
2025-01-16,Red,stop_025,trip_01224,ARR,18720,-96,Outbound,0
2025-01-17,Orange,stop_026,trip_01225,DEP,18900,-95,Inbound,1
2025-01-18,Red,stop_027,trip_01226,ARR,19080,-94,Outbound,0
2025-01-19,Orange,stop_028,trip_01227,DEP,19260,-93,Inbound,1
2025-01-20,Red,stop_029,trip_01228,ARR,19440,-92,Outbound,0
2025-01-21,Orange,stop_030,trip_01229,DEP,19620,-91,Inbound,1
2025-01-22,Red,stop_031,trip_01230,ARR,19800,-90,Outbound,0
2025-01-23,Orange,stop_032,trip_01231,DEP,19980,-89,Inbound,1
2025-01-24,Red,stop_033,trip_01232,ARR,20160,-88,Outbound,0
2025-01-25,Orange,stop_034,trip_01233,DEP,20340,-87,Inbound,1
2025-01-26,Red,stop_035,trip_01234,ARR,20520,-86,Outbound,0
2025-01-27,Orange,stop_036,trip_01235,DEP,20700,-85,Inbound,1
2025-01-28,Red,stop_037,trip_01236,ARR,20880,-84,Outbound,0
2025-01-29,Orange,stop_038,trip_01237,DEP,21060,-83,Inbound,1
2025-01-30,Red,stop_039,trip_01238,ARR,21240,-82,Outbound,0
2025-01-31,Orange,stop_040,trip_01239,DEP,21420,-81,Inbound,1
2025-01-01,Red,stop_001,trip_01240,ARR,18000,-80,Outbound,0
2025-01-02,Orange,stop_002,trip_01241,DEP,18180,-79,Inbound,1
2025-01-03,Red,stop_003,trip_01242,ARR,18360,-78,Outbound,0
2025-01-04,Orange,stop_004,trip_01243,DEP,18540,-77,Inbound,1
2025-01-05,Red,stop_005,trip_01244,ARR,18720,-76,Outbound,0
2025-01-06,Orange,stop_006,trip_01245,DEP,18900,-75,Inbound,1
2025-01-07,Red,stop_007,trip_01246,ARR,19080,-74,Outbound,0
2025-01-08,Orange,stop_008,trip_01247,DEP,19260,-73,Inbound,1
2025-01-09,Red,stop_009,trip_01248,ARR,19440,-72,Outbound,0
2025-01-10,Orange,stop_010,trip_01249,DEP,19620,-71,Inbound,1
2025-01-11,Red,stop_011,trip_01250,ARR,19800,-70,Outbound,0
2025-01-12,Orange,stop_012,trip_01251,DEP,19980,-69,Inbound,1
2025-01-13,Red,stop_013,trip_01252,ARR,20160,-68,Outbound,0
2025-01-14,Orange,stop_014,trip_01253,DEP,20340,-67,Inbound,1
2025-01-15,Red,stop_015,trip_01254,ARR,20520,-66,Outbound,0
2025-01-16,Orange,stop_016,trip_01255,DEP,20700,-65,Inbound,1
2025-01-17,Red,stop_017,trip_01256,ARR,20880,-64,Outbound,0
2025-01-18,Orange,stop_018,trip_01257,DEP,21060,-63,Inbound,1
2025-01-19,Red,stop_019,trip_01258,ARR,21240,-62,Outbound,0
2025-01-20,Orange,stop_020,trip_01259,DEP,21420,-61,Inbound,1
2025-01-21,Red,stop_021,trip_01260,ARR,18000,-60,Outbound,0
2025-01-22,Orange,stop_022,trip_01261,DEP,18180,-59,Inbound,1
2025-01-23,Red,stop_023,trip_01262,ARR,18360,-58,Outbound,0
2025-01-24,Orange,stop_024,trip_01263,DEP,18540,-57,Inbound,1
2025-01-25,Red,stop_025,trip_01264,ARR,18720,-56,Outbound,0
2025-01-26,Orange,stop_026,trip_01265,DEP,18900,-55,Inbound,1
2025-01-27,Red,stop_027,trip_01266,ARR,19080,-54,Outbound,0
2025-01-28,Orange,stop_028,trip_01267,DEP,19260,-53,Inbound,1
2025-01-29,Red,stop_029,trip_01268,ARR,19440,-52,Outbound,0
2025-01-30,Orange,stop_030,trip_01269,DEP,19620,-51,Inbound,1
2025-01-31,Red,stop_031,trip_01270,ARR,19800,-50,Outbound,0
2025-01-01,Orange,stop_032,trip_01271,DEP,19980,-49,Inbound,1
2025-01-02,Red,stop_033,trip_01272,ARR,20160,-48,Outbound,0
2025-01-03,Orange,stop_034,trip_01273,DEP,20340,-47,Inbound,1
2025-01-04,Red,stop_035,trip_01274,ARR,20520,-46,Outbound,0
2025-01-05,Orange,stop_036,trip_01275,DEP,20700,-45,Inbound,1
2025-01-06,Red,stop_037,trip_01276,ARR,20880,-44,Outbound,0
2025-01-07,Orange,stop_038,trip_01277,DEP,21060,-43,Inbound,1
2025-01-08,Red,stop_039,trip_01278,ARR,21240,-42,Outbound,0
2025-01-09,Orange,stop_040,trip_01279,DEP,21420,-41,Inbound,1
2025-01-10,Red,stop_001,trip_01280,ARR,18000,-40,Outbound,0
2025-01-11,Orange,stop_002,trip_01281,DEP,18180,-39,Inbound,1
2025-01-12,Red,stop_003,trip_01282,ARR,18360,-38,Outbound,0
2025-01-13,Orange,stop_004,trip_01283,DEP,18540,-37,Inbound,1
2025-01-14,Red,stop_005,trip_01284,ARR,18720,-36,Outbound,0
2025-01-15,Orange,stop_006,trip_01285,DEP,18900,-35,Inbound,1
2025-01-16,Red,stop_007,trip_01286,ARR,19080,-34,Outbound,0
2025-01-17,Orange,stop_008,trip_01287,DEP,19260,-33,Inbound,1
2025-01-18,Red,stop_009,trip_01288,ARR,19440,-32,Outbound,0
2025-01-19,Orange,stop_010,trip_01289,DEP,19620,-31,Inbound,1
2025-01-20,Red,stop_011,trip_01290,ARR,19800,-30,Outbound,0
2025-01-21,Orange,stop_012,trip_01291,DEP,19980,-29,Inbound,1
2025-01-22,Red,stop_013,trip_01292,ARR,20160,-28,Outbound,0
2025-01-23,Orange,stop_014,trip_01293,DEP,20340,-27,Inbound,1
2025-01-24,Red,stop_015,trip_01294,ARR,20520,-26,Outbound,0
2025-01-25,Orange,stop_016,trip_01295,DEP,20700,-25,Inbound,1
2025-01-26,Red,stop_017,trip_01296,ARR,20880,-24,Outbound,0
2025-01-27,Orange,stop_018,trip_01297,DEP,21060,-23,Inbound,1
2025-01-28,Red,stop_019,trip_01298,ARR,21240,-22,Outbound,0
2025-01-29,Orange,stop_020,trip_01299,DEP,21420,-21,Inbound,1
2025-01-30,Red,stop_021,trip_01300,ARR,18000,-20,Outbound,0
2025-01-31,Orange,stop_022,trip_01301,DEP,18180,-19,Inbound,1
2025-01-01,Red,stop_023,trip_01302,ARR,18360,-18,Outbound,0
2025-01-02,Orange,stop_024,trip_01303,DEP,18540,-17,Inbound,1
2025-01-03,Red,stop_025,trip_01304,ARR,18720,-16,Outbound,0
2025-01-04,Orange,stop_026,trip_01305,DEP,18900,-15,Inbound,1
2025-01-05,Red,stop_027,trip_01306,ARR,19080,-14,Outbound,0
2025-01-06,Orange,stop_028,trip_01307,DEP,19260,-13,Inbound,1
2025-01-07,Red,stop_029,trip_01308,ARR,19440,-12,Outbound,0
2025-01-08,Orange,stop_030,trip_01309,DEP,19620,-11,Inbound,1
2025-01-09,Red,stop_031,trip_01310,ARR,19800,-10,Outbound,0
2025-01-10,Orange,stop_032,trip_01311,DEP,19980,-9,Inbound,1
2025-01-11,Red,stop_033,trip_01312,ARR,20160,-8,Outbound,0
2025-01-12,Orange,stop_034,trip_01313,DEP,20340,-7,Inbound,1
2025-01-13,Red,stop_035,trip_01314,ARR,20520,-6,Outbound,0
2025-01-14,Orange,stop_036,trip_01315,DEP,20700,-5,Inbound,1
2025-01-15,Red,stop_037,trip_01316,ARR,20880,-4,Outbound,0
2025-01-16,Orange,stop_038,trip_01317,DEP,21060,-3,Inbound,1
2025-01-17,Red,stop_039,trip_01318,ARR,21240,-2,Outbound,0
2025-01-18,Orange,stop_040,trip_01319,DEP,21420,-1,Inbound,1
2025-01-19,Red,stop_001,trip_01320,ARR,18000,0,Outbound,0
2025-01-20,Orange,stop_002,trip_01321,DEP,18180,1,Inbound,1
2025-01-21,Red,stop_003,trip_01322,ARR,18360,2,Outbound,0
2025-01-22,Orange,stop_004,trip_01323,DEP,18540,3,Inbound,1
2025-01-23,Red,stop_005,trip_01324,ARR,18720,4,Outbound,0
2025-01-24,Orange,stop_006,trip_01325,DEP,18900,5,Inbound,1
2025-01-25,Red,stop_007,trip_01326,ARR,19080,6,Outbound,0
2025-01-26,Orange,stop_008,trip_01327,DEP,19260,7,Inbound,1
2025-01-27,Red,stop_009,trip_01328,ARR,19440,8,Outbound,0
2025-01-28,Orange,stop_010,trip_01329,DEP,19620,9,Inbound,1
2025-01-29,Red,stop_011,trip_01330,ARR,19800,10,Outbound,0
2025-01-30,Orange,stop_012,trip_01331,DEP,19980,11,Inbound,1
2025-01-31,Red,stop_013,trip_01332,ARR,20160,12,Outbound,0
2025-01-01,Orange,stop_014,trip_01333,DEP,20340,13,Inbound,1
2025-01-02,Red,stop_015,trip_01334,ARR,20520,14,Outbound,0
2025-01-03,Orange,stop_016,trip_01335,DEP,20700,15,Inbound,1
2025-01-04,Red,stop_017,trip_01336,ARR,20880,16,Outbound,0
2025-01-05,Orange,stop_018,trip_01337,DEP,21060,17,Inbound,1
2025-01-06,Red,stop_019,trip_01338,ARR,21240,18,Outbound,0
2025-01-07,Orange,stop_020,trip_01339,DEP,21420,19,Inbound,1
2025-01-08,Red,stop_021,trip_01340,ARR,18000,20,Outbound,0
2025-01-09,Orange,stop_022,trip_01341,DEP,18180,21,Inbound,1
2025-01-10,Red,stop_023,trip_01342,ARR,18360,22,Outbound,0
2025-01-11,Orange,stop_024,trip_01343,DEP,18540,23,Inbound,1
2025-01-12,Red,stop_025,trip_01344,ARR,18720,24,Outbound,0
2025-01-13,Orange,stop_026,trip_01345,DEP,18900,25,Inbound,1
2025-01-14,Red,stop_027,trip_01346,ARR,19080,26,Outbound,0
2025-01-15,Orange,stop_028,trip_01347,DEP,19260,27,Inbound,1
2025-01-16,Red,stop_029,trip_01348,ARR,19440,28,Outbound,0
2025-01-17,Orange,stop_030,trip_01349,DEP,19620,29,Inbound,1
2025-01-18,Red,stop_031,trip_01350,ARR,19800,30,Outbound,0
2025-01-19,Orange,stop_032,trip_01351,DEP,19980,31,Inbound,1
2025-01-20,Red,stop_033,trip_01352,ARR,20160,32,Outbound,0
2025-01-21,Orange,stop_034,trip_01353,DEP,20340,33,Inbound,1
2025-01-22,Red,stop_035,trip_01354,ARR,20520,34,Outbound,0
2025-01-23,Orange,stop_036,trip_01355,DEP,20700,35,Inbound,1
2025-01-24,Red,stop_037,trip_01356,ARR,20880,36,Outbound,0
2025-01-25,Orange,stop_038,trip_01357,DEP,21060,37,Inbound,1
2025-01-26,Red,stop_039,trip_01358,ARR,21240,38,Outbound,0
2025-01-27,Orange,stop_040,trip_01359,DEP,21420,39,Inbound,1
2025-01-28,Red,stop_001,trip_01360,ARR,18000,40,Outbound,0
2025-01-29,Orange,stop_002,trip_01361,DEP,18180,41,Inbound,1
2025-01-30,Red,stop_003,trip_01362,ARR,18360,42,Outbound,0
2025-01-31,Orange,stop_004,trip_01363,DEP,18540,43,Inbound,1
2025-01-01,Red,stop_005,trip_01364,ARR,18720,44,Outbound,0
2025-01-02,Orange,stop_006,trip_01365,DEP,18900,45,Inbound,1
2025-01-03,Red,stop_007,trip_01366,ARR,19080,46,Outbound,0
2025-01-04,Orange,stop_008,trip_01367,DEP,19260,47,Inbound,1
2025-01-05,Red,stop_009,trip_01368,ARR,19440,48,Outbound,0
2025-01-06,Orange,stop_010,trip_01369,DEP,19620,49,Inbound,1
2025-01-07,Red,stop_011,trip_01370,ARR,19800,50,Outbound,0
2025-01-08,Orange,stop_012,trip_01371,DEP,19980,51,Inbound,1
2025-01-09,Red,stop_013,trip_01372,ARR,20160,52,Outbound,0
2025-01-10,Orange,stop_014,trip_01373,DEP,20340,53,Inbound,1
2025-01-11,Red,stop_015,trip_01374,ARR,20520,54,Outbound,0
2025-01-12,Orange,stop_016,trip_01375,DEP,20700,55,Inbound,1
2025-01-13,Red,stop_017,trip_01376,ARR,20880,56,Outbound,0
2025-01-14,Orange,stop_018,trip_01377,DEP,21060,57,Inbound,1
2025-01-15,Red,stop_019,trip_01378,ARR,21240,58,Outbound,0
2025-01-16,Orange,stop_020,trip_01379,DEP,21420,59,Inbound,1
2025-01-17,Red,stop_021,trip_01380,ARR,18000,60,Outbound,0
2025-01-18,Orange,stop_022,trip_01381,DEP,18180,61,Inbound,1
2025-01-19,Red,stop_023,trip_01382,ARR,18360,62,Outbound,0
2025-01-20,Orange,stop_024,trip_01383,DEP,18540,63,Inbound,1
2025-01-21,Red,stop_025,trip_01384,ARR,18720,64,Outbound,0
2025-01-22,Orange,stop_026,trip_01385,DEP,18900,65,Inbound,1
2025-01-23,Red,stop_027,trip_01386,ARR,19080,66,Outbound,0
2025-01-24,Orange,stop_028,trip_01387,DEP,19260,67,Inbound,1
2025-01-25,Red,stop_029,trip_01388,ARR,19440,68,Outbound,0
2025-01-26,Orange,stop_030,trip_01389,DEP,19620,69,Inbound,1
2025-01-27,Red,stop_031,trip_01390,ARR,19800,70,Outbound,0
2025-01-28,Orange,stop_032,trip_01391,DEP,19980,71,Inbound,1
2025-01-29,Red,stop_033,trip_01392,ARR,20160,72,Outbound,0
2025-01-30,Orange,stop_034,trip_01393,DEP,20340,73,Inbound,1
2025-01-31,Red,stop_035,trip_01394,ARR,20520,74,Outbound,0
2025-01-01,Orange,stop_036,trip_01395,DEP,20700,75,Inbound,1
2025-01-02,Red,stop_037,trip_01396,ARR,20880,76,Outbound,0
2025-01-03,Orange,stop_038,trip_01397,DEP,21060,77,Inbound,1
2025-01-04,Red,stop_039,trip_01398,ARR,21240,78,Outbound,0
2025-01-05,Orange,stop_040,trip_01399,DEP,21420,79,Inbound,1
2025-01-06,Red,stop_001,trip_01400,ARR,18000,80,Outbound,0
2025-01-07,Orange,stop_002,trip_01401,DEP,18180,81,Inbound,1
2025-01-08,Red,stop_003,trip_01402,ARR,18360,82,Outbound,0
2025-01-09,Orange,stop_004,trip_01403,DEP,18540,83,Inbound,1
2025-01-10,Red,stop_005,trip_01404,ARR,18720,84,Outbound,0
2025-01-11,Orange,stop_006,trip_01405,DEP,18900,85,Inbound,1
2025-01-12,Red,stop_007,trip_01406,ARR,19080,86,Outbound,0
2025-01-13,Orange,stop_008,trip_01407,DEP,19260,87,Inbound,1
2025-01-14,Red,stop_009,trip_01408,ARR,19440,88,Outbound,0
2025-01-15,Orange,stop_010,trip_01409,DEP,19620,89,Inbound,1
2025-01-16,Red,stop_011,trip_01410,ARR,19800,90,Outbound,0
2025-01-17,Orange,stop_012,trip_01411,DEP,19980,91,Inbound,1
2025-01-18,Red,stop_013,trip_01412,ARR,20160,92,Outbound,0
2025-01-19,Orange,stop_014,trip_01413,DEP,20340,93,Inbound,1
2025-01-20,Red,stop_015,trip_01414,ARR,20520,94,Outbound,0
2025-01-21,Orange,stop_016,trip_01415,DEP,20700,95,Inbound,1
2025-01-22,Red,stop_017,trip_01416,ARR,20880,96,Outbound,0
2025-01-23,Orange,stop_018,trip_01417,DEP,21060,97,Inbound,1
2025-01-24,Red,stop_019,trip_01418,ARR,21240,98,Outbound,0
2025-01-25,Orange,stop_020,trip_01419,DEP,21420,99,Inbound,1
2025-01-26,Red,stop_021,trip_01420,ARR,18000,100,Outbound,0
2025-01-27,Orange,stop_022,trip_01421,DEP,18180,101,Inbound,1
2025-01-28,Red,stop_023,trip_01422,ARR,18360,102,Outbound,0
2025-01-29,Orange,stop_024,trip_01423,DEP,18540,103,Inbound,1
2025-01-30,Red,stop_025,trip_01424,ARR,18720,104,Outbound,0
2025-01-31,Orange,stop_026,trip_01425,DEP,18900,105,Inbound,1
2025-01-01,Red,stop_027,trip_01426,ARR,19080,106,Outbound,0
2025-01-02,Orange,stop_028,trip_01427,DEP,19260,107,Inbound,1
2025-01-03,Red,stop_029,trip_01428,ARR,19440,108,Outbound,0
2025-01-04,Orange,stop_030,trip_01429,DEP,19620,109,Inbound,1
2025-01-05,Red,stop_031,trip_01430,ARR,19800,110,Outbound,0
2025-01-06,Orange,stop_032,trip_01431,DEP,19980,111,Inbound,1
2025-01-07,Red,stop_033,trip_01432,ARR,20160,112,Outbound,0
2025-01-08,Orange,stop_034,trip_01433,DEP,20340,113,Inbound,1
2025-01-09,Red,stop_035,trip_01434,ARR,20520,114,Outbound,0
2025-01-10,Orange,stop_036,trip_01435,DEP,20700,115,Inbound,1
2025-01-11,Red,stop_037,trip_01436,ARR,20880,116,Outbound,0
2025-01-12,Orange,stop_038,trip_01437,DEP,21060,117,Inbound,1
2025-01-13,Red,stop_039,trip_01438,ARR,21240,118,Outbound,0
2025-01-14,Orange,stop_040,trip_01439,DEP,21420,119,Inbound,1
2025-01-15,Red,stop_001,trip_01440,ARR,18000,120,Outbound,0
2025-01-16,Orange,stop_002,trip_01441,DEP,18180,121,Inbound,1
2025-01-17,Red,stop_003,trip_01442,ARR,18360,122,Outbound,0
2025-01-18,Orange,stop_004,trip_01443,DEP,18540,123,Inbound,1
2025-01-19,Red,stop_005,trip_01444,ARR,18720,124,Outbound,0
2025-01-20,Orange,stop_006,trip_01445,DEP,18900,125,Inbound,1
2025-01-21,Red,stop_007,trip_01446,ARR,19080,126,Outbound,0
2025-01-22,Orange,stop_008,trip_01447,DEP,19260,127,Inbound,1
2025-01-23,Red,stop_009,trip_01448,ARR,19440,128,Outbound,0
2025-01-24,Orange,stop_010,trip_01449,DEP,19620,129,Inbound,1
2025-01-25,Red,stop_011,trip_01450,ARR,19800,130,Outbound,0
2025-01-26,Orange,stop_012,trip_01451,DEP,19980,131,Inbound,1
2025-01-27,Red,stop_013,trip_01452,ARR,20160,132,Outbound,0
2025-01-28,Orange,stop_014,trip_01453,DEP,20340,133,Inbound,1
2025-01-29,Red,stop_015,trip_01454,ARR,20520,134,Outbound,0
2025-01-30,Orange,stop_016,trip_01455,DEP,20700,135,Inbound,1
2025-01-31,Red,stop_017,trip_01456,ARR,20880,136,Outbound,0
2025-01-01,Orange,stop_018,trip_01457,DEP,21060,137,Inbound,1
2025-01-02,Red,stop_019,trip_01458,ARR,21240,138,Outbound,0
2025-01-03,Orange,stop_020,trip_01459,DEP,21420,139,Inbound,1
2025-01-04,Red,stop_021,trip_01460,ARR,18000,140,Outbound,0
2025-01-05,Orange,stop_022,trip_01461,DEP,18180,141,Inbound,1
2025-01-06,Red,stop_023,trip_01462,ARR,18360,142,Outbound,0
2025-01-07,Orange,stop_024,trip_01463,DEP,18540,143,Inbound,1
2025-01-08,Red,stop_025,trip_01464,ARR,18720,144,Outbound,0
2025-01-09,Orange,stop_026,trip_01465,DEP,18900,145,Inbound,1
2025-01-10,Red,stop_027,trip_01466,ARR,19080,146,Outbound,0
2025-01-11,Orange,stop_028,trip_01467,DEP,19260,147,Inbound,1
2025-01-12,Red,stop_029,trip_01468,ARR,19440,148,Outbound,0
2025-01-13,Orange,stop_030,trip_01469,DEP,19620,149,Inbound,1
2025-01-14,Red,stop_031,trip_01470,ARR,19800,150,Outbound,0
2025-01-15,Orange,stop_032,trip_01471,DEP,19980,151,Inbound,1
2025-01-16,Red,stop_033,trip_01472,ARR,20160,152,Outbound,0
2025-01-17,Orange,stop_034,trip_01473,DEP,20340,153,Inbound,1
2025-01-18,Red,stop_035,trip_01474,ARR,20520,154,Outbound,0
2025-01-19,Orange,stop_036,trip_01475,DEP,20700,155,Inbound,1
2025-01-20,Red,stop_037,trip_01476,ARR,20880,156,Outbound,0
2025-01-21,Orange,stop_038,trip_01477,DEP,21060,157,Inbound,1
2025-01-22,Red,stop_039,trip_01478,ARR,21240,158,Outbound,0
2025-01-23,Orange,stop_040,trip_01479,DEP,21420,159,Inbound,1
2025-01-24,Red,stop_001,trip_01480,ARR,18000,160,Outbound,0
2025-01-25,Orange,stop_002,trip_01481,DEP,18180,161,Inbound,1
2025-01-26,Red,stop_003,trip_01482,ARR,18360,162,Outbound,0
2025-01-27,Orange,stop_004,trip_01483,DEP,18540,163,Inbound,1
2025-01-28,Red,stop_005,trip_01484,ARR,18720,164,Outbound,0
2025-01-29,Orange,stop_006,trip_01485,DEP,18900,165,Inbound,1
2025-01-30,Red,stop_007,trip_01486,ARR,19080,166,Outbound,0
2025-01-31,Orange,stop_008,trip_01487,DEP,19260,167,Inbound,1
2025-01-01,Red,stop_009,trip_01488,ARR,19440,168,Outbound,0
2025-01-02,Orange,stop_010,trip_01489,DEP,19620,169,Inbound,1
2025-01-03,Red,stop_011,trip_01490,ARR,19800,170,Outbound,0
2025-01-04,Orange,stop_012,trip_01491,DEP,19980,171,Inbound,1
2025-01-05,Red,stop_013,trip_01492,ARR,20160,172,Outbound,0
2025-01-06,Orange,stop_014,trip_01493,DEP,20340,173,Inbound,1
2025-01-07,Red,stop_015,trip_01494,ARR,20520,174,Outbound,0
2025-01-08,Orange,stop_016,trip_01495,DEP,20700,175,Inbound,1
2025-01-09,Red,stop_017,trip_01496,ARR,20880,176,Outbound,0
2025-01-10,Orange,stop_018,trip_01497,DEP,21060,177,Inbound,1
2025-01-11,Red,stop_019,trip_01498,ARR,21240,178,Outbound,0
2025-01-12,Orange,stop_020,trip_01499,DEP,21420,179,Inbound,1
2025-01-13,Red,stop_021,trip_01500,ARR,18000,180,Outbound,0
2025-01-14,Orange,stop_022,trip_01501,DEP,18180,181,Inbound,1
2025-01-15,Red,stop_023,trip_01502,ARR,18360,182,Outbound,0
2025-01-16,Orange,stop_024,trip_01503,DEP,18540,183,Inbound,1
2025-01-17,Red,stop_025,trip_01504,ARR,18720,184,Outbound,0
2025-01-18,Orange,stop_026,trip_01505,DEP,18900,185,Inbound,1
2025-01-19,Red,stop_027,trip_01506,ARR,19080,186,Outbound,0
2025-01-20,Orange,stop_028,trip_01507,DEP,19260,187,Inbound,1
2025-01-21,Red,stop_029,trip_01508,ARR,19440,188,Outbound,0
2025-01-22,Orange,stop_030,trip_01509,DEP,19620,189,Inbound,1
2025-01-23,Red,stop_031,trip_01510,ARR,19800,190,Outbound,0
2025-01-24,Orange,stop_032,trip_01511,DEP,19980,191,Inbound,1
2025-01-25,Red,stop_033,trip_01512,ARR,20160,192,Outbound,0
2025-01-26,Orange,stop_034,trip_01513,DEP,20340,193,Inbound,1
2025-01-27,Red,stop_035,trip_01514,ARR,20520,194,Outbound,0
2025-01-28,Orange,stop_036,trip_01515,DEP,20700,195,Inbound,1
2025-01-29,Red,stop_037,trip_01516,ARR,20880,196,Outbound,0
2025-01-30,Orange,stop_038,trip_01517,DEP,21060,197,Inbound,1
2025-01-31,Red,stop_039,trip_01518,ARR,21240,198,Outbound,0
2025-01-01,Orange,stop_040,trip_01519,DEP,21420,199,Inbound,1
2025-01-02,Red,stop_001,trip_01520,ARR,18000,200,Outbound,0
2025-01-03,Orange,stop_002,trip_01521,DEP,18180,201,Inbound,1
2025-01-04,Red,stop_003,trip_01522,ARR,18360,202,Outbound,0
2025-01-05,Orange,stop_004,trip_01523,DEP,18540,203,Inbound,1
2025-01-06,Red,stop_005,trip_01524,ARR,18720,204,Outbound,0
2025-01-07,Orange,stop_006,trip_01525,DEP,18900,205,Inbound,1
2025-01-08,Red,stop_007,trip_01526,ARR,19080,206,Outbound,0
2025-01-09,Orange,stop_008,trip_01527,DEP,19260,207,Inbound,1
2025-01-10,Red,stop_009,trip_01528,ARR,19440,208,Outbound,0
2025-01-11,Orange,stop_010,trip_01529,DEP,19620,209,Inbound,1
2025-01-12,Red,stop_011,trip_01530,ARR,19800,210,Outbound,0
2025-01-13,Orange,stop_012,trip_01531,DEP,19980,211,Inbound,1
2025-01-14,Red,stop_013,trip_01532,ARR,20160,212,Outbound,0
2025-01-15,Orange,stop_014,trip_01533,DEP,20340,213,Inbound,1
2025-01-16,Red,stop_015,trip_01534,ARR,20520,214,Outbound,0
2025-01-17,Orange,stop_016,trip_01535,DEP,20700,215,Inbound,1
2025-01-18,Red,stop_017,trip_01536,ARR,20880,216,Outbound,0
2025-01-19,Orange,stop_018,trip_01537,DEP,21060,217,Inbound,1
2025-01-20,Red,stop_019,trip_01538,ARR,21240,218,Outbound,0
2025-01-21,Orange,stop_020,trip_01539,DEP,21420,219,Inbound,1
2025-01-22,Red,stop_021,trip_01540,ARR,18000,220,Outbound,0
2025-01-23,Orange,stop_022,trip_01541,DEP,18180,221,Inbound,1
2025-01-24,Red,stop_023,trip_01542,ARR,18360,222,Outbound,0
2025-01-25,Orange,stop_024,trip_01543,DEP,18540,223,Inbound,1
2025-01-26,Red,stop_025,trip_01544,ARR,18720,224,Outbound,0
2025-01-27,Orange,stop_026,trip_01545,DEP,18900,225,Inbound,1
2025-01-28,Red,stop_027,trip_01546,ARR,19080,226,Outbound,0
2025-01-29,Orange,stop_028,trip_01547,DEP,19260,227,Inbound,1
2025-01-30,Red,stop_029,trip_01548,ARR,19440,228,Outbound,0
2025-01-31,Orange,stop_030,trip_01549,DEP,19620,229,Inbound,1
2025-01-01,Red,stop_031,trip_01550,ARR,19800,230,Outbound,0
2025-01-02,Orange,stop_032,trip_01551,DEP,19980,231,Inbound,1
2025-01-03,Red,stop_033,trip_01552,ARR,20160,232,Outbound,0
2025-01-04,Orange,stop_034,trip_01553,DEP,20340,233,Inbound,1
2025-01-05,Red,stop_035,trip_01554,ARR,20520,234,Outbound,0
2025-01-06,Orange,stop_036,trip_01555,DEP,20700,235,Inbound,1
2025-01-07,Red,stop_037,trip_01556,ARR,20880,236,Outbound,0
2025-01-08,Orange,stop_038,trip_01557,DEP,21060,237,Inbound,1
2025-01-09,Red,stop_039,trip_01558,ARR,21240,238,Outbound,0
2025-01-10,Orange,stop_040,trip_01559,DEP,21420,239,Inbound,1
2025-01-11,Red,stop_001,trip_01560,ARR,18000,240,Outbound,0
2025-01-12,Orange,stop_002,trip_01561,DEP,18180,241,Inbound,1
2025-01-13,Red,stop_003,trip_01562,ARR,18360,242,Outbound,0
2025-01-14,Orange,stop_004,trip_01563,DEP,18540,243,Inbound,1
2025-01-15,Red,stop_005,trip_01564,ARR,18720,244,Outbound,0
2025-01-16,Orange,stop_006,trip_01565,DEP,18900,245,Inbound,1
2025-01-17,Red,stop_007,trip_01566,ARR,19080,246,Outbound,0
2025-01-18,Orange,stop_008,trip_01567,DEP,19260,247,Inbound,1
2025-01-19,Red,stop_009,trip_01568,ARR,19440,248,Outbound,0
2025-01-20,Orange,stop_010,trip_01569,DEP,19620,249,Inbound,1
2025-01-21,Red,stop_011,trip_01570,ARR,19800,250,Outbound,0
2025-01-22,Orange,stop_012,trip_01571,DEP,19980,251,Inbound,1
2025-01-23,Red,stop_013,trip_01572,ARR,20160,252,Outbound,0
2025-01-24,Orange,stop_014,trip_01573,DEP,20340,253,Inbound,1
2025-01-25,Red,stop_015,trip_01574,ARR,20520,254,Outbound,0
2025-01-26,Orange,stop_016,trip_01575,DEP,20700,255,Inbound,1
2025-01-27,Red,stop_017,trip_01576,ARR,20880,256,Outbound,0
2025-01-28,Orange,stop_018,trip_01577,DEP,21060,257,Inbound,1
2025-01-29,Red,stop_019,trip_01578,ARR,21240,258,Outbound,0
2025-01-30,Orange,stop_020,trip_01579,DEP,21420,259,Inbound,1
2025-01-31,Red,stop_021,trip_01580,ARR,18000,260,Outbound,0
2025-01-01,Orange,stop_022,trip_01581,DEP,18180,261,Inbound,1
2025-01-02,Red,stop_023,trip_01582,ARR,18360,262,Outbound,0
2025-01-03,Orange,stop_024,trip_01583,DEP,18540,263,Inbound,1
2025-01-04,Red,stop_025,trip_01584,ARR,18720,264,Outbound,0
2025-01-05,Orange,stop_026,trip_01585,DEP,18900,265,Inbound,1
2025-01-06,Red,stop_027,trip_01586,ARR,19080,266,Outbound,0
2025-01-07,Orange,stop_028,trip_01587,DEP,19260,267,Inbound,1
2025-01-08,Red,stop_029,trip_01588,ARR,19440,268,Outbound,0
2025-01-09,Orange,stop_030,trip_01589,DEP,19620,269,Inbound,1
2025-01-10,Red,stop_031,trip_01590,ARR,19800,270,Outbound,0
2025-01-11,Orange,stop_032,trip_01591,DEP,19980,271,Inbound,1
2025-01-12,Red,stop_033,trip_01592,ARR,20160,272,Outbound,0
2025-01-13,Orange,stop_034,trip_01593,DEP,20340,273,Inbound,1
2025-01-14,Red,stop_035,trip_01594,ARR,20520,274,Outbound,0
2025-01-15,Orange,stop_036,trip_01595,DEP,20700,275,Inbound,1
2025-01-16,Red,stop_037,trip_01596,ARR,20880,276,Outbound,0
2025-01-17,Orange,stop_038,trip_01597,DEP,21060,277,Inbound,1
2025-01-18,Red,stop_039,trip_01598,ARR,21240,278,Outbound,0
2025-01-19,Orange,stop_040,trip_01599,DEP,21420,279,Inbound,1
2025-01-20,Red,stop_001,trip_01600,ARR,18000,-120,Outbound,0
2025-01-21,Orange,stop_002,trip_01601,DEP,18180,-119,Inbound,1
2025-01-22,Red,stop_003,trip_01602,ARR,18360,-118,Outbound,0
2025-01-23,Orange,stop_004,trip_01603,DEP,18540,-117,Inbound,1
2025-01-24,Red,stop_005,trip_01604,ARR,18720,-116,Outbound,0
2025-01-25,Orange,stop_006,trip_01605,DEP,18900,-115,Inbound,1
2025-01-26,Red,stop_007,trip_01606,ARR,19080,-114,Outbound,0
2025-01-27,Orange,stop_008,trip_01607,DEP,19260,-113,Inbound,1
2025-01-28,Red,stop_009,trip_01608,ARR,19440,-112,Outbound,0
2025-01-29,Orange,stop_010,trip_01609,DEP,19620,-111,Inbound,1
2025-01-30,Red,stop_011,trip_01610,ARR,19800,-110,Outbound,0
2025-01-31,Orange,stop_012,trip_01611,DEP,19980,-109,Inbound,1
2025-01-01,Red,stop_013,trip_01612,ARR,20160,-108,Outbound,0
2025-01-02,Orange,stop_014,trip_01613,DEP,20340,-107,Inbound,1
2025-01-03,Red,stop_015,trip_01614,ARR,20520,-106,Outbound,0
2025-01-04,Orange,stop_016,trip_01615,DEP,20700,-105,Inbound,1
2025-01-05,Red,stop_017,trip_01616,ARR,20880,-104,Outbound,0
2025-01-06,Orange,stop_018,trip_01617,DEP,21060,-103,Inbound,1
2025-01-07,Red,stop_019,trip_01618,ARR,21240,-102,Outbound,0
2025-01-08,Orange,stop_020,trip_01619,DEP,21420,-101,Inbound,1
2025-01-09,Red,stop_021,trip_01620,ARR,18000,-100,Outbound,0
2025-01-10,Orange,stop_022,trip_01621,DEP,18180,-99,Inbound,1
2025-01-11,Red,stop_023,trip_01622,ARR,18360,-98,Outbound,0
2025-01-12,Orange,stop_024,trip_01623,DEP,18540,-97,Inbound,1
2025-01-13,Red,stop_025,trip_01624,ARR,18720,-96,Outbound,0
2025-01-14,Orange,stop_026,trip_01625,DEP,18900,-95,Inbound,1
2025-01-15,Red,stop_027,trip_01626,ARR,19080,-94,Outbound,0
2025-01-16,Orange,stop_028,trip_01627,DEP,19260,-93,Inbound,1
2025-01-17,Red,stop_029,trip_01628,ARR,19440,-92,Outbound,0
2025-01-18,Orange,stop_030,trip_01629,DEP,19620,-91,Inbound,1
2025-01-19,Red,stop_031,trip_01630,ARR,19800,-90,Outbound,0
2025-01-20,Orange,stop_032,trip_01631,DEP,19980,-89,Inbound,1
2025-01-21,Red,stop_033,trip_01632,ARR,20160,-88,Outbound,0
2025-01-22,Orange,stop_034,trip_01633,DEP,20340,-87,Inbound,1
2025-01-23,Red,stop_035,trip_01634,ARR,20520,-86,Outbound,0
2025-01-24,Orange,stop_036,trip_01635,DEP,20700,-85,Inbound,1
2025-01-25,Red,stop_037,trip_01636,ARR,20880,-84,Outbound,0
2025-01-26,Orange,stop_038,trip_01637,DEP,21060,-83,Inbound,1
2025-01-27,Red,stop_039,trip_01638,ARR,21240,-82,Outbound,0
2025-01-28,Orange,stop_040,trip_01639,DEP,21420,-81,Inbound,1
2025-01-29,Red,stop_001,trip_01640,ARR,18000,-80,Outbound,0
2025-01-30,Orange,stop_002,trip_01641,DEP,18180,-79,Inbound,1
2025-01-31,Red,stop_003,trip_01642,ARR,18360,-78,Outbound,0
2025-01-01,Orange,stop_004,trip_01643,DEP,18540,-77,Inbound,1
2025-01-02,Red,stop_005,trip_01644,ARR,18720,-76,Outbound,0
2025-01-03,Orange,stop_006,trip_01645,DEP,18900,-75,Inbound,1
2025-01-04,Red,stop_007,trip_01646,ARR,19080,-74,Outbound,0
2025-01-05,Orange,stop_008,trip_01647,DEP,19260,-73,Inbound,1
2025-01-06,Red,stop_009,trip_01648,ARR,19440,-72,Outbound,0
2025-01-07,Orange,stop_010,trip_01649,DEP,19620,-71,Inbound,1
2025-01-08,Red,stop_011,trip_01650,ARR,19800,-70,Outbound,0
2025-01-09,Orange,stop_012,trip_01651,DEP,19980,-69,Inbound,1
2025-01-10,Red,stop_013,trip_01652,ARR,20160,-68,Outbound,0
2025-01-11,Orange,stop_014,trip_01653,DEP,20340,-67,Inbound,1
2025-01-12,Red,stop_015,trip_01654,ARR,20520,-66,Outbound,0
2025-01-13,Orange,stop_016,trip_01655,DEP,20700,-65,Inbound,1
2025-01-14,Red,stop_017,trip_01656,ARR,20880,-64,Outbound,0
2025-01-15,Orange,stop_018,trip_01657,DEP,21060,-63,Inbound,1
2025-01-16,Red,stop_019,trip_01658,ARR,21240,-62,Outbound,0
2025-01-17,Orange,stop_020,trip_01659,DEP,21420,-61,Inbound,1
2025-01-18,Red,stop_021,trip_01660,ARR,18000,-60,Outbound,0
2025-01-19,Orange,stop_022,trip_01661,DEP,18180,-59,Inbound,1
2025-01-20,Red,stop_023,trip_01662,ARR,18360,-58,Outbound,0
2025-01-21,Orange,stop_024,trip_01663,DEP,18540,-57,Inbound,1
2025-01-22,Red,stop_025,trip_01664,ARR,18720,-56,Outbound,0
2025-01-23,Orange,stop_026,trip_01665,DEP,18900,-55,Inbound,1
2025-01-24,Red,stop_027,trip_01666,ARR,19080,-54,Outbound,0
2025-01-25,Orange,stop_028,trip_01667,DEP,19260,-53,Inbound,1
2025-01-26,Red,stop_029,trip_01668,ARR,19440,-52,Outbound,0
2025-01-27,Orange,stop_030,trip_01669,DEP,19620,-51,Inbound,1
2025-01-28,Red,stop_031,trip_01670,ARR,19800,-50,Outbound,0
2025-01-29,Orange,stop_032,trip_01671,DEP,19980,-49,Inbound,1
2025-01-30,Red,stop_033,trip_01672,ARR,20160,-48,Outbound,0
2025-01-31,Orange,stop_034,trip_01673,DEP,20340,-47,Inbound,1
2025-01-01,Red,stop_035,trip_01674,ARR,20520,-46,Outbound,0
2025-01-02,Orange,stop_036,trip_01675,DEP,20700,-45,Inbound,1
2025-01-03,Red,stop_037,trip_01676,ARR,20880,-44,Outbound,0
2025-01-04,Orange,stop_038,trip_01677,DEP,21060,-43,Inbound,1
2025-01-05,Red,stop_039,trip_01678,ARR,21240,-42,Outbound,0
2025-01-06,Orange,stop_040,trip_01679,DEP,21420,-41,Inbound,1
2025-01-07,Red,stop_001,trip_01680,ARR,18000,-40,Outbound,0
2025-01-08,Orange,stop_002,trip_01681,DEP,18180,-39,Inbound,1
2025-01-09,Red,stop_003,trip_01682,ARR,18360,-38,Outbound,0
2025-01-10,Orange,stop_004,trip_01683,DEP,18540,-37,Inbound,1
2025-01-11,Red,stop_005,trip_01684,ARR,18720,-36,Outbound,0
2025-01-12,Orange,stop_006,trip_01685,DEP,18900,-35,Inbound,1
2025-01-13,Red,stop_007,trip_01686,ARR,19080,-34,Outbound,0
2025-01-14,Orange,stop_008,trip_01687,DEP,19260,-33,Inbound,1
2025-01-15,Red,stop_009,trip_01688,ARR,19440,-32,Outbound,0
2025-01-16,Orange,stop_010,trip_01689,DEP,19620,-31,Inbound,1
2025-01-17,Red,stop_011,trip_01690,ARR,19800,-30,Outbound,0
2025-01-18,Orange,stop_012,trip_01691,DEP,19980,-29,Inbound,1
2025-01-19,Red,stop_013,trip_01692,ARR,20160,-28,Outbound,0
2025-01-20,Orange,stop_014,trip_01693,DEP,20340,-27,Inbound,1
2025-01-21,Red,stop_015,trip_01694,ARR,20520,-26,Outbound,0
2025-01-22,Orange,stop_016,trip_01695,DEP,20700,-25,Inbound,1
2025-01-23,Red,stop_017,trip_01696,ARR,20880,-24,Outbound,0
2025-01-24,Orange,stop_018,trip_01697,DEP,21060,-23,Inbound,1
2025-01-25,Red,stop_019,trip_01698,ARR,21240,-22,Outbound,0
2025-01-26,Orange,stop_020,trip_01699,DEP,21420,-21,Inbound,1
2025-01-27,Red,stop_021,trip_01700,ARR,18000,-20,Outbound,0
2025-01-28,Orange,stop_022,trip_01701,DEP,18180,-19,Inbound,1
2025-01-29,Red,stop_023,trip_01702,ARR,18360,-18,Outbound,0
2025-01-30,Orange,stop_024,trip_01703,DEP,18540,-17,Inbound,1
2025-01-31,Red,stop_025,trip_01704,ARR,18720,-16,Outbound,0
2025-01-01,Orange,stop_026,trip_01705,DEP,18900,-15,Inbound,1
2025-01-02,Red,stop_027,trip_01706,ARR,19080,-14,Outbound,0
2025-01-03,Orange,stop_028,trip_01707,DEP,19260,-13,Inbound,1
2025-01-04,Red,stop_029,trip_01708,ARR,19440,-12,Outbound,0
2025-01-05,Orange,stop_030,trip_01709,DEP,19620,-11,Inbound,1
2025-01-06,Red,stop_031,trip_01710,ARR,19800,-10,Outbound,0
2025-01-07,Orange,stop_032,trip_01711,DEP,19980,-9,Inbound,1
2025-01-08,Red,stop_033,trip_01712,ARR,20160,-8,Outbound,0
2025-01-09,Orange,stop_034,trip_01713,DEP,20340,-7,Inbound,1
2025-01-10,Red,stop_035,trip_01714,ARR,20520,-6,Outbound,0
2025-01-11,Orange,stop_036,trip_01715,DEP,20700,-5,Inbound,1
2025-01-12,Red,stop_037,trip_01716,ARR,20880,-4,Outbound,0
2025-01-13,Orange,stop_038,trip_01717,DEP,21060,-3,Inbound,1
2025-01-14,Red,stop_039,trip_01718,ARR,21240,-2,Outbound,0
2025-01-15,Orange,stop_040,trip_01719,DEP,21420,-1,Inbound,1
2025-01-16,Red,stop_001,trip_01720,ARR,18000,0,Outbound,0
2025-01-17,Orange,stop_002,trip_01721,DEP,18180,1,Inbound,1
2025-01-18,Red,stop_003,trip_01722,ARR,18360,2,Outbound,0
2025-01-19,Orange,stop_004,trip_01723,DEP,18540,3,Inbound,1
2025-01-20,Red,stop_005,trip_01724,ARR,18720,4,Outbound,0
2025-01-21,Orange,stop_006,trip_01725,DEP,18900,5,Inbound,1
2025-01-22,Red,stop_007,trip_01726,ARR,19080,6,Outbound,0
2025-01-23,Orange,stop_008,trip_01727,DEP,19260,7,Inbound,1
2025-01-24,Red,stop_009,trip_01728,ARR,19440,8,Outbound,0
2025-01-25,Orange,stop_010,trip_01729,DEP,19620,9,Inbound,1
2025-01-26,Red,stop_011,trip_01730,ARR,19800,10,Outbound,0
2025-01-27,Orange,stop_012,trip_01731,DEP,19980,11,Inbound,1
2025-01-28,Red,stop_013,trip_01732,ARR,20160,12,Outbound,0
2025-01-29,Orange,stop_014,trip_01733,DEP,20340,13,Inbound,1
2025-01-30,Red,stop_015,trip_01734,ARR,20520,14,Outbound,0
2025-01-31,Orange,stop_016,trip_01735,DEP,20700,15,Inbound,1
2025-01-01,Red,stop_017,trip_01736,ARR,20880,16,Outbound,0
2025-01-02,Orange,stop_018,trip_01737,DEP,21060,17,Inbound,1
2025-01-03,Red,stop_019,trip_01738,ARR,21240,18,Outbound,0
2025-01-04,Orange,stop_020,trip_01739,DEP,21420,19,Inbound,1
2025-01-05,Red,stop_021,trip_01740,ARR,18000,20,Outbound,0
2025-01-06,Orange,stop_022,trip_01741,DEP,18180,21,Inbound,1
2025-01-07,Red,stop_023,trip_01742,ARR,18360,22,Outbound,0
2025-01-08,Orange,stop_024,trip_01743,DEP,18540,23,Inbound,1
2025-01-09,Red,stop_025,trip_01744,ARR,18720,24,Outbound,0
2025-01-10,Orange,stop_026,trip_01745,DEP,18900,25,Inbound,1
2025-01-11,Red,stop_027,trip_01746,ARR,19080,26,Outbound,0
2025-01-12,Orange,stop_028,trip_01747,DEP,19260,27,Inbound,1
2025-01-13,Red,stop_029,trip_01748,ARR,19440,28,Outbound,0
2025-01-14,Orange,stop_030,trip_01749,DEP,19620,29,Inbound,1
2025-01-15,Red,stop_031,trip_01750,ARR,19800,30,Outbound,0
2025-01-16,Orange,stop_032,trip_01751,DEP,19980,31,Inbound,1
2025-01-17,Red,stop_033,trip_01752,ARR,20160,32,Outbound,0
2025-01-18,Orange,stop_034,trip_01753,DEP,20340,33,Inbound,1
2025-01-19,Red,stop_035,trip_01754,ARR,20520,34,Outbound,0
2025-01-20,Orange,stop_036,trip_01755,DEP,20700,35,Inbound,1
2025-01-21,Red,stop_037,trip_01756,ARR,20880,36,Outbound,0
2025-01-22,Orange,stop_038,trip_01757,DEP,21060,37,Inbound,1
2025-01-23,Red,stop_039,trip_01758,ARR,21240,38,Outbound,0
2025-01-24,Orange,stop_040,trip_01759,DEP,21420,39,Inbound,1
2025-01-25,Red,stop_001,trip_01760,ARR,18000,40,Outbound,0
2025-01-26,Orange,stop_002,trip_01761,DEP,18180,41,Inbound,1
2025-01-27,Red,stop_003,trip_01762,ARR,18360,42,Outbound,0
2025-01-28,Orange,stop_004,trip_01763,DEP,18540,43,Inbound,1
2025-01-29,Red,stop_005,trip_01764,ARR,18720,44,Outbound,0
2025-01-30,Orange,stop_006,trip_01765,DEP,18900,45,Inbound,1
2025-01-31,Red,stop_007,trip_01766,ARR,19080,46,Outbound,0
2025-01-01,Orange,stop_008,trip_01767,DEP,19260,47,Inbound,1
2025-01-02,Red,stop_009,trip_01768,ARR,19440,48,Outbound,0
2025-01-03,Orange,stop_010,trip_01769,DEP,19620,49,Inbound,1
2025-01-04,Red,stop_011,trip_01770,ARR,19800,50,Outbound,0
2025-01-05,Orange,stop_012,trip_01771,DEP,19980,51,Inbound,1
2025-01-06,Red,stop_013,trip_01772,ARR,20160,52,Outbound,0
2025-01-07,Orange,stop_014,trip_01773,DEP,20340,53,Inbound,1
2025-01-08,Red,stop_015,trip_01774,ARR,20520,54,Outbound,0
2025-01-09,Orange,stop_016,trip_01775,DEP,20700,55,Inbound,1
2025-01-10,Red,stop_017,trip_01776,ARR,20880,56,Outbound,0
2025-01-11,Orange,stop_018,trip_01777,DEP,21060,57,Inbound,1
2025-01-12,Red,stop_019,trip_01778,ARR,21240,58,Outbound,0
2025-01-13,Orange,stop_020,trip_01779,DEP,21420,59,Inbound,1
2025-01-14,Red,stop_021,trip_01780,ARR,18000,60,Outbound,0
2025-01-15,Orange,stop_022,trip_01781,DEP,18180,61,Inbound,1
2025-01-16,Red,stop_023,trip_01782,ARR,18360,62,Outbound,0
2025-01-17,Orange,stop_024,trip_01783,DEP,18540,63,Inbound,1
2025-01-18,Red,stop_025,trip_01784,ARR,18720,64,Outbound,0
2025-01-19,Orange,stop_026,trip_01785,DEP,18900,65,Inbound,1
2025-01-20,Red,stop_027,trip_01786,ARR,19080,66,Outbound,0
2025-01-21,Orange,stop_028,trip_01787,DEP,19260,67,Inbound,1
2025-01-22,Red,stop_029,trip_01788,ARR,19440,68,Outbound,0
2025-01-23,Orange,stop_030,trip_01789,DEP,19620,69,Inbound,1
2025-01-24,Red,stop_031,trip_01790,ARR,19800,70,Outbound,0
2025-01-25,Orange,stop_032,trip_01791,DEP,19980,71,Inbound,1
2025-01-26,Red,stop_033,trip_01792,ARR,20160,72,Outbound,0
2025-01-27,Orange,stop_034,trip_01793,DEP,20340,73,Inbound,1
2025-01-28,Red,stop_035,trip_01794,ARR,20520,74,Outbound,0
2025-01-29,Orange,stop_036,trip_01795,DEP,20700,75,Inbound,1
2025-01-30,Red,stop_037,trip_01796,ARR,20880,76,Outbound,0
2025-01-31,Orange,stop_038,trip_01797,DEP,21060,77,Inbound,1
2025-01-01,Red,stop_039,trip_01798,ARR,21240,78,Outbound,0
2025-01-02,Orange,stop_040,trip_01799,DEP,21420,79,Inbound,1
2025-01-03,Red,stop_001,trip_01800,ARR,18000,80,Outbound,0
2025-01-04,Orange,stop_002,trip_01801,DEP,18180,81,Inbound,1
2025-01-05,Red,stop_003,trip_01802,ARR,18360,82,Outbound,0
2025-01-06,Orange,stop_004,trip_01803,DEP,18540,83,Inbound,1
2025-01-07,Red,stop_005,trip_01804,ARR,18720,84,Outbound,0
2025-01-08,Orange,stop_006,trip_01805,DEP,18900,85,Inbound,1
2025-01-09,Red,stop_007,trip_01806,ARR,19080,86,Outbound,0
2025-01-10,Orange,stop_008,trip_01807,DEP,19260,87,Inbound,1
2025-01-11,Red,stop_009,trip_01808,ARR,19440,88,Outbound,0
2025-01-12,Orange,stop_010,trip_01809,DEP,19620,89,Inbound,1
2025-01-13,Red,stop_011,trip_01810,ARR,19800,90,Outbound,0
2025-01-14,Orange,stop_012,trip_01811,DEP,19980,91,Inbound,1
2025-01-15,Red,stop_013,trip_01812,ARR,20160,92,Outbound,0
2025-01-16,Orange,stop_014,trip_01813,DEP,20340,93,Inbound,1
2025-01-17,Red,stop_015,trip_01814,ARR,20520,94,Outbound,0
2025-01-18,Orange,stop_016,trip_01815,DEP,20700,95,Inbound,1
2025-01-19,Red,stop_017,trip_01816,ARR,20880,96,Outbound,0
2025-01-20,Orange,stop_018,trip_01817,DEP,21060,97,Inbound,1
2025-01-21,Red,stop_019,trip_01818,ARR,21240,98,Outbound,0
2025-01-22,Orange,stop_020,trip_01819,DEP,21420,99,Inbound,1
2025-01-23,Red,stop_021,trip_01820,ARR,18000,100,Outbound,0
2025-01-24,Orange,stop_022,trip_01821,DEP,18180,101,Inbound,1
2025-01-25,Red,stop_023,trip_01822,ARR,18360,102,Outbound,0
2025-01-26,Orange,stop_024,trip_01823,DEP,18540,103,Inbound,1
2025-01-27,Red,stop_025,trip_01824,ARR,18720,104,Outbound,0
2025-01-28,Orange,stop_026,trip_01825,DEP,18900,105,Inbound,1
2025-01-29,Red,stop_027,trip_01826,ARR,19080,106,Outbound,0
2025-01-30,Orange,stop_028,trip_01827,DEP,19260,107,Inbound,1
2025-01-31,Red,stop_029,trip_01828,ARR,19440,108,Outbound,0
2025-01-01,Orange,stop_030,trip_01829,DEP,19620,109,Inbound,1
2025-01-02,Red,stop_031,trip_01830,ARR,19800,110,Outbound,0
2025-01-03,Orange,stop_032,trip_01831,DEP,19980,111,Inbound,1
2025-01-04,Red,stop_033,trip_01832,ARR,20160,112,Outbound,0
2025-01-05,Orange,stop_034,trip_01833,DEP,20340,113,Inbound,1
2025-01-06,Red,stop_035,trip_01834,ARR,20520,114,Outbound,0
2025-01-07,Orange,stop_036,trip_01835,DEP,20700,115,Inbound,1
2025-01-08,Red,stop_037,trip_01836,ARR,20880,116,Outbound,0
2025-01-09,Orange,stop_038,trip_01837,DEP,21060,117,Inbound,1
2025-01-10,Red,stop_039,trip_01838,ARR,21240,118,Outbound,0
2025-01-11,Orange,stop_040,trip_01839,DEP,21420,119,Inbound,1
2025-01-12,Red,stop_001,trip_01840,ARR,18000,120,Outbound,0
2025-01-13,Orange,stop_002,trip_01841,DEP,18180,121,Inbound,1
2025-01-14,Red,stop_003,trip_01842,ARR,18360,122,Outbound,0
2025-01-15,Orange,stop_004,trip_01843,DEP,18540,123,Inbound,1
2025-01-16,Red,stop_005,trip_01844,ARR,18720,124,Outbound,0
2025-01-17,Orange,stop_006,trip_01845,DEP,18900,125,Inbound,1
2025-01-18,Red,stop_007,trip_01846,ARR,19080,126,Outbound,0
2025-01-19,Orange,stop_008,trip_01847,DEP,19260,127,Inbound,1
2025-01-20,Red,stop_009,trip_01848,ARR,19440,128,Outbound,0
2025-01-21,Orange,stop_010,trip_01849,DEP,19620,129,Inbound,1
2025-01-22,Red,stop_011,trip_01850,ARR,19800,130,Outbound,0
2025-01-23,Orange,stop_012,trip_01851,DEP,19980,131,Inbound,1
2025-01-24,Red,stop_013,trip_01852,ARR,20160,132,Outbound,0
2025-01-25,Orange,stop_014,trip_01853,DEP,20340,133,Inbound,1
2025-01-26,Red,stop_015,trip_01854,ARR,20520,134,Outbound,0
2025-01-27,Orange,stop_016,trip_01855,DEP,20700,135,Inbound,1
2025-01-28,Red,stop_017,trip_01856,ARR,20880,136,Outbound,0
2025-01-29,Orange,stop_018,trip_01857,DEP,21060,137,Inbound,1
2025-01-30,Red,stop_019,trip_01858,ARR,21240,138,Outbound,0
2025-01-31,Orange,stop_020,trip_01859,DEP,21420,139,Inbound,1
2025-01-01,Red,stop_021,trip_01860,ARR,18000,140,Outbound,0
2025-01-02,Orange,stop_022,trip_01861,DEP,18180,141,Inbound,1
2025-01-03,Red,stop_023,trip_01862,ARR,18360,142,Outbound,0
2025-01-04,Orange,stop_024,trip_01863,DEP,18540,143,Inbound,1
2025-01-05,Red,stop_025,trip_01864,ARR,18720,144,Outbound,0
2025-01-06,Orange,stop_026,trip_01865,DEP,18900,145,Inbound,1
2025-01-07,Red,stop_027,trip_01866,ARR,19080,146,Outbound,0
2025-01-08,Orange,stop_028,trip_01867,DEP,19260,147,Inbound,1
2025-01-09,Red,stop_029,trip_01868,ARR,19440,148,Outbound,0
2025-01-10,Orange,stop_030,trip_01869,DEP,19620,149,Inbound,1
2025-01-11,Red,stop_031,trip_01870,ARR,19800,150,Outbound,0
2025-01-12,Orange,stop_032,trip_01871,DEP,19980,151,Inbound,1
2025-01-13,Red,stop_033,trip_01872,ARR,20160,152,Outbound,0
2025-01-14,Orange,stop_034,trip_01873,DEP,20340,153,Inbound,1
2025-01-15,Red,stop_035,trip_01874,ARR,20520,154,Outbound,0
2025-01-16,Orange,stop_036,trip_01875,DEP,20700,155,Inbound,1
2025-01-17,Red,stop_037,trip_01876,ARR,20880,156,Outbound,0
2025-01-18,Orange,stop_038,trip_01877,DEP,21060,157,Inbound,1
2025-01-19,Red,stop_039,trip_01878,ARR,21240,158,Outbound,0
2025-01-20,Orange,stop_040,trip_01879,DEP,21420,159,Inbound,1
2025-01-21,Red,stop_001,trip_01880,ARR,18000,160,Outbound,0
2025-01-22,Orange,stop_002,trip_01881,DEP,18180,161,Inbound,1
2025-01-23,Red,stop_003,trip_01882,ARR,18360,162,Outbound,0
2025-01-24,Orange,stop_004,trip_01883,DEP,18540,163,Inbound,1
2025-01-25,Red,stop_005,trip_01884,ARR,18720,164,Outbound,0
2025-01-26,Orange,stop_006,trip_01885,DEP,18900,165,Inbound,1
2025-01-27,Red,stop_007,trip_01886,ARR,19080,166,Outbound,0
2025-01-28,Orange,stop_008,trip_01887,DEP,19260,167,Inbound,1
2025-01-29,Red,stop_009,trip_01888,ARR,19440,168,Outbound,0
2025-01-30,Orange,stop_010,trip_01889,DEP,19620,169,Inbound,1
2025-01-31,Red,stop_011,trip_01890,ARR,19800,170,Outbound,0
2025-01-01,Orange,stop_012,trip_01891,DEP,19980,171,Inbound,1
2025-01-02,Red,stop_013,trip_01892,ARR,20160,172,Outbound,0
2025-01-03,Orange,stop_014,trip_01893,DEP,20340,173,Inbound,1
2025-01-04,Red,stop_015,trip_01894,ARR,20520,174,Outbound,0
2025-01-05,Orange,stop_016,trip_01895,DEP,20700,175,Inbound,1
2025-01-06,Red,stop_017,trip_01896,ARR,20880,176,Outbound,0
2025-01-07,Orange,stop_018,trip_01897,DEP,21060,177,Inbound,1
2025-01-08,Red,stop_019,trip_01898,ARR,21240,178,Outbound,0
2025-01-09,Orange,stop_020,trip_01899,DEP,21420,179,Inbound,1
2025-01-10,Red,stop_021,trip_01900,ARR,18000,180,Outbound,0
2025-01-11,Orange,stop_022,trip_01901,DEP,18180,181,Inbound,1
2025-01-12,Red,stop_023,trip_01902,ARR,18360,182,Outbound,0
2025-01-13,Orange,stop_024,trip_01903,DEP,18540,183,Inbound,1
2025-01-14,Red,stop_025,trip_01904,ARR,18720,184,Outbound,0
2025-01-15,Orange,stop_026,trip_01905,DEP,18900,185,Inbound,1
2025-01-16,Red,stop_027,trip_01906,ARR,19080,186,Outbound,0
2025-01-17,Orange,stop_028,trip_01907,DEP,19260,187,Inbound,1
2025-01-18,Red,stop_029,trip_01908,ARR,19440,188,Outbound,0
2025-01-19,Orange,stop_030,trip_01909,DEP,19620,189,Inbound,1
2025-01-20,Red,stop_031,trip_01910,ARR,19800,190,Outbound,0
2025-01-21,Orange,stop_032,trip_01911,DEP,19980,191,Inbound,1
2025-01-22,Red,stop_033,trip_01912,ARR,20160,192,Outbound,0
2025-01-23,Orange,stop_034,trip_01913,DEP,20340,193,Inbound,1
2025-01-24,Red,stop_035,trip_01914,ARR,20520,194,Outbound,0
2025-01-25,Orange,stop_036,trip_01915,DEP,20700,195,Inbound,1
2025-01-26,Red,stop_037,trip_01916,ARR,20880,196,Outbound,0
2025-01-27,Orange,stop_038,trip_01917,DEP,21060,197,Inbound,1
2025-01-28,Red,stop_039,trip_01918,ARR,21240,198,Outbound,0
2025-01-29,Orange,stop_040,trip_01919,DEP,21420,199,Inbound,1
2025-01-30,Red,stop_001,trip_01920,ARR,18000,200,Outbound,0
2025-01-31,Orange,stop_002,trip_01921,DEP,18180,201,Inbound,1
2025-01-01,Red,stop_003,trip_01922,ARR,18360,202,Outbound,0
2025-01-02,Orange,stop_004,trip_01923,DEP,18540,203,Inbound,1
2025-01-03,Red,stop_005,trip_01924,ARR,18720,204,Outbound,0
2025-01-04,Orange,stop_006,trip_01925,DEP,18900,205,Inbound,1
2025-01-05,Red,stop_007,trip_01926,ARR,19080,206,Outbound,0
2025-01-06,Orange,stop_008,trip_01927,DEP,19260,207,Inbound,1
2025-01-07,Red,stop_009,trip_01928,ARR,19440,208,Outbound,0
2025-01-08,Orange,stop_010,trip_01929,DEP,19620,209,Inbound,1
2025-01-09,Red,stop_011,trip_01930,ARR,19800,210,Outbound,0
2025-01-10,Orange,stop_012,trip_01931,DEP,19980,211,Inbound,1
2025-01-11,Red,stop_013,trip_01932,ARR,20160,212,Outbound,0
2025-01-12,Orange,stop_014,trip_01933,DEP,20340,213,Inbound,1
2025-01-13,Red,stop_015,trip_01934,ARR,20520,214,Outbound,0
2025-01-14,Orange,stop_016,trip_01935,DEP,20700,215,Inbound,1
2025-01-15,Red,stop_017,trip_01936,ARR,20880,216,Outbound,0
2025-01-16,Orange,stop_018,trip_01937,DEP,21060,217,Inbound,1
2025-01-17,Red,stop_019,trip_01938,ARR,21240,218,Outbound,0
2025-01-18,Orange,stop_020,trip_01939,DEP,21420,219,Inbound,1
2025-01-19,Red,stop_021,trip_01940,ARR,18000,220,Outbound,0
2025-01-20,Orange,stop_022,trip_01941,DEP,18180,221,Inbound,1
2025-01-21,Red,stop_023,trip_01942,ARR,18360,222,Outbound,0
2025-01-22,Orange,stop_024,trip_01943,DEP,18540,223,Inbound,1
2025-01-23,Red,stop_025,trip_01944,ARR,18720,224,Outbound,0
2025-01-24,Orange,stop_026,trip_01945,DEP,18900,225,Inbound,1
2025-01-25,Red,stop_027,trip_01946,ARR,19080,226,Outbound,0
2025-01-26,Orange,stop_028,trip_01947,DEP,19260,227,Inbound,1
2025-01-27,Red,stop_029,trip_01948,ARR,19440,228,Outbound,0
2025-01-28,Orange,stop_030,trip_01949,DEP,19620,229,Inbound,1
2025-01-29,Red,stop_031,trip_01950,ARR,19800,230,Outbound,0
2025-01-30,Orange,stop_032,trip_01951,DEP,19980,231,Inbound,1
2025-01-31,Red,stop_033,trip_01952,ARR,20160,232,Outbound,0
2025-01-01,Orange,stop_034,trip_01953,DEP,20340,233,Inbound,1
2025-01-02,Red,stop_035,trip_01954,ARR,20520,234,Outbound,0
2025-01-03,Orange,stop_036,trip_01955,DEP,20700,235,Inbound,1
2025-01-04,Red,stop_037,trip_01956,ARR,20880,236,Outbound,0
2025-01-05,Orange,stop_038,trip_01957,DEP,21060,237,Inbound,1
2025-01-06,Red,stop_039,trip_01958,ARR,21240,238,Outbound,0
2025-01-07,Orange,stop_040,trip_01959,DEP,21420,239,Inbound,1
2025-01-08,Red,stop_001,trip_01960,ARR,18000,240,Outbound,0
2025-01-09,Orange,stop_002,trip_01961,DEP,18180,241,Inbound,1
2025-01-10,Red,stop_003,trip_01962,ARR,18360,242,Outbound,0
2025-01-11,Orange,stop_004,trip_01963,DEP,18540,243,Inbound,1
2025-01-12,Red,stop_005,trip_01964,ARR,18720,244,Outbound,0
2025-01-13,Orange,stop_006,trip_01965,DEP,18900,245,Inbound,1
2025-01-14,Red,stop_007,trip_01966,ARR,19080,246,Outbound,0
2025-01-15,Orange,stop_008,trip_01967,DEP,19260,247,Inbound,1
2025-01-16,Red,stop_009,trip_01968,ARR,19440,248,Outbound,0
2025-01-17,Orange,stop_010,trip_01969,DEP,19620,249,Inbound,1
2025-01-18,Red,stop_011,trip_01970,ARR,19800,250,Outbound,0
2025-01-19,Orange,stop_012,trip_01971,DEP,19980,251,Inbound,1
2025-01-20,Red,stop_013,trip_01972,ARR,20160,252,Outbound,0
2025-01-21,Orange,stop_014,trip_01973,DEP,20340,253,Inbound,1
2025-01-22,Red,stop_015,trip_01974,ARR,20520,254,Outbound,0
2025-01-23,Orange,stop_016,trip_01975,DEP,20700,255,Inbound,1
2025-01-24,Red,stop_017,trip_01976,ARR,20880,256,Outbound,0
2025-01-25,Orange,stop_018,trip_01977,DEP,21060,257,Inbound,1
2025-01-26,Red,stop_019,trip_01978,ARR,21240,258,Outbound,0
2025-01-27,Orange,stop_020,trip_01979,DEP,21420,259,Inbound,1
2025-01-28,Red,stop_021,trip_01980,ARR,18000,260,Outbound,0
2025-01-29,Orange,stop_022,trip_01981,DEP,18180,261,Inbound,1
2025-01-30,Red,stop_023,trip_01982,ARR,18360,262,Outbound,0
2025-01-31,Orange,stop_024,trip_01983,DEP,18540,263,Inbound,1
2025-01-01,Red,stop_025,trip_01984,ARR,18720,264,Outbound,0
2025-01-02,Orange,stop_026,trip_01985,DEP,18900,265,Inbound,1
2025-01-03,Red,stop_027,trip_01986,ARR,19080,266,Outbound,0
2025-01-04,Orange,stop_028,trip_01987,DEP,19260,267,Inbound,1
2025-01-05,Red,stop_029,trip_01988,ARR,19440,268,Outbound,0
2025-01-06,Orange,stop_030,trip_01989,DEP,19620,269,Inbound,1
2025-01-07,Red,stop_031,trip_01990,ARR,19800,270,Outbound,0
2025-01-08,Orange,stop_032,trip_01991,DEP,19980,271,Inbound,1
2025-01-09,Red,stop_033,trip_01992,ARR,20160,272,Outbound,0
2025-01-10,Orange,stop_034,trip_01993,DEP,20340,273,Inbound,1
2025-01-11,Red,stop_035,trip_01994,ARR,20520,274,Outbound,0
2025-01-12,Orange,stop_036,trip_01995,DEP,20700,275,Inbound,1
2025-01-13,Red,stop_037,trip_01996,ARR,20880,276,Outbound,0
2025-01-14,Orange,stop_038,trip_01997,DEP,21060,277,Inbound,1
2025-01-15,Red,stop_039,trip_01998,ARR,21240,278,Outbound,0
2025-01-16,Orange,stop_040,trip_01999,DEP,21420,279,Inbound,1
2025-01-17,Red,stop_001,trip_02000,ARR,18000,-120,Outbound,0
2025-01-18,Orange,stop_002,trip_02001,DEP,18180,-119,Inbound,1
2025-01-19,Red,stop_003,trip_02002,ARR,18360,-118,Outbound,0
2025-01-20,Orange,stop_004,trip_02003,DEP,18540,-117,Inbound,1
2025-01-21,Red,stop_005,trip_02004,ARR,18720,-116,Outbound,0
2025-01-22,Orange,stop_006,trip_02005,DEP,18900,-115,Inbound,1
2025-01-23,Red,stop_007,trip_02006,ARR,19080,-114,Outbound,0
2025-01-24,Orange,stop_008,trip_02007,DEP,19260,-113,Inbound,1
2025-01-25,Red,stop_009,trip_02008,ARR,19440,-112,Outbound,0
2025-01-26,Orange,stop_010,trip_02009,DEP,19620,-111,Inbound,1
2025-01-27,Red,stop_011,trip_02010,ARR,19800,-110,Outbound,0
2025-01-28,Orange,stop_012,trip_02011,DEP,19980,-109,Inbound,1
2025-01-29,Red,stop_013,trip_02012,ARR,20160,-108,Outbound,0
2025-01-30,Orange,stop_014,trip_02013,DEP,20340,-107,Inbound,1
2025-01-31,Red,stop_015,trip_02014,ARR,20520,-106,Outbound,0
2025-01-01,Orange,stop_016,trip_02015,DEP,20700,-105,Inbound,1
2025-01-02,Red,stop_017,trip_02016,ARR,20880,-104,Outbound,0
2025-01-03,Orange,stop_018,trip_02017,DEP,21060,-103,Inbound,1
2025-01-04,Red,stop_019,trip_02018,ARR,21240,-102,Outbound,0
2025-01-05,Orange,stop_020,trip_02019,DEP,21420,-101,Inbound,1
2025-01-06,Red,stop_021,trip_02020,ARR,18000,-100,Outbound,0
2025-01-07,Orange,stop_022,trip_02021,DEP,18180,-99,Inbound,1
2025-01-08,Red,stop_023,trip_02022,ARR,18360,-98,Outbound,0
2025-01-09,Orange,stop_024,trip_02023,DEP,18540,-97,Inbound,1
2025-01-10,Red,stop_025,trip_02024,ARR,18720,-96,Outbound,0
2025-01-11,Orange,stop_026,trip_02025,DEP,18900,-95,Inbound,1
2025-01-12,Red,stop_027,trip_02026,ARR,19080,-94,Outbound,0
2025-01-13,Orange,stop_028,trip_02027,DEP,19260,-93,Inbound,1
2025-01-14,Red,stop_029,trip_02028,ARR,19440,-92,Outbound,0
2025-01-15,Orange,stop_030,trip_02029,DEP,19620,-91,Inbound,1
2025-01-16,Red,stop_031,trip_02030,ARR,19800,-90,Outbound,0
2025-01-17,Orange,stop_032,trip_02031,DEP,19980,-89,Inbound,1
2025-01-18,Red,stop_033,trip_02032,ARR,20160,-88,Outbound,0
2025-01-19,Orange,stop_034,trip_02033,DEP,20340,-87,Inbound,1
2025-01-20,Red,stop_035,trip_02034,ARR,20520,-86,Outbound,0
2025-01-21,Orange,stop_036,trip_02035,DEP,20700,-85,Inbound,1
2025-01-22,Red,stop_037,trip_02036,ARR,20880,-84,Outbound,0
2025-01-23,Orange,stop_038,trip_02037,DEP,21060,-83,Inbound,1
2025-01-24,Red,stop_039,trip_02038,ARR,21240,-82,Outbound,0
2025-01-25,Orange,stop_040,trip_02039,DEP,21420,-81,Inbound,1
2025-01-26,Red,stop_001,trip_02040,ARR,18000,-80,Outbound,0
2025-01-27,Orange,stop_002,trip_02041,DEP,18180,-79,Inbound,1
2025-01-28,Red,stop_003,trip_02042,ARR,18360,-78,Outbound,0
2025-01-29,Orange,stop_004,trip_02043,DEP,18540,-77,Inbound,1
2025-01-30,Red,stop_005,trip_02044,ARR,18720,-76,Outbound,0
2025-01-31,Orange,stop_006,trip_02045,DEP,18900,-75,Inbound,1
2025-01-01,Red,stop_007,trip_02046,ARR,19080,-74,Outbound,0
2025-01-02,Orange,stop_008,trip_02047,DEP,19260,-73,Inbound,1
2025-01-03,Red,stop_009,trip_02048,ARR,19440,-72,Outbound,0
2025-01-04,Orange,stop_010,trip_02049,DEP,19620,-71,Inbound,1
2025-01-05,Red,stop_011,trip_02050,ARR,19800,-70,Outbound,0
2025-01-06,Orange,stop_012,trip_02051,DEP,19980,-69,Inbound,1
2025-01-07,Red,stop_013,trip_02052,ARR,20160,-68,Outbound,0
2025-01-08,Orange,stop_014,trip_02053,DEP,20340,-67,Inbound,1
2025-01-09,Red,stop_015,trip_02054,ARR,20520,-66,Outbound,0
2025-01-10,Orange,stop_016,trip_02055,DEP,20700,-65,Inbound,1
2025-01-11,Red,stop_017,trip_02056,ARR,20880,-64,Outbound,0
2025-01-12,Orange,stop_018,trip_02057,DEP,21060,-63,Inbound,1
2025-01-13,Red,stop_019,trip_02058,ARR,21240,-62,Outbound,0
2025-01-14,Orange,stop_020,trip_02059,DEP,21420,-61,Inbound,1
2025-01-15,Red,stop_021,trip_02060,ARR,18000,-60,Outbound,0
2025-01-16,Orange,stop_022,trip_02061,DEP,18180,-59,Inbound,1
2025-01-17,Red,stop_023,trip_02062,ARR,18360,-58,Outbound,0
2025-01-18,Orange,stop_024,trip_02063,DEP,18540,-57,Inbound,1
2025-01-19,Red,stop_025,trip_02064,ARR,18720,-56,Outbound,0
2025-01-20,Orange,stop_026,trip_02065,DEP,18900,-55,Inbound,1
2025-01-21,Red,stop_027,trip_02066,ARR,19080,-54,Outbound,0
2025-01-22,Orange,stop_028,trip_02067,DEP,19260,-53,Inbound,1
2025-01-23,Red,stop_029,trip_02068,ARR,19440,-52,Outbound,0
2025-01-24,Orange,stop_030,trip_02069,DEP,19620,-51,Inbound,1
2025-01-25,Red,stop_031,trip_02070,ARR,19800,-50,Outbound,0
2025-01-26,Orange,stop_032,trip_02071,DEP,19980,-49,Inbound,1
2025-01-27,Red,stop_033,trip_02072,ARR,20160,-48,Outbound,0
2025-01-28,Orange,stop_034,trip_02073,DEP,20340,-47,Inbound,1
2025-01-29,Red,stop_035,trip_02074,ARR,20520,-46,Outbound,0
2025-01-30,Orange,stop_036,trip_02075,DEP,20700,-45,Inbound,1
2025-01-31,Red,stop_037,trip_02076,ARR,20880,-44,Outbound,0
2025-01-01,Orange,stop_038,trip_02077,DEP,21060,-43,Inbound,1
2025-01-02,Red,stop_039,trip_02078,ARR,21240,-42,Outbound,0
2025-01-03,Orange,stop_040,trip_02079,DEP,21420,-41,Inbound,1
2025-01-04,Red,stop_001,trip_02080,ARR,18000,-40,Outbound,0
2025-01-05,Orange,stop_002,trip_02081,DEP,18180,-39,Inbound,1
2025-01-06,Red,stop_003,trip_02082,ARR,18360,-38,Outbound,0
2025-01-07,Orange,stop_004,trip_02083,DEP,18540,-37,Inbound,1
2025-01-08,Red,stop_005,trip_02084,ARR,18720,-36,Outbound,0
2025-01-09,Orange,stop_006,trip_02085,DEP,18900,-35,Inbound,1
2025-01-10,Red,stop_007,trip_02086,ARR,19080,-34,Outbound,0
2025-01-11,Orange,stop_008,trip_02087,DEP,19260,-33,Inbound,1
2025-01-12,Red,stop_009,trip_02088,ARR,19440,-32,Outbound,0
2025-01-13,Orange,stop_010,trip_02089,DEP,19620,-31,Inbound,1
2025-01-14,Red,stop_011,trip_02090,ARR,19800,-30,Outbound,0
2025-01-15,Orange,stop_012,trip_02091,DEP,19980,-29,Inbound,1
2025-01-16,Red,stop_013,trip_02092,ARR,20160,-28,Outbound,0
2025-01-17,Orange,stop_014,trip_02093,DEP,20340,-27,Inbound,1
2025-01-18,Red,stop_015,trip_02094,ARR,20520,-26,Outbound,0
2025-01-19,Orange,stop_016,trip_02095,DEP,20700,-25,Inbound,1
2025-01-20,Red,stop_017,trip_02096,ARR,20880,-24,Outbound,0
2025-01-21,Orange,stop_018,trip_02097,DEP,21060,-23,Inbound,1
2025-01-22,Red,stop_019,trip_02098,ARR,21240,-22,Outbound,0
2025-01-23,Orange,stop_020,trip_02099,DEP,21420,-21,Inbound,1
2025-01-24,Red,stop_021,trip_02100,ARR,18000,-20,Outbound,0
2025-01-25,Orange,stop_022,trip_02101,DEP,18180,-19,Inbound,1
2025-01-26,Red,stop_023,trip_02102,ARR,18360,-18,Outbound,0
2025-01-27,Orange,stop_024,trip_02103,DEP,18540,-17,Inbound,1
2025-01-28,Red,stop_025,trip_02104,ARR,18720,-16,Outbound,0
2025-01-29,Orange,stop_026,trip_02105,DEP,18900,-15,Inbound,1
2025-01-30,Red,stop_027,trip_02106,ARR,19080,-14,Outbound,0
2025-01-31,Orange,stop_028,trip_02107,DEP,19260,-13,Inbound,1
2025-01-01,Red,stop_029,trip_02108,ARR,19440,-12,Outbound,0
2025-01-02,Orange,stop_030,trip_02109,DEP,19620,-11,Inbound,1
2025-01-03,Red,stop_031,trip_02110,ARR,19800,-10,Outbound,0
2025-01-04,Orange,stop_032,trip_02111,DEP,19980,-9,Inbound,1
2025-01-05,Red,stop_033,trip_02112,ARR,20160,-8,Outbound,0
2025-01-06,Orange,stop_034,trip_02113,DEP,20340,-7,Inbound,1
2025-01-07,Red,stop_035,trip_02114,ARR,20520,-6,Outbound,0
2025-01-08,Orange,stop_036,trip_02115,DEP,20700,-5,Inbound,1
2025-01-09,Red,stop_037,trip_02116,ARR,20880,-4,Outbound,0
2025-01-10,Orange,stop_038,trip_02117,DEP,21060,-3,Inbound,1
2025-01-11,Red,stop_039,trip_02118,ARR,21240,-2,Outbound,0
2025-01-12,Orange,stop_040,trip_02119,DEP,21420,-1,Inbound,1
2025-01-13,Red,stop_001,trip_02120,ARR,18000,0,Outbound,0
2025-01-14,Orange,stop_002,trip_02121,DEP,18180,1,Inbound,1
2025-01-15,Red,stop_003,trip_02122,ARR,18360,2,Outbound,0
2025-01-16,Orange,stop_004,trip_02123,DEP,18540,3,Inbound,1
2025-01-17,Red,stop_005,trip_02124,ARR,18720,4,Outbound,0
2025-01-18,Orange,stop_006,trip_02125,DEP,18900,5,Inbound,1
2025-01-19,Red,stop_007,trip_02126,ARR,19080,6,Outbound,0
2025-01-20,Orange,stop_008,trip_02127,DEP,19260,7,Inbound,1
2025-01-21,Red,stop_009,trip_02128,ARR,19440,8,Outbound,0
2025-01-22,Orange,stop_010,trip_02129,DEP,19620,9,Inbound,1
2025-01-23,Red,stop_011,trip_02130,ARR,19800,10,Outbound,0
2025-01-24,Orange,stop_012,trip_02131,DEP,19980,11,Inbound,1
2025-01-25,Red,stop_013,trip_02132,ARR,20160,12,Outbound,0
2025-01-26,Orange,stop_014,trip_02133,DEP,20340,13,Inbound,1
2025-01-27,Red,stop_015,trip_02134,ARR,20520,14,Outbound,0
2025-01-28,Orange,stop_016,trip_02135,DEP,20700,15,Inbound,1
2025-01-29,Red,stop_017,trip_02136,ARR,20880,16,Outbound,0
2025-01-30,Orange,stop_018,trip_02137,DEP,21060,17,Inbound,1
2025-01-31,Red,stop_019,trip_02138,ARR,21240,18,Outbound,0
2025-01-01,Orange,stop_020,trip_02139,DEP,21420,19,Inbound,1
2025-01-02,Red,stop_021,trip_02140,ARR,18000,20,Outbound,0
2025-01-03,Orange,stop_022,trip_02141,DEP,18180,21,Inbound,1
2025-01-04,Red,stop_023,trip_02142,ARR,18360,22,Outbound,0
2025-01-05,Orange,stop_024,trip_02143,DEP,18540,23,Inbound,1
2025-01-06,Red,stop_025,trip_02144,ARR,18720,24,Outbound,0
2025-01-07,Orange,stop_026,trip_02145,DEP,18900,25,Inbound,1
2025-01-08,Red,stop_027,trip_02146,ARR,19080,26,Outbound,0
2025-01-09,Orange,stop_028,trip_02147,DEP,19260,27,Inbound,1
2025-01-10,Red,stop_029,trip_02148,ARR,19440,28,Outbound,0
2025-01-11,Orange,stop_030,trip_02149,DEP,19620,29,Inbound,1
2025-01-12,Red,stop_031,trip_02150,ARR,19800,30,Outbound,0
2025-01-13,Orange,stop_032,trip_02151,DEP,19980,31,Inbound,1
2025-01-14,Red,stop_033,trip_02152,ARR,20160,32,Outbound,0
2025-01-15,Orange,stop_034,trip_02153,DEP,20340,33,Inbound,1
2025-01-16,Red,stop_035,trip_02154,ARR,20520,34,Outbound,0
2025-01-17,Orange,stop_036,trip_02155,DEP,20700,35,Inbound,1
2025-01-18,Red,stop_037,trip_02156,ARR,20880,36,Outbound,0
2025-01-19,Orange,stop_038,trip_02157,DEP,21060,37,Inbound,1
2025-01-20,Red,stop_039,trip_02158,ARR,21240,38,Outbound,0
2025-01-21,Orange,stop_040,trip_02159,DEP,21420,39,Inbound,1
2025-01-22,Red,stop_001,trip_02160,ARR,18000,40,Outbound,0
2025-01-23,Orange,stop_002,trip_02161,DEP,18180,41,Inbound,1
2025-01-24,Red,stop_003,trip_02162,ARR,18360,42,Outbound,0
2025-01-25,Orange,stop_004,trip_02163,DEP,18540,43,Inbound,1
2025-01-26,Red,stop_005,trip_02164,ARR,18720,44,Outbound,0
2025-01-27,Orange,stop_006,trip_02165,DEP,18900,45,Inbound,1
2025-01-28,Red,stop_007,trip_02166,ARR,19080,46,Outbound,0
2025-01-29,Orange,stop_008,trip_02167,DEP,19260,47,Inbound,1
2025-01-30,Red,stop_009,trip_02168,ARR,19440,48,Outbound,0
2025-01-31,Orange,stop_010,trip_02169,DEP,19620,49,Inbound,1
2025-01-01,Red,stop_011,trip_02170,ARR,19800,50,Outbound,0
2025-01-02,Orange,stop_012,trip_02171,DEP,19980,51,Inbound,1
2025-01-03,Red,stop_013,trip_02172,ARR,20160,52,Outbound,0
2025-01-04,Orange,stop_014,trip_02173,DEP,20340,53,Inbound,1
2025-01-05,Red,stop_015,trip_02174,ARR,20520,54,Outbound,0
2025-01-06,Orange,stop_016,trip_02175,DEP,20700,55,Inbound,1
2025-01-07,Red,stop_017,trip_02176,ARR,20880,56,Outbound,0
2025-01-08,Orange,stop_018,trip_02177,DEP,21060,57,Inbound,1
2025-01-09,Red,stop_019,trip_02178,ARR,21240,58,Outbound,0
2025-01-10,Orange,stop_020,trip_02179,DEP,21420,59,Inbound,1
2025-01-11,Red,stop_021,trip_02180,ARR,18000,60,Outbound,0
2025-01-12,Orange,stop_022,trip_02181,DEP,18180,61,Inbound,1
2025-01-13,Red,stop_023,trip_02182,ARR,18360,62,Outbound,0
2025-01-14,Orange,stop_024,trip_02183,DEP,18540,63,Inbound,1
2025-01-15,Red,stop_025,trip_02184,ARR,18720,64,Outbound,0
2025-01-16,Orange,stop_026,trip_02185,DEP,18900,65,Inbound,1
2025-01-17,Red,stop_027,trip_02186,ARR,19080,66,Outbound,0
2025-01-18,Orange,stop_028,trip_02187,DEP,19260,67,Inbound,1
2025-01-19,Red,stop_029,trip_02188,ARR,19440,68,Outbound,0
2025-01-20,Orange,stop_030,trip_02189,DEP,19620,69,Inbound,1
2025-01-21,Red,stop_031,trip_02190,ARR,19800,70,Outbound,0
2025-01-22,Orange,stop_032,trip_02191,DEP,19980,71,Inbound,1
2025-01-23,Red,stop_033,trip_02192,ARR,20160,72,Outbound,0
2025-01-24,Orange,stop_034,trip_02193,DEP,20340,73,Inbound,1
2025-01-25,Red,stop_035,trip_02194,ARR,20520,74,Outbound,0
2025-01-26,Orange,stop_036,trip_02195,DEP,20700,75,Inbound,1
2025-01-27,Red,stop_037,trip_02196,ARR,20880,76,Outbound,0
2025-01-28,Orange,stop_038,trip_02197,DEP,21060,77,Inbound,1
2025-01-29,Red,stop_039,trip_02198,ARR,21240,78,Outbound,0
2025-01-30,Orange,stop_040,trip_02199,DEP,21420,79,Inbound,1
2025-01-31,Red,stop_001,trip_02200,ARR,18000,80,Outbound,0
2025-01-01,Orange,stop_002,trip_02201,DEP,18180,81,Inbound,1
2025-01-02,Red,stop_003,trip_02202,ARR,18360,82,Outbound,0
2025-01-03,Orange,stop_004,trip_02203,DEP,18540,83,Inbound,1
2025-01-04,Red,stop_005,trip_02204,ARR,18720,84,Outbound,0
2025-01-05,Orange,stop_006,trip_02205,DEP,18900,85,Inbound,1
2025-01-06,Red,stop_007,trip_02206,ARR,19080,86,Outbound,0
2025-01-07,Orange,stop_008,trip_02207,DEP,19260,87,Inbound,1
2025-01-08,Red,stop_009,trip_02208,ARR,19440,88,Outbound,0
2025-01-09,Orange,stop_010,trip_02209,DEP,19620,89,Inbound,1
2025-01-10,Red,stop_011,trip_02210,ARR,19800,90,Outbound,0
2025-01-11,Orange,stop_012,trip_02211,DEP,19980,91,Inbound,1
2025-01-12,Red,stop_013,trip_02212,ARR,20160,92,Outbound,0
2025-01-13,Orange,stop_014,trip_02213,DEP,20340,93,Inbound,1
2025-01-14,Red,stop_015,trip_02214,ARR,20520,94,Outbound,0
2025-01-15,Orange,stop_016,trip_02215,DEP,20700,95,Inbound,1
2025-01-16,Red,stop_017,trip_02216,ARR,20880,96,Outbound,0
2025-01-17,Orange,stop_018,trip_02217,DEP,21060,97,Inbound,1
2025-01-18,Red,stop_019,trip_02218,ARR,21240,98,Outbound,0
2025-01-19,Orange,stop_020,trip_02219,DEP,21420,99,Inbound,1
2025-01-20,Red,stop_021,trip_02220,ARR,18000,100,Outbound,0
2025-01-21,Orange,stop_022,trip_02221,DEP,18180,101,Inbound,1
2025-01-22,Red,stop_023,trip_02222,ARR,18360,102,Outbound,0
2025-01-23,Orange,stop_024,trip_02223,DEP,18540,103,Inbound,1
2025-01-24,Red,stop_025,trip_02224,ARR,18720,104,Outbound,0
2025-01-25,Orange,stop_026,trip_02225,DEP,18900,105,Inbound,1
2025-01-26,Red,stop_027,trip_02226,ARR,19080,106,Outbound,0
2025-01-27,Orange,stop_028,trip_02227,DEP,19260,107,Inbound,1
2025-01-28,Red,stop_029,trip_02228,ARR,19440,108,Outbound,0
2025-01-29,Orange,stop_030,trip_02229,DEP,19620,109,Inbound,1
2025-01-30,Red,stop_031,trip_02230,ARR,19800,110,Outbound,0
2025-01-31,Orange,stop_032,trip_02231,DEP,19980,111,Inbound,1
2025-01-01,Red,stop_033,trip_02232,ARR,20160,112,Outbound,0
2025-01-02,Orange,stop_034,trip_02233,DEP,20340,113,Inbound,1
2025-01-03,Red,stop_035,trip_02234,ARR,20520,114,Outbound,0
2025-01-04,Orange,stop_036,trip_02235,DEP,20700,115,Inbound,1
2025-01-05,Red,stop_037,trip_02236,ARR,20880,116,Outbound,0
2025-01-06,Orange,stop_038,trip_02237,DEP,21060,117,Inbound,1
2025-01-07,Red,stop_039,trip_02238,ARR,21240,118,Outbound,0
2025-01-08,Orange,stop_040,trip_02239,DEP,21420,119,Inbound,1
2025-01-09,Red,stop_001,trip_02240,ARR,18000,120,Outbound,0
2025-01-10,Orange,stop_002,trip_02241,DEP,18180,121,Inbound,1
2025-01-11,Red,stop_003,trip_02242,ARR,18360,122,Outbound,0
2025-01-12,Orange,stop_004,trip_02243,DEP,18540,123,Inbound,1
2025-01-13,Red,stop_005,trip_02244,ARR,18720,124,Outbound,0
2025-01-14,Orange,stop_006,trip_02245,DEP,18900,125,Inbound,1
2025-01-15,Red,stop_007,trip_02246,ARR,19080,126,Outbound,0
2025-01-16,Orange,stop_008,trip_02247,DEP,19260,127,Inbound,1
2025-01-17,Red,stop_009,trip_02248,ARR,19440,128,Outbound,0
2025-01-18,Orange,stop_010,trip_02249,DEP,19620,129,Inbound,1
2025-01-19,Red,stop_011,trip_02250,ARR,19800,130,Outbound,0
2025-01-20,Orange,stop_012,trip_02251,DEP,19980,131,Inbound,1
2025-01-21,Red,stop_013,trip_02252,ARR,20160,132,Outbound,0
2025-01-22,Orange,stop_014,trip_02253,DEP,20340,133,Inbound,1
2025-01-23,Red,stop_015,trip_02254,ARR,20520,134,Outbound,0
2025-01-24,Orange,stop_016,trip_02255,DEP,20700,135,Inbound,1
2025-01-25,Red,stop_017,trip_02256,ARR,20880,136,Outbound,0
2025-01-26,Orange,stop_018,trip_02257,DEP,21060,137,Inbound,1
2025-01-27,Red,stop_019,trip_02258,ARR,21240,138,Outbound,0
2025-01-28,Orange,stop_020,trip_02259,DEP,21420,139,Inbound,1
2025-01-29,Red,stop_021,trip_02260,ARR,18000,140,Outbound,0
2025-01-30,Orange,stop_022,trip_02261,DEP,18180,141,Inbound,1
2025-01-31,Red,stop_023,trip_02262,ARR,18360,142,Outbound,0
2025-01-01,Orange,stop_024,trip_02263,DEP,18540,143,Inbound,1
2025-01-02,Red,stop_025,trip_02264,ARR,18720,144,Outbound,0
2025-01-03,Orange,stop_026,trip_02265,DEP,18900,145,Inbound,1
2025-01-04,Red,stop_027,trip_02266,ARR,19080,146,Outbound,0
2025-01-05,Orange,stop_028,trip_02267,DEP,19260,147,Inbound,1
2025-01-06,Red,stop_029,trip_02268,ARR,19440,148,Outbound,0
2025-01-07,Orange,stop_030,trip_02269,DEP,19620,149,Inbound,1
2025-01-08,Red,stop_031,trip_02270,ARR,19800,150,Outbound,0
2025-01-09,Orange,stop_032,trip_02271,DEP,19980,151,Inbound,1
2025-01-10,Red,stop_033,trip_02272,ARR,20160,152,Outbound,0
2025-01-11,Orange,stop_034,trip_02273,DEP,20340,153,Inbound,1
2025-01-12,Red,stop_035,trip_02274,ARR,20520,154,Outbound,0
2025-01-13,Orange,stop_036,trip_02275,DEP,20700,155,Inbound,1
2025-01-14,Red,stop_037,trip_02276,ARR,20880,156,Outbound,0
2025-01-15,Orange,stop_038,trip_02277,DEP,21060,157,Inbound,1
2025-01-16,Red,stop_039,trip_02278,ARR,21240,158,Outbound,0
2025-01-17,Orange,stop_040,trip_02279,DEP,21420,159,Inbound,1
2025-01-18,Red,stop_001,trip_02280,ARR,18000,160,Outbound,0
2025-01-19,Orange,stop_002,trip_02281,DEP,18180,161,Inbound,1
2025-01-20,Red,stop_003,trip_02282,ARR,18360,162,Outbound,0
2025-01-21,Orange,stop_004,trip_02283,DEP,18540,163,Inbound,1
2025-01-22,Red,stop_005,trip_02284,ARR,18720,164,Outbound,0
2025-01-23,Orange,stop_006,trip_02285,DEP,18900,165,Inbound,1
2025-01-24,Red,stop_007,trip_02286,ARR,19080,166,Outbound,0
2025-01-25,Orange,stop_008,trip_02287,DEP,19260,167,Inbound,1
2025-01-26,Red,stop_009,trip_02288,ARR,19440,168,Outbound,0
2025-01-27,Orange,stop_010,trip_02289,DEP,19620,169,Inbound,1
2025-01-28,Red,stop_011,trip_02290,ARR,19800,170,Outbound,0
2025-01-29,Orange,stop_012,trip_02291,DEP,19980,171,Inbound,1
2025-01-30,Red,stop_013,trip_02292,ARR,20160,172,Outbound,0
2025-01-31,Orange,stop_014,trip_02293,DEP,20340,173,Inbound,1
2025-01-01,Red,stop_015,trip_02294,ARR,20520,174,Outbound,0
2025-01-02,Orange,stop_016,trip_02295,DEP,20700,175,Inbound,1
2025-01-03,Red,stop_017,trip_02296,ARR,20880,176,Outbound,0
2025-01-04,Orange,stop_018,trip_02297,DEP,21060,177,Inbound,1
2025-01-05,Red,stop_019,trip_02298,ARR,21240,178,Outbound,0
2025-01-06,Orange,stop_020,trip_02299,DEP,21420,179,Inbound,1
2025-01-07,Red,stop_021,trip_02300,ARR,18000,180,Outbound,0
2025-01-08,Orange,stop_022,trip_02301,DEP,18180,181,Inbound,1
2025-01-09,Red,stop_023,trip_02302,ARR,18360,182,Outbound,0
2025-01-10,Orange,stop_024,trip_02303,DEP,18540,183,Inbound,1
2025-01-11,Red,stop_025,trip_02304,ARR,18720,184,Outbound,0
2025-01-12,Orange,stop_026,trip_02305,DEP,18900,185,Inbound,1
2025-01-13,Red,stop_027,trip_02306,ARR,19080,186,Outbound,0
2025-01-14,Orange,stop_028,trip_02307,DEP,19260,187,Inbound,1
2025-01-15,Red,stop_029,trip_02308,ARR,19440,188,Outbound,0
2025-01-16,Orange,stop_030,trip_02309,DEP,19620,189,Inbound,1
2025-01-17,Red,stop_031,trip_02310,ARR,19800,190,Outbound,0
2025-01-18,Orange,stop_032,trip_02311,DEP,19980,191,Inbound,1
2025-01-19,Red,stop_033,trip_02312,ARR,20160,192,Outbound,0
2025-01-20,Orange,stop_034,trip_02313,DEP,20340,193,Inbound,1
2025-01-21,Red,stop_035,trip_02314,ARR,20520,194,Outbound,0
2025-01-22,Orange,stop_036,trip_02315,DEP,20700,195,Inbound,1
2025-01-23,Red,stop_037,trip_02316,ARR,20880,196,Outbound,0
2025-01-24,Orange,stop_038,trip_02317,DEP,21060,197,Inbound,1
2025-01-25,Red,stop_039,trip_02318,ARR,21240,198,Outbound,0
2025-01-26,Orange,stop_040,trip_02319,DEP,21420,199,Inbound,1
2025-01-27,Red,stop_001,trip_02320,ARR,18000,200,Outbound,0
2025-01-28,Orange,stop_002,trip_02321,DEP,18180,201,Inbound,1
2025-01-29,Red,stop_003,trip_02322,ARR,18360,202,Outbound,0
2025-01-30,Orange,stop_004,trip_02323,DEP,18540,203,Inbound,1
2025-01-31,Red,stop_005,trip_02324,ARR,18720,204,Outbound,0
2025-01-01,Orange,stop_006,trip_02325,DEP,18900,205,Inbound,1
2025-01-02,Red,stop_007,trip_02326,ARR,19080,206,Outbound,0
2025-01-03,Orange,stop_008,trip_02327,DEP,19260,207,Inbound,1
2025-01-04,Red,stop_009,trip_02328,ARR,19440,208,Outbound,0
2025-01-05,Orange,stop_010,trip_02329,DEP,19620,209,Inbound,1
2025-01-06,Red,stop_011,trip_02330,ARR,19800,210,Outbound,0
2025-01-07,Orange,stop_012,trip_02331,DEP,19980,211,Inbound,1
2025-01-08,Red,stop_013,trip_02332,ARR,20160,212,Outbound,0
2025-01-09,Orange,stop_014,trip_02333,DEP,20340,213,Inbound,1
2025-01-10,Red,stop_015,trip_02334,ARR,20520,214,Outbound,0
2025-01-11,Orange,stop_016,trip_02335,DEP,20700,215,Inbound,1
2025-01-12,Red,stop_017,trip_02336,ARR,20880,216,Outbound,0
2025-01-13,Orange,stop_018,trip_02337,DEP,21060,217,Inbound,1
2025-01-14,Red,stop_019,trip_02338,ARR,21240,218,Outbound,0
2025-01-15,Orange,stop_020,trip_02339,DEP,21420,219,Inbound,1
2025-01-16,Red,stop_021,trip_02340,ARR,18000,220,Outbound,0
2025-01-17,Orange,stop_022,trip_02341,DEP,18180,221,Inbound,1
2025-01-18,Red,stop_023,trip_02342,ARR,18360,222,Outbound,0
2025-01-19,Orange,stop_024,trip_02343,DEP,18540,223,Inbound,1
2025-01-20,Red,stop_025,trip_02344,ARR,18720,224,Outbound,0
2025-01-21,Orange,stop_026,trip_02345,DEP,18900,225,Inbound,1
2025-01-22,Red,stop_027,trip_02346,ARR,19080,226,Outbound,0
2025-01-23,Orange,stop_028,trip_02347,DEP,19260,227,Inbound,1
2025-01-24,Red,stop_029,trip_02348,ARR,19440,228,Outbound,0
2025-01-25,Orange,stop_030,trip_02349,DEP,19620,229,Inbound,1
2025-01-26,Red,stop_031,trip_02350,ARR,19800,230,Outbound,0
2025-01-27,Orange,stop_032,trip_02351,DEP,19980,231,Inbound,1
2025-01-28,Red,stop_033,trip_02352,ARR,20160,232,Outbound,0
2025-01-29,Orange,stop_034,trip_02353,DEP,20340,233,Inbound,1
2025-01-30,Red,stop_035,trip_02354,ARR,20520,234,Outbound,0
2025-01-31,Orange,stop_036,trip_02355,DEP,20700,235,Inbound,1
2025-01-01,Red,stop_037,trip_02356,ARR,20880,236,Outbound,0
2025-01-02,Orange,stop_038,trip_02357,DEP,21060,237,Inbound,1
2025-01-03,Red,stop_039,trip_02358,ARR,21240,238,Outbound,0
2025-01-04,Orange,stop_040,trip_02359,DEP,21420,239,Inbound,1
2025-01-05,Red,stop_001,trip_02360,ARR,18000,240,Outbound,0
2025-01-06,Orange,stop_002,trip_02361,DEP,18180,241,Inbound,1
2025-01-07,Red,stop_003,trip_02362,ARR,18360,242,Outbound,0
2025-01-08,Orange,stop_004,trip_02363,DEP,18540,243,Inbound,1
2025-01-09,Red,stop_005,trip_02364,ARR,18720,244,Outbound,0
2025-01-10,Orange,stop_006,trip_02365,DEP,18900,245,Inbound,1
2025-01-11,Red,stop_007,trip_02366,ARR,19080,246,Outbound,0
2025-01-12,Orange,stop_008,trip_02367,DEP,19260,247,Inbound,1
2025-01-13,Red,stop_009,trip_02368,ARR,19440,248,Outbound,0
2025-01-14,Orange,stop_010,trip_02369,DEP,19620,249,Inbound,1
2025-01-15,Red,stop_011,trip_02370,ARR,19800,250,Outbound,0
2025-01-16,Orange,stop_012,trip_02371,DEP,19980,251,Inbound,1
2025-01-17,Red,stop_013,trip_02372,ARR,20160,252,Outbound,0
2025-01-18,Orange,stop_014,trip_02373,DEP,20340,253,Inbound,1
2025-01-19,Red,stop_015,trip_02374,ARR,20520,254,Outbound,0
2025-01-20,Orange,stop_016,trip_02375,DEP,20700,255,Inbound,1
2025-01-21,Red,stop_017,trip_02376,ARR,20880,256,Outbound,0
2025-01-22,Orange,stop_018,trip_02377,DEP,21060,257,Inbound,1
2025-01-23,Red,stop_019,trip_02378,ARR,21240,258,Outbound,0
2025-01-24,Orange,stop_020,trip_02379,DEP,21420,259,Inbound,1
2025-01-25,Red,stop_021,trip_02380,ARR,18000,260,Outbound,0
2025-01-26,Orange,stop_022,trip_02381,DEP,18180,261,Inbound,1
2025-01-27,Red,stop_023,trip_02382,ARR,18360,262,Outbound,0
2025-01-28,Orange,stop_024,trip_02383,DEP,18540,263,Inbound,1
2025-01-29,Red,stop_025,trip_02384,ARR,18720,264,Outbound,0
2025-01-30,Orange,stop_026,trip_02385,DEP,18900,265,Inbound,1
2025-01-31,Red,stop_027,trip_02386,ARR,19080,266,Outbound,0
2025-01-01,Orange,stop_028,trip_02387,DEP,19260,267,Inbound,1
2025-01-02,Red,stop_029,trip_02388,ARR,19440,268,Outbound,0
2025-01-03,Orange,stop_030,trip_02389,DEP,19620,269,Inbound,1
2025-01-04,Red,stop_031,trip_02390,ARR,19800,270,Outbound,0
2025-01-05,Orange,stop_032,trip_02391,DEP,19980,271,Inbound,1
2025-01-06,Red,stop_033,trip_02392,ARR,20160,272,Outbound,0
2025-01-07,Orange,stop_034,trip_02393,DEP,20340,273,Inbound,1
2025-01-08,Red,stop_035,trip_02394,ARR,20520,274,Outbound,0
2025-01-09,Orange,stop_036,trip_02395,DEP,20700,275,Inbound,1
2025-01-10,Red,stop_037,trip_02396,ARR,20880,276,Outbound,0
2025-01-11,Orange,stop_038,trip_02397,DEP,21060,277,Inbound,1
2025-01-12,Red,stop_039,trip_02398,ARR,21240,278,Outbound,0
2025-01-13,Orange,stop_040,trip_02399,DEP,21420,279,Inbound,1
2025-01-14,Red,stop_001,trip_02400,ARR,18000,-120,Outbound,0
2025-01-15,Orange,stop_002,trip_02401,DEP,18180,-119,Inbound,1
2025-01-16,Red,stop_003,trip_02402,ARR,18360,-118,Outbound,0
2025-01-17,Orange,stop_004,trip_02403,DEP,18540,-117,Inbound,1
2025-01-18,Red,stop_005,trip_02404,ARR,18720,-116,Outbound,0
2025-01-19,Orange,stop_006,trip_02405,DEP,18900,-115,Inbound,1
2025-01-20,Red,stop_007,trip_02406,ARR,19080,-114,Outbound,0
2025-01-21,Orange,stop_008,trip_02407,DEP,19260,-113,Inbound,1
2025-01-22,Red,stop_009,trip_02408,ARR,19440,-112,Outbound,0
2025-01-23,Orange,stop_010,trip_02409,DEP,19620,-111,Inbound,1
2025-01-24,Red,stop_011,trip_02410,ARR,19800,-110,Outbound,0
2025-01-25,Orange,stop_012,trip_02411,DEP,19980,-109,Inbound,1
2025-01-26,Red,stop_013,trip_02412,ARR,20160,-108,Outbound,0
2025-01-27,Orange,stop_014,trip_02413,DEP,20340,-107,Inbound,1
2025-01-28,Red,stop_015,trip_02414,ARR,20520,-106,Outbound,0
2025-01-29,Orange,stop_016,trip_02415,DEP,20700,-105,Inbound,1
2025-01-30,Red,stop_017,trip_02416,ARR,20880,-104,Outbound,0
2025-01-31,Orange,stop_018,trip_02417,DEP,21060,-103,Inbound,1
2025-01-01,Red,stop_019,trip_02418,ARR,21240,-102,Outbound,0
2025-01-02,Orange,stop_020,trip_02419,DEP,21420,-101,Inbound,1
2025-01-03,Red,stop_021,trip_02420,ARR,18000,-100,Outbound,0
2025-01-04,Orange,stop_022,trip_02421,DEP,18180,-99,Inbound,1
2025-01-05,Red,stop_023,trip_02422,ARR,18360,-98,Outbound,0
2025-01-06,Orange,stop_024,trip_02423,DEP,18540,-97,Inbound,1
2025-01-07,Red,stop_025,trip_02424,ARR,18720,-96,Outbound,0
2025-01-08,Orange,stop_026,trip_02425,DEP,18900,-95,Inbound,1
2025-01-09,Red,stop_027,trip_02426,ARR,19080,-94,Outbound,0
2025-01-10,Orange,stop_028,trip_02427,DEP,19260,-93,Inbound,1
2025-01-11,Red,stop_029,trip_02428,ARR,19440,-92,Outbound,0
2025-01-12,Orange,stop_030,trip_02429,DEP,19620,-91,Inbound,1
2025-01-13,Red,stop_031,trip_02430,ARR,19800,-90,Outbound,0
2025-01-14,Orange,stop_032,trip_02431,DEP,19980,-89,Inbound,1
2025-01-15,Red,stop_033,trip_02432,ARR,20160,-88,Outbound,0
2025-01-16,Orange,stop_034,trip_02433,DEP,20340,-87,Inbound,1
2025-01-17,Red,stop_035,trip_02434,ARR,20520,-86,Outbound,0
2025-01-18,Orange,stop_036,trip_02435,DEP,20700,-85,Inbound,1
2025-01-19,Red,stop_037,trip_02436,ARR,20880,-84,Outbound,0
2025-01-20,Orange,stop_038,trip_02437,DEP,21060,-83,Inbound,1
2025-01-21,Red,stop_039,trip_02438,ARR,21240,-82,Outbound,0
2025-01-22,Orange,stop_040,trip_02439,DEP,21420,-81,Inbound,1
2025-01-23,Red,stop_001,trip_02440,ARR,18000,-80,Outbound,0
2025-01-24,Orange,stop_002,trip_02441,DEP,18180,-79,Inbound,1
2025-01-25,Red,stop_003,trip_02442,ARR,18360,-78,Outbound,0
2025-01-26,Orange,stop_004,trip_02443,DEP,18540,-77,Inbound,1
2025-01-27,Red,stop_005,trip_02444,ARR,18720,-76,Outbound,0
2025-01-28,Orange,stop_006,trip_02445,DEP,18900,-75,Inbound,1
2025-01-29,Red,stop_007,trip_02446,ARR,19080,-74,Outbound,0
2025-01-30,Orange,stop_008,trip_02447,DEP,19260,-73,Inbound,1
2025-01-31,Red,stop_009,trip_02448,ARR,19440,-72,Outbound,0
2025-01-01,Orange,stop_010,trip_02449,DEP,19620,-71,Inbound,1
2025-01-02,Red,stop_011,trip_02450,ARR,19800,-70,Outbound,0
2025-01-03,Orange,stop_012,trip_02451,DEP,19980,-69,Inbound,1
2025-01-04,Red,stop_013,trip_02452,ARR,20160,-68,Outbound,0
2025-01-05,Orange,stop_014,trip_02453,DEP,20340,-67,Inbound,1
2025-01-06,Red,stop_015,trip_02454,ARR,20520,-66,Outbound,0
2025-01-07,Orange,stop_016,trip_02455,DEP,20700,-65,Inbound,1
2025-01-08,Red,stop_017,trip_02456,ARR,20880,-64,Outbound,0
2025-01-09,Orange,stop_018,trip_02457,DEP,21060,-63,Inbound,1
2025-01-10,Red,stop_019,trip_02458,ARR,21240,-62,Outbound,0
2025-01-11,Orange,stop_020,trip_02459,DEP,21420,-61,Inbound,1
2025-01-12,Red,stop_021,trip_02460,ARR,18000,-60,Outbound,0
2025-01-13,Orange,stop_022,trip_02461,DEP,18180,-59,Inbound,1
2025-01-14,Red,stop_023,trip_02462,ARR,18360,-58,Outbound,0
2025-01-15,Orange,stop_024,trip_02463,DEP,18540,-57,Inbound,1
2025-01-16,Red,stop_025,trip_02464,ARR,18720,-56,Outbound,0
2025-01-17,Orange,stop_026,trip_02465,DEP,18900,-55,Inbound,1
2025-01-18,Red,stop_027,trip_02466,ARR,19080,-54,Outbound,0
2025-01-19,Orange,stop_028,trip_02467,DEP,19260,-53,Inbound,1
2025-01-20,Red,stop_029,trip_02468,ARR,19440,-52,Outbound,0
2025-01-21,Orange,stop_030,trip_02469,DEP,19620,-51,Inbound,1
2025-01-22,Red,stop_031,trip_02470,ARR,19800,-50,Outbound,0
2025-01-23,Orange,stop_032,trip_02471,DEP,19980,-49,Inbound,1
2025-01-24,Red,stop_033,trip_02472,ARR,20160,-48,Outbound,0
2025-01-25,Orange,stop_034,trip_02473,DEP,20340,-47,Inbound,1
2025-01-26,Red,stop_035,trip_02474,ARR,20520,-46,Outbound,0
2025-01-27,Orange,stop_036,trip_02475,DEP,20700,-45,Inbound,1
2025-01-28,Red,stop_037,trip_02476,ARR,20880,-44,Outbound,0
2025-01-29,Orange,stop_038,trip_02477,DEP,21060,-43,Inbound,1
2025-01-30,Red,stop_039,trip_02478,ARR,21240,-42,Outbound,0
2025-01-31,Orange,stop_040,trip_02479,DEP,21420,-41,Inbound,1
2025-01-01,Red,stop_001,trip_02480,ARR,18000,-40,Outbound,0
2025-01-02,Orange,stop_002,trip_02481,DEP,18180,-39,Inbound,1
2025-01-03,Red,stop_003,trip_02482,ARR,18360,-38,Outbound,0
2025-01-04,Orange,stop_004,trip_02483,DEP,18540,-37,Inbound,1
2025-01-05,Red,stop_005,trip_02484,ARR,18720,-36,Outbound,0
2025-01-06,Orange,stop_006,trip_02485,DEP,18900,-35,Inbound,1
2025-01-07,Red,stop_007,trip_02486,ARR,19080,-34,Outbound,0
2025-01-08,Orange,stop_008,trip_02487,DEP,19260,-33,Inbound,1
2025-01-09,Red,stop_009,trip_02488,ARR,19440,-32,Outbound,0
2025-01-10,Orange,stop_010,trip_02489,DEP,19620,-31,Inbound,1
2025-01-11,Red,stop_011,trip_02490,ARR,19800,-30,Outbound,0
2025-01-12,Orange,stop_012,trip_02491,DEP,19980,-29,Inbound,1
2025-01-13,Red,stop_013,trip_02492,ARR,20160,-28,Outbound,0
2025-01-14,Orange,stop_014,trip_02493,DEP,20340,-27,Inbound,1
2025-01-15,Red,stop_015,trip_02494,ARR,20520,-26,Outbound,0
2025-01-16,Orange,stop_016,trip_02495,DEP,20700,-25,Inbound,1
2025-01-17,Red,stop_017,trip_02496,ARR,20880,-24,Outbound,0
2025-01-18,Orange,stop_018,trip_02497,DEP,21060,-23,Inbound,1
2025-01-19,Red,stop_019,trip_02498,ARR,21240,-22,Outbound,0
2025-01-20,Orange,stop_020,trip_02499,DEP,21420,-21,Inbound,1
2025-01-21,Red,stop_021,trip_02500,ARR,18000,-20,Outbound,0
2025-01-22,Orange,stop_022,trip_02501,DEP,18180,-19,Inbound,1
2025-01-23,Red,stop_023,trip_02502,ARR,18360,-18,Outbound,0
2025-01-24,Orange,stop_024,trip_02503,DEP,18540,-17,Inbound,1
2025-01-25,Red,stop_025,trip_02504,ARR,18720,-16,Outbound,0
2025-01-26,Orange,stop_026,trip_02505,DEP,18900,-15,Inbound,1
2025-01-27,Red,stop_027,trip_02506,ARR,19080,-14,Outbound,0
2025-01-28,Orange,stop_028,trip_02507,DEP,19260,-13,Inbound,1
2025-01-29,Red,stop_029,trip_02508,ARR,19440,-12,Outbound,0
2025-01-30,Orange,stop_030,trip_02509,DEP,19620,-11,Inbound,1
2025-01-31,Red,stop_031,trip_02510,ARR,19800,-10,Outbound,0
2025-01-01,Orange,stop_032,trip_02511,DEP,19980,-9,Inbound,1
2025-01-02,Red,stop_033,trip_02512,ARR,20160,-8,Outbound,0
2025-01-03,Orange,stop_034,trip_02513,DEP,20340,-7,Inbound,1
2025-01-04,Red,stop_035,trip_02514,ARR,20520,-6,Outbound,0
2025-01-05,Orange,stop_036,trip_02515,DEP,20700,-5,Inbound,1
2025-01-06,Red,stop_037,trip_02516,ARR,20880,-4,Outbound,0
2025-01-07,Orange,stop_038,trip_02517,DEP,21060,-3,Inbound,1
2025-01-08,Red,stop_039,trip_02518,ARR,21240,-2,Outbound,0
2025-01-09,Orange,stop_040,trip_02519,DEP,21420,-1,Inbound,1
2025-01-10,Red,stop_001,trip_02520,ARR,18000,0,Outbound,0
2025-01-11,Orange,stop_002,trip_02521,DEP,18180,1,Inbound,1
2025-01-12,Red,stop_003,trip_02522,ARR,18360,2,Outbound,0
2025-01-13,Orange,stop_004,trip_02523,DEP,18540,3,Inbound,1
2025-01-14,Red,stop_005,trip_02524,ARR,18720,4,Outbound,0
2025-01-15,Orange,stop_006,trip_02525,DEP,18900,5,Inbound,1
2025-01-16,Red,stop_007,trip_02526,ARR,19080,6,Outbound,0
2025-01-17,Orange,stop_008,trip_02527,DEP,19260,7,Inbound,1
2025-01-18,Red,stop_009,trip_02528,ARR,19440,8,Outbound,0
2025-01-19,Orange,stop_010,trip_02529,DEP,19620,9,Inbound,1
2025-01-20,Red,stop_011,trip_02530,ARR,19800,10,Outbound,0
2025-01-21,Orange,stop_012,trip_02531,DEP,19980,11,Inbound,1
2025-01-22,Red,stop_013,trip_02532,ARR,20160,12,Outbound,0
2025-01-23,Orange,stop_014,trip_02533,DEP,20340,13,Inbound,1
2025-01-24,Red,stop_015,trip_02534,ARR,20520,14,Outbound,0
2025-01-25,Orange,stop_016,trip_02535,DEP,20700,15,Inbound,1
2025-01-26,Red,stop_017,trip_02536,ARR,20880,16,Outbound,0
2025-01-27,Orange,stop_018,trip_02537,DEP,21060,17,Inbound,1
2025-01-28,Red,stop_019,trip_02538,ARR,21240,18,Outbound,0
2025-01-29,Orange,stop_020,trip_02539,DEP,21420,19,Inbound,1
2025-01-30,Red,stop_021,trip_02540,ARR,18000,20,Outbound,0
2025-01-31,Orange,stop_022,trip_02541,DEP,18180,21,Inbound,1
2025-01-01,Red,stop_023,trip_02542,ARR,18360,22,Outbound,0
2025-01-02,Orange,stop_024,trip_02543,DEP,18540,23,Inbound,1
2025-01-03,Red,stop_025,trip_02544,ARR,18720,24,Outbound,0
2025-01-04,Orange,stop_026,trip_02545,DEP,18900,25,Inbound,1
2025-01-05,Red,stop_027,trip_02546,ARR,19080,26,Outbound,0
2025-01-06,Orange,stop_028,trip_02547,DEP,19260,27,Inbound,1
2025-01-07,Red,stop_029,trip_02548,ARR,19440,28,Outbound,0
2025-01-08,Orange,stop_030,trip_02549,DEP,19620,29,Inbound,1
2025-01-09,Red,stop_031,trip_02550,ARR,19800,30,Outbound,0
2025-01-10,Orange,stop_032,trip_02551,DEP,19980,31,Inbound,1
2025-01-11,Red,stop_033,trip_02552,ARR,20160,32,Outbound,0
2025-01-12,Orange,stop_034,trip_02553,DEP,20340,33,Inbound,1
2025-01-13,Red,stop_035,trip_02554,ARR,20520,34,Outbound,0
2025-01-14,Orange,stop_036,trip_02555,DEP,20700,35,Inbound,1
2025-01-15,Red,stop_037,trip_02556,ARR,20880,36,Outbound,0
2025-01-16,Orange,stop_038,trip_02557,DEP,21060,37,Inbound,1
2025-01-17,Red,stop_039,trip_02558,ARR,21240,38,Outbound,0
2025-01-18,Orange,stop_040,trip_02559,DEP,21420,39,Inbound,1
2025-01-19,Red,stop_001,trip_02560,ARR,18000,40,Outbound,0
2025-01-20,Orange,stop_002,trip_02561,DEP,18180,41,Inbound,1
2025-01-21,Red,stop_003,trip_02562,ARR,18360,42,Outbound,0
2025-01-22,Orange,stop_004,trip_02563,DEP,18540,43,Inbound,1
2025-01-23,Red,stop_005,trip_02564,ARR,18720,44,Outbound,0
2025-01-24,Orange,stop_006,trip_02565,DEP,18900,45,Inbound,1
2025-01-25,Red,stop_007,trip_02566,ARR,19080,46,Outbound,0
2025-01-26,Orange,stop_008,trip_02567,DEP,19260,47,Inbound,1
2025-01-27,Red,stop_009,trip_02568,ARR,19440,48,Outbound,0
2025-01-28,Orange,stop_010,trip_02569,DEP,19620,49,Inbound,1
2025-01-29,Red,stop_011,trip_02570,ARR,19800,50,Outbound,0
2025-01-30,Orange,stop_012,trip_02571,DEP,19980,51,Inbound,1
2025-01-31,Red,stop_013,trip_02572,ARR,20160,52,Outbound,0
2025-01-01,Orange,stop_014,trip_02573,DEP,20340,53,Inbound,1
2025-01-02,Red,stop_015,trip_02574,ARR,20520,54,Outbound,0
2025-01-03,Orange,stop_016,trip_02575,DEP,20700,55,Inbound,1
2025-01-04,Red,stop_017,trip_02576,ARR,20880,56,Outbound,0
2025-01-05,Orange,stop_018,trip_02577,DEP,21060,57,Inbound,1
2025-01-06,Red,stop_019,trip_02578,ARR,21240,58,Outbound,0
2025-01-07,Orange,stop_020,trip_02579,DEP,21420,59,Inbound,1
2025-01-08,Red,stop_021,trip_02580,ARR,18000,60,Outbound,0
2025-01-09,Orange,stop_022,trip_02581,DEP,18180,61,Inbound,1
2025-01-10,Red,stop_023,trip_02582,ARR,18360,62,Outbound,0
2025-01-11,Orange,stop_024,trip_02583,DEP,18540,63,Inbound,1
2025-01-12,Red,stop_025,trip_02584,ARR,18720,64,Outbound,0
2025-01-13,Orange,stop_026,trip_02585,DEP,18900,65,Inbound,1
2025-01-14,Red,stop_027,trip_02586,ARR,19080,66,Outbound,0
2025-01-15,Orange,stop_028,trip_02587,DEP,19260,67,Inbound,1
2025-01-16,Red,stop_029,trip_02588,ARR,19440,68,Outbound,0
2025-01-17,Orange,stop_030,trip_02589,DEP,19620,69,Inbound,1
2025-01-18,Red,stop_031,trip_02590,ARR,19800,70,Outbound,0
2025-01-19,Orange,stop_032,trip_02591,DEP,19980,71,Inbound,1
2025-01-20,Red,stop_033,trip_02592,ARR,20160,72,Outbound,0
2025-01-21,Orange,stop_034,trip_02593,DEP,20340,73,Inbound,1
2025-01-22,Red,stop_035,trip_02594,ARR,20520,74,Outbound,0
2025-01-23,Orange,stop_036,trip_02595,DEP,20700,75,Inbound,1
2025-01-24,Red,stop_037,trip_02596,ARR,20880,76,Outbound,0
2025-01-25,Orange,stop_038,trip_02597,DEP,21060,77,Inbound,1
2025-01-26,Red,stop_039,trip_02598,ARR,21240,78,Outbound,0
2025-01-27,Orange,stop_040,trip_02599,DEP,21420,79,Inbound,1
2025-01-28,Red,stop_001,trip_02600,ARR,18000,80,Outbound,0
2025-01-29,Orange,stop_002,trip_02601,DEP,18180,81,Inbound,1
2025-01-30,Red,stop_003,trip_02602,ARR,18360,82,Outbound,0
2025-01-31,Orange,stop_004,trip_02603,DEP,18540,83,Inbound,1
2025-01-01,Red,stop_005,trip_02604,ARR,18720,84,Outbound,0
2025-01-02,Orange,stop_006,trip_02605,DEP,18900,85,Inbound,1
2025-01-03,Red,stop_007,trip_02606,ARR,19080,86,Outbound,0
2025-01-04,Orange,stop_008,trip_02607,DEP,19260,87,Inbound,1
2025-01-05,Red,stop_009,trip_02608,ARR,19440,88,Outbound,0
2025-01-06,Orange,stop_010,trip_02609,DEP,19620,89,Inbound,1
2025-01-07,Red,stop_011,trip_02610,ARR,19800,90,Outbound,0
2025-01-08,Orange,stop_012,trip_02611,DEP,19980,91,Inbound,1
2025-01-09,Red,stop_013,trip_02612,ARR,20160,92,Outbound,0
2025-01-10,Orange,stop_014,trip_02613,DEP,20340,93,Inbound,1
2025-01-11,Red,stop_015,trip_02614,ARR,20520,94,Outbound,0
2025-01-12,Orange,stop_016,trip_02615,DEP,20700,95,Inbound,1
2025-01-13,Red,stop_017,trip_02616,ARR,20880,96,Outbound,0
2025-01-14,Orange,stop_018,trip_02617,DEP,21060,97,Inbound,1
2025-01-15,Red,stop_019,trip_02618,ARR,21240,98,Outbound,0
2025-01-16,Orange,stop_020,trip_02619,DEP,21420,99,Inbound,1
2025-01-17,Red,stop_021,trip_02620,ARR,18000,100,Outbound,0
2025-01-18,Orange,stop_022,trip_02621,DEP,18180,101,Inbound,1
2025-01-19,Red,stop_023,trip_02622,ARR,18360,102,Outbound,0
2025-01-20,Orange,stop_024,trip_02623,DEP,18540,103,Inbound,1
2025-01-21,Red,stop_025,trip_02624,ARR,18720,104,Outbound,0
2025-01-22,Orange,stop_026,trip_02625,DEP,18900,105,Inbound,1
2025-01-23,Red,stop_027,trip_02626,ARR,19080,106,Outbound,0
2025-01-24,Orange,stop_028,trip_02627,DEP,19260,107,Inbound,1
2025-01-25,Red,stop_029,trip_02628,ARR,19440,108,Outbound,0
2025-01-26,Orange,stop_030,trip_02629,DEP,19620,109,Inbound,1
2025-01-27,Red,stop_031,trip_02630,ARR,19800,110,Outbound,0
2025-01-28,Orange,stop_032,trip_02631,DEP,19980,111,Inbound,1
2025-01-29,Red,stop_033,trip_02632,ARR,20160,112,Outbound,0
2025-01-30,Orange,stop_034,trip_02633,DEP,20340,113,Inbound,1
2025-01-31,Red,stop_035,trip_02634,ARR,20520,114,Outbound,0
2025-01-01,Orange,stop_036,trip_02635,DEP,20700,115,Inbound,1
2025-01-02,Red,stop_037,trip_02636,ARR,20880,116,Outbound,0
2025-01-03,Orange,stop_038,trip_02637,DEP,21060,117,Inbound,1
2025-01-04,Red,stop_039,trip_02638,ARR,21240,118,Outbound,0
2025-01-05,Orange,stop_040,trip_02639,DEP,21420,119,Inbound,1
2025-01-06,Red,stop_001,trip_02640,ARR,18000,120,Outbound,0
2025-01-07,Orange,stop_002,trip_02641,DEP,18180,121,Inbound,1
2025-01-08,Red,stop_003,trip_02642,ARR,18360,122,Outbound,0
2025-01-09,Orange,stop_004,trip_02643,DEP,18540,123,Inbound,1
2025-01-10,Red,stop_005,trip_02644,ARR,18720,124,Outbound,0
2025-01-11,Orange,stop_006,trip_02645,DEP,18900,125,Inbound,1
2025-01-12,Red,stop_007,trip_02646,ARR,19080,126,Outbound,0
2025-01-13,Orange,stop_008,trip_02647,DEP,19260,127,Inbound,1
2025-01-14,Red,stop_009,trip_02648,ARR,19440,128,Outbound,0
2025-01-15,Orange,stop_010,trip_02649,DEP,19620,129,Inbound,1
2025-01-16,Red,stop_011,trip_02650,ARR,19800,130,Outbound,0
2025-01-17,Orange,stop_012,trip_02651,DEP,19980,131,Inbound,1
2025-01-18,Red,stop_013,trip_02652,ARR,20160,132,Outbound,0
2025-01-19,Orange,stop_014,trip_02653,DEP,20340,133,Inbound,1
2025-01-20,Red,stop_015,trip_02654,ARR,20520,134,Outbound,0
2025-01-21,Orange,stop_016,trip_02655,DEP,20700,135,Inbound,1
2025-01-22,Red,stop_017,trip_02656,ARR,20880,136,Outbound,0
2025-01-23,Orange,stop_018,trip_02657,DEP,21060,137,Inbound,1
2025-01-24,Red,stop_019,trip_02658,ARR,21240,138,Outbound,0
2025-01-25,Orange,stop_020,trip_02659,DEP,21420,139,Inbound,1
2025-01-26,Red,stop_021,trip_02660,ARR,18000,140,Outbound,0
2025-01-27,Orange,stop_022,trip_02661,DEP,18180,141,Inbound,1
2025-01-28,Red,stop_023,trip_02662,ARR,18360,142,Outbound,0
2025-01-29,Orange,stop_024,trip_02663,DEP,18540,143,Inbound,1
2025-01-30,Red,stop_025,trip_02664,ARR,18720,144,Outbound,0
2025-01-31,Orange,stop_026,trip_02665,DEP,18900,145,Inbound,1
2025-01-01,Red,stop_027,trip_02666,ARR,19080,146,Outbound,0
2025-01-02,Orange,stop_028,trip_02667,DEP,19260,147,Inbound,1
2025-01-03,Red,stop_029,trip_02668,ARR,19440,148,Outbound,0
2025-01-04,Orange,stop_030,trip_02669,DEP,19620,149,Inbound,1
2025-01-05,Red,stop_031,trip_02670,ARR,19800,150,Outbound,0
2025-01-06,Orange,stop_032,trip_02671,DEP,19980,151,Inbound,1
2025-01-07,Red,stop_033,trip_02672,ARR,20160,152,Outbound,0
2025-01-08,Orange,stop_034,trip_02673,DEP,20340,153,Inbound,1
2025-01-09,Red,stop_035,trip_02674,ARR,20520,154,Outbound,0
2025-01-10,Orange,stop_036,trip_02675,DEP,20700,155,Inbound,1
2025-01-11,Red,stop_037,trip_02676,ARR,20880,156,Outbound,0
2025-01-12,Orange,stop_038,trip_02677,DEP,21060,157,Inbound,1
2025-01-13,Red,stop_039,trip_02678,ARR,21240,158,Outbound,0
2025-01-14,Orange,stop_040,trip_02679,DEP,21420,159,Inbound,1
2025-01-15,Red,stop_001,trip_02680,ARR,18000,160,Outbound,0
2025-01-16,Orange,stop_002,trip_02681,DEP,18180,161,Inbound,1
2025-01-17,Red,stop_003,trip_02682,ARR,18360,162,Outbound,0
2025-01-18,Orange,stop_004,trip_02683,DEP,18540,163,Inbound,1
2025-01-19,Red,stop_005,trip_02684,ARR,18720,164,Outbound,0
2025-01-20,Orange,stop_006,trip_02685,DEP,18900,165,Inbound,1
2025-01-21,Red,stop_007,trip_02686,ARR,19080,166,Outbound,0
2025-01-22,Orange,stop_008,trip_02687,DEP,19260,167,Inbound,1
2025-01-23,Red,stop_009,trip_02688,ARR,19440,168,Outbound,0
2025-01-24,Orange,stop_010,trip_02689,DEP,19620,169,Inbound,1
2025-01-25,Red,stop_011,trip_02690,ARR,19800,170,Outbound,0
2025-01-26,Orange,stop_012,trip_02691,DEP,19980,171,Inbound,1
2025-01-27,Red,stop_013,trip_02692,ARR,20160,172,Outbound,0
2025-01-28,Orange,stop_014,trip_02693,DEP,20340,173,Inbound,1
2025-01-29,Red,stop_015,trip_02694,ARR,20520,174,Outbound,0
2025-01-30,Orange,stop_016,trip_02695,DEP,20700,175,Inbound,1
2025-01-31,Red,stop_017,trip_02696,ARR,20880,176,Outbound,0
2025-01-01,Orange,stop_018,trip_02697,DEP,21060,177,Inbound,1
2025-01-02,Red,stop_019,trip_02698,ARR,21240,178,Outbound,0
2025-01-03,Orange,stop_020,trip_02699,DEP,21420,179,Inbound,1
2025-01-04,Red,stop_021,trip_02700,ARR,18000,180,Outbound,0
2025-01-05,Orange,stop_022,trip_02701,DEP,18180,181,Inbound,1
2025-01-06,Red,stop_023,trip_02702,ARR,18360,182,Outbound,0
2025-01-07,Orange,stop_024,trip_02703,DEP,18540,183,Inbound,1
2025-01-08,Red,stop_025,trip_02704,ARR,18720,184,Outbound,0
2025-01-09,Orange,stop_026,trip_02705,DEP,18900,185,Inbound,1
2025-01-10,Red,stop_027,trip_02706,ARR,19080,186,Outbound,0
2025-01-11,Orange,stop_028,trip_02707,DEP,19260,187,Inbound,1
2025-01-12,Red,stop_029,trip_02708,ARR,19440,188,Outbound,0
2025-01-13,Orange,stop_030,trip_02709,DEP,19620,189,Inbound,1
2025-01-14,Red,stop_031,trip_02710,ARR,19800,190,Outbound,0
2025-01-15,Orange,stop_032,trip_02711,DEP,19980,191,Inbound,1
2025-01-16,Red,stop_033,trip_02712,ARR,20160,192,Outbound,0
2025-01-17,Orange,stop_034,trip_02713,DEP,20340,193,Inbound,1
2025-01-18,Red,stop_035,trip_02714,ARR,20520,194,Outbound,0
2025-01-19,Orange,stop_036,trip_02715,DEP,20700,195,Inbound,1
2025-01-20,Red,stop_037,trip_02716,ARR,20880,196,Outbound,0
2025-01-21,Orange,stop_038,trip_02717,DEP,21060,197,Inbound,1
2025-01-22,Red,stop_039,trip_02718,ARR,21240,198,Outbound,0
2025-01-23,Orange,stop_040,trip_02719,DEP,21420,199,Inbound,1
2025-01-24,Red,stop_001,trip_02720,ARR,18000,200,Outbound,0
2025-01-25,Orange,stop_002,trip_02721,DEP,18180,201,Inbound,1
2025-01-26,Red,stop_003,trip_02722,ARR,18360,202,Outbound,0
2025-01-27,Orange,stop_004,trip_02723,DEP,18540,203,Inbound,1
2025-01-28,Red,stop_005,trip_02724,ARR,18720,204,Outbound,0
2025-01-29,Orange,stop_006,trip_02725,DEP,18900,205,Inbound,1
2025-01-30,Red,stop_007,trip_02726,ARR,19080,206,Outbound,0
2025-01-31,Orange,stop_008,trip_02727,DEP,19260,207,Inbound,1
2025-01-01,Red,stop_009,trip_02728,ARR,19440,208,Outbound,0
2025-01-02,Orange,stop_010,trip_02729,DEP,19620,209,Inbound,1
2025-01-03,Red,stop_011,trip_02730,ARR,19800,210,Outbound,0
2025-01-04,Orange,stop_012,trip_02731,DEP,19980,211,Inbound,1
2025-01-05,Red,stop_013,trip_02732,ARR,20160,212,Outbound,0
2025-01-06,Orange,stop_014,trip_02733,DEP,20340,213,Inbound,1
2025-01-07,Red,stop_015,trip_02734,ARR,20520,214,Outbound,0
2025-01-08,Orange,stop_016,trip_02735,DEP,20700,215,Inbound,1
2025-01-09,Red,stop_017,trip_02736,ARR,20880,216,Outbound,0
2025-01-10,Orange,stop_018,trip_02737,DEP,21060,217,Inbound,1
2025-01-11,Red,stop_019,trip_02738,ARR,21240,218,Outbound,0
2025-01-12,Orange,stop_020,trip_02739,DEP,21420,219,Inbound,1
2025-01-13,Red,stop_021,trip_02740,ARR,18000,220,Outbound,0
2025-01-14,Orange,stop_022,trip_02741,DEP,18180,221,Inbound,1
2025-01-15,Red,stop_023,trip_02742,ARR,18360,222,Outbound,0
2025-01-16,Orange,stop_024,trip_02743,DEP,18540,223,Inbound,1
2025-01-17,Red,stop_025,trip_02744,ARR,18720,224,Outbound,0
2025-01-18,Orange,stop_026,trip_02745,DEP,18900,225,Inbound,1
2025-01-19,Red,stop_027,trip_02746,ARR,19080,226,Outbound,0
2025-01-20,Orange,stop_028,trip_02747,DEP,19260,227,Inbound,1
2025-01-21,Red,stop_029,trip_02748,ARR,19440,228,Outbound,0
2025-01-22,Orange,stop_030,trip_02749,DEP,19620,229,Inbound,1
2025-01-23,Red,stop_031,trip_02750,ARR,19800,230,Outbound,0
2025-01-24,Orange,stop_032,trip_02751,DEP,19980,231,Inbound,1
2025-01-25,Red,stop_033,trip_02752,ARR,20160,232,Outbound,0
2025-01-26,Orange,stop_034,trip_02753,DEP,20340,233,Inbound,1
2025-01-27,Red,stop_035,trip_02754,ARR,20520,234,Outbound,0
2025-01-28,Orange,stop_036,trip_02755,DEP,20700,235,Inbound,1
2025-01-29,Red,stop_037,trip_02756,ARR,20880,236,Outbound,0
2025-01-30,Orange,stop_038,trip_02757,DEP,21060,237,Inbound,1
2025-01-31,Red,stop_039,trip_02758,ARR,21240,238,Outbound,0
2025-01-01,Orange,stop_040,trip_02759,DEP,21420,239,Inbound,1
2025-01-02,Red,stop_001,trip_02760,ARR,18000,240,Outbound,0
2025-01-03,Orange,stop_002,trip_02761,DEP,18180,241,Inbound,1
2025-01-04,Red,stop_003,trip_02762,ARR,18360,242,Outbound,0
2025-01-05,Orange,stop_004,trip_02763,DEP,18540,243,Inbound,1
2025-01-06,Red,stop_005,trip_02764,ARR,18720,244,Outbound,0
2025-01-07,Orange,stop_006,trip_02765,DEP,18900,245,Inbound,1
2025-01-08,Red,stop_007,trip_02766,ARR,19080,246,Outbound,0
2025-01-09,Orange,stop_008,trip_02767,DEP,19260,247,Inbound,1
2025-01-10,Red,stop_009,trip_02768,ARR,19440,248,Outbound,0
2025-01-11,Orange,stop_010,trip_02769,DEP,19620,249,Inbound,1
2025-01-12,Red,stop_011,trip_02770,ARR,19800,250,Outbound,0
2025-01-13,Orange,stop_012,trip_02771,DEP,19980,251,Inbound,1
2025-01-14,Red,stop_013,trip_02772,ARR,20160,252,Outbound,0
2025-01-15,Orange,stop_014,trip_02773,DEP,20340,253,Inbound,1
2025-01-16,Red,stop_015,trip_02774,ARR,20520,254,Outbound,0
2025-01-17,Orange,stop_016,trip_02775,DEP,20700,255,Inbound,1
2025-01-18,Red,stop_017,trip_02776,ARR,20880,256,Outbound,0
2025-01-19,Orange,stop_018,trip_02777,DEP,21060,257,Inbound,1
2025-01-20,Red,stop_019,trip_02778,ARR,21240,258,Outbound,0
2025-01-21,Orange,stop_020,trip_02779,DEP,21420,259,Inbound,1
2025-01-22,Red,stop_021,trip_02780,ARR,18000,260,Outbound,0
2025-01-23,Orange,stop_022,trip_02781,DEP,18180,261,Inbound,1
2025-01-24,Red,stop_023,trip_02782,ARR,18360,262,Outbound,0
2025-01-25,Orange,stop_024,trip_02783,DEP,18540,263,Inbound,1
2025-01-26,Red,stop_025,trip_02784,ARR,18720,264,Outbound,0
2025-01-27,Orange,stop_026,trip_02785,DEP,18900,265,Inbound,1
2025-01-28,Red,stop_027,trip_02786,ARR,19080,266,Outbound,0
2025-01-29,Orange,stop_028,trip_02787,DEP,19260,267,Inbound,1
2025-01-30,Red,stop_029,trip_02788,ARR,19440,268,Outbound,0
2025-01-31,Orange,stop_030,trip_02789,DEP,19620,269,Inbound,1
2025-01-01,Red,stop_031,trip_02790,ARR,19800,270,Outbound,0
2025-01-02,Orange,stop_032,trip_02791,DEP,19980,271,Inbound,1
2025-01-03,Red,stop_033,trip_02792,ARR,20160,272,Outbound,0
2025-01-04,Orange,stop_034,trip_02793,DEP,20340,273,Inbound,1
2025-01-05,Red,stop_035,trip_02794,ARR,20520,274,Outbound,0
2025-01-06,Orange,stop_036,trip_02795,DEP,20700,275,Inbound,1
2025-01-07,Red,stop_037,trip_02796,ARR,20880,276,Outbound,0
2025-01-08,Orange,stop_038,trip_02797,DEP,21060,277,Inbound,1
2025-01-09,Red,stop_039,trip_02798,ARR,21240,278,Outbound,0
2025-01-10,Orange,stop_040,trip_02799,DEP,21420,279,Inbound,1
2025-01-11,Red,stop_001,trip_02800,ARR,18000,-120,Outbound,0
2025-01-12,Orange,stop_002,trip_02801,DEP,18180,-119,Inbound,1
2025-01-13,Red,stop_003,trip_02802,ARR,18360,-118,Outbound,0
2025-01-14,Orange,stop_004,trip_02803,DEP,18540,-117,Inbound,1
2025-01-15,Red,stop_005,trip_02804,ARR,18720,-116,Outbound,0
2025-01-16,Orange,stop_006,trip_02805,DEP,18900,-115,Inbound,1
2025-01-17,Red,stop_007,trip_02806,ARR,19080,-114,Outbound,0
2025-01-18,Orange,stop_008,trip_02807,DEP,19260,-113,Inbound,1
2025-01-19,Red,stop_009,trip_02808,ARR,19440,-112,Outbound,0
2025-01-20,Orange,stop_010,trip_02809,DEP,19620,-111,Inbound,1
2025-01-21,Red,stop_011,trip_02810,ARR,19800,-110,Outbound,0
2025-01-22,Orange,stop_012,trip_02811,DEP,19980,-109,Inbound,1
2025-01-23,Red,stop_013,trip_02812,ARR,20160,-108,Outbound,0
2025-01-24,Orange,stop_014,trip_02813,DEP,20340,-107,Inbound,1
2025-01-25,Red,stop_015,trip_02814,ARR,20520,-106,Outbound,0
2025-01-26,Orange,stop_016,trip_02815,DEP,20700,-105,Inbound,1
2025-01-27,Red,stop_017,trip_02816,ARR,20880,-104,Outbound,0
2025-01-28,Orange,stop_018,trip_02817,DEP,21060,-103,Inbound,1
2025-01-29,Red,stop_019,trip_02818,ARR,21240,-102,Outbound,0
2025-01-30,Orange,stop_020,trip_02819,DEP,21420,-101,Inbound,1
2025-01-31,Red,stop_021,trip_02820,ARR,18000,-100,Outbound,0
2025-01-01,Orange,stop_022,trip_02821,DEP,18180,-99,Inbound,1
2025-01-02,Red,stop_023,trip_02822,ARR,18360,-98,Outbound,0
2025-01-03,Orange,stop_024,trip_02823,DEP,18540,-97,Inbound,1
2025-01-04,Red,stop_025,trip_02824,ARR,18720,-96,Outbound,0
2025-01-05,Orange,stop_026,trip_02825,DEP,18900,-95,Inbound,1
2025-01-06,Red,stop_027,trip_02826,ARR,19080,-94,Outbound,0
2025-01-07,Orange,stop_028,trip_02827,DEP,19260,-93,Inbound,1
2025-01-08,Red,stop_029,trip_02828,ARR,19440,-92,Outbound,0
2025-01-09,Orange,stop_030,trip_02829,DEP,19620,-91,Inbound,1
2025-01-10,Red,stop_031,trip_02830,ARR,19800,-90,Outbound,0
2025-01-11,Orange,stop_032,trip_02831,DEP,19980,-89,Inbound,1
2025-01-12,Red,stop_033,trip_02832,ARR,20160,-88,Outbound,0
2025-01-13,Orange,stop_034,trip_02833,DEP,20340,-87,Inbound,1
2025-01-14,Red,stop_035,trip_02834,ARR,20520,-86,Outbound,0
2025-01-15,Orange,stop_036,trip_02835,DEP,20700,-85,Inbound,1
2025-01-16,Red,stop_037,trip_02836,ARR,20880,-84,Outbound,0
2025-01-17,Orange,stop_038,trip_02837,DEP,21060,-83,Inbound,1
2025-01-18,Red,stop_039,trip_02838,ARR,21240,-82,Outbound,0
2025-01-19,Orange,stop_040,trip_02839,DEP,21420,-81,Inbound,1
2025-01-20,Red,stop_001,trip_02840,ARR,18000,-80,Outbound,0
2025-01-21,Orange,stop_002,trip_02841,DEP,18180,-79,Inbound,1
2025-01-22,Red,stop_003,trip_02842,ARR,18360,-78,Outbound,0
2025-01-23,Orange,stop_004,trip_02843,DEP,18540,-77,Inbound,1
2025-01-24,Red,stop_005,trip_02844,ARR,18720,-76,Outbound,0
2025-01-25,Orange,stop_006,trip_02845,DEP,18900,-75,Inbound,1
2025-01-26,Red,stop_007,trip_02846,ARR,19080,-74,Outbound,0
2025-01-27,Orange,stop_008,trip_02847,DEP,19260,-73,Inbound,1
2025-01-28,Red,stop_009,trip_02848,ARR,19440,-72,Outbound,0
2025-01-29,Orange,stop_010,trip_02849,DEP,19620,-71,Inbound,1
2025-01-30,Red,stop_011,trip_02850,ARR,19800,-70,Outbound,0
2025-01-31,Orange,stop_012,trip_02851,DEP,19980,-69,Inbound,1
2025-01-01,Red,stop_013,trip_02852,ARR,20160,-68,Outbound,0
2025-01-02,Orange,stop_014,trip_02853,DEP,20340,-67,Inbound,1
2025-01-03,Red,stop_015,trip_02854,ARR,20520,-66,Outbound,0
2025-01-04,Orange,stop_016,trip_02855,DEP,20700,-65,Inbound,1
2025-01-05,Red,stop_017,trip_02856,ARR,20880,-64,Outbound,0
2025-01-06,Orange,stop_018,trip_02857,DEP,21060,-63,Inbound,1
2025-01-07,Red,stop_019,trip_02858,ARR,21240,-62,Outbound,0
2025-01-08,Orange,stop_020,trip_02859,DEP,21420,-61,Inbound,1
2025-01-09,Red,stop_021,trip_02860,ARR,18000,-60,Outbound,0
2025-01-10,Orange,stop_022,trip_02861,DEP,18180,-59,Inbound,1
2025-01-11,Red,stop_023,trip_02862,ARR,18360,-58,Outbound,0
2025-01-12,Orange,stop_024,trip_02863,DEP,18540,-57,Inbound,1
2025-01-13,Red,stop_025,trip_02864,ARR,18720,-56,Outbound,0
2025-01-14,Orange,stop_026,trip_02865,DEP,18900,-55,Inbound,1
2025-01-15,Red,stop_027,trip_02866,ARR,19080,-54,Outbound,0
2025-01-16,Orange,stop_028,trip_02867,DEP,19260,-53,Inbound,1
2025-01-17,Red,stop_029,trip_02868,ARR,19440,-52,Outbound,0
2025-01-18,Orange,stop_030,trip_02869,DEP,19620,-51,Inbound,1
2025-01-19,Red,stop_031,trip_02870,ARR,19800,-50,Outbound,0
2025-01-20,Orange,stop_032,trip_02871,DEP,19980,-49,Inbound,1
2025-01-21,Red,stop_033,trip_02872,ARR,20160,-48,Outbound,0
2025-01-22,Orange,stop_034,trip_02873,DEP,20340,-47,Inbound,1
2025-01-23,Red,stop_035,trip_02874,ARR,20520,-46,Outbound,0
2025-01-24,Orange,stop_036,trip_02875,DEP,20700,-45,Inbound,1
2025-01-25,Red,stop_037,trip_02876,ARR,20880,-44,Outbound,0
2025-01-26,Orange,stop_038,trip_02877,DEP,21060,-43,Inbound,1
2025-01-27,Red,stop_039,trip_02878,ARR,21240,-42,Outbound,0
2025-01-28,Orange,stop_040,trip_02879,DEP,21420,-41,Inbound,1
2025-01-29,Red,stop_001,trip_02880,ARR,18000,-40,Outbound,0
2025-01-30,Orange,stop_002,trip_02881,DEP,18180,-39,Inbound,1
2025-01-31,Red,stop_003,trip_02882,ARR,18360,-38,Outbound,0
2025-01-01,Orange,stop_004,trip_02883,DEP,18540,-37,Inbound,1
2025-01-02,Red,stop_005,trip_02884,ARR,18720,-36,Outbound,0
2025-01-03,Orange,stop_006,trip_02885,DEP,18900,-35,Inbound,1
2025-01-04,Red,stop_007,trip_02886,ARR,19080,-34,Outbound,0
2025-01-05,Orange,stop_008,trip_02887,DEP,19260,-33,Inbound,1
2025-01-06,Red,stop_009,trip_02888,ARR,19440,-32,Outbound,0
2025-01-07,Orange,stop_010,trip_02889,DEP,19620,-31,Inbound,1
2025-01-08,Red,stop_011,trip_02890,ARR,19800,-30,Outbound,0
2025-01-09,Orange,stop_012,trip_02891,DEP,19980,-29,Inbound,1
2025-01-10,Red,stop_013,trip_02892,ARR,20160,-28,Outbound,0
2025-01-11,Orange,stop_014,trip_02893,DEP,20340,-27,Inbound,1
2025-01-12,Red,stop_015,trip_02894,ARR,20520,-26,Outbound,0
2025-01-13,Orange,stop_016,trip_02895,DEP,20700,-25,Inbound,1
2025-01-14,Red,stop_017,trip_02896,ARR,20880,-24,Outbound,0
2025-01-15,Orange,stop_018,trip_02897,DEP,21060,-23,Inbound,1
2025-01-16,Red,stop_019,trip_02898,ARR,21240,-22,Outbound,0
2025-01-17,Orange,stop_020,trip_02899,DEP,21420,-21,Inbound,1
2025-01-18,Red,stop_021,trip_02900,ARR,18000,-20,Outbound,0
2025-01-19,Orange,stop_022,trip_02901,DEP,18180,-19,Inbound,1
2025-01-20,Red,stop_023,trip_02902,ARR,18360,-18,Outbound,0
2025-01-21,Orange,stop_024,trip_02903,DEP,18540,-17,Inbound,1
2025-01-22,Red,stop_025,trip_02904,ARR,18720,-16,Outbound,0
2025-01-23,Orange,stop_026,trip_02905,DEP,18900,-15,Inbound,1
2025-01-24,Red,stop_027,trip_02906,ARR,19080,-14,Outbound,0
2025-01-25,Orange,stop_028,trip_02907,DEP,19260,-13,Inbound,1
2025-01-26,Red,stop_029,trip_02908,ARR,19440,-12,Outbound,0
2025-01-27,Orange,stop_030,trip_02909,DEP,19620,-11,Inbound,1
2025-01-28,Red,stop_031,trip_02910,ARR,19800,-10,Outbound,0
2025-01-29,Orange,stop_032,trip_02911,DEP,19980,-9,Inbound,1
2025-01-30,Red,stop_033,trip_02912,ARR,20160,-8,Outbound,0
2025-01-31,Orange,stop_034,trip_02913,DEP,20340,-7,Inbound,1
2025-01-01,Red,stop_035,trip_02914,ARR,20520,-6,Outbound,0
2025-01-02,Orange,stop_036,trip_02915,DEP,20700,-5,Inbound,1
2025-01-03,Red,stop_037,trip_02916,ARR,20880,-4,Outbound,0
2025-01-04,Orange,stop_038,trip_02917,DEP,21060,-3,Inbound,1
2025-01-05,Red,stop_039,trip_02918,ARR,21240,-2,Outbound,0
2025-01-06,Orange,stop_040,trip_02919,DEP,21420,-1,Inbound,1
2025-01-07,Red,stop_001,trip_02920,ARR,18000,0,Outbound,0
2025-01-08,Orange,stop_002,trip_02921,DEP,18180,1,Inbound,1
2025-01-09,Red,stop_003,trip_02922,ARR,18360,2,Outbound,0
2025-01-10,Orange,stop_004,trip_02923,DEP,18540,3,Inbound,1
2025-01-11,Red,stop_005,trip_02924,ARR,18720,4,Outbound,0
2025-01-12,Orange,stop_006,trip_02925,DEP,18900,5,Inbound,1
2025-01-13,Red,stop_007,trip_02926,ARR,19080,6,Outbound,0
2025-01-14,Orange,stop_008,trip_02927,DEP,19260,7,Inbound,1
2025-01-15,Red,stop_009,trip_02928,ARR,19440,8,Outbound,0
2025-01-16,Orange,stop_010,trip_02929,DEP,19620,9,Inbound,1
2025-01-17,Red,stop_011,trip_02930,ARR,19800,10,Outbound,0
2025-01-18,Orange,stop_012,trip_02931,DEP,19980,11,Inbound,1
2025-01-19,Red,stop_013,trip_02932,ARR,20160,12,Outbound,0
2025-01-20,Orange,stop_014,trip_02933,DEP,20340,13,Inbound,1
2025-01-21,Red,stop_015,trip_02934,ARR,20520,14,Outbound,0
2025-01-22,Orange,stop_016,trip_02935,DEP,20700,15,Inbound,1
2025-01-23,Red,stop_017,trip_02936,ARR,20880,16,Outbound,0
2025-01-24,Orange,stop_018,trip_02937,DEP,21060,17,Inbound,1
2025-01-25,Red,stop_019,trip_02938,ARR,21240,18,Outbound,0
2025-01-26,Orange,stop_020,trip_02939,DEP,21420,19,Inbound,1
2025-01-27,Red,stop_021,trip_02940,ARR,18000,20,Outbound,0
2025-01-28,Orange,stop_022,trip_02941,DEP,18180,21,Inbound,1
2025-01-29,Red,stop_023,trip_02942,ARR,18360,22,Outbound,0
2025-01-30,Orange,stop_024,trip_02943,DEP,18540,23,Inbound,1
2025-01-31,Red,stop_025,trip_02944,ARR,18720,24,Outbound,0
2025-01-01,Orange,stop_026,trip_02945,DEP,18900,25,Inbound,1
2025-01-02,Red,stop_027,trip_02946,ARR,19080,26,Outbound,0
2025-01-03,Orange,stop_028,trip_02947,DEP,19260,27,Inbound,1
2025-01-04,Red,stop_029,trip_02948,ARR,19440,28,Outbound,0
2025-01-05,Orange,stop_030,trip_02949,DEP,19620,29,Inbound,1
2025-01-06,Red,stop_031,trip_02950,ARR,19800,30,Outbound,0
2025-01-07,Orange,stop_032,trip_02951,DEP,19980,31,Inbound,1
2025-01-08,Red,stop_033,trip_02952,ARR,20160,32,Outbound,0
2025-01-09,Orange,stop_034,trip_02953,DEP,20340,33,Inbound,1
2025-01-10,Red,stop_035,trip_02954,ARR,20520,34,Outbound,0
2025-01-11,Orange,stop_036,trip_02955,DEP,20700,35,Inbound,1
2025-01-12,Red,stop_037,trip_02956,ARR,20880,36,Outbound,0
2025-01-13,Orange,stop_038,trip_02957,DEP,21060,37,Inbound,1
2025-01-14,Red,stop_039,trip_02958,ARR,21240,38,Outbound,0
2025-01-15,Orange,stop_040,trip_02959,DEP,21420,39,Inbound,1
2025-01-16,Red,stop_001,trip_02960,ARR,18000,40,Outbound,0
2025-01-17,Orange,stop_002,trip_02961,DEP,18180,41,Inbound,1
2025-01-18,Red,stop_003,trip_02962,ARR,18360,42,Outbound,0
2025-01-19,Orange,stop_004,trip_02963,DEP,18540,43,Inbound,1
2025-01-20,Red,stop_005,trip_02964,ARR,18720,44,Outbound,0
2025-01-21,Orange,stop_006,trip_02965,DEP,18900,45,Inbound,1
2025-01-22,Red,stop_007,trip_02966,ARR,19080,46,Outbound,0
2025-01-23,Orange,stop_008,trip_02967,DEP,19260,47,Inbound,1
2025-01-24,Red,stop_009,trip_02968,ARR,19440,48,Outbound,0
2025-01-25,Orange,stop_010,trip_02969,DEP,19620,49,Inbound,1
2025-01-26,Red,stop_011,trip_02970,ARR,19800,50,Outbound,0
2025-01-27,Orange,stop_012,trip_02971,DEP,19980,51,Inbound,1
2025-01-28,Red,stop_013,trip_02972,ARR,20160,52,Outbound,0
2025-01-29,Orange,stop_014,trip_02973,DEP,20340,53,Inbound,1
2025-01-30,Red,stop_015,trip_02974,ARR,20520,54,Outbound,0
2025-01-31,Orange,stop_016,trip_02975,DEP,20700,55,Inbound,1
2025-01-01,Red,stop_017,trip_02976,ARR,20880,56,Outbound,0
2025-01-02,Orange,stop_018,trip_02977,DEP,21060,57,Inbound,1
2025-01-03,Red,stop_019,trip_02978,ARR,21240,58,Outbound,0
2025-01-04,Orange,stop_020,trip_02979,DEP,21420,59,Inbound,1
2025-01-05,Red,stop_021,trip_02980,ARR,18000,60,Outbound,0
2025-01-06,Orange,stop_022,trip_02981,DEP,18180,61,Inbound,1
2025-01-07,Red,stop_023,trip_02982,ARR,18360,62,Outbound,0
2025-01-08,Orange,stop_024,trip_02983,DEP,18540,63,Inbound,1
2025-01-09,Red,stop_025,trip_02984,ARR,18720,64,Outbound,0
2025-01-10,Orange,stop_026,trip_02985,DEP,18900,65,Inbound,1
2025-01-11,Red,stop_027,trip_02986,ARR,19080,66,Outbound,0
2025-01-12,Orange,stop_028,trip_02987,DEP,19260,67,Inbound,1
2025-01-13,Red,stop_029,trip_02988,ARR,19440,68,Outbound,0
2025-01-14,Orange,stop_030,trip_02989,DEP,19620,69,Inbound,1
2025-01-15,Red,stop_031,trip_02990,ARR,19800,70,Outbound,0
2025-01-16,Orange,stop_032,trip_02991,DEP,19980,71,Inbound,1
2025-01-17,Red,stop_033,trip_02992,ARR,20160,72,Outbound,0
2025-01-18,Orange,stop_034,trip_02993,DEP,20340,73,Inbound,1
2025-01-19,Red,stop_035,trip_02994,ARR,20520,74,Outbound,0
2025-01-20,Orange,stop_036,trip_02995,DEP,20700,75,Inbound,1
2025-01-21,Red,stop_037,trip_02996,ARR,20880,76,Outbound,0
2025-01-22,Orange,stop_038,trip_02997,DEP,21060,77,Inbound,1
2025-01-23,Red,stop_039,trip_02998,ARR,21240,78,Outbound,0
2025-01-24,Orange,stop_040,trip_02999,DEP,21420,79,Inbound,1
2025-01-25,Red,stop_001,trip_03000,ARR,18000,80,Outbound,0
2025-01-26,Orange,stop_002,trip_03001,DEP,18180,81,Inbound,1
2025-01-27,Red,stop_003,trip_03002,ARR,18360,82,Outbound,0
2025-01-28,Orange,stop_004,trip_03003,DEP,18540,83,Inbound,1
2025-01-29,Red,stop_005,trip_03004,ARR,18720,84,Outbound,0
2025-01-30,Orange,stop_006,trip_03005,DEP,18900,85,Inbound,1
2025-01-31,Red,stop_007,trip_03006,ARR,19080,86,Outbound,0
2025-01-01,Orange,stop_008,trip_03007,DEP,19260,87,Inbound,1
2025-01-02,Red,stop_009,trip_03008,ARR,19440,88,Outbound,0
2025-01-03,Orange,stop_010,trip_03009,DEP,19620,89,Inbound,1
2025-01-04,Red,stop_011,trip_03010,ARR,19800,90,Outbound,0
2025-01-05,Orange,stop_012,trip_03011,DEP,19980,91,Inbound,1
2025-01-06,Red,stop_013,trip_03012,ARR,20160,92,Outbound,0
2025-01-07,Orange,stop_014,trip_03013,DEP,20340,93,Inbound,1
2025-01-08,Red,stop_015,trip_03014,ARR,20520,94,Outbound,0
2025-01-09,Orange,stop_016,trip_03015,DEP,20700,95,Inbound,1
2025-01-10,Red,stop_017,trip_03016,ARR,20880,96,Outbound,0
2025-01-11,Orange,stop_018,trip_03017,DEP,21060,97,Inbound,1
2025-01-12,Red,stop_019,trip_03018,ARR,21240,98,Outbound,0
2025-01-13,Orange,stop_020,trip_03019,DEP,21420,99,Inbound,1
2025-01-14,Red,stop_021,trip_03020,ARR,18000,100,Outbound,0
2025-01-15,Orange,stop_022,trip_03021,DEP,18180,101,Inbound,1
2025-01-16,Red,stop_023,trip_03022,ARR,18360,102,Outbound,0
2025-01-17,Orange,stop_024,trip_03023,DEP,18540,103,Inbound,1
2025-01-18,Red,stop_025,trip_03024,ARR,18720,104,Outbound,0
2025-01-19,Orange,stop_026,trip_03025,DEP,18900,105,Inbound,1
2025-01-20,Red,stop_027,trip_03026,ARR,19080,106,Outbound,0
2025-01-21,Orange,stop_028,trip_03027,DEP,19260,107,Inbound,1
2025-01-22,Red,stop_029,trip_03028,ARR,19440,108,Outbound,0
2025-01-23,Orange,stop_030,trip_03029,DEP,19620,109,Inbound,1
2025-01-24,Red,stop_031,trip_03030,ARR,19800,110,Outbound,0
2025-01-25,Orange,stop_032,trip_03031,DEP,19980,111,Inbound,1
2025-01-26,Red,stop_033,trip_03032,ARR,20160,112,Outbound,0
2025-01-27,Orange,stop_034,trip_03033,DEP,20340,113,Inbound,1
2025-01-28,Red,stop_035,trip_03034,ARR,20520,114,Outbound,0
2025-01-29,Orange,stop_036,trip_03035,DEP,20700,115,Inbound,1
2025-01-30,Red,stop_037,trip_03036,ARR,20880,116,Outbound,0
2025-01-31,Orange,stop_038,trip_03037,DEP,21060,117,Inbound,1
2025-01-01,Red,stop_039,trip_03038,ARR,21240,118,Outbound,0
2025-01-02,Orange,stop_040,trip_03039,DEP,21420,119,Inbound,1
2025-01-03,Red,stop_001,trip_03040,ARR,18000,120,Outbound,0
2025-01-04,Orange,stop_002,trip_03041,DEP,18180,121,Inbound,1
2025-01-05,Red,stop_003,trip_03042,ARR,18360,122,Outbound,0
2025-01-06,Orange,stop_004,trip_03043,DEP,18540,123,Inbound,1
2025-01-07,Red,stop_005,trip_03044,ARR,18720,124,Outbound,0
2025-01-08,Orange,stop_006,trip_03045,DEP,18900,125,Inbound,1
2025-01-09,Red,stop_007,trip_03046,ARR,19080,126,Outbound,0
2025-01-10,Orange,stop_008,trip_03047,DEP,19260,127,Inbound,1
2025-01-11,Red,stop_009,trip_03048,ARR,19440,128,Outbound,0
2025-01-12,Orange,stop_010,trip_03049,DEP,19620,129,Inbound,1
2025-01-13,Red,stop_011,trip_03050,ARR,19800,130,Outbound,0
2025-01-14,Orange,stop_012,trip_03051,DEP,19980,131,Inbound,1
2025-01-15,Red,stop_013,trip_03052,ARR,20160,132,Outbound,0
2025-01-16,Orange,stop_014,trip_03053,DEP,20340,133,Inbound,1
2025-01-17,Red,stop_015,trip_03054,ARR,20520,134,Outbound,0
2025-01-18,Orange,stop_016,trip_03055,DEP,20700,135,Inbound,1
2025-01-19,Red,stop_017,trip_03056,ARR,20880,136,Outbound,0
2025-01-20,Orange,stop_018,trip_03057,DEP,21060,137,Inbound,1
2025-01-21,Red,stop_019,trip_03058,ARR,21240,138,Outbound,0
2025-01-22,Orange,stop_020,trip_03059,DEP,21420,139,Inbound,1
2025-01-23,Red,stop_021,trip_03060,ARR,18000,140,Outbound,0
2025-01-24,Orange,stop_022,trip_03061,DEP,18180,141,Inbound,1
2025-01-25,Red,stop_023,trip_03062,ARR,18360,142,Outbound,0
2025-01-26,Orange,stop_024,trip_03063,DEP,18540,143,Inbound,1
2025-01-27,Red,stop_025,trip_03064,ARR,18720,144,Outbound,0
2025-01-28,Orange,stop_026,trip_03065,DEP,18900,145,Inbound,1
2025-01-29,Red,stop_027,trip_03066,ARR,19080,146,Outbound,0
2025-01-30,Orange,stop_028,trip_03067,DEP,19260,147,Inbound,1
2025-01-31,Red,stop_029,trip_03068,ARR,19440,148,Outbound,0
2025-01-01,Orange,stop_030,trip_03069,DEP,19620,149,Inbound,1
2025-01-02,Red,stop_031,trip_03070,ARR,19800,150,Outbound,0
2025-01-03,Orange,stop_032,trip_03071,DEP,19980,151,Inbound,1
2025-01-04,Red,stop_033,trip_03072,ARR,20160,152,Outbound,0
2025-01-05,Orange,stop_034,trip_03073,DEP,20340,153,Inbound,1
2025-01-06,Red,stop_035,trip_03074,ARR,20520,154,Outbound,0
2025-01-07,Orange,stop_036,trip_03075,DEP,20700,155,Inbound,1
2025-01-08,Red,stop_037,trip_03076,ARR,20880,156,Outbound,0
2025-01-09,Orange,stop_038,trip_03077,DEP,21060,157,Inbound,1
2025-01-10,Red,stop_039,trip_03078,ARR,21240,158,Outbound,0
2025-01-11,Orange,stop_040,trip_03079,DEP,21420,159,Inbound,1
2025-01-12,Red,stop_001,trip_03080,ARR,18000,160,Outbound,0
2025-01-13,Orange,stop_002,trip_03081,DEP,18180,161,Inbound,1
2025-01-14,Red,stop_003,trip_03082,ARR,18360,162,Outbound,0
2025-01-15,Orange,stop_004,trip_03083,DEP,18540,163,Inbound,1
2025-01-16,Red,stop_005,trip_03084,ARR,18720,164,Outbound,0
2025-01-17,Orange,stop_006,trip_03085,DEP,18900,165,Inbound,1
2025-01-18,Red,stop_007,trip_03086,ARR,19080,166,Outbound,0
2025-01-19,Orange,stop_008,trip_03087,DEP,19260,167,Inbound,1
2025-01-20,Red,stop_009,trip_03088,ARR,19440,168,Outbound,0
2025-01-21,Orange,stop_010,trip_03089,DEP,19620,169,Inbound,1
2025-01-22,Red,stop_011,trip_03090,ARR,19800,170,Outbound,0
2025-01-23,Orange,stop_012,trip_03091,DEP,19980,171,Inbound,1
2025-01-24,Red,stop_013,trip_03092,ARR,20160,172,Outbound,0
2025-01-25,Orange,stop_014,trip_03093,DEP,20340,173,Inbound,1
2025-01-26,Red,stop_015,trip_03094,ARR,20520,174,Outbound,0
2025-01-27,Orange,stop_016,trip_03095,DEP,20700,175,Inbound,1
2025-01-28,Red,stop_017,trip_03096,ARR,20880,176,Outbound,0
2025-01-29,Orange,stop_018,trip_03097,DEP,21060,177,Inbound,1
2025-01-30,Red,stop_019,trip_03098,ARR,21240,178,Outbound,0
2025-01-31,Orange,stop_020,trip_03099,DEP,21420,179,Inbound,1
2025-01-01,Red,stop_021,trip_03100,ARR,18000,180,Outbound,0
2025-01-02,Orange,stop_022,trip_03101,DEP,18180,181,Inbound,1
2025-01-03,Red,stop_023,trip_03102,ARR,18360,182,Outbound,0
2025-01-04,Orange,stop_024,trip_03103,DEP,18540,183,Inbound,1
2025-01-05,Red,stop_025,trip_03104,ARR,18720,184,Outbound,0
2025-01-06,Orange,stop_026,trip_03105,DEP,18900,185,Inbound,1
2025-01-07,Red,stop_027,trip_03106,ARR,19080,186,Outbound,0
2025-01-08,Orange,stop_028,trip_03107,DEP,19260,187,Inbound,1
2025-01-09,Red,stop_029,trip_03108,ARR,19440,188,Outbound,0
2025-01-10,Orange,stop_030,trip_03109,DEP,19620,189,Inbound,1
2025-01-11,Red,stop_031,trip_03110,ARR,19800,190,Outbound,0
2025-01-12,Orange,stop_032,trip_03111,DEP,19980,191,Inbound,1
2025-01-13,Red,stop_033,trip_03112,ARR,20160,192,Outbound,0
2025-01-14,Orange,stop_034,trip_03113,DEP,20340,193,Inbound,1
2025-01-15,Red,stop_035,trip_03114,ARR,20520,194,Outbound,0
2025-01-16,Orange,stop_036,trip_03115,DEP,20700,195,Inbound,1
2025-01-17,Red,stop_037,trip_03116,ARR,20880,196,Outbound,0
2025-01-18,Orange,stop_038,trip_03117,DEP,21060,197,Inbound,1
2025-01-19,Red,stop_039,trip_03118,ARR,21240,198,Outbound,0
2025-01-20,Orange,stop_040,trip_03119,DEP,21420,199,Inbound,1
2025-01-21,Red,stop_001,trip_03120,ARR,18000,200,Outbound,0
2025-01-22,Orange,stop_002,trip_03121,DEP,18180,201,Inbound,1
2025-01-23,Red,stop_003,trip_03122,ARR,18360,202,Outbound,0
2025-01-24,Orange,stop_004,trip_03123,DEP,18540,203,Inbound,1
2025-01-25,Red,stop_005,trip_03124,ARR,18720,204,Outbound,0
2025-01-26,Orange,stop_006,trip_03125,DEP,18900,205,Inbound,1
2025-01-27,Red,stop_007,trip_03126,ARR,19080,206,Outbound,0
2025-01-28,Orange,stop_008,trip_03127,DEP,19260,207,Inbound,1
2025-01-29,Red,stop_009,trip_03128,ARR,19440,208,Outbound,0
2025-01-30,Orange,stop_010,trip_03129,DEP,19620,209,Inbound,1
2025-01-31,Red,stop_011,trip_03130,ARR,19800,210,Outbound,0
2025-01-01,Orange,stop_012,trip_03131,DEP,19980,211,Inbound,1
2025-01-02,Red,stop_013,trip_03132,ARR,20160,212,Outbound,0
2025-01-03,Orange,stop_014,trip_03133,DEP,20340,213,Inbound,1
2025-01-04,Red,stop_015,trip_03134,ARR,20520,214,Outbound,0
2025-01-05,Orange,stop_016,trip_03135,DEP,20700,215,Inbound,1
2025-01-06,Red,stop_017,trip_03136,ARR,20880,216,Outbound,0
2025-01-07,Orange,stop_018,trip_03137,DEP,21060,217,Inbound,1
2025-01-08,Red,stop_019,trip_03138,ARR,21240,218,Outbound,0
2025-01-09,Orange,stop_020,trip_03139,DEP,21420,219,Inbound,1
2025-01-10,Red,stop_021,trip_03140,ARR,18000,220,Outbound,0
2025-01-11,Orange,stop_022,trip_03141,DEP,18180,221,Inbound,1
2025-01-12,Red,stop_023,trip_03142,ARR,18360,222,Outbound,0
2025-01-13,Orange,stop_024,trip_03143,DEP,18540,223,Inbound,1
2025-01-14,Red,stop_025,trip_03144,ARR,18720,224,Outbound,0
2025-01-15,Orange,stop_026,trip_03145,DEP,18900,225,Inbound,1
2025-01-16,Red,stop_027,trip_03146,ARR,19080,226,Outbound,0
2025-01-17,Orange,stop_028,trip_03147,DEP,19260,227,Inbound,1
2025-01-18,Red,stop_029,trip_03148,ARR,19440,228,Outbound,0
2025-01-19,Orange,stop_030,trip_03149,DEP,19620,229,Inbound,1
2025-01-20,Red,stop_031,trip_03150,ARR,19800,230,Outbound,0
2025-01-21,Orange,stop_032,trip_03151,DEP,19980,231,Inbound,1
2025-01-22,Red,stop_033,trip_03152,ARR,20160,232,Outbound,0
2025-01-23,Orange,stop_034,trip_03153,DEP,20340,233,Inbound,1
2025-01-24,Red,stop_035,trip_03154,ARR,20520,234,Outbound,0
2025-01-25,Orange,stop_036,trip_03155,DEP,20700,235,Inbound,1
2025-01-26,Red,stop_037,trip_03156,ARR,20880,236,Outbound,0
2025-01-27,Orange,stop_038,trip_03157,DEP,21060,237,Inbound,1
2025-01-28,Red,stop_039,trip_03158,ARR,21240,238,Outbound,0
2025-01-29,Orange,stop_040,trip_03159,DEP,21420,239,Inbound,1
2025-01-30,Red,stop_001,trip_03160,ARR,18000,240,Outbound,0
2025-01-31,Orange,stop_002,trip_03161,DEP,18180,241,Inbound,1
2025-01-01,Red,stop_003,trip_03162,ARR,18360,242,Outbound,0
2025-01-02,Orange,stop_004,trip_03163,DEP,18540,243,Inbound,1
2025-01-03,Red,stop_005,trip_03164,ARR,18720,244,Outbound,0
2025-01-04,Orange,stop_006,trip_03165,DEP,18900,245,Inbound,1
2025-01-05,Red,stop_007,trip_03166,ARR,19080,246,Outbound,0
2025-01-06,Orange,stop_008,trip_03167,DEP,19260,247,Inbound,1
2025-01-07,Red,stop_009,trip_03168,ARR,19440,248,Outbound,0
2025-01-08,Orange,stop_010,trip_03169,DEP,19620,249,Inbound,1
2025-01-09,Red,stop_011,trip_03170,ARR,19800,250,Outbound,0
2025-01-10,Orange,stop_012,trip_03171,DEP,19980,251,Inbound,1
2025-01-11,Red,stop_013,trip_03172,ARR,20160,252,Outbound,0
2025-01-12,Orange,stop_014,trip_03173,DEP,20340,253,Inbound,1
2025-01-13,Red,stop_015,trip_03174,ARR,20520,254,Outbound,0
2025-01-14,Orange,stop_016,trip_03175,DEP,20700,255,Inbound,1
2025-01-15,Red,stop_017,trip_03176,ARR,20880,256,Outbound,0
2025-01-16,Orange,stop_018,trip_03177,DEP,21060,257,Inbound,1
2025-01-17,Red,stop_019,trip_03178,ARR,21240,258,Outbound,0
2025-01-18,Orange,stop_020,trip_03179,DEP,21420,259,Inbound,1
2025-01-19,Red,stop_021,trip_03180,ARR,18000,260,Outbound,0
2025-01-20,Orange,stop_022,trip_03181,DEP,18180,261,Inbound,1
2025-01-21,Red,stop_023,trip_03182,ARR,18360,262,Outbound,0
2025-01-22,Orange,stop_024,trip_03183,DEP,18540,263,Inbound,1
2025-01-23,Red,stop_025,trip_03184,ARR,18720,264,Outbound,0
2025-01-24,Orange,stop_026,trip_03185,DEP,18900,265,Inbound,1
2025-01-25,Red,stop_027,trip_03186,ARR,19080,266,Outbound,0
2025-01-26,Orange,stop_028,trip_03187,DEP,19260,267,Inbound,1
2025-01-27,Red,stop_029,trip_03188,ARR,19440,268,Outbound,0
2025-01-28,Orange,stop_030,trip_03189,DEP,19620,269,Inbound,1
2025-01-29,Red,stop_031,trip_03190,ARR,19800,270,Outbound,0
2025-01-30,Orange,stop_032,trip_03191,DEP,19980,271,Inbound,1
2025-01-31,Red,stop_033,trip_03192,ARR,20160,272,Outbound,0
2025-01-01,Orange,stop_034,trip_03193,DEP,20340,273,Inbound,1
2025-01-02,Red,stop_035,trip_03194,ARR,20520,274,Outbound,0
2025-01-03,Orange,stop_036,trip_03195,DEP,20700,275,Inbound,1
2025-01-04,Red,stop_037,trip_03196,ARR,20880,276,Outbound,0
2025-01-05,Orange,stop_038,trip_03197,DEP,21060,277,Inbound,1
2025-01-06,Red,stop_039,trip_03198,ARR,21240,278,Outbound,0
2025-01-07,Orange,stop_040,trip_03199,DEP,21420,279,Inbound,1
2025-01-08,Red,stop_001,trip_03200,ARR,18000,-120,Outbound,0
2025-01-09,Orange,stop_002,trip_03201,DEP,18180,-119,Inbound,1
2025-01-10,Red,stop_003,trip_03202,ARR,18360,-118,Outbound,0
2025-01-11,Orange,stop_004,trip_03203,DEP,18540,-117,Inbound,1
2025-01-12,Red,stop_005,trip_03204,ARR,18720,-116,Outbound,0
2025-01-13,Orange,stop_006,trip_03205,DEP,18900,-115,Inbound,1
2025-01-14,Red,stop_007,trip_03206,ARR,19080,-114,Outbound,0
2025-01-15,Orange,stop_008,trip_03207,DEP,19260,-113,Inbound,1
2025-01-16,Red,stop_009,trip_03208,ARR,19440,-112,Outbound,0
2025-01-17,Orange,stop_010,trip_03209,DEP,19620,-111,Inbound,1
2025-01-18,Red,stop_011,trip_03210,ARR,19800,-110,Outbound,0
2025-01-19,Orange,stop_012,trip_03211,DEP,19980,-109,Inbound,1
2025-01-20,Red,stop_013,trip_03212,ARR,20160,-108,Outbound,0
2025-01-21,Orange,stop_014,trip_03213,DEP,20340,-107,Inbound,1
2025-01-22,Red,stop_015,trip_03214,ARR,20520,-106,Outbound,0
2025-01-23,Orange,stop_016,trip_03215,DEP,20700,-105,Inbound,1
2025-01-24,Red,stop_017,trip_03216,ARR,20880,-104,Outbound,0
2025-01-25,Orange,stop_018,trip_03217,DEP,21060,-103,Inbound,1
2025-01-26,Red,stop_019,trip_03218,ARR,21240,-102,Outbound,0
2025-01-27,Orange,stop_020,trip_03219,DEP,21420,-101,Inbound,1
2025-01-28,Red,stop_021,trip_03220,ARR,18000,-100,Outbound,0
2025-01-29,Orange,stop_022,trip_03221,DEP,18180,-99,Inbound,1
2025-01-30,Red,stop_023,trip_03222,ARR,18360,-98,Outbound,0
2025-01-31,Orange,stop_024,trip_03223,DEP,18540,-97,Inbound,1
2025-01-01,Red,stop_025,trip_03224,ARR,18720,-96,Outbound,0
2025-01-02,Orange,stop_026,trip_03225,DEP,18900,-95,Inbound,1
2025-01-03,Red,stop_027,trip_03226,ARR,19080,-94,Outbound,0
2025-01-04,Orange,stop_028,trip_03227,DEP,19260,-93,Inbound,1
2025-01-05,Red,stop_029,trip_03228,ARR,19440,-92,Outbound,0
2025-01-06,Orange,stop_030,trip_03229,DEP,19620,-91,Inbound,1
2025-01-07,Red,stop_031,trip_03230,ARR,19800,-90,Outbound,0
2025-01-08,Orange,stop_032,trip_03231,DEP,19980,-89,Inbound,1
2025-01-09,Red,stop_033,trip_03232,ARR,20160,-88,Outbound,0
2025-01-10,Orange,stop_034,trip_03233,DEP,20340,-87,Inbound,1
2025-01-11,Red,stop_035,trip_03234,ARR,20520,-86,Outbound,0
2025-01-12,Orange,stop_036,trip_03235,DEP,20700,-85,Inbound,1
2025-01-13,Red,stop_037,trip_03236,ARR,20880,-84,Outbound,0
2025-01-14,Orange,stop_038,trip_03237,DEP,21060,-83,Inbound,1
2025-01-15,Red,stop_039,trip_03238,ARR,21240,-82,Outbound,0
2025-01-16,Orange,stop_040,trip_03239,DEP,21420,-81,Inbound,1
2025-01-17,Red,stop_001,trip_03240,ARR,18000,-80,Outbound,0
2025-01-18,Orange,stop_002,trip_03241,DEP,18180,-79,Inbound,1
2025-01-19,Red,stop_003,trip_03242,ARR,18360,-78,Outbound,0
2025-01-20,Orange,stop_004,trip_03243,DEP,18540,-77,Inbound,1
2025-01-21,Red,stop_005,trip_03244,ARR,18720,-76,Outbound,0
2025-01-22,Orange,stop_006,trip_03245,DEP,18900,-75,Inbound,1
2025-01-23,Red,stop_007,trip_03246,ARR,19080,-74,Outbound,0
2025-01-24,Orange,stop_008,trip_03247,DEP,19260,-73,Inbound,1
2025-01-25,Red,stop_009,trip_03248,ARR,19440,-72,Outbound,0
2025-01-26,Orange,stop_010,trip_03249,DEP,19620,-71,Inbound,1
2025-01-27,Red,stop_011,trip_03250,ARR,19800,-70,Outbound,0
2025-01-28,Orange,stop_012,trip_03251,DEP,19980,-69,Inbound,1
2025-01-29,Red,stop_013,trip_03252,ARR,20160,-68,Outbound,0
2025-01-30,Orange,stop_014,trip_03253,DEP,20340,-67,Inbound,1
2025-01-31,Red,stop_015,trip_03254,ARR,20520,-66,Outbound,0
2025-01-01,Orange,stop_016,trip_03255,DEP,20700,-65,Inbound,1
2025-01-02,Red,stop_017,trip_03256,ARR,20880,-64,Outbound,0
2025-01-03,Orange,stop_018,trip_03257,DEP,21060,-63,Inbound,1
2025-01-04,Red,stop_019,trip_03258,ARR,21240,-62,Outbound,0
2025-01-05,Orange,stop_020,trip_03259,DEP,21420,-61,Inbound,1
2025-01-06,Red,stop_021,trip_03260,ARR,18000,-60,Outbound,0
2025-01-07,Orange,stop_022,trip_03261,DEP,18180,-59,Inbound,1
2025-01-08,Red,stop_023,trip_03262,ARR,18360,-58,Outbound,0
2025-01-09,Orange,stop_024,trip_03263,DEP,18540,-57,Inbound,1
2025-01-10,Red,stop_025,trip_03264,ARR,18720,-56,Outbound,0
2025-01-11,Orange,stop_026,trip_03265,DEP,18900,-55,Inbound,1
2025-01-12,Red,stop_027,trip_03266,ARR,19080,-54,Outbound,0
2025-01-13,Orange,stop_028,trip_03267,DEP,19260,-53,Inbound,1
2025-01-14,Red,stop_029,trip_03268,ARR,19440,-52,Outbound,0
2025-01-15,Orange,stop_030,trip_03269,DEP,19620,-51,Inbound,1
2025-01-16,Red,stop_031,trip_03270,ARR,19800,-50,Outbound,0
2025-01-17,Orange,stop_032,trip_03271,DEP,19980,-49,Inbound,1
2025-01-18,Red,stop_033,trip_03272,ARR,20160,-48,Outbound,0
2025-01-19,Orange,stop_034,trip_03273,DEP,20340,-47,Inbound,1
2025-01-20,Red,stop_035,trip_03274,ARR,20520,-46,Outbound,0
2025-01-21,Orange,stop_036,trip_03275,DEP,20700,-45,Inbound,1
2025-01-22,Red,stop_037,trip_03276,ARR,20880,-44,Outbound,0
2025-01-23,Orange,stop_038,trip_03277,DEP,21060,-43,Inbound,1
2025-01-24,Red,stop_039,trip_03278,ARR,21240,-42,Outbound,0
2025-01-25,Orange,stop_040,trip_03279,DEP,21420,-41,Inbound,1
2025-01-26,Red,stop_001,trip_03280,ARR,18000,-40,Outbound,0
2025-01-27,Orange,stop_002,trip_03281,DEP,18180,-39,Inbound,1
2025-01-28,Red,stop_003,trip_03282,ARR,18360,-38,Outbound,0
2025-01-29,Orange,stop_004,trip_03283,DEP,18540,-37,Inbound,1
2025-01-30,Red,stop_005,trip_03284,ARR,18720,-36,Outbound,0
2025-01-31,Orange,stop_006,trip_03285,DEP,18900,-35,Inbound,1
2025-01-01,Red,stop_007,trip_03286,ARR,19080,-34,Outbound,0
2025-01-02,Orange,stop_008,trip_03287,DEP,19260,-33,Inbound,1
2025-01-03,Red,stop_009,trip_03288,ARR,19440,-32,Outbound,0
2025-01-04,Orange,stop_010,trip_03289,DEP,19620,-31,Inbound,1
2025-01-05,Red,stop_011,trip_03290,ARR,19800,-30,Outbound,0
2025-01-06,Orange,stop_012,trip_03291,DEP,19980,-29,Inbound,1
2025-01-07,Red,stop_013,trip_03292,ARR,20160,-28,Outbound,0
2025-01-08,Orange,stop_014,trip_03293,DEP,20340,-27,Inbound,1
2025-01-09,Red,stop_015,trip_03294,ARR,20520,-26,Outbound,0
2025-01-10,Orange,stop_016,trip_03295,DEP,20700,-25,Inbound,1
2025-01-11,Red,stop_017,trip_03296,ARR,20880,-24,Outbound,0
2025-01-12,Orange,stop_018,trip_03297,DEP,21060,-23,Inbound,1
2025-01-13,Red,stop_019,trip_03298,ARR,21240,-22,Outbound,0
2025-01-14,Orange,stop_020,trip_03299,DEP,21420,-21,Inbound,1
2025-01-15,Red,stop_021,trip_03300,ARR,18000,-20,Outbound,0
2025-01-16,Orange,stop_022,trip_03301,DEP,18180,-19,Inbound,1
2025-01-17,Red,stop_023,trip_03302,ARR,18360,-18,Outbound,0
2025-01-18,Orange,stop_024,trip_03303,DEP,18540,-17,Inbound,1
2025-01-19,Red,stop_025,trip_03304,ARR,18720,-16,Outbound,0
2025-01-20,Orange,stop_026,trip_03305,DEP,18900,-15,Inbound,1
2025-01-21,Red,stop_027,trip_03306,ARR,19080,-14,Outbound,0
2025-01-22,Orange,stop_028,trip_03307,DEP,19260,-13,Inbound,1
2025-01-23,Red,stop_029,trip_03308,ARR,19440,-12,Outbound,0
2025-01-24,Orange,stop_030,trip_03309,DEP,19620,-11,Inbound,1
2025-01-25,Red,stop_031,trip_03310,ARR,19800,-10,Outbound,0
2025-01-26,Orange,stop_032,trip_03311,DEP,19980,-9,Inbound,1
2025-01-27,Red,stop_033,trip_03312,ARR,20160,-8,Outbound,0
2025-01-28,Orange,stop_034,trip_03313,DEP,20340,-7,Inbound,1
2025-01-29,Red,stop_035,trip_03314,ARR,20520,-6,Outbound,0
2025-01-30,Orange,stop_036,trip_03315,DEP,20700,-5,Inbound,1
2025-01-31,Red,stop_037,trip_03316,ARR,20880,-4,Outbound,0
2025-01-01,Orange,stop_038,trip_03317,DEP,21060,-3,Inbound,1
2025-01-02,Red,stop_039,trip_03318,ARR,21240,-2,Outbound,0
2025-01-03,Orange,stop_040,trip_03319,DEP,21420,-1,Inbound,1
2025-01-04,Red,stop_001,trip_03320,ARR,18000,0,Outbound,0
2025-01-05,Orange,stop_002,trip_03321,DEP,18180,1,Inbound,1
2025-01-06,Red,stop_003,trip_03322,ARR,18360,2,Outbound,0
2025-01-07,Orange,stop_004,trip_03323,DEP,18540,3,Inbound,1
2025-01-08,Red,stop_005,trip_03324,ARR,18720,4,Outbound,0
2025-01-09,Orange,stop_006,trip_03325,DEP,18900,5,Inbound,1
2025-01-10,Red,stop_007,trip_03326,ARR,19080,6,Outbound,0
2025-01-11,Orange,stop_008,trip_03327,DEP,19260,7,Inbound,1
2025-01-12,Red,stop_009,trip_03328,ARR,19440,8,Outbound,0
2025-01-13,Orange,stop_010,trip_03329,DEP,19620,9,Inbound,1
2025-01-14,Red,stop_011,trip_03330,ARR,19800,10,Outbound,0
2025-01-15,Orange,stop_012,trip_03331,DEP,19980,11,Inbound,1
2025-01-16,Red,stop_013,trip_03332,ARR,20160,12,Outbound,0
2025-01-17,Orange,stop_014,trip_03333,DEP,20340,13,Inbound,1
2025-01-18,Red,stop_015,trip_03334,ARR,20520,14,Outbound,0
2025-01-19,Orange,stop_016,trip_03335,DEP,20700,15,Inbound,1
2025-01-20,Red,stop_017,trip_03336,ARR,20880,16,Outbound,0
2025-01-21,Orange,stop_018,trip_03337,DEP,21060,17,Inbound,1
2025-01-22,Red,stop_019,trip_03338,ARR,21240,18,Outbound,0
2025-01-23,Orange,stop_020,trip_03339,DEP,21420,19,Inbound,1
2025-01-24,Red,stop_021,trip_03340,ARR,18000,20,Outbound,0
2025-01-25,Orange,stop_022,trip_03341,DEP,18180,21,Inbound,1
2025-01-26,Red,stop_023,trip_03342,ARR,18360,22,Outbound,0
2025-01-27,Orange,stop_024,trip_03343,DEP,18540,23,Inbound,1
2025-01-28,Red,stop_025,trip_03344,ARR,18720,24,Outbound,0
2025-01-29,Orange,stop_026,trip_03345,DEP,18900,25,Inbound,1
2025-01-30,Red,stop_027,trip_03346,ARR,19080,26,Outbound,0
2025-01-31,Orange,stop_028,trip_03347,DEP,19260,27,Inbound,1
2025-01-01,Red,stop_029,trip_03348,ARR,19440,28,Outbound,0
2025-01-02,Orange,stop_030,trip_03349,DEP,19620,29,Inbound,1
2025-01-03,Red,stop_031,trip_03350,ARR,19800,30,Outbound,0
2025-01-04,Orange,stop_032,trip_03351,DEP,19980,31,Inbound,1
2025-01-05,Red,stop_033,trip_03352,ARR,20160,32,Outbound,0
2025-01-06,Orange,stop_034,trip_03353,DEP,20340,33,Inbound,1
2025-01-07,Red,stop_035,trip_03354,ARR,20520,34,Outbound,0
2025-01-08,Orange,stop_036,trip_03355,DEP,20700,35,Inbound,1
2025-01-09,Red,stop_037,trip_03356,ARR,20880,36,Outbound,0
2025-01-10,Orange,stop_038,trip_03357,DEP,21060,37,Inbound,1
2025-01-11,Red,stop_039,trip_03358,ARR,21240,38,Outbound,0
2025-01-12,Orange,stop_040,trip_03359,DEP,21420,39,Inbound,1
2025-01-13,Red,stop_001,trip_03360,ARR,18000,40,Outbound,0
2025-01-14,Orange,stop_002,trip_03361,DEP,18180,41,Inbound,1
2025-01-15,Red,stop_003,trip_03362,ARR,18360,42,Outbound,0
2025-01-16,Orange,stop_004,trip_03363,DEP,18540,43,Inbound,1
2025-01-17,Red,stop_005,trip_03364,ARR,18720,44,Outbound,0
2025-01-18,Orange,stop_006,trip_03365,DEP,18900,45,Inbound,1
2025-01-19,Red,stop_007,trip_03366,ARR,19080,46,Outbound,0
2025-01-20,Orange,stop_008,trip_03367,DEP,19260,47,Inbound,1
2025-01-21,Red,stop_009,trip_03368,ARR,19440,48,Outbound,0
2025-01-22,Orange,stop_010,trip_03369,DEP,19620,49,Inbound,1
2025-01-23,Red,stop_011,trip_03370,ARR,19800,50,Outbound,0
2025-01-24,Orange,stop_012,trip_03371,DEP,19980,51,Inbound,1
2025-01-25,Red,stop_013,trip_03372,ARR,20160,52,Outbound,0
2025-01-26,Orange,stop_014,trip_03373,DEP,20340,53,Inbound,1
2025-01-27,Red,stop_015,trip_03374,ARR,20520,54,Outbound,0
2025-01-28,Orange,stop_016,trip_03375,DEP,20700,55,Inbound,1
2025-01-29,Red,stop_017,trip_03376,ARR,20880,56,Outbound,0
2025-01-30,Orange,stop_018,trip_03377,DEP,21060,57,Inbound,1
2025-01-31,Red,stop_019,trip_03378,ARR,21240,58,Outbound,0
2025-01-01,Orange,stop_020,trip_03379,DEP,21420,59,Inbound,1
2025-01-02,Red,stop_021,trip_03380,ARR,18000,60,Outbound,0
2025-01-03,Orange,stop_022,trip_03381,DEP,18180,61,Inbound,1
2025-01-04,Red,stop_023,trip_03382,ARR,18360,62,Outbound,0
2025-01-05,Orange,stop_024,trip_03383,DEP,18540,63,Inbound,1
2025-01-06,Red,stop_025,trip_03384,ARR,18720,64,Outbound,0
2025-01-07,Orange,stop_026,trip_03385,DEP,18900,65,Inbound,1
2025-01-08,Red,stop_027,trip_03386,ARR,19080,66,Outbound,0
2025-01-09,Orange,stop_028,trip_03387,DEP,19260,67,Inbound,1
2025-01-10,Red,stop_029,trip_03388,ARR,19440,68,Outbound,0
2025-01-11,Orange,stop_030,trip_03389,DEP,19620,69,Inbound,1
2025-01-12,Red,stop_031,trip_03390,ARR,19800,70,Outbound,0
2025-01-13,Orange,stop_032,trip_03391,DEP,19980,71,Inbound,1
2025-01-14,Red,stop_033,trip_03392,ARR,20160,72,Outbound,0
2025-01-15,Orange,stop_034,trip_03393,DEP,20340,73,Inbound,1
2025-01-16,Red,stop_035,trip_03394,ARR,20520,74,Outbound,0
2025-01-17,Orange,stop_036,trip_03395,DEP,20700,75,Inbound,1
2025-01-18,Red,stop_037,trip_03396,ARR,20880,76,Outbound,0
2025-01-19,Orange,stop_038,trip_03397,DEP,21060,77,Inbound,1
2025-01-20,Red,stop_039,trip_03398,ARR,21240,78,Outbound,0
2025-01-21,Orange,stop_040,trip_03399,DEP,21420,79,Inbound,1
2025-01-22,Red,stop_001,trip_03400,ARR,18000,80,Outbound,0
2025-01-23,Orange,stop_002,trip_03401,DEP,18180,81,Inbound,1
2025-01-24,Red,stop_003,trip_03402,ARR,18360,82,Outbound,0
2025-01-25,Orange,stop_004,trip_03403,DEP,18540,83,Inbound,1
2025-01-26,Red,stop_005,trip_03404,ARR,18720,84,Outbound,0
2025-01-27,Orange,stop_006,trip_03405,DEP,18900,85,Inbound,1
2025-01-28,Red,stop_007,trip_03406,ARR,19080,86,Outbound,0
2025-01-29,Orange,stop_008,trip_03407,DEP,19260,87,Inbound,1
2025-01-30,Red,stop_009,trip_03408,ARR,19440,88,Outbound,0
2025-01-31,Orange,stop_010,trip_03409,DEP,19620,89,Inbound,1
2025-01-01,Red,stop_011,trip_03410,ARR,19800,90,Outbound,0
2025-01-02,Orange,stop_012,trip_03411,DEP,19980,91,Inbound,1
2025-01-03,Red,stop_013,trip_03412,ARR,20160,92,Outbound,0
2025-01-04,Orange,stop_014,trip_03413,DEP,20340,93,Inbound,1
2025-01-05,Red,stop_015,trip_03414,ARR,20520,94,Outbound,0
2025-01-06,Orange,stop_016,trip_03415,DEP,20700,95,Inbound,1
2025-01-07,Red,stop_017,trip_03416,ARR,20880,96,Outbound,0
2025-01-08,Orange,stop_018,trip_03417,DEP,21060,97,Inbound,1
2025-01-09,Red,stop_019,trip_03418,ARR,21240,98,Outbound,0
2025-01-10,Orange,stop_020,trip_03419,DEP,21420,99,Inbound,1
2025-01-11,Red,stop_021,trip_03420,ARR,18000,100,Outbound,0
2025-01-12,Orange,stop_022,trip_03421,DEP,18180,101,Inbound,1
2025-01-13,Red,stop_023,trip_03422,ARR,18360,102,Outbound,0
2025-01-14,Orange,stop_024,trip_03423,DEP,18540,103,Inbound,1
2025-01-15,Red,stop_025,trip_03424,ARR,18720,104,Outbound,0
2025-01-16,Orange,stop_026,trip_03425,DEP,18900,105,Inbound,1
2025-01-17,Red,stop_027,trip_03426,ARR,19080,106,Outbound,0
2025-01-18,Orange,stop_028,trip_03427,DEP,19260,107,Inbound,1
2025-01-19,Red,stop_029,trip_03428,ARR,19440,108,Outbound,0
2025-01-20,Orange,stop_030,trip_03429,DEP,19620,109,Inbound,1
2025-01-21,Red,stop_031,trip_03430,ARR,19800,110,Outbound,0
2025-01-22,Orange,stop_032,trip_03431,DEP,19980,111,Inbound,1
2025-01-23,Red,stop_033,trip_03432,ARR,20160,112,Outbound,0
2025-01-24,Orange,stop_034,trip_03433,DEP,20340,113,Inbound,1
2025-01-25,Red,stop_035,trip_03434,ARR,20520,114,Outbound,0
2025-01-26,Orange,stop_036,trip_03435,DEP,20700,115,Inbound,1
2025-01-27,Red,stop_037,trip_03436,ARR,20880,116,Outbound,0
2025-01-28,Orange,stop_038,trip_03437,DEP,21060,117,Inbound,1
2025-01-29,Red,stop_039,trip_03438,ARR,21240,118,Outbound,0
2025-01-30,Orange,stop_040,trip_03439,DEP,21420,119,Inbound,1
2025-01-31,Red,stop_001,trip_03440,ARR,18000,120,Outbound,0
2025-01-01,Orange,stop_002,trip_03441,DEP,18180,121,Inbound,1
2025-01-02,Red,stop_003,trip_03442,ARR,18360,122,Outbound,0
2025-01-03,Orange,stop_004,trip_03443,DEP,18540,123,Inbound,1
2025-01-04,Red,stop_005,trip_03444,ARR,18720,124,Outbound,0
2025-01-05,Orange,stop_006,trip_03445,DEP,18900,125,Inbound,1
2025-01-06,Red,stop_007,trip_03446,ARR,19080,126,Outbound,0
2025-01-07,Orange,stop_008,trip_03447,DEP,19260,127,Inbound,1
2025-01-08,Red,stop_009,trip_03448,ARR,19440,128,Outbound,0
2025-01-09,Orange,stop_010,trip_03449,DEP,19620,129,Inbound,1
2025-01-10,Red,stop_011,trip_03450,ARR,19800,130,Outbound,0
2025-01-11,Orange,stop_012,trip_03451,DEP,19980,131,Inbound,1
2025-01-12,Red,stop_013,trip_03452,ARR,20160,132,Outbound,0
2025-01-13,Orange,stop_014,trip_03453,DEP,20340,133,Inbound,1
2025-01-14,Red,stop_015,trip_03454,ARR,20520,134,Outbound,0
2025-01-15,Orange,stop_016,trip_03455,DEP,20700,135,Inbound,1
2025-01-16,Red,stop_017,trip_03456,ARR,20880,136,Outbound,0
2025-01-17,Orange,stop_018,trip_03457,DEP,21060,137,Inbound,1
2025-01-18,Red,stop_019,trip_03458,ARR,21240,138,Outbound,0
2025-01-19,Orange,stop_020,trip_03459,DEP,21420,139,Inbound,1
2025-01-20,Red,stop_021,trip_03460,ARR,18000,140,Outbound,0
2025-01-21,Orange,stop_022,trip_03461,DEP,18180,141,Inbound,1
2025-01-22,Red,stop_023,trip_03462,ARR,18360,142,Outbound,0
2025-01-23,Orange,stop_024,trip_03463,DEP,18540,143,Inbound,1
2025-01-24,Red,stop_025,trip_03464,ARR,18720,144,Outbound,0
2025-01-25,Orange,stop_026,trip_03465,DEP,18900,145,Inbound,1
2025-01-26,Red,stop_027,trip_03466,ARR,19080,146,Outbound,0
2025-01-27,Orange,stop_028,trip_03467,DEP,19260,147,Inbound,1
2025-01-28,Red,stop_029,trip_03468,ARR,19440,148,Outbound,0
2025-01-29,Orange,stop_030,trip_03469,DEP,19620,149,Inbound,1
2025-01-30,Red,stop_031,trip_03470,ARR,19800,150,Outbound,0
2025-01-31,Orange,stop_032,trip_03471,DEP,19980,151,Inbound,1
2025-01-01,Red,stop_033,trip_03472,ARR,20160,152,Outbound,0
2025-01-02,Orange,stop_034,trip_03473,DEP,20340,153,Inbound,1
2025-01-03,Red,stop_035,trip_03474,ARR,20520,154,Outbound,0
2025-01-04,Orange,stop_036,trip_03475,DEP,20700,155,Inbound,1
2025-01-05,Red,stop_037,trip_03476,ARR,20880,156,Outbound,0
2025-01-06,Orange,stop_038,trip_03477,DEP,21060,157,Inbound,1
2025-01-07,Red,stop_039,trip_03478,ARR,21240,158,Outbound,0
2025-01-08,Orange,stop_040,trip_03479,DEP,21420,159,Inbound,1
2025-01-09,Red,stop_001,trip_03480,ARR,18000,160,Outbound,0
2025-01-10,Orange,stop_002,trip_03481,DEP,18180,161,Inbound,1
2025-01-11,Red,stop_003,trip_03482,ARR,18360,162,Outbound,0
2025-01-12,Orange,stop_004,trip_03483,DEP,18540,163,Inbound,1
2025-01-13,Red,stop_005,trip_03484,ARR,18720,164,Outbound,0
2025-01-14,Orange,stop_006,trip_03485,DEP,18900,165,Inbound,1
2025-01-15,Red,stop_007,trip_03486,ARR,19080,166,Outbound,0
2025-01-16,Orange,stop_008,trip_03487,DEP,19260,167,Inbound,1
2025-01-17,Red,stop_009,trip_03488,ARR,19440,168,Outbound,0
2025-01-18,Orange,stop_010,trip_03489,DEP,19620,169,Inbound,1
2025-01-19,Red,stop_011,trip_03490,ARR,19800,170,Outbound,0
2025-01-20,Orange,stop_012,trip_03491,DEP,19980,171,Inbound,1
2025-01-21,Red,stop_013,trip_03492,ARR,20160,172,Outbound,0
2025-01-22,Orange,stop_014,trip_03493,DEP,20340,173,Inbound,1
2025-01-23,Red,stop_015,trip_03494,ARR,20520,174,Outbound,0
2025-01-24,Orange,stop_016,trip_03495,DEP,20700,175,Inbound,1
2025-01-25,Red,stop_017,trip_03496,ARR,20880,176,Outbound,0
2025-01-26,Orange,stop_018,trip_03497,DEP,21060,177,Inbound,1
2025-01-27,Red,stop_019,trip_03498,ARR,21240,178,Outbound,0
2025-01-28,Orange,stop_020,trip_03499,DEP,21420,179,Inbound,1
2025-01-29,Red,stop_021,trip_03500,ARR,18000,180,Outbound,0
2025-01-30,Orange,stop_022,trip_03501,DEP,18180,181,Inbound,1
2025-01-31,Red,stop_023,trip_03502,ARR,18360,182,Outbound,0
2025-01-01,Orange,stop_024,trip_03503,DEP,18540,183,Inbound,1
2025-01-02,Red,stop_025,trip_03504,ARR,18720,184,Outbound,0
2025-01-03,Orange,stop_026,trip_03505,DEP,18900,185,Inbound,1
2025-01-04,Red,stop_027,trip_03506,ARR,19080,186,Outbound,0
2025-01-05,Orange,stop_028,trip_03507,DEP,19260,187,Inbound,1
2025-01-06,Red,stop_029,trip_03508,ARR,19440,188,Outbound,0
2025-01-07,Orange,stop_030,trip_03509,DEP,19620,189,Inbound,1
2025-01-08,Red,stop_031,trip_03510,ARR,19800,190,Outbound,0
2025-01-09,Orange,stop_032,trip_03511,DEP,19980,191,Inbound,1
2025-01-10,Red,stop_033,trip_03512,ARR,20160,192,Outbound,0
2025-01-11,Orange,stop_034,trip_03513,DEP,20340,193,Inbound,1
2025-01-12,Red,stop_035,trip_03514,ARR,20520,194,Outbound,0
2025-01-13,Orange,stop_036,trip_03515,DEP,20700,195,Inbound,1
2025-01-14,Red,stop_037,trip_03516,ARR,20880,196,Outbound,0
2025-01-15,Orange,stop_038,trip_03517,DEP,21060,197,Inbound,1
2025-01-16,Red,stop_039,trip_03518,ARR,21240,198,Outbound,0
2025-01-17,Orange,stop_040,trip_03519,DEP,21420,199,Inbound,1
2025-01-18,Red,stop_001,trip_03520,ARR,18000,200,Outbound,0
2025-01-19,Orange,stop_002,trip_03521,DEP,18180,201,Inbound,1
2025-01-20,Red,stop_003,trip_03522,ARR,18360,202,Outbound,0
2025-01-21,Orange,stop_004,trip_03523,DEP,18540,203,Inbound,1
2025-01-22,Red,stop_005,trip_03524,ARR,18720,204,Outbound,0
2025-01-23,Orange,stop_006,trip_03525,DEP,18900,205,Inbound,1
2025-01-24,Red,stop_007,trip_03526,ARR,19080,206,Outbound,0
2025-01-25,Orange,stop_008,trip_03527,DEP,19260,207,Inbound,1
2025-01-26,Red,stop_009,trip_03528,ARR,19440,208,Outbound,0
2025-01-27,Orange,stop_010,trip_03529,DEP,19620,209,Inbound,1
2025-01-28,Red,stop_011,trip_03530,ARR,19800,210,Outbound,0
2025-01-29,Orange,stop_012,trip_03531,DEP,19980,211,Inbound,1
2025-01-30,Red,stop_013,trip_03532,ARR,20160,212,Outbound,0
2025-01-31,Orange,stop_014,trip_03533,DEP,20340,213,Inbound,1
2025-01-01,Red,stop_015,trip_03534,ARR,20520,214,Outbound,0
2025-01-02,Orange,stop_016,trip_03535,DEP,20700,215,Inbound,1
2025-01-03,Red,stop_017,trip_03536,ARR,20880,216,Outbound,0
2025-01-04,Orange,stop_018,trip_03537,DEP,21060,217,Inbound,1
2025-01-05,Red,stop_019,trip_03538,ARR,21240,218,Outbound,0
2025-01-06,Orange,stop_020,trip_03539,DEP,21420,219,Inbound,1
2025-01-07,Red,stop_021,trip_03540,ARR,18000,220,Outbound,0
2025-01-08,Orange,stop_022,trip_03541,DEP,18180,221,Inbound,1
2025-01-09,Red,stop_023,trip_03542,ARR,18360,222,Outbound,0
2025-01-10,Orange,stop_024,trip_03543,DEP,18540,223,Inbound,1
2025-01-11,Red,stop_025,trip_03544,ARR,18720,224,Outbound,0
2025-01-12,Orange,stop_026,trip_03545,DEP,18900,225,Inbound,1
2025-01-13,Red,stop_027,trip_03546,ARR,19080,226,Outbound,0
2025-01-14,Orange,stop_028,trip_03547,DEP,19260,227,Inbound,1
2025-01-15,Red,stop_029,trip_03548,ARR,19440,228,Outbound,0
2025-01-16,Orange,stop_030,trip_03549,DEP,19620,229,Inbound,1
2025-01-17,Red,stop_031,trip_03550,ARR,19800,230,Outbound,0
2025-01-18,Orange,stop_032,trip_03551,DEP,19980,231,Inbound,1
2025-01-19,Red,stop_033,trip_03552,ARR,20160,232,Outbound,0
2025-01-20,Orange,stop_034,trip_03553,DEP,20340,233,Inbound,1
2025-01-21,Red,stop_035,trip_03554,ARR,20520,234,Outbound,0
2025-01-22,Orange,stop_036,trip_03555,DEP,20700,235,Inbound,1
2025-01-23,Red,stop_037,trip_03556,ARR,20880,236,Outbound,0
2025-01-24,Orange,stop_038,trip_03557,DEP,21060,237,Inbound,1
2025-01-25,Red,stop_039,trip_03558,ARR,21240,238,Outbound,0
2025-01-26,Orange,stop_040,trip_03559,DEP,21420,239,Inbound,1
2025-01-27,Red,stop_001,trip_03560,ARR,18000,240,Outbound,0
2025-01-28,Orange,stop_002,trip_03561,DEP,18180,241,Inbound,1
2025-01-29,Red,stop_003,trip_03562,ARR,18360,242,Outbound,0
2025-01-30,Orange,stop_004,trip_03563,DEP,18540,243,Inbound,1
2025-01-31,Red,stop_005,trip_03564,ARR,18720,244,Outbound,0
2025-01-01,Orange,stop_006,trip_03565,DEP,18900,245,Inbound,1
2025-01-02,Red,stop_007,trip_03566,ARR,19080,246,Outbound,0
2025-01-03,Orange,stop_008,trip_03567,DEP,19260,247,Inbound,1
2025-01-04,Red,stop_009,trip_03568,ARR,19440,248,Outbound,0
2025-01-05,Orange,stop_010,trip_03569,DEP,19620,249,Inbound,1
2025-01-06,Red,stop_011,trip_03570,ARR,19800,250,Outbound,0
2025-01-07,Orange,stop_012,trip_03571,DEP,19980,251,Inbound,1
2025-01-08,Red,stop_013,trip_03572,ARR,20160,252,Outbound,0
2025-01-09,Orange,stop_014,trip_03573,DEP,20340,253,Inbound,1
2025-01-10,Red,stop_015,trip_03574,ARR,20520,254,Outbound,0
2025-01-11,Orange,stop_016,trip_03575,DEP,20700,255,Inbound,1
2025-01-12,Red,stop_017,trip_03576,ARR,20880,256,Outbound,0
2025-01-13,Orange,stop_018,trip_03577,DEP,21060,257,Inbound,1
2025-01-14,Red,stop_019,trip_03578,ARR,21240,258,Outbound,0
2025-01-15,Orange,stop_020,trip_03579,DEP,21420,259,Inbound,1
2025-01-16,Red,stop_021,trip_03580,ARR,18000,260,Outbound,0
2025-01-17,Orange,stop_022,trip_03581,DEP,18180,261,Inbound,1
2025-01-18,Red,stop_023,trip_03582,ARR,18360,262,Outbound,0
2025-01-19,Orange,stop_024,trip_03583,DEP,18540,263,Inbound,1
2025-01-20,Red,stop_025,trip_03584,ARR,18720,264,Outbound,0
2025-01-21,Orange,stop_026,trip_03585,DEP,18900,265,Inbound,1
2025-01-22,Red,stop_027,trip_03586,ARR,19080,266,Outbound,0
2025-01-23,Orange,stop_028,trip_03587,DEP,19260,267,Inbound,1
2025-01-24,Red,stop_029,trip_03588,ARR,19440,268,Outbound,0
2025-01-25,Orange,stop_030,trip_03589,DEP,19620,269,Inbound,1
2025-01-26,Red,stop_031,trip_03590,ARR,19800,270,Outbound,0
2025-01-27,Orange,stop_032,trip_03591,DEP,19980,271,Inbound,1
2025-01-28,Red,stop_033,trip_03592,ARR,20160,272,Outbound,0
2025-01-29,Orange,stop_034,trip_03593,DEP,20340,273,Inbound,1
2025-01-30,Red,stop_035,trip_03594,ARR,20520,274,Outbound,0
2025-01-31,Orange,stop_036,trip_03595,DEP,20700,275,Inbound,1
2025-01-01,Red,stop_037,trip_03596,ARR,20880,276,Outbound,0
2025-01-02,Orange,stop_038,trip_03597,DEP,21060,277,Inbound,1
2025-01-03,Red,stop_039,trip_03598,ARR,21240,278,Outbound,0
2025-01-04,Orange,stop_040,trip_03599,DEP,21420,279,Inbound,1
2025-01-05,Red,stop_001,trip_03600,ARR,18000,-120,Outbound,0
2025-01-06,Orange,stop_002,trip_03601,DEP,18180,-119,Inbound,1
2025-01-07,Red,stop_003,trip_03602,ARR,18360,-118,Outbound,0
2025-01-08,Orange,stop_004,trip_03603,DEP,18540,-117,Inbound,1
2025-01-09,Red,stop_005,trip_03604,ARR,18720,-116,Outbound,0
2025-01-10,Orange,stop_006,trip_03605,DEP,18900,-115,Inbound,1
2025-01-11,Red,stop_007,trip_03606,ARR,19080,-114,Outbound,0
2025-01-12,Orange,stop_008,trip_03607,DEP,19260,-113,Inbound,1
2025-01-13,Red,stop_009,trip_03608,ARR,19440,-112,Outbound,0
2025-01-14,Orange,stop_010,trip_03609,DEP,19620,-111,Inbound,1
2025-01-15,Red,stop_011,trip_03610,ARR,19800,-110,Outbound,0
2025-01-16,Orange,stop_012,trip_03611,DEP,19980,-109,Inbound,1
2025-01-17,Red,stop_013,trip_03612,ARR,20160,-108,Outbound,0
2025-01-18,Orange,stop_014,trip_03613,DEP,20340,-107,Inbound,1
2025-01-19,Red,stop_015,trip_03614,ARR,20520,-106,Outbound,0
2025-01-20,Orange,stop_016,trip_03615,DEP,20700,-105,Inbound,1
2025-01-21,Red,stop_017,trip_03616,ARR,20880,-104,Outbound,0
2025-01-22,Orange,stop_018,trip_03617,DEP,21060,-103,Inbound,1
2025-01-23,Red,stop_019,trip_03618,ARR,21240,-102,Outbound,0
2025-01-24,Orange,stop_020,trip_03619,DEP,21420,-101,Inbound,1
2025-01-25,Red,stop_021,trip_03620,ARR,18000,-100,Outbound,0
2025-01-26,Orange,stop_022,trip_03621,DEP,18180,-99,Inbound,1
2025-01-27,Red,stop_023,trip_03622,ARR,18360,-98,Outbound,0
2025-01-28,Orange,stop_024,trip_03623,DEP,18540,-97,Inbound,1
2025-01-29,Red,stop_025,trip_03624,ARR,18720,-96,Outbound,0
2025-01-30,Orange,stop_026,trip_03625,DEP,18900,-95,Inbound,1
2025-01-31,Red,stop_027,trip_03626,ARR,19080,-94,Outbound,0
2025-01-01,Orange,stop_028,trip_03627,DEP,19260,-93,Inbound,1
2025-01-02,Red,stop_029,trip_03628,ARR,19440,-92,Outbound,0
2025-01-03,Orange,stop_030,trip_03629,DEP,19620,-91,Inbound,1
2025-01-04,Red,stop_031,trip_03630,ARR,19800,-90,Outbound,0
2025-01-05,Orange,stop_032,trip_03631,DEP,19980,-89,Inbound,1
2025-01-06,Red,stop_033,trip_03632,ARR,20160,-88,Outbound,0
2025-01-07,Orange,stop_034,trip_03633,DEP,20340,-87,Inbound,1
2025-01-08,Red,stop_035,trip_03634,ARR,20520,-86,Outbound,0
2025-01-09,Orange,stop_036,trip_03635,DEP,20700,-85,Inbound,1
2025-01-10,Red,stop_037,trip_03636,ARR,20880,-84,Outbound,0
2025-01-11,Orange,stop_038,trip_03637,DEP,21060,-83,Inbound,1
2025-01-12,Red,stop_039,trip_03638,ARR,21240,-82,Outbound,0
2025-01-13,Orange,stop_040,trip_03639,DEP,21420,-81,Inbound,1
2025-01-14,Red,stop_001,trip_03640,ARR,18000,-80,Outbound,0
2025-01-15,Orange,stop_002,trip_03641,DEP,18180,-79,Inbound,1
2025-01-16,Red,stop_003,trip_03642,ARR,18360,-78,Outbound,0
2025-01-17,Orange,stop_004,trip_03643,DEP,18540,-77,Inbound,1
2025-01-18,Red,stop_005,trip_03644,ARR,18720,-76,Outbound,0
2025-01-19,Orange,stop_006,trip_03645,DEP,18900,-75,Inbound,1
2025-01-20,Red,stop_007,trip_03646,ARR,19080,-74,Outbound,0
2025-01-21,Orange,stop_008,trip_03647,DEP,19260,-73,Inbound,1
2025-01-22,Red,stop_009,trip_03648,ARR,19440,-72,Outbound,0
2025-01-23,Orange,stop_010,trip_03649,DEP,19620,-71,Inbound,1
2025-01-24,Red,stop_011,trip_03650,ARR,19800,-70,Outbound,0
2025-01-25,Orange,stop_012,trip_03651,DEP,19980,-69,Inbound,1
2025-01-26,Red,stop_013,trip_03652,ARR,20160,-68,Outbound,0
2025-01-27,Orange,stop_014,trip_03653,DEP,20340,-67,Inbound,1
2025-01-28,Red,stop_015,trip_03654,ARR,20520,-66,Outbound,0
2025-01-29,Orange,stop_016,trip_03655,DEP,20700,-65,Inbound,1
2025-01-30,Red,stop_017,trip_03656,ARR,20880,-64,Outbound,0
2025-01-31,Orange,stop_018,trip_03657,DEP,21060,-63,Inbound,1
2025-01-01,Red,stop_019,trip_03658,ARR,21240,-62,Outbound,0
2025-01-02,Orange,stop_020,trip_03659,DEP,21420,-61,Inbound,1
2025-01-03,Red,stop_021,trip_03660,ARR,18000,-60,Outbound,0
2025-01-04,Orange,stop_022,trip_03661,DEP,18180,-59,Inbound,1
2025-01-05,Red,stop_023,trip_03662,ARR,18360,-58,Outbound,0
2025-01-06,Orange,stop_024,trip_03663,DEP,18540,-57,Inbound,1
2025-01-07,Red,stop_025,trip_03664,ARR,18720,-56,Outbound,0
2025-01-08,Orange,stop_026,trip_03665,DEP,18900,-55,Inbound,1
2025-01-09,Red,stop_027,trip_03666,ARR,19080,-54,Outbound,0
2025-01-10,Orange,stop_028,trip_03667,DEP,19260,-53,Inbound,1
2025-01-11,Red,stop_029,trip_03668,ARR,19440,-52,Outbound,0
2025-01-12,Orange,stop_030,trip_03669,DEP,19620,-51,Inbound,1
2025-01-13,Red,stop_031,trip_03670,ARR,19800,-50,Outbound,0
2025-01-14,Orange,stop_032,trip_03671,DEP,19980,-49,Inbound,1
2025-01-15,Red,stop_033,trip_03672,ARR,20160,-48,Outbound,0
2025-01-16,Orange,stop_034,trip_03673,DEP,20340,-47,Inbound,1
2025-01-17,Red,stop_035,trip_03674,ARR,20520,-46,Outbound,0
2025-01-18,Orange,stop_036,trip_03675,DEP,20700,-45,Inbound,1
2025-01-19,Red,stop_037,trip_03676,ARR,20880,-44,Outbound,0
2025-01-20,Orange,stop_038,trip_03677,DEP,21060,-43,Inbound,1
2025-01-21,Red,stop_039,trip_03678,ARR,21240,-42,Outbound,0
2025-01-22,Orange,stop_040,trip_03679,DEP,21420,-41,Inbound,1
2025-01-23,Red,stop_001,trip_03680,ARR,18000,-40,Outbound,0
2025-01-24,Orange,stop_002,trip_03681,DEP,18180,-39,Inbound,1
2025-01-25,Red,stop_003,trip_03682,ARR,18360,-38,Outbound,0
2025-01-26,Orange,stop_004,trip_03683,DEP,18540,-37,Inbound,1
2025-01-27,Red,stop_005,trip_03684,ARR,18720,-36,Outbound,0
2025-01-28,Orange,stop_006,trip_03685,DEP,18900,-35,Inbound,1
2025-01-29,Red,stop_007,trip_03686,ARR,19080,-34,Outbound,0
2025-01-30,Orange,stop_008,trip_03687,DEP,19260,-33,Inbound,1
2025-01-31,Red,stop_009,trip_03688,ARR,19440,-32,Outbound,0
2025-01-01,Orange,stop_010,trip_03689,DEP,19620,-31,Inbound,1
2025-01-02,Red,stop_011,trip_03690,ARR,19800,-30,Outbound,0
2025-01-03,Orange,stop_012,trip_03691,DEP,19980,-29,Inbound,1
2025-01-04,Red,stop_013,trip_03692,ARR,20160,-28,Outbound,0
2025-01-05,Orange,stop_014,trip_03693,DEP,20340,-27,Inbound,1
2025-01-06,Red,stop_015,trip_03694,ARR,20520,-26,Outbound,0
2025-01-07,Orange,stop_016,trip_03695,DEP,20700,-25,Inbound,1
2025-01-08,Red,stop_017,trip_03696,ARR,20880,-24,Outbound,0
2025-01-09,Orange,stop_018,trip_03697,DEP,21060,-23,Inbound,1
2025-01-10,Red,stop_019,trip_03698,ARR,21240,-22,Outbound,0
2025-01-11,Orange,stop_020,trip_03699,DEP,21420,-21,Inbound,1
2025-01-12,Red,stop_021,trip_03700,ARR,18000,-20,Outbound,0
2025-01-13,Orange,stop_022,trip_03701,DEP,18180,-19,Inbound,1
2025-01-14,Red,stop_023,trip_03702,ARR,18360,-18,Outbound,0
2025-01-15,Orange,stop_024,trip_03703,DEP,18540,-17,Inbound,1
2025-01-16,Red,stop_025,trip_03704,ARR,18720,-16,Outbound,0
2025-01-17,Orange,stop_026,trip_03705,DEP,18900,-15,Inbound,1
2025-01-18,Red,stop_027,trip_03706,ARR,19080,-14,Outbound,0
2025-01-19,Orange,stop_028,trip_03707,DEP,19260,-13,Inbound,1
2025-01-20,Red,stop_029,trip_03708,ARR,19440,-12,Outbound,0
2025-01-21,Orange,stop_030,trip_03709,DEP,19620,-11,Inbound,1
2025-01-22,Red,stop_031,trip_03710,ARR,19800,-10,Outbound,0
2025-01-23,Orange,stop_032,trip_03711,DEP,19980,-9,Inbound,1
2025-01-24,Red,stop_033,trip_03712,ARR,20160,-8,Outbound,0
2025-01-25,Orange,stop_034,trip_03713,DEP,20340,-7,Inbound,1
2025-01-26,Red,stop_035,trip_03714,ARR,20520,-6,Outbound,0
2025-01-27,Orange,stop_036,trip_03715,DEP,20700,-5,Inbound,1
2025-01-28,Red,stop_037,trip_03716,ARR,20880,-4,Outbound,0
2025-01-29,Orange,stop_038,trip_03717,DEP,21060,-3,Inbound,1
2025-01-30,Red,stop_039,trip_03718,ARR,21240,-2,Outbound,0
2025-01-31,Orange,stop_040,trip_03719,DEP,21420,-1,Inbound,1
2025-01-01,Red,stop_001,trip_03720,ARR,18000,0,Outbound,0
2025-01-02,Orange,stop_002,trip_03721,DEP,18180,1,Inbound,1
2025-01-03,Red,stop_003,trip_03722,ARR,18360,2,Outbound,0
2025-01-04,Orange,stop_004,trip_03723,DEP,18540,3,Inbound,1
2025-01-05,Red,stop_005,trip_03724,ARR,18720,4,Outbound,0
2025-01-06,Orange,stop_006,trip_03725,DEP,18900,5,Inbound,1
2025-01-07,Red,stop_007,trip_03726,ARR,19080,6,Outbound,0
2025-01-08,Orange,stop_008,trip_03727,DEP,19260,7,Inbound,1
2025-01-09,Red,stop_009,trip_03728,ARR,19440,8,Outbound,0
2025-01-10,Orange,stop_010,trip_03729,DEP,19620,9,Inbound,1
2025-01-11,Red,stop_011,trip_03730,ARR,19800,10,Outbound,0
2025-01-12,Orange,stop_012,trip_03731,DEP,19980,11,Inbound,1
2025-01-13,Red,stop_013,trip_03732,ARR,20160,12,Outbound,0
2025-01-14,Orange,stop_014,trip_03733,DEP,20340,13,Inbound,1
2025-01-15,Red,stop_015,trip_03734,ARR,20520,14,Outbound,0
2025-01-16,Orange,stop_016,trip_03735,DEP,20700,15,Inbound,1
2025-01-17,Red,stop_017,trip_03736,ARR,20880,16,Outbound,0
2025-01-18,Orange,stop_018,trip_03737,DEP,21060,17,Inbound,1
2025-01-19,Red,stop_019,trip_03738,ARR,21240,18,Outbound,0
2025-01-20,Orange,stop_020,trip_03739,DEP,21420,19,Inbound,1
2025-01-21,Red,stop_021,trip_03740,ARR,18000,20,Outbound,0
2025-01-22,Orange,stop_022,trip_03741,DEP,18180,21,Inbound,1
2025-01-23,Red,stop_023,trip_03742,ARR,18360,22,Outbound,0
2025-01-24,Orange,stop_024,trip_03743,DEP,18540,23,Inbound,1
2025-01-25,Red,stop_025,trip_03744,ARR,18720,24,Outbound,0
2025-01-26,Orange,stop_026,trip_03745,DEP,18900,25,Inbound,1
2025-01-27,Red,stop_027,trip_03746,ARR,19080,26,Outbound,0
2025-01-28,Orange,stop_028,trip_03747,DEP,19260,27,Inbound,1
2025-01-29,Red,stop_029,trip_03748,ARR,19440,28,Outbound,0
2025-01-30,Orange,stop_030,trip_03749,DEP,19620,29,Inbound,1
2025-01-31,Red,stop_031,trip_03750,ARR,19800,30,Outbound,0
2025-01-01,Orange,stop_032,trip_03751,DEP,19980,31,Inbound,1
2025-01-02,Red,stop_033,trip_03752,ARR,20160,32,Outbound,0
2025-01-03,Orange,stop_034,trip_03753,DEP,20340,33,Inbound,1
2025-01-04,Red,stop_035,trip_03754,ARR,20520,34,Outbound,0
2025-01-05,Orange,stop_036,trip_03755,DEP,20700,35,Inbound,1
2025-01-06,Red,stop_037,trip_03756,ARR,20880,36,Outbound,0
2025-01-07,Orange,stop_038,trip_03757,DEP,21060,37,Inbound,1
2025-01-08,Red,stop_039,trip_03758,ARR,21240,38,Outbound,0
2025-01-09,Orange,stop_040,trip_03759,DEP,21420,39,Inbound,1
2025-01-10,Red,stop_001,trip_03760,ARR,18000,40,Outbound,0
2025-01-11,Orange,stop_002,trip_03761,DEP,18180,41,Inbound,1
2025-01-12,Red,stop_003,trip_03762,ARR,18360,42,Outbound,0
2025-01-13,Orange,stop_004,trip_03763,DEP,18540,43,Inbound,1
2025-01-14,Red,stop_005,trip_03764,ARR,18720,44,Outbound,0
2025-01-15,Orange,stop_006,trip_03765,DEP,18900,45,Inbound,1
2025-01-16,Red,stop_007,trip_03766,ARR,19080,46,Outbound,0
2025-01-17,Orange,stop_008,trip_03767,DEP,19260,47,Inbound,1
2025-01-18,Red,stop_009,trip_03768,ARR,19440,48,Outbound,0
2025-01-19,Orange,stop_010,trip_03769,DEP,19620,49,Inbound,1
2025-01-20,Red,stop_011,trip_03770,ARR,19800,50,Outbound,0
2025-01-21,Orange,stop_012,trip_03771,DEP,19980,51,Inbound,1
2025-01-22,Red,stop_013,trip_03772,ARR,20160,52,Outbound,0
2025-01-23,Orange,stop_014,trip_03773,DEP,20340,53,Inbound,1
2025-01-24,Red,stop_015,trip_03774,ARR,20520,54,Outbound,0
2025-01-25,Orange,stop_016,trip_03775,DEP,20700,55,Inbound,1
2025-01-26,Red,stop_017,trip_03776,ARR,20880,56,Outbound,0
2025-01-27,Orange,stop_018,trip_03777,DEP,21060,57,Inbound,1
2025-01-28,Red,stop_019,trip_03778,ARR,21240,58,Outbound,0
2025-01-29,Orange,stop_020,trip_03779,DEP,21420,59,Inbound,1
2025-01-30,Red,stop_021,trip_03780,ARR,18000,60,Outbound,0
2025-01-31,Orange,stop_022,trip_03781,DEP,18180,61,Inbound,1
2025-01-01,Red,stop_023,trip_03782,ARR,18360,62,Outbound,0
2025-01-02,Orange,stop_024,trip_03783,DEP,18540,63,Inbound,1
2025-01-03,Red,stop_025,trip_03784,ARR,18720,64,Outbound,0
2025-01-04,Orange,stop_026,trip_03785,DEP,18900,65,Inbound,1
2025-01-05,Red,stop_027,trip_03786,ARR,19080,66,Outbound,0
2025-01-06,Orange,stop_028,trip_03787,DEP,19260,67,Inbound,1
2025-01-07,Red,stop_029,trip_03788,ARR,19440,68,Outbound,0
2025-01-08,Orange,stop_030,trip_03789,DEP,19620,69,Inbound,1
2025-01-09,Red,stop_031,trip_03790,ARR,19800,70,Outbound,0
2025-01-10,Orange,stop_032,trip_03791,DEP,19980,71,Inbound,1
2025-01-11,Red,stop_033,trip_03792,ARR,20160,72,Outbound,0
2025-01-12,Orange,stop_034,trip_03793,DEP,20340,73,Inbound,1
2025-01-13,Red,stop_035,trip_03794,ARR,20520,74,Outbound,0
2025-01-14,Orange,stop_036,trip_03795,DEP,20700,75,Inbound,1
2025-01-15,Red,stop_037,trip_03796,ARR,20880,76,Outbound,0
2025-01-16,Orange,stop_038,trip_03797,DEP,21060,77,Inbound,1
2025-01-17,Red,stop_039,trip_03798,ARR,21240,78,Outbound,0
2025-01-18,Orange,stop_040,trip_03799,DEP,21420,79,Inbound,1
2025-01-19,Red,stop_001,trip_03800,ARR,18000,80,Outbound,0
2025-01-20,Orange,stop_002,trip_03801,DEP,18180,81,Inbound,1
2025-01-21,Red,stop_003,trip_03802,ARR,18360,82,Outbound,0
2025-01-22,Orange,stop_004,trip_03803,DEP,18540,83,Inbound,1
2025-01-23,Red,stop_005,trip_03804,ARR,18720,84,Outbound,0
2025-01-24,Orange,stop_006,trip_03805,DEP,18900,85,Inbound,1
2025-01-25,Red,stop_007,trip_03806,ARR,19080,86,Outbound,0
2025-01-26,Orange,stop_008,trip_03807,DEP,19260,87,Inbound,1
2025-01-27,Red,stop_009,trip_03808,ARR,19440,88,Outbound,0
2025-01-28,Orange,stop_010,trip_03809,DEP,19620,89,Inbound,1
2025-01-29,Red,stop_011,trip_03810,ARR,19800,90,Outbound,0
2025-01-30,Orange,stop_012,trip_03811,DEP,19980,91,Inbound,1
2025-01-31,Red,stop_013,trip_03812,ARR,20160,92,Outbound,0
2025-01-01,Orange,stop_014,trip_03813,DEP,20340,93,Inbound,1
2025-01-02,Red,stop_015,trip_03814,ARR,20520,94,Outbound,0
2025-01-03,Orange,stop_016,trip_03815,DEP,20700,95,Inbound,1
2025-01-04,Red,stop_017,trip_03816,ARR,20880,96,Outbound,0
2025-01-05,Orange,stop_018,trip_03817,DEP,21060,97,Inbound,1
2025-01-06,Red,stop_019,trip_03818,ARR,21240,98,Outbound,0
2025-01-07,Orange,stop_020,trip_03819,DEP,21420,99,Inbound,1
2025-01-08,Red,stop_021,trip_03820,ARR,18000,100,Outbound,0
2025-01-09,Orange,stop_022,trip_03821,DEP,18180,101,Inbound,1
2025-01-10,Red,stop_023,trip_03822,ARR,18360,102,Outbound,0
2025-01-11,Orange,stop_024,trip_03823,DEP,18540,103,Inbound,1
2025-01-12,Red,stop_025,trip_03824,ARR,18720,104,Outbound,0
2025-01-13,Orange,stop_026,trip_03825,DEP,18900,105,Inbound,1
2025-01-14,Red,stop_027,trip_03826,ARR,19080,106,Outbound,0
2025-01-15,Orange,stop_028,trip_03827,DEP,19260,107,Inbound,1
2025-01-16,Red,stop_029,trip_03828,ARR,19440,108,Outbound,0
2025-01-17,Orange,stop_030,trip_03829,DEP,19620,109,Inbound,1
2025-01-18,Red,stop_031,trip_03830,ARR,19800,110,Outbound,0
2025-01-19,Orange,stop_032,trip_03831,DEP,19980,111,Inbound,1
2025-01-20,Red,stop_033,trip_03832,ARR,20160,112,Outbound,0
2025-01-21,Orange,stop_034,trip_03833,DEP,20340,113,Inbound,1
2025-01-22,Red,stop_035,trip_03834,ARR,20520,114,Outbound,0
2025-01-23,Orange,stop_036,trip_03835,DEP,20700,115,Inbound,1
2025-01-24,Red,stop_037,trip_03836,ARR,20880,116,Outbound,0
2025-01-25,Orange,stop_038,trip_03837,DEP,21060,117,Inbound,1
2025-01-26,Red,stop_039,trip_03838,ARR,21240,118,Outbound,0
2025-01-27,Orange,stop_040,trip_03839,DEP,21420,119,Inbound,1
2025-01-28,Red,stop_001,trip_03840,ARR,18000,120,Outbound,0
2025-01-29,Orange,stop_002,trip_03841,DEP,18180,121,Inbound,1
2025-01-30,Red,stop_003,trip_03842,ARR,18360,122,Outbound,0
2025-01-31,Orange,stop_004,trip_03843,DEP,18540,123,Inbound,1
2025-01-01,Red,stop_005,trip_03844,ARR,18720,124,Outbound,0
2025-01-02,Orange,stop_006,trip_03845,DEP,18900,125,Inbound,1
2025-01-03,Red,stop_007,trip_03846,ARR,19080,126,Outbound,0
2025-01-04,Orange,stop_008,trip_03847,DEP,19260,127,Inbound,1
2025-01-05,Red,stop_009,trip_03848,ARR,19440,128,Outbound,0
2025-01-06,Orange,stop_010,trip_03849,DEP,19620,129,Inbound,1
2025-01-07,Red,stop_011,trip_03850,ARR,19800,130,Outbound,0
2025-01-08,Orange,stop_012,trip_03851,DEP,19980,131,Inbound,1
2025-01-09,Red,stop_013,trip_03852,ARR,20160,132,Outbound,0
2025-01-10,Orange,stop_014,trip_03853,DEP,20340,133,Inbound,1
2025-01-11,Red,stop_015,trip_03854,ARR,20520,134,Outbound,0
2025-01-12,Orange,stop_016,trip_03855,DEP,20700,135,Inbound,1
2025-01-13,Red,stop_017,trip_03856,ARR,20880,136,Outbound,0
2025-01-14,Orange,stop_018,trip_03857,DEP,21060,137,Inbound,1
2025-01-15,Red,stop_019,trip_03858,ARR,21240,138,Outbound,0
2025-01-16,Orange,stop_020,trip_03859,DEP,21420,139,Inbound,1
2025-01-17,Red,stop_021,trip_03860,ARR,18000,140,Outbound,0
2025-01-18,Orange,stop_022,trip_03861,DEP,18180,141,Inbound,1
2025-01-19,Red,stop_023,trip_03862,ARR,18360,142,Outbound,0
2025-01-20,Orange,stop_024,trip_03863,DEP,18540,143,Inbound,1
2025-01-21,Red,stop_025,trip_03864,ARR,18720,144,Outbound,0
2025-01-22,Orange,stop_026,trip_03865,DEP,18900,145,Inbound,1
2025-01-23,Red,stop_027,trip_03866,ARR,19080,146,Outbound,0
2025-01-24,Orange,stop_028,trip_03867,DEP,19260,147,Inbound,1
2025-01-25,Red,stop_029,trip_03868,ARR,19440,148,Outbound,0
2025-01-26,Orange,stop_030,trip_03869,DEP,19620,149,Inbound,1
2025-01-27,Red,stop_031,trip_03870,ARR,19800,150,Outbound,0
2025-01-28,Orange,stop_032,trip_03871,DEP,19980,151,Inbound,1
2025-01-29,Red,stop_033,trip_03872,ARR,20160,152,Outbound,0
2025-01-30,Orange,stop_034,trip_03873,DEP,20340,153,Inbound,1
2025-01-31,Red,stop_035,trip_03874,ARR,20520,154,Outbound,0
2025-01-01,Orange,stop_036,trip_03875,DEP,20700,155,Inbound,1
2025-01-02,Red,stop_037,trip_03876,ARR,20880,156,Outbound,0
2025-01-03,Orange,stop_038,trip_03877,DEP,21060,157,Inbound,1
2025-01-04,Red,stop_039,trip_03878,ARR,21240,158,Outbound,0
2025-01-05,Orange,stop_040,trip_03879,DEP,21420,159,Inbound,1
2025-01-06,Red,stop_001,trip_03880,ARR,18000,160,Outbound,0
2025-01-07,Orange,stop_002,trip_03881,DEP,18180,161,Inbound,1
2025-01-08,Red,stop_003,trip_03882,ARR,18360,162,Outbound,0
2025-01-09,Orange,stop_004,trip_03883,DEP,18540,163,Inbound,1
2025-01-10,Red,stop_005,trip_03884,ARR,18720,164,Outbound,0
2025-01-11,Orange,stop_006,trip_03885,DEP,18900,165,Inbound,1
2025-01-12,Red,stop_007,trip_03886,ARR,19080,166,Outbound,0
2025-01-13,Orange,stop_008,trip_03887,DEP,19260,167,Inbound,1
2025-01-14,Red,stop_009,trip_03888,ARR,19440,168,Outbound,0
2025-01-15,Orange,stop_010,trip_03889,DEP,19620,169,Inbound,1
2025-01-16,Red,stop_011,trip_03890,ARR,19800,170,Outbound,0
2025-01-17,Orange,stop_012,trip_03891,DEP,19980,171,Inbound,1
2025-01-18,Red,stop_013,trip_03892,ARR,20160,172,Outbound,0
2025-01-19,Orange,stop_014,trip_03893,DEP,20340,173,Inbound,1
2025-01-20,Red,stop_015,trip_03894,ARR,20520,174,Outbound,0
2025-01-21,Orange,stop_016,trip_03895,DEP,20700,175,Inbound,1
2025-01-22,Red,stop_017,trip_03896,ARR,20880,176,Outbound,0
2025-01-23,Orange,stop_018,trip_03897,DEP,21060,177,Inbound,1
2025-01-24,Red,stop_019,trip_03898,ARR,21240,178,Outbound,0
2025-01-25,Orange,stop_020,trip_03899,DEP,21420,179,Inbound,1
2025-01-26,Red,stop_021,trip_03900,ARR,18000,180,Outbound,0
2025-01-27,Orange,stop_022,trip_03901,DEP,18180,181,Inbound,1
2025-01-28,Red,stop_023,trip_03902,ARR,18360,182,Outbound,0
2025-01-29,Orange,stop_024,trip_03903,DEP,18540,183,Inbound,1
2025-01-30,Red,stop_025,trip_03904,ARR,18720,184,Outbound,0
2025-01-31,Orange,stop_026,trip_03905,DEP,18900,185,Inbound,1
2025-01-01,Red,stop_027,trip_03906,ARR,19080,186,Outbound,0
2025-01-02,Orange,stop_028,trip_03907,DEP,19260,187,Inbound,1
2025-01-03,Red,stop_029,trip_03908,ARR,19440,188,Outbound,0
2025-01-04,Orange,stop_030,trip_03909,DEP,19620,189,Inbound,1
2025-01-05,Red,stop_031,trip_03910,ARR,19800,190,Outbound,0
2025-01-06,Orange,stop_032,trip_03911,DEP,19980,191,Inbound,1
2025-01-07,Red,stop_033,trip_03912,ARR,20160,192,Outbound,0
2025-01-08,Orange,stop_034,trip_03913,DEP,20340,193,Inbound,1
2025-01-09,Red,stop_035,trip_03914,ARR,20520,194,Outbound,0
2025-01-10,Orange,stop_036,trip_03915,DEP,20700,195,Inbound,1
2025-01-11,Red,stop_037,trip_03916,ARR,20880,196,Outbound,0
2025-01-12,Orange,stop_038,trip_03917,DEP,21060,197,Inbound,1
2025-01-13,Red,stop_039,trip_03918,ARR,21240,198,Outbound,0
2025-01-14,Orange,stop_040,trip_03919,DEP,21420,199,Inbound,1
2025-01-15,Red,stop_001,trip_03920,ARR,18000,200,Outbound,0
2025-01-16,Orange,stop_002,trip_03921,DEP,18180,201,Inbound,1
2025-01-17,Red,stop_003,trip_03922,ARR,18360,202,Outbound,0
2025-01-18,Orange,stop_004,trip_03923,DEP,18540,203,Inbound,1
2025-01-19,Red,stop_005,trip_03924,ARR,18720,204,Outbound,0
2025-01-20,Orange,stop_006,trip_03925,DEP,18900,205,Inbound,1
2025-01-21,Red,stop_007,trip_03926,ARR,19080,206,Outbound,0
2025-01-22,Orange,stop_008,trip_03927,DEP,19260,207,Inbound,1
2025-01-23,Red,stop_009,trip_03928,ARR,19440,208,Outbound,0
2025-01-24,Orange,stop_010,trip_03929,DEP,19620,209,Inbound,1
2025-01-25,Red,stop_011,trip_03930,ARR,19800,210,Outbound,0
2025-01-26,Orange,stop_012,trip_03931,DEP,19980,211,Inbound,1
2025-01-27,Red,stop_013,trip_03932,ARR,20160,212,Outbound,0
2025-01-28,Orange,stop_014,trip_03933,DEP,20340,213,Inbound,1
2025-01-29,Red,stop_015,trip_03934,ARR,20520,214,Outbound,0
2025-01-30,Orange,stop_016,trip_03935,DEP,20700,215,Inbound,1
2025-01-31,Red,stop_017,trip_03936,ARR,20880,216,Outbound,0
2025-01-01,Orange,stop_018,trip_03937,DEP,21060,217,Inbound,1
2025-01-02,Red,stop_019,trip_03938,ARR,21240,218,Outbound,0
2025-01-03,Orange,stop_020,trip_03939,DEP,21420,219,Inbound,1
2025-01-04,Red,stop_021,trip_03940,ARR,18000,220,Outbound,0
2025-01-05,Orange,stop_022,trip_03941,DEP,18180,221,Inbound,1
2025-01-06,Red,stop_023,trip_03942,ARR,18360,222,Outbound,0
2025-01-07,Orange,stop_024,trip_03943,DEP,18540,223,Inbound,1
2025-01-08,Red,stop_025,trip_03944,ARR,18720,224,Outbound,0
2025-01-09,Orange,stop_026,trip_03945,DEP,18900,225,Inbound,1
2025-01-10,Red,stop_027,trip_03946,ARR,19080,226,Outbound,0
2025-01-11,Orange,stop_028,trip_03947,DEP,19260,227,Inbound,1
2025-01-12,Red,stop_029,trip_03948,ARR,19440,228,Outbound,0
2025-01-13,Orange,stop_030,trip_03949,DEP,19620,229,Inbound,1
2025-01-14,Red,stop_031,trip_03950,ARR,19800,230,Outbound,0
2025-01-15,Orange,stop_032,trip_03951,DEP,19980,231,Inbound,1
2025-01-16,Red,stop_033,trip_03952,ARR,20160,232,Outbound,0
2025-01-17,Orange,stop_034,trip_03953,DEP,20340,233,Inbound,1
2025-01-18,Red,stop_035,trip_03954,ARR,20520,234,Outbound,0
2025-01-19,Orange,stop_036,trip_03955,DEP,20700,235,Inbound,1
2025-01-20,Red,stop_037,trip_03956,ARR,20880,236,Outbound,0
2025-01-21,Orange,stop_038,trip_03957,DEP,21060,237,Inbound,1
2025-01-22,Red,stop_039,trip_03958,ARR,21240,238,Outbound,0
2025-01-23,Orange,stop_040,trip_03959,DEP,21420,239,Inbound,1
2025-01-24,Red,stop_001,trip_03960,ARR,18000,240,Outbound,0
2025-01-25,Orange,stop_002,trip_03961,DEP,18180,241,Inbound,1
2025-01-26,Red,stop_003,trip_03962,ARR,18360,242,Outbound,0
2025-01-27,Orange,stop_004,trip_03963,DEP,18540,243,Inbound,1
2025-01-28,Red,stop_005,trip_03964,ARR,18720,244,Outbound,0
2025-01-29,Orange,stop_006,trip_03965,DEP,18900,245,Inbound,1
2025-01-30,Red,stop_007,trip_03966,ARR,19080,246,Outbound,0
2025-01-31,Orange,stop_008,trip_03967,DEP,19260,247,Inbound,1
2025-01-01,Red,stop_009,trip_03968,ARR,19440,248,Outbound,0
2025-01-02,Orange,stop_010,trip_03969,DEP,19620,249,Inbound,1
2025-01-03,Red,stop_011,trip_03970,ARR,19800,250,Outbound,0
2025-01-04,Orange,stop_012,trip_03971,DEP,19980,251,Inbound,1
2025-01-05,Red,stop_013,trip_03972,ARR,20160,252,Outbound,0
2025-01-06,Orange,stop_014,trip_03973,DEP,20340,253,Inbound,1
2025-01-07,Red,stop_015,trip_03974,ARR,20520,254,Outbound,0
2025-01-08,Orange,stop_016,trip_03975,DEP,20700,255,Inbound,1
2025-01-09,Red,stop_017,trip_03976,ARR,20880,256,Outbound,0
2025-01-10,Orange,stop_018,trip_03977,DEP,21060,257,Inbound,1
2025-01-11,Red,stop_019,trip_03978,ARR,21240,258,Outbound,0
2025-01-12,Orange,stop_020,trip_03979,DEP,21420,259,Inbound,1
2025-01-13,Red,stop_021,trip_03980,ARR,18000,260,Outbound,0
2025-01-14,Orange,stop_022,trip_03981,DEP,18180,261,Inbound,1
2025-01-15,Red,stop_023,trip_03982,ARR,18360,262,Outbound,0
2025-01-16,Orange,stop_024,trip_03983,DEP,18540,263,Inbound,1
2025-01-17,Red,stop_025,trip_03984,ARR,18720,264,Outbound,0
2025-01-18,Orange,stop_026,trip_03985,DEP,18900,265,Inbound,1
2025-01-19,Red,stop_027,trip_03986,ARR,19080,266,Outbound,0
2025-01-20,Orange,stop_028,trip_03987,DEP,19260,267,Inbound,1
2025-01-21,Red,stop_029,trip_03988,ARR,19440,268,Outbound,0
2025-01-22,Orange,stop_030,trip_03989,DEP,19620,269,Inbound,1
2025-01-23,Red,stop_031,trip_03990,ARR,19800,270,Outbound,0
2025-01-24,Orange,stop_032,trip_03991,DEP,19980,271,Inbound,1
2025-01-25,Red,stop_033,trip_03992,ARR,20160,272,Outbound,0
2025-01-26,Orange,stop_034,trip_03993,DEP,20340,273,Inbound,1
2025-01-27,Red,stop_035,trip_03994,ARR,20520,274,Outbound,0
2025-01-28,Orange,stop_036,trip_03995,DEP,20700,275,Inbound,1
2025-01-29,Red,stop_037,trip_03996,ARR,20880,276,Outbound,0
2025-01-30,Orange,stop_038,trip_03997,DEP,21060,277,Inbound,1
2025-01-31,Red,stop_039,trip_03998,ARR,21240,278,Outbound,0
2025-01-01,Orange,stop_040,trip_03999,DEP,21420,279,Inbound,1
2025-01-02,Red,stop_001,trip_04000,ARR,18000,-120,Outbound,0
2025-01-03,Orange,stop_002,trip_04001,DEP,18180,-119,Inbound,1
2025-01-04,Red,stop_003,trip_04002,ARR,18360,-118,Outbound,0
2025-01-05,Orange,stop_004,trip_04003,DEP,18540,-117,Inbound,1
2025-01-06,Red,stop_005,trip_04004,ARR,18720,-116,Outbound,0
2025-01-07,Orange,stop_006,trip_04005,DEP,18900,-115,Inbound,1
2025-01-08,Red,stop_007,trip_04006,ARR,19080,-114,Outbound,0
2025-01-09,Orange,stop_008,trip_04007,DEP,19260,-113,Inbound,1
2025-01-10,Red,stop_009,trip_04008,ARR,19440,-112,Outbound,0
2025-01-11,Orange,stop_010,trip_04009,DEP,19620,-111,Inbound,1
2025-01-12,Red,stop_011,trip_04010,ARR,19800,-110,Outbound,0
2025-01-13,Orange,stop_012,trip_04011,DEP,19980,-109,Inbound,1
2025-01-14,Red,stop_013,trip_04012,ARR,20160,-108,Outbound,0
2025-01-15,Orange,stop_014,trip_04013,DEP,20340,-107,Inbound,1
2025-01-16,Red,stop_015,trip_04014,ARR,20520,-106,Outbound,0
2025-01-17,Orange,stop_016,trip_04015,DEP,20700,-105,Inbound,1
2025-01-18,Red,stop_017,trip_04016,ARR,20880,-104,Outbound,0
2025-01-19,Orange,stop_018,trip_04017,DEP,21060,-103,Inbound,1
2025-01-20,Red,stop_019,trip_04018,ARR,21240,-102,Outbound,0
2025-01-21,Orange,stop_020,trip_04019,DEP,21420,-101,Inbound,1
2025-01-22,Red,stop_021,trip_04020,ARR,18000,-100,Outbound,0
2025-01-23,Orange,stop_022,trip_04021,DEP,18180,-99,Inbound,1
2025-01-24,Red,stop_023,trip_04022,ARR,18360,-98,Outbound,0
2025-01-25,Orange,stop_024,trip_04023,DEP,18540,-97,Inbound,1
2025-01-26,Red,stop_025,trip_04024,ARR,18720,-96,Outbound,0
2025-01-27,Orange,stop_026,trip_04025,DEP,18900,-95,Inbound,1
2025-01-28,Red,stop_027,trip_04026,ARR,19080,-94,Outbound,0
2025-01-29,Orange,stop_028,trip_04027,DEP,19260,-93,Inbound,1
2025-01-30,Red,stop_029,trip_04028,ARR,19440,-92,Outbound,0
2025-01-31,Orange,stop_030,trip_04029,DEP,19620,-91,Inbound,1
2025-01-01,Red,stop_031,trip_04030,ARR,19800,-90,Outbound,0
2025-01-02,Orange,stop_032,trip_04031,DEP,19980,-89,Inbound,1
2025-01-03,Red,stop_033,trip_04032,ARR,20160,-88,Outbound,0
2025-01-04,Orange,stop_034,trip_04033,DEP,20340,-87,Inbound,1
2025-01-05,Red,stop_035,trip_04034,ARR,20520,-86,Outbound,0
2025-01-06,Orange,stop_036,trip_04035,DEP,20700,-85,Inbound,1
2025-01-07,Red,stop_037,trip_04036,ARR,20880,-84,Outbound,0
2025-01-08,Orange,stop_038,trip_04037,DEP,21060,-83,Inbound,1
2025-01-09,Red,stop_039,trip_04038,ARR,21240,-82,Outbound,0
2025-01-10,Orange,stop_040,trip_04039,DEP,21420,-81,Inbound,1
2025-01-11,Red,stop_001,trip_04040,ARR,18000,-80,Outbound,0
2025-01-12,Orange,stop_002,trip_04041,DEP,18180,-79,Inbound,1
2025-01-13,Red,stop_003,trip_04042,ARR,18360,-78,Outbound,0
2025-01-14,Orange,stop_004,trip_04043,DEP,18540,-77,Inbound,1
2025-01-15,Red,stop_005,trip_04044,ARR,18720,-76,Outbound,0
2025-01-16,Orange,stop_006,trip_04045,DEP,18900,-75,Inbound,1
2025-01-17,Red,stop_007,trip_04046,ARR,19080,-74,Outbound,0
2025-01-18,Orange,stop_008,trip_04047,DEP,19260,-73,Inbound,1
2025-01-19,Red,stop_009,trip_04048,ARR,19440,-72,Outbound,0
2025-01-20,Orange,stop_010,trip_04049,DEP,19620,-71,Inbound,1
2025-01-21,Red,stop_011,trip_04050,ARR,19800,-70,Outbound,0
2025-01-22,Orange,stop_012,trip_04051,DEP,19980,-69,Inbound,1
2025-01-23,Red,stop_013,trip_04052,ARR,20160,-68,Outbound,0
2025-01-24,Orange,stop_014,trip_04053,DEP,20340,-67,Inbound,1
2025-01-25,Red,stop_015,trip_04054,ARR,20520,-66,Outbound,0
2025-01-26,Orange,stop_016,trip_04055,DEP,20700,-65,Inbound,1
2025-01-27,Red,stop_017,trip_04056,ARR,20880,-64,Outbound,0
2025-01-28,Orange,stop_018,trip_04057,DEP,21060,-63,Inbound,1
2025-01-29,Red,stop_019,trip_04058,ARR,21240,-62,Outbound,0
2025-01-30,Orange,stop_020,trip_04059,DEP,21420,-61,Inbound,1
2025-01-31,Red,stop_021,trip_04060,ARR,18000,-60,Outbound,0
2025-01-01,Orange,stop_022,trip_04061,DEP,18180,-59,Inbound,1
2025-01-02,Red,stop_023,trip_04062,ARR,18360,-58,Outbound,0
2025-01-03,Orange,stop_024,trip_04063,DEP,18540,-57,Inbound,1
2025-01-04,Red,stop_025,trip_04064,ARR,18720,-56,Outbound,0
2025-01-05,Orange,stop_026,trip_04065,DEP,18900,-55,Inbound,1
2025-01-06,Red,stop_027,trip_04066,ARR,19080,-54,Outbound,0
2025-01-07,Orange,stop_028,trip_04067,DEP,19260,-53,Inbound,1
2025-01-08,Red,stop_029,trip_04068,ARR,19440,-52,Outbound,0
2025-01-09,Orange,stop_030,trip_04069,DEP,19620,-51,Inbound,1
2025-01-10,Red,stop_031,trip_04070,ARR,19800,-50,Outbound,0
2025-01-11,Orange,stop_032,trip_04071,DEP,19980,-49,Inbound,1
2025-01-12,Red,stop_033,trip_04072,ARR,20160,-48,Outbound,0
2025-01-13,Orange,stop_034,trip_04073,DEP,20340,-47,Inbound,1
2025-01-14,Red,stop_035,trip_04074,ARR,20520,-46,Outbound,0
2025-01-15,Orange,stop_036,trip_04075,DEP,20700,-45,Inbound,1
2025-01-16,Red,stop_037,trip_04076,ARR,20880,-44,Outbound,0
2025-01-17,Orange,stop_038,trip_04077,DEP,21060,-43,Inbound,1
2025-01-18,Red,stop_039,trip_04078,ARR,21240,-42,Outbound,0
2025-01-19,Orange,stop_040,trip_04079,DEP,21420,-41,Inbound,1
2025-01-20,Red,stop_001,trip_04080,ARR,18000,-40,Outbound,0
2025-01-21,Orange,stop_002,trip_04081,DEP,18180,-39,Inbound,1
2025-01-22,Red,stop_003,trip_04082,ARR,18360,-38,Outbound,0
2025-01-23,Orange,stop_004,trip_04083,DEP,18540,-37,Inbound,1
2025-01-24,Red,stop_005,trip_04084,ARR,18720,-36,Outbound,0
2025-01-25,Orange,stop_006,trip_04085,DEP,18900,-35,Inbound,1
2025-01-26,Red,stop_007,trip_04086,ARR,19080,-34,Outbound,0
2025-01-27,Orange,stop_008,trip_04087,DEP,19260,-33,Inbound,1
2025-01-28,Red,stop_009,trip_04088,ARR,19440,-32,Outbound,0
2025-01-29,Orange,stop_010,trip_04089,DEP,19620,-31,Inbound,1
2025-01-30,Red,stop_011,trip_04090,ARR,19800,-30,Outbound,0
2025-01-31,Orange,stop_012,trip_04091,DEP,19980,-29,Inbound,1
2025-01-01,Red,stop_013,trip_04092,ARR,20160,-28,Outbound,0
2025-01-02,Orange,stop_014,trip_04093,DEP,20340,-27,Inbound,1
2025-01-03,Red,stop_015,trip_04094,ARR,20520,-26,Outbound,0
2025-01-04,Orange,stop_016,trip_04095,DEP,20700,-25,Inbound,1
2025-01-05,Red,stop_017,trip_04096,ARR,20880,-24,Outbound,0
2025-01-06,Orange,stop_018,trip_04097,DEP,21060,-23,Inbound,1
2025-01-07,Red,stop_019,trip_04098,ARR,21240,-22,Outbound,0
2025-01-08,Orange,stop_020,trip_04099,DEP,21420,-21,Inbound,1
2025-01-09,Red,stop_021,trip_04100,ARR,18000,-20,Outbound,0
2025-01-10,Orange,stop_022,trip_04101,DEP,18180,-19,Inbound,1
2025-01-11,Red,stop_023,trip_04102,ARR,18360,-18,Outbound,0
2025-01-12,Orange,stop_024,trip_04103,DEP,18540,-17,Inbound,1
2025-01-13,Red,stop_025,trip_04104,ARR,18720,-16,Outbound,0
2025-01-14,Orange,stop_026,trip_04105,DEP,18900,-15,Inbound,1
2025-01-15,Red,stop_027,trip_04106,ARR,19080,-14,Outbound,0
2025-01-16,Orange,stop_028,trip_04107,DEP,19260,-13,Inbound,1
2025-01-17,Red,stop_029,trip_04108,ARR,19440,-12,Outbound,0
2025-01-18,Orange,stop_030,trip_04109,DEP,19620,-11,Inbound,1
2025-01-19,Red,stop_031,trip_04110,ARR,19800,-10,Outbound,0
2025-01-20,Orange,stop_032,trip_04111,DEP,19980,-9,Inbound,1
2025-01-21,Red,stop_033,trip_04112,ARR,20160,-8,Outbound,0
2025-01-22,Orange,stop_034,trip_04113,DEP,20340,-7,Inbound,1
2025-01-23,Red,stop_035,trip_04114,ARR,20520,-6,Outbound,0
2025-01-24,Orange,stop_036,trip_04115,DEP,20700,-5,Inbound,1
2025-01-25,Red,stop_037,trip_04116,ARR,20880,-4,Outbound,0
2025-01-26,Orange,stop_038,trip_04117,DEP,21060,-3,Inbound,1
2025-01-27,Red,stop_039,trip_04118,ARR,21240,-2,Outbound,0
2025-01-28,Orange,stop_040,trip_04119,DEP,21420,-1,Inbound,1
2025-01-29,Red,stop_001,trip_04120,ARR,18000,0,Outbound,0
2025-01-30,Orange,stop_002,trip_04121,DEP,18180,1,Inbound,1
2025-01-31,Red,stop_003,trip_04122,ARR,18360,2,Outbound,0
2025-01-01,Orange,stop_004,trip_04123,DEP,18540,3,Inbound,1
2025-01-02,Red,stop_005,trip_04124,ARR,18720,4,Outbound,0
2025-01-03,Orange,stop_006,trip_04125,DEP,18900,5,Inbound,1
2025-01-04,Red,stop_007,trip_04126,ARR,19080,6,Outbound,0
2025-01-05,Orange,stop_008,trip_04127,DEP,19260,7,Inbound,1
2025-01-06,Red,stop_009,trip_04128,ARR,19440,8,Outbound,0
2025-01-07,Orange,stop_010,trip_04129,DEP,19620,9,Inbound,1
2025-01-08,Red,stop_011,trip_04130,ARR,19800,10,Outbound,0
2025-01-09,Orange,stop_012,trip_04131,DEP,19980,11,Inbound,1
2025-01-10,Red,stop_013,trip_04132,ARR,20160,12,Outbound,0
2025-01-11,Orange,stop_014,trip_04133,DEP,20340,13,Inbound,1
2025-01-12,Red,stop_015,trip_04134,ARR,20520,14,Outbound,0
2025-01-13,Orange,stop_016,trip_04135,DEP,20700,15,Inbound,1
2025-01-14,Red,stop_017,trip_04136,ARR,20880,16,Outbound,0
2025-01-15,Orange,stop_018,trip_04137,DEP,21060,17,Inbound,1
2025-01-16,Red,stop_019,trip_04138,ARR,21240,18,Outbound,0
2025-01-17,Orange,stop_020,trip_04139,DEP,21420,19,Inbound,1
2025-01-18,Red,stop_021,trip_04140,ARR,18000,20,Outbound,0
2025-01-19,Orange,stop_022,trip_04141,DEP,18180,21,Inbound,1
2025-01-20,Red,stop_023,trip_04142,ARR,18360,22,Outbound,0
2025-01-21,Orange,stop_024,trip_04143,DEP,18540,23,Inbound,1
2025-01-22,Red,stop_025,trip_04144,ARR,18720,24,Outbound,0
2025-01-23,Orange,stop_026,trip_04145,DEP,18900,25,Inbound,1
2025-01-24,Red,stop_027,trip_04146,ARR,19080,26,Outbound,0
2025-01-25,Orange,stop_028,trip_04147,DEP,19260,27,Inbound,1
2025-01-26,Red,stop_029,trip_04148,ARR,19440,28,Outbound,0
2025-01-27,Orange,stop_030,trip_04149,DEP,19620,29,Inbound,1
2025-01-28,Red,stop_031,trip_04150,ARR,19800,30,Outbound,0
2025-01-29,Orange,stop_032,trip_04151,DEP,19980,31,Inbound,1
2025-01-30,Red,stop_033,trip_04152,ARR,20160,32,Outbound,0
2025-01-31,Orange,stop_034,trip_04153,DEP,20340,33,Inbound,1
2025-01-01,Red,stop_035,trip_04154,ARR,20520,34,Outbound,0
2025-01-02,Orange,stop_036,trip_04155,DEP,20700,35,Inbound,1
2025-01-03,Red,stop_037,trip_04156,ARR,20880,36,Outbound,0
2025-01-04,Orange,stop_038,trip_04157,DEP,21060,37,Inbound,1
2025-01-05,Red,stop_039,trip_04158,ARR,21240,38,Outbound,0
2025-01-06,Orange,stop_040,trip_04159,DEP,21420,39,Inbound,1
2025-01-07,Red,stop_001,trip_04160,ARR,18000,40,Outbound,0
2025-01-08,Orange,stop_002,trip_04161,DEP,18180,41,Inbound,1
2025-01-09,Red,stop_003,trip_04162,ARR,18360,42,Outbound,0
2025-01-10,Orange,stop_004,trip_04163,DEP,18540,43,Inbound,1
2025-01-11,Red,stop_005,trip_04164,ARR,18720,44,Outbound,0
2025-01-12,Orange,stop_006,trip_04165,DEP,18900,45,Inbound,1
2025-01-13,Red,stop_007,trip_04166,ARR,19080,46,Outbound,0
2025-01-14,Orange,stop_008,trip_04167,DEP,19260,47,Inbound,1
2025-01-15,Red,stop_009,trip_04168,ARR,19440,48,Outbound,0
2025-01-16,Orange,stop_010,trip_04169,DEP,19620,49,Inbound,1
2025-01-17,Red,stop_011,trip_04170,ARR,19800,50,Outbound,0
2025-01-18,Orange,stop_012,trip_04171,DEP,19980,51,Inbound,1
2025-01-19,Red,stop_013,trip_04172,ARR,20160,52,Outbound,0
2025-01-20,Orange,stop_014,trip_04173,DEP,20340,53,Inbound,1
2025-01-21,Red,stop_015,trip_04174,ARR,20520,54,Outbound,0
2025-01-22,Orange,stop_016,trip_04175,DEP,20700,55,Inbound,1
2025-01-23,Red,stop_017,trip_04176,ARR,20880,56,Outbound,0
2025-01-24,Orange,stop_018,trip_04177,DEP,21060,57,Inbound,1
2025-01-25,Red,stop_019,trip_04178,ARR,21240,58,Outbound,0
2025-01-26,Orange,stop_020,trip_04179,DEP,21420,59,Inbound,1
2025-01-27,Red,stop_021,trip_04180,ARR,18000,60,Outbound,0
2025-01-28,Orange,stop_022,trip_04181,DEP,18180,61,Inbound,1
2025-01-29,Red,stop_023,trip_04182,ARR,18360,62,Outbound,0
2025-01-30,Orange,stop_024,trip_04183,DEP,18540,63,Inbound,1
2025-01-31,Red,stop_025,trip_04184,ARR,18720,64,Outbound,0
2025-01-01,Orange,stop_026,trip_04185,DEP,18900,65,Inbound,1
2025-01-02,Red,stop_027,trip_04186,ARR,19080,66,Outbound,0
2025-01-03,Orange,stop_028,trip_04187,DEP,19260,67,Inbound,1
2025-01-04,Red,stop_029,trip_04188,ARR,19440,68,Outbound,0
2025-01-05,Orange,stop_030,trip_04189,DEP,19620,69,Inbound,1
2025-01-06,Red,stop_031,trip_04190,ARR,19800,70,Outbound,0
2025-01-07,Orange,stop_032,trip_04191,DEP,19980,71,Inbound,1
2025-01-08,Red,stop_033,trip_04192,ARR,20160,72,Outbound,0
2025-01-09,Orange,stop_034,trip_04193,DEP,20340,73,Inbound,1
2025-01-10,Red,stop_035,trip_04194,ARR,20520,74,Outbound,0
2025-01-11,Orange,stop_036,trip_04195,DEP,20700,75,Inbound,1
2025-01-12,Red,stop_037,trip_04196,ARR,20880,76,Outbound,0
2025-01-13,Orange,stop_038,trip_04197,DEP,21060,77,Inbound,1
2025-01-14,Red,stop_039,trip_04198,ARR,21240,78,Outbound,0
2025-01-15,Orange,stop_040,trip_04199,DEP,21420,79,Inbound,1
2025-01-16,Red,stop_001,trip_04200,ARR,18000,80,Outbound,0
2025-01-17,Orange,stop_002,trip_04201,DEP,18180,81,Inbound,1
2025-01-18,Red,stop_003,trip_04202,ARR,18360,82,Outbound,0
2025-01-19,Orange,stop_004,trip_04203,DEP,18540,83,Inbound,1
2025-01-20,Red,stop_005,trip_04204,ARR,18720,84,Outbound,0
2025-01-21,Orange,stop_006,trip_04205,DEP,18900,85,Inbound,1
2025-01-22,Red,stop_007,trip_04206,ARR,19080,86,Outbound,0
2025-01-23,Orange,stop_008,trip_04207,DEP,19260,87,Inbound,1
2025-01-24,Red,stop_009,trip_04208,ARR,19440,88,Outbound,0
2025-01-25,Orange,stop_010,trip_04209,DEP,19620,89,Inbound,1
2025-01-26,Red,stop_011,trip_04210,ARR,19800,90,Outbound,0
2025-01-27,Orange,stop_012,trip_04211,DEP,19980,91,Inbound,1
2025-01-28,Red,stop_013,trip_04212,ARR,20160,92,Outbound,0
2025-01-29,Orange,stop_014,trip_04213,DEP,20340,93,Inbound,1
2025-01-30,Red,stop_015,trip_04214,ARR,20520,94,Outbound,0
2025-01-31,Orange,stop_016,trip_04215,DEP,20700,95,Inbound,1
2025-01-01,Red,stop_017,trip_04216,ARR,20880,96,Outbound,0
2025-01-02,Orange,stop_018,trip_04217,DEP,21060,97,Inbound,1
2025-01-03,Red,stop_019,trip_04218,ARR,21240,98,Outbound,0
2025-01-04,Orange,stop_020,trip_04219,DEP,21420,99,Inbound,1
2025-01-05,Red,stop_021,trip_04220,ARR,18000,100,Outbound,0
2025-01-06,Orange,stop_022,trip_04221,DEP,18180,101,Inbound,1
2025-01-07,Red,stop_023,trip_04222,ARR,18360,102,Outbound,0
2025-01-08,Orange,stop_024,trip_04223,DEP,18540,103,Inbound,1
2025-01-09,Red,stop_025,trip_04224,ARR,18720,104,Outbound,0
2025-01-10,Orange,stop_026,trip_04225,DEP,18900,105,Inbound,1
2025-01-11,Red,stop_027,trip_04226,ARR,19080,106,Outbound,0
2025-01-12,Orange,stop_028,trip_04227,DEP,19260,107,Inbound,1
2025-01-13,Red,stop_029,trip_04228,ARR,19440,108,Outbound,0
2025-01-14,Orange,stop_030,trip_04229,DEP,19620,109,Inbound,1
2025-01-15,Red,stop_031,trip_04230,ARR,19800,110,Outbound,0
2025-01-16,Orange,stop_032,trip_04231,DEP,19980,111,Inbound,1
2025-01-17,Red,stop_033,trip_04232,ARR,20160,112,Outbound,0
2025-01-18,Orange,stop_034,trip_04233,DEP,20340,113,Inbound,1
2025-01-19,Red,stop_035,trip_04234,ARR,20520,114,Outbound,0
2025-01-20,Orange,stop_036,trip_04235,DEP,20700,115,Inbound,1
2025-01-21,Red,stop_037,trip_04236,ARR,20880,116,Outbound,0
2025-01-22,Orange,stop_038,trip_04237,DEP,21060,117,Inbound,1
2025-01-23,Red,stop_039,trip_04238,ARR,21240,118,Outbound,0
2025-01-24,Orange,stop_040,trip_04239,DEP,21420,119,Inbound,1
2025-01-25,Red,stop_001,trip_04240,ARR,18000,120,Outbound,0
2025-01-26,Orange,stop_002,trip_04241,DEP,18180,121,Inbound,1
2025-01-27,Red,stop_003,trip_04242,ARR,18360,122,Outbound,0
2025-01-28,Orange,stop_004,trip_04243,DEP,18540,123,Inbound,1
2025-01-29,Red,stop_005,trip_04244,ARR,18720,124,Outbound,0
2025-01-30,Orange,stop_006,trip_04245,DEP,18900,125,Inbound,1
2025-01-31,Red,stop_007,trip_04246,ARR,19080,126,Outbound,0
2025-01-01,Orange,stop_008,trip_04247,DEP,19260,127,Inbound,1
2025-01-02,Red,stop_009,trip_04248,ARR,19440,128,Outbound,0
2025-01-03,Orange,stop_010,trip_04249,DEP,19620,129,Inbound,1
2025-01-04,Red,stop_011,trip_04250,ARR,19800,130,Outbound,0
2025-01-05,Orange,stop_012,trip_04251,DEP,19980,131,Inbound,1
2025-01-06,Red,stop_013,trip_04252,ARR,20160,132,Outbound,0
2025-01-07,Orange,stop_014,trip_04253,DEP,20340,133,Inbound,1
2025-01-08,Red,stop_015,trip_04254,ARR,20520,134,Outbound,0
2025-01-09,Orange,stop_016,trip_04255,DEP,20700,135,Inbound,1
2025-01-10,Red,stop_017,trip_04256,ARR,20880,136,Outbound,0
2025-01-11,Orange,stop_018,trip_04257,DEP,21060,137,Inbound,1
2025-01-12,Red,stop_019,trip_04258,ARR,21240,138,Outbound,0
2025-01-13,Orange,stop_020,trip_04259,DEP,21420,139,Inbound,1
2025-01-14,Red,stop_021,trip_04260,ARR,18000,140,Outbound,0
2025-01-15,Orange,stop_022,trip_04261,DEP,18180,141,Inbound,1
2025-01-16,Red,stop_023,trip_04262,ARR,18360,142,Outbound,0
2025-01-17,Orange,stop_024,trip_04263,DEP,18540,143,Inbound,1
2025-01-18,Red,stop_025,trip_04264,ARR,18720,144,Outbound,0
2025-01-19,Orange,stop_026,trip_04265,DEP,18900,145,Inbound,1
2025-01-20,Red,stop_027,trip_04266,ARR,19080,146,Outbound,0
2025-01-21,Orange,stop_028,trip_04267,DEP,19260,147,Inbound,1
2025-01-22,Red,stop_029,trip_04268,ARR,19440,148,Outbound,0
2025-01-23,Orange,stop_030,trip_04269,DEP,19620,149,Inbound,1
2025-01-24,Red,stop_031,trip_04270,ARR,19800,150,Outbound,0
2025-01-25,Orange,stop_032,trip_04271,DEP,19980,151,Inbound,1
2025-01-26,Red,stop_033,trip_04272,ARR,20160,152,Outbound,0
2025-01-27,Orange,stop_034,trip_04273,DEP,20340,153,Inbound,1
2025-01-28,Red,stop_035,trip_04274,ARR,20520,154,Outbound,0
2025-01-29,Orange,stop_036,trip_04275,DEP,20700,155,Inbound,1
2025-01-30,Red,stop_037,trip_04276,ARR,20880,156,Outbound,0
2025-01-31,Orange,stop_038,trip_04277,DEP,21060,157,Inbound,1
2025-01-01,Red,stop_039,trip_04278,ARR,21240,158,Outbound,0
2025-01-02,Orange,stop_040,trip_04279,DEP,21420,159,Inbound,1
2025-01-03,Red,stop_001,trip_04280,ARR,18000,160,Outbound,0
2025-01-04,Orange,stop_002,trip_04281,DEP,18180,161,Inbound,1
2025-01-05,Red,stop_003,trip_04282,ARR,18360,162,Outbound,0
2025-01-06,Orange,stop_004,trip_04283,DEP,18540,163,Inbound,1
2025-01-07,Red,stop_005,trip_04284,ARR,18720,164,Outbound,0
2025-01-08,Orange,stop_006,trip_04285,DEP,18900,165,Inbound,1
2025-01-09,Red,stop_007,trip_04286,ARR,19080,166,Outbound,0
2025-01-10,Orange,stop_008,trip_04287,DEP,19260,167,Inbound,1
2025-01-11,Red,stop_009,trip_04288,ARR,19440,168,Outbound,0
2025-01-12,Orange,stop_010,trip_04289,DEP,19620,169,Inbound,1
2025-01-13,Red,stop_011,trip_04290,ARR,19800,170,Outbound,0
2025-01-14,Orange,stop_012,trip_04291,DEP,19980,171,Inbound,1
2025-01-15,Red,stop_013,trip_04292,ARR,20160,172,Outbound,0
2025-01-16,Orange,stop_014,trip_04293,DEP,20340,173,Inbound,1
2025-01-17,Red,stop_015,trip_04294,ARR,20520,174,Outbound,0
2025-01-18,Orange,stop_016,trip_04295,DEP,20700,175,Inbound,1
2025-01-19,Red,stop_017,trip_04296,ARR,20880,176,Outbound,0
2025-01-20,Orange,stop_018,trip_04297,DEP,21060,177,Inbound,1
2025-01-21,Red,stop_019,trip_04298,ARR,21240,178,Outbound,0
2025-01-22,Orange,stop_020,trip_04299,DEP,21420,179,Inbound,1
2025-01-23,Red,stop_021,trip_04300,ARR,18000,180,Outbound,0
2025-01-24,Orange,stop_022,trip_04301,DEP,18180,181,Inbound,1
2025-01-25,Red,stop_023,trip_04302,ARR,18360,182,Outbound,0
2025-01-26,Orange,stop_024,trip_04303,DEP,18540,183,Inbound,1
2025-01-27,Red,stop_025,trip_04304,ARR,18720,184,Outbound,0
2025-01-28,Orange,stop_026,trip_04305,DEP,18900,185,Inbound,1
2025-01-29,Red,stop_027,trip_04306,ARR,19080,186,Outbound,0
2025-01-30,Orange,stop_028,trip_04307,DEP,19260,187,Inbound,1
2025-01-31,Red,stop_029,trip_04308,ARR,19440,188,Outbound,0
2025-01-01,Orange,stop_030,trip_04309,DEP,19620,189,Inbound,1
2025-01-02,Red,stop_031,trip_04310,ARR,19800,190,Outbound,0
2025-01-03,Orange,stop_032,trip_04311,DEP,19980,191,Inbound,1
2025-01-04,Red,stop_033,trip_04312,ARR,20160,192,Outbound,0
2025-01-05,Orange,stop_034,trip_04313,DEP,20340,193,Inbound,1
2025-01-06,Red,stop_035,trip_04314,ARR,20520,194,Outbound,0
2025-01-07,Orange,stop_036,trip_04315,DEP,20700,195,Inbound,1
2025-01-08,Red,stop_037,trip_04316,ARR,20880,196,Outbound,0
2025-01-09,Orange,stop_038,trip_04317,DEP,21060,197,Inbound,1
2025-01-10,Red,stop_039,trip_04318,ARR,21240,198,Outbound,0
2025-01-11,Orange,stop_040,trip_04319,DEP,21420,199,Inbound,1
2025-01-12,Red,stop_001,trip_04320,ARR,18000,200,Outbound,0
2025-01-13,Orange,stop_002,trip_04321,DEP,18180,201,Inbound,1
2025-01-14,Red,stop_003,trip_04322,ARR,18360,202,Outbound,0
2025-01-15,Orange,stop_004,trip_04323,DEP,18540,203,Inbound,1
2025-01-16,Red,stop_005,trip_04324,ARR,18720,204,Outbound,0
2025-01-17,Orange,stop_006,trip_04325,DEP,18900,205,Inbound,1
2025-01-18,Red,stop_007,trip_04326,ARR,19080,206,Outbound,0
2025-01-19,Orange,stop_008,trip_04327,DEP,19260,207,Inbound,1
2025-01-20,Red,stop_009,trip_04328,ARR,19440,208,Outbound,0
2025-01-21,Orange,stop_010,trip_04329,DEP,19620,209,Inbound,1
2025-01-22,Red,stop_011,trip_04330,ARR,19800,210,Outbound,0
2025-01-23,Orange,stop_012,trip_04331,DEP,19980,211,Inbound,1
2025-01-24,Red,stop_013,trip_04332,ARR,20160,212,Outbound,0
2025-01-25,Orange,stop_014,trip_04333,DEP,20340,213,Inbound,1
2025-01-26,Red,stop_015,trip_04334,ARR,20520,214,Outbound,0
2025-01-27,Orange,stop_016,trip_04335,DEP,20700,215,Inbound,1
2025-01-28,Red,stop_017,trip_04336,ARR,20880,216,Outbound,0
2025-01-29,Orange,stop_018,trip_04337,DEP,21060,217,Inbound,1
2025-01-30,Red,stop_019,trip_04338,ARR,21240,218,Outbound,0
2025-01-31,Orange,stop_020,trip_04339,DEP,21420,219,Inbound,1
2025-01-01,Red,stop_021,trip_04340,ARR,18000,220,Outbound,0
2025-01-02,Orange,stop_022,trip_04341,DEP,18180,221,Inbound,1
2025-01-03,Red,stop_023,trip_04342,ARR,18360,222,Outbound,0
2025-01-04,Orange,stop_024,trip_04343,DEP,18540,223,Inbound,1
2025-01-05,Red,stop_025,trip_04344,ARR,18720,224,Outbound,0
2025-01-06,Orange,stop_026,trip_04345,DEP,18900,225,Inbound,1
2025-01-07,Red,stop_027,trip_04346,ARR,19080,226,Outbound,0
2025-01-08,Orange,stop_028,trip_04347,DEP,19260,227,Inbound,1
2025-01-09,Red,stop_029,trip_04348,ARR,19440,228,Outbound,0
2025-01-10,Orange,stop_030,trip_04349,DEP,19620,229,Inbound,1
2025-01-11,Red,stop_031,trip_04350,ARR,19800,230,Outbound,0
2025-01-12,Orange,stop_032,trip_04351,DEP,19980,231,Inbound,1
2025-01-13,Red,stop_033,trip_04352,ARR,20160,232,Outbound,0
2025-01-14,Orange,stop_034,trip_04353,DEP,20340,233,Inbound,1
2025-01-15,Red,stop_035,trip_04354,ARR,20520,234,Outbound,0
2025-01-16,Orange,stop_036,trip_04355,DEP,20700,235,Inbound,1
2025-01-17,Red,stop_037,trip_04356,ARR,20880,236,Outbound,0
2025-01-18,Orange,stop_038,trip_04357,DEP,21060,237,Inbound,1
2025-01-19,Red,stop_039,trip_04358,ARR,21240,238,Outbound,0
2025-01-20,Orange,stop_040,trip_04359,DEP,21420,239,Inbound,1
2025-01-21,Red,stop_001,trip_04360,ARR,18000,240,Outbound,0
2025-01-22,Orange,stop_002,trip_04361,DEP,18180,241,Inbound,1
2025-01-23,Red,stop_003,trip_04362,ARR,18360,242,Outbound,0
2025-01-24,Orange,stop_004,trip_04363,DEP,18540,243,Inbound,1
2025-01-25,Red,stop_005,trip_04364,ARR,18720,244,Outbound,0
2025-01-26,Orange,stop_006,trip_04365,DEP,18900,245,Inbound,1
2025-01-27,Red,stop_007,trip_04366,ARR,19080,246,Outbound,0
2025-01-28,Orange,stop_008,trip_04367,DEP,19260,247,Inbound,1
2025-01-29,Red,stop_009,trip_04368,ARR,19440,248,Outbound,0
2025-01-30,Orange,stop_010,trip_04369,DEP,19620,249,Inbound,1
2025-01-31,Red,stop_011,trip_04370,ARR,19800,250,Outbound,0
2025-01-01,Orange,stop_012,trip_04371,DEP,19980,251,Inbound,1
2025-01-02,Red,stop_013,trip_04372,ARR,20160,252,Outbound,0
2025-01-03,Orange,stop_014,trip_04373,DEP,20340,253,Inbound,1
2025-01-04,Red,stop_015,trip_04374,ARR,20520,254,Outbound,0
2025-01-05,Orange,stop_016,trip_04375,DEP,20700,255,Inbound,1
2025-01-06,Red,stop_017,trip_04376,ARR,20880,256,Outbound,0
2025-01-07,Orange,stop_018,trip_04377,DEP,21060,257,Inbound,1
2025-01-08,Red,stop_019,trip_04378,ARR,21240,258,Outbound,0
2025-01-09,Orange,stop_020,trip_04379,DEP,21420,259,Inbound,1
2025-01-10,Red,stop_021,trip_04380,ARR,18000,260,Outbound,0
2025-01-11,Orange,stop_022,trip_04381,DEP,18180,261,Inbound,1
2025-01-12,Red,stop_023,trip_04382,ARR,18360,262,Outbound,0
2025-01-13,Orange,stop_024,trip_04383,DEP,18540,263,Inbound,1
2025-01-14,Red,stop_025,trip_04384,ARR,18720,264,Outbound,0
2025-01-15,Orange,stop_026,trip_04385,DEP,18900,265,Inbound,1
2025-01-16,Red,stop_027,trip_04386,ARR,19080,266,Outbound,0
2025-01-17,Orange,stop_028,trip_04387,DEP,19260,267,Inbound,1
2025-01-18,Red,stop_029,trip_04388,ARR,19440,268,Outbound,0
2025-01-19,Orange,stop_030,trip_04389,DEP,19620,269,Inbound,1
2025-01-20,Red,stop_031,trip_04390,ARR,19800,270,Outbound,0
2025-01-21,Orange,stop_032,trip_04391,DEP,19980,271,Inbound,1
2025-01-22,Red,stop_033,trip_04392,ARR,20160,272,Outbound,0
2025-01-23,Orange,stop_034,trip_04393,DEP,20340,273,Inbound,1
2025-01-24,Red,stop_035,trip_04394,ARR,20520,274,Outbound,0
2025-01-25,Orange,stop_036,trip_04395,DEP,20700,275,Inbound,1
2025-01-26,Red,stop_037,trip_04396,ARR,20880,276,Outbound,0
2025-01-27,Orange,stop_038,trip_04397,DEP,21060,277,Inbound,1
2025-01-28,Red,stop_039,trip_04398,ARR,21240,278,Outbound,0
2025-01-29,Orange,stop_040,trip_04399,DEP,21420,279,Inbound,1
2025-01-30,Red,stop_001,trip_04400,ARR,18000,-120,Outbound,0
2025-01-31,Orange,stop_002,trip_04401,DEP,18180,-119,Inbound,1
2025-01-01,Red,stop_003,trip_04402,ARR,18360,-118,Outbound,0
2025-01-02,Orange,stop_004,trip_04403,DEP,18540,-117,Inbound,1
2025-01-03,Red,stop_005,trip_04404,ARR,18720,-116,Outbound,0
2025-01-04,Orange,stop_006,trip_04405,DEP,18900,-115,Inbound,1
2025-01-05,Red,stop_007,trip_04406,ARR,19080,-114,Outbound,0
2025-01-06,Orange,stop_008,trip_04407,DEP,19260,-113,Inbound,1
2025-01-07,Red,stop_009,trip_04408,ARR,19440,-112,Outbound,0
2025-01-08,Orange,stop_010,trip_04409,DEP,19620,-111,Inbound,1
2025-01-09,Red,stop_011,trip_04410,ARR,19800,-110,Outbound,0
2025-01-10,Orange,stop_012,trip_04411,DEP,19980,-109,Inbound,1
2025-01-11,Red,stop_013,trip_04412,ARR,20160,-108,Outbound,0
2025-01-12,Orange,stop_014,trip_04413,DEP,20340,-107,Inbound,1
2025-01-13,Red,stop_015,trip_04414,ARR,20520,-106,Outbound,0
2025-01-14,Orange,stop_016,trip_04415,DEP,20700,-105,Inbound,1
2025-01-15,Red,stop_017,trip_04416,ARR,20880,-104,Outbound,0
2025-01-16,Orange,stop_018,trip_04417,DEP,21060,-103,Inbound,1
2025-01-17,Red,stop_019,trip_04418,ARR,21240,-102,Outbound,0
2025-01-18,Orange,stop_020,trip_04419,DEP,21420,-101,Inbound,1
2025-01-19,Red,stop_021,trip_04420,ARR,18000,-100,Outbound,0
2025-01-20,Orange,stop_022,trip_04421,DEP,18180,-99,Inbound,1
2025-01-21,Red,stop_023,trip_04422,ARR,18360,-98,Outbound,0
2025-01-22,Orange,stop_024,trip_04423,DEP,18540,-97,Inbound,1
2025-01-23,Red,stop_025,trip_04424,ARR,18720,-96,Outbound,0
2025-01-24,Orange,stop_026,trip_04425,DEP,18900,-95,Inbound,1
2025-01-25,Red,stop_027,trip_04426,ARR,19080,-94,Outbound,0
2025-01-26,Orange,stop_028,trip_04427,DEP,19260,-93,Inbound,1
2025-01-27,Red,stop_029,trip_04428,ARR,19440,-92,Outbound,0
2025-01-28,Orange,stop_030,trip_04429,DEP,19620,-91,Inbound,1
2025-01-29,Red,stop_031,trip_04430,ARR,19800,-90,Outbound,0
2025-01-30,Orange,stop_032,trip_04431,DEP,19980,-89,Inbound,1
2025-01-31,Red,stop_033,trip_04432,ARR,20160,-88,Outbound,0
2025-01-01,Orange,stop_034,trip_04433,DEP,20340,-87,Inbound,1
2025-01-02,Red,stop_035,trip_04434,ARR,20520,-86,Outbound,0
2025-01-03,Orange,stop_036,trip_04435,DEP,20700,-85,Inbound,1
2025-01-04,Red,stop_037,trip_04436,ARR,20880,-84,Outbound,0
2025-01-05,Orange,stop_038,trip_04437,DEP,21060,-83,Inbound,1
2025-01-06,Red,stop_039,trip_04438,ARR,21240,-82,Outbound,0
2025-01-07,Orange,stop_040,trip_04439,DEP,21420,-81,Inbound,1
2025-01-08,Red,stop_001,trip_04440,ARR,18000,-80,Outbound,0
2025-01-09,Orange,stop_002,trip_04441,DEP,18180,-79,Inbound,1
2025-01-10,Red,stop_003,trip_04442,ARR,18360,-78,Outbound,0
2025-01-11,Orange,stop_004,trip_04443,DEP,18540,-77,Inbound,1
2025-01-12,Red,stop_005,trip_04444,ARR,18720,-76,Outbound,0
2025-01-13,Orange,stop_006,trip_04445,DEP,18900,-75,Inbound,1
2025-01-14,Red,stop_007,trip_04446,ARR,19080,-74,Outbound,0
2025-01-15,Orange,stop_008,trip_04447,DEP,19260,-73,Inbound,1
2025-01-16,Red,stop_009,trip_04448,ARR,19440,-72,Outbound,0
2025-01-17,Orange,stop_010,trip_04449,DEP,19620,-71,Inbound,1
2025-01-18,Red,stop_011,trip_04450,ARR,19800,-70,Outbound,0
2025-01-19,Orange,stop_012,trip_04451,DEP,19980,-69,Inbound,1
2025-01-20,Red,stop_013,trip_04452,ARR,20160,-68,Outbound,0
2025-01-21,Orange,stop_014,trip_04453,DEP,20340,-67,Inbound,1
2025-01-22,Red,stop_015,trip_04454,ARR,20520,-66,Outbound,0
2025-01-23,Orange,stop_016,trip_04455,DEP,20700,-65,Inbound,1
2025-01-24,Red,stop_017,trip_04456,ARR,20880,-64,Outbound,0
2025-01-25,Orange,stop_018,trip_04457,DEP,21060,-63,Inbound,1
2025-01-26,Red,stop_019,trip_04458,ARR,21240,-62,Outbound,0
2025-01-27,Orange,stop_020,trip_04459,DEP,21420,-61,Inbound,1
2025-01-28,Red,stop_021,trip_04460,ARR,18000,-60,Outbound,0
2025-01-29,Orange,stop_022,trip_04461,DEP,18180,-59,Inbound,1
2025-01-30,Red,stop_023,trip_04462,ARR,18360,-58,Outbound,0
2025-01-31,Orange,stop_024,trip_04463,DEP,18540,-57,Inbound,1
2025-01-01,Red,stop_025,trip_04464,ARR,18720,-56,Outbound,0
2025-01-02,Orange,stop_026,trip_04465,DEP,18900,-55,Inbound,1
2025-01-03,Red,stop_027,trip_04466,ARR,19080,-54,Outbound,0
2025-01-04,Orange,stop_028,trip_04467,DEP,19260,-53,Inbound,1
2025-01-05,Red,stop_029,trip_04468,ARR,19440,-52,Outbound,0
2025-01-06,Orange,stop_030,trip_04469,DEP,19620,-51,Inbound,1
2025-01-07,Red,stop_031,trip_04470,ARR,19800,-50,Outbound,0
2025-01-08,Orange,stop_032,trip_04471,DEP,19980,-49,Inbound,1
2025-01-09,Red,stop_033,trip_04472,ARR,20160,-48,Outbound,0
2025-01-10,Orange,stop_034,trip_04473,DEP,20340,-47,Inbound,1
2025-01-11,Red,stop_035,trip_04474,ARR,20520,-46,Outbound,0
2025-01-12,Orange,stop_036,trip_04475,DEP,20700,-45,Inbound,1
2025-01-13,Red,stop_037,trip_04476,ARR,20880,-44,Outbound,0
2025-01-14,Orange,stop_038,trip_04477,DEP,21060,-43,Inbound,1
2025-01-15,Red,stop_039,trip_04478,ARR,21240,-42,Outbound,0
2025-01-16,Orange,stop_040,trip_04479,DEP,21420,-41,Inbound,1
2025-01-17,Red,stop_001,trip_04480,ARR,18000,-40,Outbound,0
2025-01-18,Orange,stop_002,trip_04481,DEP,18180,-39,Inbound,1
2025-01-19,Red,stop_003,trip_04482,ARR,18360,-38,Outbound,0
2025-01-20,Orange,stop_004,trip_04483,DEP,18540,-37,Inbound,1
2025-01-21,Red,stop_005,trip_04484,ARR,18720,-36,Outbound,0
2025-01-22,Orange,stop_006,trip_04485,DEP,18900,-35,Inbound,1
2025-01-23,Red,stop_007,trip_04486,ARR,19080,-34,Outbound,0
2025-01-24,Orange,stop_008,trip_04487,DEP,19260,-33,Inbound,1
2025-01-25,Red,stop_009,trip_04488,ARR,19440,-32,Outbound,0
2025-01-26,Orange,stop_010,trip_04489,DEP,19620,-31,Inbound,1
2025-01-27,Red,stop_011,trip_04490,ARR,19800,-30,Outbound,0
2025-01-28,Orange,stop_012,trip_04491,DEP,19980,-29,Inbound,1
2025-01-29,Red,stop_013,trip_04492,ARR,20160,-28,Outbound,0
2025-01-30,Orange,stop_014,trip_04493,DEP,20340,-27,Inbound,1
2025-01-31,Red,stop_015,trip_04494,ARR,20520,-26,Outbound,0
2025-01-01,Orange,stop_016,trip_04495,DEP,20700,-25,Inbound,1
2025-01-02,Red,stop_017,trip_04496,ARR,20880,-24,Outbound,0
2025-01-03,Orange,stop_018,trip_04497,DEP,21060,-23,Inbound,1
2025-01-04,Red,stop_019,trip_04498,ARR,21240,-22,Outbound,0
2025-01-05,Orange,stop_020,trip_04499,DEP,21420,-21,Inbound,1
2025-01-06,Red,stop_021,trip_04500,ARR,18000,-20,Outbound,0
2025-01-07,Orange,stop_022,trip_04501,DEP,18180,-19,Inbound,1
2025-01-08,Red,stop_023,trip_04502,ARR,18360,-18,Outbound,0
2025-01-09,Orange,stop_024,trip_04503,DEP,18540,-17,Inbound,1
2025-01-10,Red,stop_025,trip_04504,ARR,18720,-16,Outbound,0
2025-01-11,Orange,stop_026,trip_04505,DEP,18900,-15,Inbound,1
2025-01-12,Red,stop_027,trip_04506,ARR,19080,-14,Outbound,0
2025-01-13,Orange,stop_028,trip_04507,DEP,19260,-13,Inbound,1
2025-01-14,Red,stop_029,trip_04508,ARR,19440,-12,Outbound,0
2025-01-15,Orange,stop_030,trip_04509,DEP,19620,-11,Inbound,1
2025-01-16,Red,stop_031,trip_04510,ARR,19800,-10,Outbound,0
2025-01-17,Orange,stop_032,trip_04511,DEP,19980,-9,Inbound,1
2025-01-18,Red,stop_033,trip_04512,ARR,20160,-8,Outbound,0
2025-01-19,Orange,stop_034,trip_04513,DEP,20340,-7,Inbound,1
2025-01-20,Red,stop_035,trip_04514,ARR,20520,-6,Outbound,0
2025-01-21,Orange,stop_036,trip_04515,DEP,20700,-5,Inbound,1
2025-01-22,Red,stop_037,trip_04516,ARR,20880,-4,Outbound,0
2025-01-23,Orange,stop_038,trip_04517,DEP,21060,-3,Inbound,1
2025-01-24,Red,stop_039,trip_04518,ARR,21240,-2,Outbound,0
2025-01-25,Orange,stop_040,trip_04519,DEP,21420,-1,Inbound,1
2025-01-26,Red,stop_001,trip_04520,ARR,18000,0,Outbound,0
2025-01-27,Orange,stop_002,trip_04521,DEP,18180,1,Inbound,1
2025-01-28,Red,stop_003,trip_04522,ARR,18360,2,Outbound,0
2025-01-29,Orange,stop_004,trip_04523,DEP,18540,3,Inbound,1
2025-01-30,Red,stop_005,trip_04524,ARR,18720,4,Outbound,0
2025-01-31,Orange,stop_006,trip_04525,DEP,18900,5,Inbound,1
2025-01-01,Red,stop_007,trip_04526,ARR,19080,6,Outbound,0
2025-01-02,Orange,stop_008,trip_04527,DEP,19260,7,Inbound,1
2025-01-03,Red,stop_009,trip_04528,ARR,19440,8,Outbound,0
2025-01-04,Orange,stop_010,trip_04529,DEP,19620,9,Inbound,1
2025-01-05,Red,stop_011,trip_04530,ARR,19800,10,Outbound,0
2025-01-06,Orange,stop_012,trip_04531,DEP,19980,11,Inbound,1
2025-01-07,Red,stop_013,trip_04532,ARR,20160,12,Outbound,0
2025-01-08,Orange,stop_014,trip_04533,DEP,20340,13,Inbound,1
2025-01-09,Red,stop_015,trip_04534,ARR,20520,14,Outbound,0
2025-01-10,Orange,stop_016,trip_04535,DEP,20700,15,Inbound,1
2025-01-11,Red,stop_017,trip_04536,ARR,20880,16,Outbound,0
2025-01-12,Orange,stop_018,trip_04537,DEP,21060,17,Inbound,1
2025-01-13,Red,stop_019,trip_04538,ARR,21240,18,Outbound,0
2025-01-14,Orange,stop_020,trip_04539,DEP,21420,19,Inbound,1
2025-01-15,Red,stop_021,trip_04540,ARR,18000,20,Outbound,0
2025-01-16,Orange,stop_022,trip_04541,DEP,18180,21,Inbound,1
2025-01-17,Red,stop_023,trip_04542,ARR,18360,22,Outbound,0
2025-01-18,Orange,stop_024,trip_04543,DEP,18540,23,Inbound,1
2025-01-19,Red,stop_025,trip_04544,ARR,18720,24,Outbound,0
2025-01-20,Orange,stop_026,trip_04545,DEP,18900,25,Inbound,1
2025-01-21,Red,stop_027,trip_04546,ARR,19080,26,Outbound,0
2025-01-22,Orange,stop_028,trip_04547,DEP,19260,27,Inbound,1
2025-01-23,Red,stop_029,trip_04548,ARR,19440,28,Outbound,0
2025-01-24,Orange,stop_030,trip_04549,DEP,19620,29,Inbound,1
2025-01-25,Red,stop_031,trip_04550,ARR,19800,30,Outbound,0
2025-01-26,Orange,stop_032,trip_04551,DEP,19980,31,Inbound,1
2025-01-27,Red,stop_033,trip_04552,ARR,20160,32,Outbound,0
2025-01-28,Orange,stop_034,trip_04553,DEP,20340,33,Inbound,1
2025-01-29,Red,stop_035,trip_04554,ARR,20520,34,Outbound,0
2025-01-30,Orange,stop_036,trip_04555,DEP,20700,35,Inbound,1
2025-01-31,Red,stop_037,trip_04556,ARR,20880,36,Outbound,0
2025-01-01,Orange,stop_038,trip_04557,DEP,21060,37,Inbound,1
2025-01-02,Red,stop_039,trip_04558,ARR,21240,38,Outbound,0
2025-01-03,Orange,stop_040,trip_04559,DEP,21420,39,Inbound,1
2025-01-04,Red,stop_001,trip_04560,ARR,18000,40,Outbound,0
2025-01-05,Orange,stop_002,trip_04561,DEP,18180,41,Inbound,1
2025-01-06,Red,stop_003,trip_04562,ARR,18360,42,Outbound,0
2025-01-07,Orange,stop_004,trip_04563,DEP,18540,43,Inbound,1
2025-01-08,Red,stop_005,trip_04564,ARR,18720,44,Outbound,0
2025-01-09,Orange,stop_006,trip_04565,DEP,18900,45,Inbound,1
2025-01-10,Red,stop_007,trip_04566,ARR,19080,46,Outbound,0
2025-01-11,Orange,stop_008,trip_04567,DEP,19260,47,Inbound,1
2025-01-12,Red,stop_009,trip_04568,ARR,19440,48,Outbound,0
2025-01-13,Orange,stop_010,trip_04569,DEP,19620,49,Inbound,1
2025-01-14,Red,stop_011,trip_04570,ARR,19800,50,Outbound,0
2025-01-15,Orange,stop_012,trip_04571,DEP,19980,51,Inbound,1
2025-01-16,Red,stop_013,trip_04572,ARR,20160,52,Outbound,0
2025-01-17,Orange,stop_014,trip_04573,DEP,20340,53,Inbound,1
2025-01-18,Red,stop_015,trip_04574,ARR,20520,54,Outbound,0
2025-01-19,Orange,stop_016,trip_04575,DEP,20700,55,Inbound,1
2025-01-20,Red,stop_017,trip_04576,ARR,20880,56,Outbound,0
2025-01-21,Orange,stop_018,trip_04577,DEP,21060,57,Inbound,1
2025-01-22,Red,stop_019,trip_04578,ARR,21240,58,Outbound,0
2025-01-23,Orange,stop_020,trip_04579,DEP,21420,59,Inbound,1
2025-01-24,Red,stop_021,trip_04580,ARR,18000,60,Outbound,0
2025-01-25,Orange,stop_022,trip_04581,DEP,18180,61,Inbound,1
2025-01-26,Red,stop_023,trip_04582,ARR,18360,62,Outbound,0
2025-01-27,Orange,stop_024,trip_04583,DEP,18540,63,Inbound,1
2025-01-28,Red,stop_025,trip_04584,ARR,18720,64,Outbound,0
2025-01-29,Orange,stop_026,trip_04585,DEP,18900,65,Inbound,1
2025-01-30,Red,stop_027,trip_04586,ARR,19080,66,Outbound,0
2025-01-31,Orange,stop_028,trip_04587,DEP,19260,67,Inbound,1
2025-01-01,Red,stop_029,trip_04588,ARR,19440,68,Outbound,0
2025-01-02,Orange,stop_030,trip_04589,DEP,19620,69,Inbound,1
2025-01-03,Red,stop_031,trip_04590,ARR,19800,70,Outbound,0
2025-01-04,Orange,stop_032,trip_04591,DEP,19980,71,Inbound,1
2025-01-05,Red,stop_033,trip_04592,ARR,20160,72,Outbound,0
2025-01-06,Orange,stop_034,trip_04593,DEP,20340,73,Inbound,1
2025-01-07,Red,stop_035,trip_04594,ARR,20520,74,Outbound,0
2025-01-08,Orange,stop_036,trip_04595,DEP,20700,75,Inbound,1
2025-01-09,Red,stop_037,trip_04596,ARR,20880,76,Outbound,0
2025-01-10,Orange,stop_038,trip_04597,DEP,21060,77,Inbound,1
2025-01-11,Red,stop_039,trip_04598,ARR,21240,78,Outbound,0
2025-01-12,Orange,stop_040,trip_04599,DEP,21420,79,Inbound,1
2025-01-13,Red,stop_001,trip_04600,ARR,18000,80,Outbound,0
2025-01-14,Orange,stop_002,trip_04601,DEP,18180,81,Inbound,1
2025-01-15,Red,stop_003,trip_04602,ARR,18360,82,Outbound,0
2025-01-16,Orange,stop_004,trip_04603,DEP,18540,83,Inbound,1
2025-01-17,Red,stop_005,trip_04604,ARR,18720,84,Outbound,0
2025-01-18,Orange,stop_006,trip_04605,DEP,18900,85,Inbound,1
2025-01-19,Red,stop_007,trip_04606,ARR,19080,86,Outbound,0
2025-01-20,Orange,stop_008,trip_04607,DEP,19260,87,Inbound,1
2025-01-21,Red,stop_009,trip_04608,ARR,19440,88,Outbound,0
2025-01-22,Orange,stop_010,trip_04609,DEP,19620,89,Inbound,1
2025-01-23,Red,stop_011,trip_04610,ARR,19800,90,Outbound,0
2025-01-24,Orange,stop_012,trip_04611,DEP,19980,91,Inbound,1
2025-01-25,Red,stop_013,trip_04612,ARR,20160,92,Outbound,0
2025-01-26,Orange,stop_014,trip_04613,DEP,20340,93,Inbound,1
2025-01-27,Red,stop_015,trip_04614,ARR,20520,94,Outbound,0
2025-01-28,Orange,stop_016,trip_04615,DEP,20700,95,Inbound,1
2025-01-29,Red,stop_017,trip_04616,ARR,20880,96,Outbound,0
2025-01-30,Orange,stop_018,trip_04617,DEP,21060,97,Inbound,1
2025-01-31,Red,stop_019,trip_04618,ARR,21240,98,Outbound,0
2025-01-01,Orange,stop_020,trip_04619,DEP,21420,99,Inbound,1
2025-01-02,Red,stop_021,trip_04620,ARR,18000,100,Outbound,0
2025-01-03,Orange,stop_022,trip_04621,DEP,18180,101,Inbound,1
2025-01-04,Red,stop_023,trip_04622,ARR,18360,102,Outbound,0
2025-01-05,Orange,stop_024,trip_04623,DEP,18540,103,Inbound,1
2025-01-06,Red,stop_025,trip_04624,ARR,18720,104,Outbound,0
2025-01-07,Orange,stop_026,trip_04625,DEP,18900,105,Inbound,1
2025-01-08,Red,stop_027,trip_04626,ARR,19080,106,Outbound,0
2025-01-09,Orange,stop_028,trip_04627,DEP,19260,107,Inbound,1
2025-01-10,Red,stop_029,trip_04628,ARR,19440,108,Outbound,0
2025-01-11,Orange,stop_030,trip_04629,DEP,19620,109,Inbound,1
2025-01-12,Red,stop_031,trip_04630,ARR,19800,110,Outbound,0
2025-01-13,Orange,stop_032,trip_04631,DEP,19980,111,Inbound,1
2025-01-14,Red,stop_033,trip_04632,ARR,20160,112,Outbound,0
2025-01-15,Orange,stop_034,trip_04633,DEP,20340,113,Inbound,1
2025-01-16,Red,stop_035,trip_04634,ARR,20520,114,Outbound,0
2025-01-17,Orange,stop_036,trip_04635,DEP,20700,115,Inbound,1
2025-01-18,Red,stop_037,trip_04636,ARR,20880,116,Outbound,0
2025-01-19,Orange,stop_038,trip_04637,DEP,21060,117,Inbound,1
2025-01-20,Red,stop_039,trip_04638,ARR,21240,118,Outbound,0
2025-01-21,Orange,stop_040,trip_04639,DEP,21420,119,Inbound,1
2025-01-22,Red,stop_001,trip_04640,ARR,18000,120,Outbound,0
2025-01-23,Orange,stop_002,trip_04641,DEP,18180,121,Inbound,1
2025-01-24,Red,stop_003,trip_04642,ARR,18360,122,Outbound,0
2025-01-25,Orange,stop_004,trip_04643,DEP,18540,123,Inbound,1
2025-01-26,Red,stop_005,trip_04644,ARR,18720,124,Outbound,0
2025-01-27,Orange,stop_006,trip_04645,DEP,18900,125,Inbound,1
2025-01-28,Red,stop_007,trip_04646,ARR,19080,126,Outbound,0
2025-01-29,Orange,stop_008,trip_04647,DEP,19260,127,Inbound,1
2025-01-30,Red,stop_009,trip_04648,ARR,19440,128,Outbound,0
2025-01-31,Orange,stop_010,trip_04649,DEP,19620,129,Inbound,1
2025-01-01,Red,stop_011,trip_04650,ARR,19800,130,Outbound,0
2025-01-02,Orange,stop_012,trip_04651,DEP,19980,131,Inbound,1
2025-01-03,Red,stop_013,trip_04652,ARR,20160,132,Outbound,0
2025-01-04,Orange,stop_014,trip_04653,DEP,20340,133,Inbound,1
2025-01-05,Red,stop_015,trip_04654,ARR,20520,134,Outbound,0
2025-01-06,Orange,stop_016,trip_04655,DEP,20700,135,Inbound,1
2025-01-07,Red,stop_017,trip_04656,ARR,20880,136,Outbound,0
2025-01-08,Orange,stop_018,trip_04657,DEP,21060,137,Inbound,1
2025-01-09,Red,stop_019,trip_04658,ARR,21240,138,Outbound,0
2025-01-10,Orange,stop_020,trip_04659,DEP,21420,139,Inbound,1
2025-01-11,Red,stop_021,trip_04660,ARR,18000,140,Outbound,0
2025-01-12,Orange,stop_022,trip_04661,DEP,18180,141,Inbound,1
2025-01-13,Red,stop_023,trip_04662,ARR,18360,142,Outbound,0
2025-01-14,Orange,stop_024,trip_04663,DEP,18540,143,Inbound,1
2025-01-15,Red,stop_025,trip_04664,ARR,18720,144,Outbound,0
2025-01-16,Orange,stop_026,trip_04665,DEP,18900,145,Inbound,1
2025-01-17,Red,stop_027,trip_04666,ARR,19080,146,Outbound,0
2025-01-18,Orange,stop_028,trip_04667,DEP,19260,147,Inbound,1
2025-01-19,Red,stop_029,trip_04668,ARR,19440,148,Outbound,0
2025-01-20,Orange,stop_030,trip_04669,DEP,19620,149,Inbound,1
2025-01-21,Red,stop_031,trip_04670,ARR,19800,150,Outbound,0
2025-01-22,Orange,stop_032,trip_04671,DEP,19980,151,Inbound,1
2025-01-23,Red,stop_033,trip_04672,ARR,20160,152,Outbound,0
2025-01-24,Orange,stop_034,trip_04673,DEP,20340,153,Inbound,1
2025-01-25,Red,stop_035,trip_04674,ARR,20520,154,Outbound,0
2025-01-26,Orange,stop_036,trip_04675,DEP,20700,155,Inbound,1
2025-01-27,Red,stop_037,trip_04676,ARR,20880,156,Outbound,0
2025-01-28,Orange,stop_038,trip_04677,DEP,21060,157,Inbound,1
2025-01-29,Red,stop_039,trip_04678,ARR,21240,158,Outbound,0
2025-01-30,Orange,stop_040,trip_04679,DEP,21420,159,Inbound,1
2025-01-31,Red,stop_001,trip_04680,ARR,18000,160,Outbound,0
2025-01-01,Orange,stop_002,trip_04681,DEP,18180,161,Inbound,1
2025-01-02,Red,stop_003,trip_04682,ARR,18360,162,Outbound,0
2025-01-03,Orange,stop_004,trip_04683,DEP,18540,163,Inbound,1
2025-01-04,Red,stop_005,trip_04684,ARR,18720,164,Outbound,0
2025-01-05,Orange,stop_006,trip_04685,DEP,18900,165,Inbound,1
2025-01-06,Red,stop_007,trip_04686,ARR,19080,166,Outbound,0
2025-01-07,Orange,stop_008,trip_04687,DEP,19260,167,Inbound,1
2025-01-08,Red,stop_009,trip_04688,ARR,19440,168,Outbound,0
2025-01-09,Orange,stop_010,trip_04689,DEP,19620,169,Inbound,1
2025-01-10,Red,stop_011,trip_04690,ARR,19800,170,Outbound,0
2025-01-11,Orange,stop_012,trip_04691,DEP,19980,171,Inbound,1
2025-01-12,Red,stop_013,trip_04692,ARR,20160,172,Outbound,0
2025-01-13,Orange,stop_014,trip_04693,DEP,20340,173,Inbound,1
2025-01-14,Red,stop_015,trip_04694,ARR,20520,174,Outbound,0
2025-01-15,Orange,stop_016,trip_04695,DEP,20700,175,Inbound,1
2025-01-16,Red,stop_017,trip_04696,ARR,20880,176,Outbound,0
2025-01-17,Orange,stop_018,trip_04697,DEP,21060,177,Inbound,1
2025-01-18,Red,stop_019,trip_04698,ARR,21240,178,Outbound,0
2025-01-19,Orange,stop_020,trip_04699,DEP,21420,179,Inbound,1
2025-01-20,Red,stop_021,trip_04700,ARR,18000,180,Outbound,0
2025-01-21,Orange,stop_022,trip_04701,DEP,18180,181,Inbound,1
2025-01-22,Red,stop_023,trip_04702,ARR,18360,182,Outbound,0
2025-01-23,Orange,stop_024,trip_04703,DEP,18540,183,Inbound,1
2025-01-24,Red,stop_025,trip_04704,ARR,18720,184,Outbound,0
2025-01-25,Orange,stop_026,trip_04705,DEP,18900,185,Inbound,1
2025-01-26,Red,stop_027,trip_04706,ARR,19080,186,Outbound,0
2025-01-27,Orange,stop_028,trip_04707,DEP,19260,187,Inbound,1
2025-01-28,Red,stop_029,trip_04708,ARR,19440,188,Outbound,0
2025-01-29,Orange,stop_030,trip_04709,DEP,19620,189,Inbound,1
2025-01-30,Red,stop_031,trip_04710,ARR,19800,190,Outbound,0
2025-01-31,Orange,stop_032,trip_04711,DEP,19980,191,Inbound,1
2025-01-01,Red,stop_033,trip_04712,ARR,20160,192,Outbound,0
2025-01-02,Orange,stop_034,trip_04713,DEP,20340,193,Inbound,1
2025-01-03,Red,stop_035,trip_04714,ARR,20520,194,Outbound,0
2025-01-04,Orange,stop_036,trip_04715,DEP,20700,195,Inbound,1
2025-01-05,Red,stop_037,trip_04716,ARR,20880,196,Outbound,0
2025-01-06,Orange,stop_038,trip_04717,DEP,21060,197,Inbound,1
2025-01-07,Red,stop_039,trip_04718,ARR,21240,198,Outbound,0
2025-01-08,Orange,stop_040,trip_04719,DEP,21420,199,Inbound,1
2025-01-09,Red,stop_001,trip_04720,ARR,18000,200,Outbound,0
2025-01-10,Orange,stop_002,trip_04721,DEP,18180,201,Inbound,1
2025-01-11,Red,stop_003,trip_04722,ARR,18360,202,Outbound,0
2025-01-12,Orange,stop_004,trip_04723,DEP,18540,203,Inbound,1
2025-01-13,Red,stop_005,trip_04724,ARR,18720,204,Outbound,0
2025-01-14,Orange,stop_006,trip_04725,DEP,18900,205,Inbound,1
2025-01-15,Red,stop_007,trip_04726,ARR,19080,206,Outbound,0
2025-01-16,Orange,stop_008,trip_04727,DEP,19260,207,Inbound,1
2025-01-17,Red,stop_009,trip_04728,ARR,19440,208,Outbound,0
2025-01-18,Orange,stop_010,trip_04729,DEP,19620,209,Inbound,1
2025-01-19,Red,stop_011,trip_04730,ARR,19800,210,Outbound,0
2025-01-20,Orange,stop_012,trip_04731,DEP,19980,211,Inbound,1
2025-01-21,Red,stop_013,trip_04732,ARR,20160,212,Outbound,0
2025-01-22,Orange,stop_014,trip_04733,DEP,20340,213,Inbound,1
2025-01-23,Red,stop_015,trip_04734,ARR,20520,214,Outbound,0
2025-01-24,Orange,stop_016,trip_04735,DEP,20700,215,Inbound,1
2025-01-25,Red,stop_017,trip_04736,ARR,20880,216,Outbound,0
2025-01-26,Orange,stop_018,trip_04737,DEP,21060,217,Inbound,1
2025-01-27,Red,stop_019,trip_04738,ARR,21240,218,Outbound,0
2025-01-28,Orange,stop_020,trip_04739,DEP,21420,219,Inbound,1
2025-01-29,Red,stop_021,trip_04740,ARR,18000,220,Outbound,0
2025-01-30,Orange,stop_022,trip_04741,DEP,18180,221,Inbound,1
2025-01-31,Red,stop_023,trip_04742,ARR,18360,222,Outbound,0
2025-01-01,Orange,stop_024,trip_04743,DEP,18540,223,Inbound,1
2025-01-02,Red,stop_025,trip_04744,ARR,18720,224,Outbound,0
2025-01-03,Orange,stop_026,trip_04745,DEP,18900,225,Inbound,1
2025-01-04,Red,stop_027,trip_04746,ARR,19080,226,Outbound,0
2025-01-05,Orange,stop_028,trip_04747,DEP,19260,227,Inbound,1
2025-01-06,Red,stop_029,trip_04748,ARR,19440,228,Outbound,0
2025-01-07,Orange,stop_030,trip_04749,DEP,19620,229,Inbound,1
2025-01-08,Red,stop_031,trip_04750,ARR,19800,230,Outbound,0
2025-01-09,Orange,stop_032,trip_04751,DEP,19980,231,Inbound,1
2025-01-10,Red,stop_033,trip_04752,ARR,20160,232,Outbound,0
2025-01-11,Orange,stop_034,trip_04753,DEP,20340,233,Inbound,1
2025-01-12,Red,stop_035,trip_04754,ARR,20520,234,Outbound,0
2025-01-13,Orange,stop_036,trip_04755,DEP,20700,235,Inbound,1
2025-01-14,Red,stop_037,trip_04756,ARR,20880,236,Outbound,0
2025-01-15,Orange,stop_038,trip_04757,DEP,21060,237,Inbound,1
2025-01-16,Red,stop_039,trip_04758,ARR,21240,238,Outbound,0
2025-01-17,Orange,stop_040,trip_04759,DEP,21420,239,Inbound,1
2025-01-18,Red,stop_001,trip_04760,ARR,18000,240,Outbound,0
2025-01-19,Orange,stop_002,trip_04761,DEP,18180,241,Inbound,1
2025-01-20,Red,stop_003,trip_04762,ARR,18360,242,Outbound,0
2025-01-21,Orange,stop_004,trip_04763,DEP,18540,243,Inbound,1
2025-01-22,Red,stop_005,trip_04764,ARR,18720,244,Outbound,0
2025-01-23,Orange,stop_006,trip_04765,DEP,18900,245,Inbound,1
2025-01-24,Red,stop_007,trip_04766,ARR,19080,246,Outbound,0
2025-01-25,Orange,stop_008,trip_04767,DEP,19260,247,Inbound,1
2025-01-26,Red,stop_009,trip_04768,ARR,19440,248,Outbound,0
2025-01-27,Orange,stop_010,trip_04769,DEP,19620,249,Inbound,1
2025-01-28,Red,stop_011,trip_04770,ARR,19800,250,Outbound,0
2025-01-29,Orange,stop_012,trip_04771,DEP,19980,251,Inbound,1
2025-01-30,Red,stop_013,trip_04772,ARR,20160,252,Outbound,0
2025-01-31,Orange,stop_014,trip_04773,DEP,20340,253,Inbound,1
2025-01-01,Red,stop_015,trip_04774,ARR,20520,254,Outbound,0
2025-01-02,Orange,stop_016,trip_04775,DEP,20700,255,Inbound,1
2025-01-03,Red,stop_017,trip_04776,ARR,20880,256,Outbound,0
2025-01-04,Orange,stop_018,trip_04777,DEP,21060,257,Inbound,1
2025-01-05,Red,stop_019,trip_04778,ARR,21240,258,Outbound,0
2025-01-06,Orange,stop_020,trip_04779,DEP,21420,259,Inbound,1
2025-01-07,Red,stop_021,trip_04780,ARR,18000,260,Outbound,0
2025-01-08,Orange,stop_022,trip_04781,DEP,18180,261,Inbound,1
2025-01-09,Red,stop_023,trip_04782,ARR,18360,262,Outbound,0
2025-01-10,Orange,stop_024,trip_04783,DEP,18540,263,Inbound,1
2025-01-11,Red,stop_025,trip_04784,ARR,18720,264,Outbound,0
2025-01-12,Orange,stop_026,trip_04785,DEP,18900,265,Inbound,1
2025-01-13,Red,stop_027,trip_04786,ARR,19080,266,Outbound,0
2025-01-14,Orange,stop_028,trip_04787,DEP,19260,267,Inbound,1
2025-01-15,Red,stop_029,trip_04788,ARR,19440,268,Outbound,0
2025-01-16,Orange,stop_030,trip_04789,DEP,19620,269,Inbound,1
2025-01-17,Red,stop_031,trip_04790,ARR,19800,270,Outbound,0
2025-01-18,Orange,stop_032,trip_04791,DEP,19980,271,Inbound,1
2025-01-19,Red,stop_033,trip_04792,ARR,20160,272,Outbound,0
2025-01-20,Orange,stop_034,trip_04793,DEP,20340,273,Inbound,1
2025-01-21,Red,stop_035,trip_04794,ARR,20520,274,Outbound,0
2025-01-22,Orange,stop_036,trip_04795,DEP,20700,275,Inbound,1
2025-01-23,Red,stop_037,trip_04796,ARR,20880,276,Outbound,0
2025-01-24,Orange,stop_038,trip_04797,DEP,21060,277,Inbound,1
2025-01-25,Red,stop_039,trip_04798,ARR,21240,278,Outbound,0
2025-01-26,Orange,stop_040,trip_04799,DEP,21420,279,Inbound,1
2025-01-27,Red,stop_001,trip_04800,ARR,18000,-120,Outbound,0
2025-01-28,Orange,stop_002,trip_04801,DEP,18180,-119,Inbound,1
2025-01-29,Red,stop_003,trip_04802,ARR,18360,-118,Outbound,0
2025-01-30,Orange,stop_004,trip_04803,DEP,18540,-117,Inbound,1
2025-01-31,Red,stop_005,trip_04804,ARR,18720,-116,Outbound,0
2025-01-01,Orange,stop_006,trip_04805,DEP,18900,-115,Inbound,1
2025-01-02,Red,stop_007,trip_04806,ARR,19080,-114,Outbound,0
2025-01-03,Orange,stop_008,trip_04807,DEP,19260,-113,Inbound,1
2025-01-04,Red,stop_009,trip_04808,ARR,19440,-112,Outbound,0
2025-01-05,Orange,stop_010,trip_04809,DEP,19620,-111,Inbound,1
2025-01-06,Red,stop_011,trip_04810,ARR,19800,-110,Outbound,0
2025-01-07,Orange,stop_012,trip_04811,DEP,19980,-109,Inbound,1
2025-01-08,Red,stop_013,trip_04812,ARR,20160,-108,Outbound,0
2025-01-09,Orange,stop_014,trip_04813,DEP,20340,-107,Inbound,1
2025-01-10,Red,stop_015,trip_04814,ARR,20520,-106,Outbound,0
2025-01-11,Orange,stop_016,trip_04815,DEP,20700,-105,Inbound,1
2025-01-12,Red,stop_017,trip_04816,ARR,20880,-104,Outbound,0
2025-01-13,Orange,stop_018,trip_04817,DEP,21060,-103,Inbound,1
2025-01-14,Red,stop_019,trip_04818,ARR,21240,-102,Outbound,0
2025-01-15,Orange,stop_020,trip_04819,DEP,21420,-101,Inbound,1
2025-01-16,Red,stop_021,trip_04820,ARR,18000,-100,Outbound,0
2025-01-17,Orange,stop_022,trip_04821,DEP,18180,-99,Inbound,1
2025-01-18,Red,stop_023,trip_04822,ARR,18360,-98,Outbound,0
2025-01-19,Orange,stop_024,trip_04823,DEP,18540,-97,Inbound,1
2025-01-20,Red,stop_025,trip_04824,ARR,18720,-96,Outbound,0
2025-01-21,Orange,stop_026,trip_04825,DEP,18900,-95,Inbound,1
2025-01-22,Red,stop_027,trip_04826,ARR,19080,-94,Outbound,0
2025-01-23,Orange,stop_028,trip_04827,DEP,19260,-93,Inbound,1
2025-01-24,Red,stop_029,trip_04828,ARR,19440,-92,Outbound,0
2025-01-25,Orange,stop_030,trip_04829,DEP,19620,-91,Inbound,1
2025-01-26,Red,stop_031,trip_04830,ARR,19800,-90,Outbound,0
2025-01-27,Orange,stop_032,trip_04831,DEP,19980,-89,Inbound,1
2025-01-28,Red,stop_033,trip_04832,ARR,20160,-88,Outbound,0
2025-01-29,Orange,stop_034,trip_04833,DEP,20340,-87,Inbound,1
2025-01-30,Red,stop_035,trip_04834,ARR,20520,-86,Outbound,0
2025-01-31,Orange,stop_036,trip_04835,DEP,20700,-85,Inbound,1
2025-01-01,Red,stop_037,trip_04836,ARR,20880,-84,Outbound,0
2025-01-02,Orange,stop_038,trip_04837,DEP,21060,-83,Inbound,1
2025-01-03,Red,stop_039,trip_04838,ARR,21240,-82,Outbound,0
2025-01-04,Orange,stop_040,trip_04839,DEP,21420,-81,Inbound,1
2025-01-05,Red,stop_001,trip_04840,ARR,18000,-80,Outbound,0
2025-01-06,Orange,stop_002,trip_04841,DEP,18180,-79,Inbound,1
2025-01-07,Red,stop_003,trip_04842,ARR,18360,-78,Outbound,0
2025-01-08,Orange,stop_004,trip_04843,DEP,18540,-77,Inbound,1
2025-01-09,Red,stop_005,trip_04844,ARR,18720,-76,Outbound,0
2025-01-10,Orange,stop_006,trip_04845,DEP,18900,-75,Inbound,1
2025-01-11,Red,stop_007,trip_04846,ARR,19080,-74,Outbound,0
2025-01-12,Orange,stop_008,trip_04847,DEP,19260,-73,Inbound,1
2025-01-13,Red,stop_009,trip_04848,ARR,19440,-72,Outbound,0
2025-01-14,Orange,stop_010,trip_04849,DEP,19620,-71,Inbound,1
2025-01-15,Red,stop_011,trip_04850,ARR,19800,-70,Outbound,0
2025-01-16,Orange,stop_012,trip_04851,DEP,19980,-69,Inbound,1
2025-01-17,Red,stop_013,trip_04852,ARR,20160,-68,Outbound,0
2025-01-18,Orange,stop_014,trip_04853,DEP,20340,-67,Inbound,1
2025-01-19,Red,stop_015,trip_04854,ARR,20520,-66,Outbound,0
2025-01-20,Orange,stop_016,trip_04855,DEP,20700,-65,Inbound,1
2025-01-21,Red,stop_017,trip_04856,ARR,20880,-64,Outbound,0
2025-01-22,Orange,stop_018,trip_04857,DEP,21060,-63,Inbound,1
2025-01-23,Red,stop_019,trip_04858,ARR,21240,-62,Outbound,0
2025-01-24,Orange,stop_020,trip_04859,DEP,21420,-61,Inbound,1
2025-01-25,Red,stop_021,trip_04860,ARR,18000,-60,Outbound,0
2025-01-26,Orange,stop_022,trip_04861,DEP,18180,-59,Inbound,1
2025-01-27,Red,stop_023,trip_04862,ARR,18360,-58,Outbound,0
2025-01-28,Orange,stop_024,trip_04863,DEP,18540,-57,Inbound,1
2025-01-29,Red,stop_025,trip_04864,ARR,18720,-56,Outbound,0
2025-01-30,Orange,stop_026,trip_04865,DEP,18900,-55,Inbound,1
2025-01-31,Red,stop_027,trip_04866,ARR,19080,-54,Outbound,0
2025-01-01,Orange,stop_028,trip_04867,DEP,19260,-53,Inbound,1
2025-01-02,Red,stop_029,trip_04868,ARR,19440,-52,Outbound,0
2025-01-03,Orange,stop_030,trip_04869,DEP,19620,-51,Inbound,1
2025-01-04,Red,stop_031,trip_04870,ARR,19800,-50,Outbound,0
2025-01-05,Orange,stop_032,trip_04871,DEP,19980,-49,Inbound,1
2025-01-06,Red,stop_033,trip_04872,ARR,20160,-48,Outbound,0
2025-01-07,Orange,stop_034,trip_04873,DEP,20340,-47,Inbound,1
2025-01-08,Red,stop_035,trip_04874,ARR,20520,-46,Outbound,0
2025-01-09,Orange,stop_036,trip_04875,DEP,20700,-45,Inbound,1
2025-01-10,Red,stop_037,trip_04876,ARR,20880,-44,Outbound,0
2025-01-11,Orange,stop_038,trip_04877,DEP,21060,-43,Inbound,1
2025-01-12,Red,stop_039,trip_04878,ARR,21240,-42,Outbound,0
2025-01-13,Orange,stop_040,trip_04879,DEP,21420,-41,Inbound,1
2025-01-14,Red,stop_001,trip_04880,ARR,18000,-40,Outbound,0
2025-01-15,Orange,stop_002,trip_04881,DEP,18180,-39,Inbound,1
2025-01-16,Red,stop_003,trip_04882,ARR,18360,-38,Outbound,0
2025-01-17,Orange,stop_004,trip_04883,DEP,18540,-37,Inbound,1
2025-01-18,Red,stop_005,trip_04884,ARR,18720,-36,Outbound,0
2025-01-19,Orange,stop_006,trip_04885,DEP,18900,-35,Inbound,1
2025-01-20,Red,stop_007,trip_04886,ARR,19080,-34,Outbound,0
2025-01-21,Orange,stop_008,trip_04887,DEP,19260,-33,Inbound,1
2025-01-22,Red,stop_009,trip_04888,ARR,19440,-32,Outbound,0
2025-01-23,Orange,stop_010,trip_04889,DEP,19620,-31,Inbound,1
2025-01-24,Red,stop_011,trip_04890,ARR,19800,-30,Outbound,0
2025-01-25,Orange,stop_012,trip_04891,DEP,19980,-29,Inbound,1
2025-01-26,Red,stop_013,trip_04892,ARR,20160,-28,Outbound,0
2025-01-27,Orange,stop_014,trip_04893,DEP,20340,-27,Inbound,1
2025-01-28,Red,stop_015,trip_04894,ARR,20520,-26,Outbound,0
2025-01-29,Orange,stop_016,trip_04895,DEP,20700,-25,Inbound,1
2025-01-30,Red,stop_017,trip_04896,ARR,20880,-24,Outbound,0
2025-01-31,Orange,stop_018,trip_04897,DEP,21060,-23,Inbound,1
2025-01-01,Red,stop_019,trip_04898,ARR,21240,-22,Outbound,0
2025-01-02,Orange,stop_020,trip_04899,DEP,21420,-21,Inbound,1
2025-01-03,Red,stop_021,trip_04900,ARR,18000,-20,Outbound,0
2025-01-04,Orange,stop_022,trip_04901,DEP,18180,-19,Inbound,1
2025-01-05,Red,stop_023,trip_04902,ARR,18360,-18,Outbound,0
2025-01-06,Orange,stop_024,trip_04903,DEP,18540,-17,Inbound,1
2025-01-07,Red,stop_025,trip_04904,ARR,18720,-16,Outbound,0
2025-01-08,Orange,stop_026,trip_04905,DEP,18900,-15,Inbound,1
2025-01-09,Red,stop_027,trip_04906,ARR,19080,-14,Outbound,0
2025-01-10,Orange,stop_028,trip_04907,DEP,19260,-13,Inbound,1
2025-01-11,Red,stop_029,trip_04908,ARR,19440,-12,Outbound,0
2025-01-12,Orange,stop_030,trip_04909,DEP,19620,-11,Inbound,1
2025-01-13,Red,stop_031,trip_04910,ARR,19800,-10,Outbound,0
2025-01-14,Orange,stop_032,trip_04911,DEP,19980,-9,Inbound,1
2025-01-15,Red,stop_033,trip_04912,ARR,20160,-8,Outbound,0
2025-01-16,Orange,stop_034,trip_04913,DEP,20340,-7,Inbound,1
2025-01-17,Red,stop_035,trip_04914,ARR,20520,-6,Outbound,0
2025-01-18,Orange,stop_036,trip_04915,DEP,20700,-5,Inbound,1
2025-01-19,Red,stop_037,trip_04916,ARR,20880,-4,Outbound,0
2025-01-20,Orange,stop_038,trip_04917,DEP,21060,-3,Inbound,1
2025-01-21,Red,stop_039,trip_04918,ARR,21240,-2,Outbound,0
2025-01-22,Orange,stop_040,trip_04919,DEP,21420,-1,Inbound,1
2025-01-23,Red,stop_001,trip_04920,ARR,18000,0,Outbound,0
2025-01-24,Orange,stop_002,trip_04921,DEP,18180,1,Inbound,1
2025-01-25,Red,stop_003,trip_04922,ARR,18360,2,Outbound,0
2025-01-26,Orange,stop_004,trip_04923,DEP,18540,3,Inbound,1
2025-01-27,Red,stop_005,trip_04924,ARR,18720,4,Outbound,0
2025-01-28,Orange,stop_006,trip_04925,DEP,18900,5,Inbound,1
2025-01-29,Red,stop_007,trip_04926,ARR,19080,6,Outbound,0
2025-01-30,Orange,stop_008,trip_04927,DEP,19260,7,Inbound,1
2025-01-31,Red,stop_009,trip_04928,ARR,19440,8,Outbound,0
2025-01-01,Orange,stop_010,trip_04929,DEP,19620,9,Inbound,1
2025-01-02,Red,stop_011,trip_04930,ARR,19800,10,Outbound,0
2025-01-03,Orange,stop_012,trip_04931,DEP,19980,11,Inbound,1
2025-01-04,Red,stop_013,trip_04932,ARR,20160,12,Outbound,0
2025-01-05,Orange,stop_014,trip_04933,DEP,20340,13,Inbound,1
2025-01-06,Red,stop_015,trip_04934,ARR,20520,14,Outbound,0
2025-01-07,Orange,stop_016,trip_04935,DEP,20700,15,Inbound,1
2025-01-08,Red,stop_017,trip_04936,ARR,20880,16,Outbound,0
2025-01-09,Orange,stop_018,trip_04937,DEP,21060,17,Inbound,1
2025-01-10,Red,stop_019,trip_04938,ARR,21240,18,Outbound,0
2025-01-11,Orange,stop_020,trip_04939,DEP,21420,19,Inbound,1
2025-01-12,Red,stop_021,trip_04940,ARR,18000,20,Outbound,0
2025-01-13,Orange,stop_022,trip_04941,DEP,18180,21,Inbound,1
2025-01-14,Red,stop_023,trip_04942,ARR,18360,22,Outbound,0
2025-01-15,Orange,stop_024,trip_04943,DEP,18540,23,Inbound,1
2025-01-16,Red,stop_025,trip_04944,ARR,18720,24,Outbound,0
2025-01-17,Orange,stop_026,trip_04945,DEP,18900,25,Inbound,1
2025-01-18,Red,stop_027,trip_04946,ARR,19080,26,Outbound,0
2025-01-19,Orange,stop_028,trip_04947,DEP,19260,27,Inbound,1
2025-01-20,Red,stop_029,trip_04948,ARR,19440,28,Outbound,0
2025-01-21,Orange,stop_030,trip_04949,DEP,19620,29,Inbound,1
2025-01-22,Red,stop_031,trip_04950,ARR,19800,30,Outbound,0
2025-01-23,Orange,stop_032,trip_04951,DEP,19980,31,Inbound,1
2025-01-24,Red,stop_033,trip_04952,ARR,20160,32,Outbound,0
2025-01-25,Orange,stop_034,trip_04953,DEP,20340,33,Inbound,1
2025-01-26,Red,stop_035,trip_04954,ARR,20520,34,Outbound,0
2025-01-27,Orange,stop_036,trip_04955,DEP,20700,35,Inbound,1
2025-01-28,Red,stop_037,trip_04956,ARR,20880,36,Outbound,0
2025-01-29,Orange,stop_038,trip_04957,DEP,21060,37,Inbound,1
2025-01-30,Red,stop_039,trip_04958,ARR,21240,38,Outbound,0
2025-01-31,Orange,stop_040,trip_04959,DEP,21420,39,Inbound,1
2025-01-01,Red,stop_001,trip_04960,ARR,18000,40,Outbound,0
2025-01-02,Orange,stop_002,trip_04961,DEP,18180,41,Inbound,1
2025-01-03,Red,stop_003,trip_04962,ARR,18360,42,Outbound,0
2025-01-04,Orange,stop_004,trip_04963,DEP,18540,43,Inbound,1
2025-01-05,Red,stop_005,trip_04964,ARR,18720,44,Outbound,0
2025-01-06,Orange,stop_006,trip_04965,DEP,18900,45,Inbound,1
2025-01-07,Red,stop_007,trip_04966,ARR,19080,46,Outbound,0
2025-01-08,Orange,stop_008,trip_04967,DEP,19260,47,Inbound,1
2025-01-09,Red,stop_009,trip_04968,ARR,19440,48,Outbound,0
2025-01-10,Orange,stop_010,trip_04969,DEP,19620,49,Inbound,1
2025-01-11,Red,stop_011,trip_04970,ARR,19800,50,Outbound,0
2025-01-12,Orange,stop_012,trip_04971,DEP,19980,51,Inbound,1
2025-01-13,Red,stop_013,trip_04972,ARR,20160,52,Outbound,0
2025-01-14,Orange,stop_014,trip_04973,DEP,20340,53,Inbound,1
2025-01-15,Red,stop_015,trip_04974,ARR,20520,54,Outbound,0
2025-01-16,Orange,stop_016,trip_04975,DEP,20700,55,Inbound,1
2025-01-17,Red,stop_017,trip_04976,ARR,20880,56,Outbound,0
2025-01-18,Orange,stop_018,trip_04977,DEP,21060,57,Inbound,1
2025-01-19,Red,stop_019,trip_04978,ARR,21240,58,Outbound,0
2025-01-20,Orange,stop_020,trip_04979,DEP,21420,59,Inbound,1
2025-01-21,Red,stop_021,trip_04980,ARR,18000,60,Outbound,0
2025-01-22,Orange,stop_022,trip_04981,DEP,18180,61,Inbound,1
2025-01-23,Red,stop_023,trip_04982,ARR,18360,62,Outbound,0
2025-01-24,Orange,stop_024,trip_04983,DEP,18540,63,Inbound,1
2025-01-25,Red,stop_025,trip_04984,ARR,18720,64,Outbound,0
2025-01-26,Orange,stop_026,trip_04985,DEP,18900,65,Inbound,1
2025-01-27,Red,stop_027,trip_04986,ARR,19080,66,Outbound,0
2025-01-28,Orange,stop_028,trip_04987,DEP,19260,67,Inbound,1
2025-01-29,Red,stop_029,trip_04988,ARR,19440,68,Outbound,0
2025-01-30,Orange,stop_030,trip_04989,DEP,19620,69,Inbound,1
2025-01-31,Red,stop_031,trip_04990,ARR,19800,70,Outbound,0
2025-01-01,Orange,stop_032,trip_04991,DEP,19980,71,Inbound,1
2025-01-02,Red,stop_033,trip_04992,ARR,20160,72,Outbound,0
2025-01-03,Orange,stop_034,trip_04993,DEP,20340,73,Inbound,1
2025-01-04,Red,stop_035,trip_04994,ARR,20520,74,Outbound,0
2025-01-05,Orange,stop_036,trip_04995,DEP,20700,75,Inbound,1
2025-01-06,Red,stop_037,trip_04996,ARR,20880,76,Outbound,0
2025-01-07,Orange,stop_038,trip_04997,DEP,21060,77,Inbound,1
2025-01-08,Red,stop_039,trip_04998,ARR,21240,78,Outbound,0
2025-01-09,Orange,stop_040,trip_04999,DEP,21420,79,Inbound,1
2025-01-10,Red,stop_001,trip_05000,ARR,18000,80,Outbound,0
2025-01-11,Orange,stop_002,trip_05001,DEP,18180,81,Inbound,1
2025-01-12,Red,stop_003,trip_05002,ARR,18360,82,Outbound,0
2025-01-13,Orange,stop_004,trip_05003,DEP,18540,83,Inbound,1
2025-01-14,Red,stop_005,trip_05004,ARR,18720,84,Outbound,0
2025-01-15,Orange,stop_006,trip_05005,DEP,18900,85,Inbound,1
2025-01-16,Red,stop_007,trip_05006,ARR,19080,86,Outbound,0
2025-01-17,Orange,stop_008,trip_05007,DEP,19260,87,Inbound,1
2025-01-18,Red,stop_009,trip_05008,ARR,19440,88,Outbound,0
2025-01-19,Orange,stop_010,trip_05009,DEP,19620,89,Inbound,1
2025-01-20,Red,stop_011,trip_05010,ARR,19800,90,Outbound,0
2025-01-21,Orange,stop_012,trip_05011,DEP,19980,91,Inbound,1
2025-01-22,Red,stop_013,trip_05012,ARR,20160,92,Outbound,0
2025-01-23,Orange,stop_014,trip_05013,DEP,20340,93,Inbound,1
2025-01-24,Red,stop_015,trip_05014,ARR,20520,94,Outbound,0
2025-01-25,Orange,stop_016,trip_05015,DEP,20700,95,Inbound,1
2025-01-26,Red,stop_017,trip_05016,ARR,20880,96,Outbound,0
2025-01-27,Orange,stop_018,trip_05017,DEP,21060,97,Inbound,1
2025-01-28,Red,stop_019,trip_05018,ARR,21240,98,Outbound,0
2025-01-29,Orange,stop_020,trip_05019,DEP,21420,99,Inbound,1
2025-01-30,Red,stop_021,trip_05020,ARR,18000,100,Outbound,0
2025-01-31,Orange,stop_022,trip_05021,DEP,18180,101,Inbound,1
2025-01-01,Red,stop_023,trip_05022,ARR,18360,102,Outbound,0
2025-01-02,Orange,stop_024,trip_05023,DEP,18540,103,Inbound,1
2025-01-03,Red,stop_025,trip_05024,ARR,18720,104,Outbound,0
2025-01-04,Orange,stop_026,trip_05025,DEP,18900,105,Inbound,1
2025-01-05,Red,stop_027,trip_05026,ARR,19080,106,Outbound,0
2025-01-06,Orange,stop_028,trip_05027,DEP,19260,107,Inbound,1
2025-01-07,Red,stop_029,trip_05028,ARR,19440,108,Outbound,0
2025-01-08,Orange,stop_030,trip_05029,DEP,19620,109,Inbound,1
2025-01-09,Red,stop_031,trip_05030,ARR,19800,110,Outbound,0
2025-01-10,Orange,stop_032,trip_05031,DEP,19980,111,Inbound,1
2025-01-11,Red,stop_033,trip_05032,ARR,20160,112,Outbound,0
2025-01-12,Orange,stop_034,trip_05033,DEP,20340,113,Inbound,1
2025-01-13,Red,stop_035,trip_05034,ARR,20520,114,Outbound,0
2025-01-14,Orange,stop_036,trip_05035,DEP,20700,115,Inbound,1
2025-01-15,Red,stop_037,trip_05036,ARR,20880,116,Outbound,0
2025-01-16,Orange,stop_038,trip_05037,DEP,21060,117,Inbound,1
2025-01-17,Red,stop_039,trip_05038,ARR,21240,118,Outbound,0
2025-01-18,Orange,stop_040,trip_05039,DEP,21420,119,Inbound,1
2025-01-19,Red,stop_001,trip_05040,ARR,18000,120,Outbound,0
2025-01-20,Orange,stop_002,trip_05041,DEP,18180,121,Inbound,1
2025-01-21,Red,stop_003,trip_05042,ARR,18360,122,Outbound,0
2025-01-22,Orange,stop_004,trip_05043,DEP,18540,123,Inbound,1
2025-01-23,Red,stop_005,trip_05044,ARR,18720,124,Outbound,0
2025-01-24,Orange,stop_006,trip_05045,DEP,18900,125,Inbound,1
2025-01-25,Red,stop_007,trip_05046,ARR,19080,126,Outbound,0
2025-01-26,Orange,stop_008,trip_05047,DEP,19260,127,Inbound,1
2025-01-27,Red,stop_009,trip_05048,ARR,19440,128,Outbound,0
2025-01-28,Orange,stop_010,trip_05049,DEP,19620,129,Inbound,1
2025-01-29,Red,stop_011,trip_05050,ARR,19800,130,Outbound,0
2025-01-30,Orange,stop_012,trip_05051,DEP,19980,131,Inbound,1
2025-01-31,Red,stop_013,trip_05052,ARR,20160,132,Outbound,0
2025-01-01,Orange,stop_014,trip_05053,DEP,20340,133,Inbound,1
2025-01-02,Red,stop_015,trip_05054,ARR,20520,134,Outbound,0
2025-01-03,Orange,stop_016,trip_05055,DEP,20700,135,Inbound,1
2025-01-04,Red,stop_017,trip_05056,ARR,20880,136,Outbound,0
2025-01-05,Orange,stop_018,trip_05057,DEP,21060,137,Inbound,1
2025-01-06,Red,stop_019,trip_05058,ARR,21240,138,Outbound,0
2025-01-07,Orange,stop_020,trip_05059,DEP,21420,139,Inbound,1
2025-01-08,Red,stop_021,trip_05060,ARR,18000,140,Outbound,0
2025-01-09,Orange,stop_022,trip_05061,DEP,18180,141,Inbound,1
2025-01-10,Red,stop_023,trip_05062,ARR,18360,142,Outbound,0
2025-01-11,Orange,stop_024,trip_05063,DEP,18540,143,Inbound,1
2025-01-12,Red,stop_025,trip_05064,ARR,18720,144,Outbound,0
2025-01-13,Orange,stop_026,trip_05065,DEP,18900,145,Inbound,1
2025-01-14,Red,stop_027,trip_05066,ARR,19080,146,Outbound,0
2025-01-15,Orange,stop_028,trip_05067,DEP,19260,147,Inbound,1
2025-01-16,Red,stop_029,trip_05068,ARR,19440,148,Outbound,0
2025-01-17,Orange,stop_030,trip_05069,DEP,19620,149,Inbound,1
2025-01-18,Red,stop_031,trip_05070,ARR,19800,150,Outbound,0
2025-01-19,Orange,stop_032,trip_05071,DEP,19980,151,Inbound,1
2025-01-20,Red,stop_033,trip_05072,ARR,20160,152,Outbound,0
2025-01-21,Orange,stop_034,trip_05073,DEP,20340,153,Inbound,1
2025-01-22,Red,stop_035,trip_05074,ARR,20520,154,Outbound,0
2025-01-23,Orange,stop_036,trip_05075,DEP,20700,155,Inbound,1
2025-01-24,Red,stop_037,trip_05076,ARR,20880,156,Outbound,0
2025-01-25,Orange,stop_038,trip_05077,DEP,21060,157,Inbound,1
2025-01-26,Red,stop_039,trip_05078,ARR,21240,158,Outbound,0
2025-01-27,Orange,stop_040,trip_05079,DEP,21420,159,Inbound,1
2025-01-28,Red,stop_001,trip_05080,ARR,18000,160,Outbound,0
2025-01-29,Orange,stop_002,trip_05081,DEP,18180,161,Inbound,1
2025-01-30,Red,stop_003,trip_05082,ARR,18360,162,Outbound,0
2025-01-31,Orange,stop_004,trip_05083,DEP,18540,163,Inbound,1
2025-01-01,Red,stop_005,trip_05084,ARR,18720,164,Outbound,0
2025-01-02,Orange,stop_006,trip_05085,DEP,18900,165,Inbound,1
2025-01-03,Red,stop_007,trip_05086,ARR,19080,166,Outbound,0
2025-01-04,Orange,stop_008,trip_05087,DEP,19260,167,Inbound,1
2025-01-05,Red,stop_009,trip_05088,ARR,19440,168,Outbound,0
2025-01-06,Orange,stop_010,trip_05089,DEP,19620,169,Inbound,1
2025-01-07,Red,stop_011,trip_05090,ARR,19800,170,Outbound,0
2025-01-08,Orange,stop_012,trip_05091,DEP,19980,171,Inbound,1
2025-01-09,Red,stop_013,trip_05092,ARR,20160,172,Outbound,0
2025-01-10,Orange,stop_014,trip_05093,DEP,20340,173,Inbound,1
2025-01-11,Red,stop_015,trip_05094,ARR,20520,174,Outbound,0
2025-01-12,Orange,stop_016,trip_05095,DEP,20700,175,Inbound,1
2025-01-13,Red,stop_017,trip_05096,ARR,20880,176,Outbound,0
2025-01-14,Orange,stop_018,trip_05097,DEP,21060,177,Inbound,1
2025-01-15,Red,stop_019,trip_05098,ARR,21240,178,Outbound,0
2025-01-16,Orange,stop_020,trip_05099,DEP,21420,179,Inbound,1
2025-01-17,Red,stop_021,trip_05100,ARR,18000,180,Outbound,0
2025-01-18,Orange,stop_022,trip_05101,DEP,18180,181,Inbound,1
2025-01-19,Red,stop_023,trip_05102,ARR,18360,182,Outbound,0
2025-01-20,Orange,stop_024,trip_05103,DEP,18540,183,Inbound,1
2025-01-21,Red,stop_025,trip_05104,ARR,18720,184,Outbound,0
2025-01-22,Orange,stop_026,trip_05105,DEP,18900,185,Inbound,1
2025-01-23,Red,stop_027,trip_05106,ARR,19080,186,Outbound,0
2025-01-24,Orange,stop_028,trip_05107,DEP,19260,187,Inbound,1
2025-01-25,Red,stop_029,trip_05108,ARR,19440,188,Outbound,0
2025-01-26,Orange,stop_030,trip_05109,DEP,19620,189,Inbound,1
2025-01-27,Red,stop_031,trip_05110,ARR,19800,190,Outbound,0
2025-01-28,Orange,stop_032,trip_05111,DEP,19980,191,Inbound,1
2025-01-29,Red,stop_033,trip_05112,ARR,20160,192,Outbound,0
2025-01-30,Orange,stop_034,trip_05113,DEP,20340,193,Inbound,1
2025-01-31,Red,stop_035,trip_05114,ARR,20520,194,Outbound,0
2025-01-01,Orange,stop_036,trip_05115,DEP,20700,195,Inbound,1
2025-01-02,Red,stop_037,trip_05116,ARR,20880,196,Outbound,0
2025-01-03,Orange,stop_038,trip_05117,DEP,21060,197,Inbound,1
2025-01-04,Red,stop_039,trip_05118,ARR,21240,198,Outbound,0
2025-01-05,Orange,stop_040,trip_05119,DEP,21420,199,Inbound,1
2025-01-06,Red,stop_001,trip_05120,ARR,18000,200,Outbound,0
2025-01-07,Orange,stop_002,trip_05121,DEP,18180,201,Inbound,1
2025-01-08,Red,stop_003,trip_05122,ARR,18360,202,Outbound,0
2025-01-09,Orange,stop_004,trip_05123,DEP,18540,203,Inbound,1
2025-01-10,Red,stop_005,trip_05124,ARR,18720,204,Outbound,0
2025-01-11,Orange,stop_006,trip_05125,DEP,18900,205,Inbound,1
2025-01-12,Red,stop_007,trip_05126,ARR,19080,206,Outbound,0
2025-01-13,Orange,stop_008,trip_05127,DEP,19260,207,Inbound,1
2025-01-14,Red,stop_009,trip_05128,ARR,19440,208,Outbound,0
2025-01-15,Orange,stop_010,trip_05129,DEP,19620,209,Inbound,1
2025-01-16,Red,stop_011,trip_05130,ARR,19800,210,Outbound,0
2025-01-17,Orange,stop_012,trip_05131,DEP,19980,211,Inbound,1
2025-01-18,Red,stop_013,trip_05132,ARR,20160,212,Outbound,0
2025-01-19,Orange,stop_014,trip_05133,DEP,20340,213,Inbound,1
2025-01-20,Red,stop_015,trip_05134,ARR,20520,214,Outbound,0
2025-01-21,Orange,stop_016,trip_05135,DEP,20700,215,Inbound,1
2025-01-22,Red,stop_017,trip_05136,ARR,20880,216,Outbound,0
2025-01-23,Orange,stop_018,trip_05137,DEP,21060,217,Inbound,1
2025-01-24,Red,stop_019,trip_05138,ARR,21240,218,Outbound,0
2025-01-25,Orange,stop_020,trip_05139,DEP,21420,219,Inbound,1
2025-01-26,Red,stop_021,trip_05140,ARR,18000,220,Outbound,0
2025-01-27,Orange,stop_022,trip_05141,DEP,18180,221,Inbound,1
2025-01-28,Red,stop_023,trip_05142,ARR,18360,222,Outbound,0
2025-01-29,Orange,stop_024,trip_05143,DEP,18540,223,Inbound,1
2025-01-30,Red,stop_025,trip_05144,ARR,18720,224,Outbound,0
2025-01-31,Orange,stop_026,trip_05145,DEP,18900,225,Inbound,1
2025-01-01,Red,stop_027,trip_05146,ARR,19080,226,Outbound,0
2025-01-02,Orange,stop_028,trip_05147,DEP,19260,227,Inbound,1
2025-01-03,Red,stop_029,trip_05148,ARR,19440,228,Outbound,0
2025-01-04,Orange,stop_030,trip_05149,DEP,19620,229,Inbound,1
2025-01-05,Red,stop_031,trip_05150,ARR,19800,230,Outbound,0
2025-01-06,Orange,stop_032,trip_05151,DEP,19980,231,Inbound,1
2025-01-07,Red,stop_033,trip_05152,ARR,20160,232,Outbound,0
2025-01-08,Orange,stop_034,trip_05153,DEP,20340,233,Inbound,1
2025-01-09,Red,stop_035,trip_05154,ARR,20520,234,Outbound,0
2025-01-10,Orange,stop_036,trip_05155,DEP,20700,235,Inbound,1
2025-01-11,Red,stop_037,trip_05156,ARR,20880,236,Outbound,0
2025-01-12,Orange,stop_038,trip_05157,DEP,21060,237,Inbound,1
2025-01-13,Red,stop_039,trip_05158,ARR,21240,238,Outbound,0
2025-01-14,Orange,stop_040,trip_05159,DEP,21420,239,Inbound,1
2025-01-15,Red,stop_001,trip_05160,ARR,18000,240,Outbound,0
2025-01-16,Orange,stop_002,trip_05161,DEP,18180,241,Inbound,1
2025-01-17,Red,stop_003,trip_05162,ARR,18360,242,Outbound,0
2025-01-18,Orange,stop_004,trip_05163,DEP,18540,243,Inbound,1
2025-01-19,Red,stop_005,trip_05164,ARR,18720,244,Outbound,0
2025-01-20,Orange,stop_006,trip_05165,DEP,18900,245,Inbound,1
2025-01-21,Red,stop_007,trip_05166,ARR,19080,246,Outbound,0
2025-01-22,Orange,stop_008,trip_05167,DEP,19260,247,Inbound,1
2025-01-23,Red,stop_009,trip_05168,ARR,19440,248,Outbound,0
2025-01-24,Orange,stop_010,trip_05169,DEP,19620,249,Inbound,1
2025-01-25,Red,stop_011,trip_05170,ARR,19800,250,Outbound,0
2025-01-26,Orange,stop_012,trip_05171,DEP,19980,251,Inbound,1
2025-01-27,Red,stop_013,trip_05172,ARR,20160,252,Outbound,0
2025-01-28,Orange,stop_014,trip_05173,DEP,20340,253,Inbound,1
2025-01-29,Red,stop_015,trip_05174,ARR,20520,254,Outbound,0
2025-01-30,Orange,stop_016,trip_05175,DEP,20700,255,Inbound,1
2025-01-31,Red,stop_017,trip_05176,ARR,20880,256,Outbound,0
2025-01-01,Orange,stop_018,trip_05177,DEP,21060,257,Inbound,1
2025-01-02,Red,stop_019,trip_05178,ARR,21240,258,Outbound,0
2025-01-03,Orange,stop_020,trip_05179,DEP,21420,259,Inbound,1
2025-01-04,Red,stop_021,trip_05180,ARR,18000,260,Outbound,0
2025-01-05,Orange,stop_022,trip_05181,DEP,18180,261,Inbound,1
2025-01-06,Red,stop_023,trip_05182,ARR,18360,262,Outbound,0
2025-01-07,Orange,stop_024,trip_05183,DEP,18540,263,Inbound,1
2025-01-08,Red,stop_025,trip_05184,ARR,18720,264,Outbound,0
2025-01-09,Orange,stop_026,trip_05185,DEP,18900,265,Inbound,1
2025-01-10,Red,stop_027,trip_05186,ARR,19080,266,Outbound,0
2025-01-11,Orange,stop_028,trip_05187,DEP,19260,267,Inbound,1
2025-01-12,Red,stop_029,trip_05188,ARR,19440,268,Outbound,0
2025-01-13,Orange,stop_030,trip_05189,DEP,19620,269,Inbound,1
2025-01-14,Red,stop_031,trip_05190,ARR,19800,270,Outbound,0
2025-01-15,Orange,stop_032,trip_05191,DEP,19980,271,Inbound,1
2025-01-16,Red,stop_033,trip_05192,ARR,20160,272,Outbound,0
2025-01-17,Orange,stop_034,trip_05193,DEP,20340,273,Inbound,1
2025-01-18,Red,stop_035,trip_05194,ARR,20520,274,Outbound,0
2025-01-19,Orange,stop_036,trip_05195,DEP,20700,275,Inbound,1
2025-01-20,Red,stop_037,trip_05196,ARR,20880,276,Outbound,0
2025-01-21,Orange,stop_038,trip_05197,DEP,21060,277,Inbound,1
2025-01-22,Red,stop_039,trip_05198,ARR,21240,278,Outbound,0
2025-01-23,Orange,stop_040,trip_05199,DEP,21420,279,Inbound,1
2025-01-24,Red,stop_001,trip_05200,ARR,18000,-120,Outbound,0
2025-01-25,Orange,stop_002,trip_05201,DEP,18180,-119,Inbound,1
2025-01-26,Red,stop_003,trip_05202,ARR,18360,-118,Outbound,0
2025-01-27,Orange,stop_004,trip_05203,DEP,18540,-117,Inbound,1
2025-01-28,Red,stop_005,trip_05204,ARR,18720,-116,Outbound,0
2025-01-29,Orange,stop_006,trip_05205,DEP,18900,-115,Inbound,1
2025-01-30,Red,stop_007,trip_05206,ARR,19080,-114,Outbound,0
2025-01-31,Orange,stop_008,trip_05207,DEP,19260,-113,Inbound,1
2025-01-01,Red,stop_009,trip_05208,ARR,19440,-112,Outbound,0
2025-01-02,Orange,stop_010,trip_05209,DEP,19620,-111,Inbound,1
2025-01-03,Red,stop_011,trip_05210,ARR,19800,-110,Outbound,0
2025-01-04,Orange,stop_012,trip_05211,DEP,19980,-109,Inbound,1
2025-01-05,Red,stop_013,trip_05212,ARR,20160,-108,Outbound,0
2025-01-06,Orange,stop_014,trip_05213,DEP,20340,-107,Inbound,1
2025-01-07,Red,stop_015,trip_05214,ARR,20520,-106,Outbound,0
2025-01-08,Orange,stop_016,trip_05215,DEP,20700,-105,Inbound,1
2025-01-09,Red,stop_017,trip_05216,ARR,20880,-104,Outbound,0
2025-01-10,Orange,stop_018,trip_05217,DEP,21060,-103,Inbound,1
2025-01-11,Red,stop_019,trip_05218,ARR,21240,-102,Outbound,0
2025-01-12,Orange,stop_020,trip_05219,DEP,21420,-101,Inbound,1
2025-01-13,Red,stop_021,trip_05220,ARR,18000,-100,Outbound,0
2025-01-14,Orange,stop_022,trip_05221,DEP,18180,-99,Inbound,1
2025-01-15,Red,stop_023,trip_05222,ARR,18360,-98,Outbound,0
2025-01-16,Orange,stop_024,trip_05223,DEP,18540,-97,Inbound,1
2025-01-17,Red,stop_025,trip_05224,ARR,18720,-96,Outbound,0
2025-01-18,Orange,stop_026,trip_05225,DEP,18900,-95,Inbound,1
2025-01-19,Red,stop_027,trip_05226,ARR,19080,-94,Outbound,0
2025-01-20,Orange,stop_028,trip_05227,DEP,19260,-93,Inbound,1
2025-01-21,Red,stop_029,trip_05228,ARR,19440,-92,Outbound,0
2025-01-22,Orange,stop_030,trip_05229,DEP,19620,-91,Inbound,1
2025-01-23,Red,stop_031,trip_05230,ARR,19800,-90,Outbound,0
2025-01-24,Orange,stop_032,trip_05231,DEP,19980,-89,Inbound,1
2025-01-25,Red,stop_033,trip_05232,ARR,20160,-88,Outbound,0
2025-01-26,Orange,stop_034,trip_05233,DEP,20340,-87,Inbound,1
2025-01-27,Red,stop_035,trip_05234,ARR,20520,-86,Outbound,0
2025-01-28,Orange,stop_036,trip_05235,DEP,20700,-85,Inbound,1
2025-01-29,Red,stop_037,trip_05236,ARR,20880,-84,Outbound,0
2025-01-30,Orange,stop_038,trip_05237,DEP,21060,-83,Inbound,1
2025-01-31,Red,stop_039,trip_05238,ARR,21240,-82,Outbound,0
2025-01-01,Orange,stop_040,trip_05239,DEP,21420,-81,Inbound,1
2025-01-02,Red,stop_001,trip_05240,ARR,18000,-80,Outbound,0
2025-01-03,Orange,stop_002,trip_05241,DEP,18180,-79,Inbound,1
2025-01-04,Red,stop_003,trip_05242,ARR,18360,-78,Outbound,0
2025-01-05,Orange,stop_004,trip_05243,DEP,18540,-77,Inbound,1
2025-01-06,Red,stop_005,trip_05244,ARR,18720,-76,Outbound,0
2025-01-07,Orange,stop_006,trip_05245,DEP,18900,-75,Inbound,1
2025-01-08,Red,stop_007,trip_05246,ARR,19080,-74,Outbound,0
2025-01-09,Orange,stop_008,trip_05247,DEP,19260,-73,Inbound,1
2025-01-10,Red,stop_009,trip_05248,ARR,19440,-72,Outbound,0
2025-01-11,Orange,stop_010,trip_05249,DEP,19620,-71,Inbound,1
2025-01-12,Red,stop_011,trip_05250,ARR,19800,-70,Outbound,0
2025-01-13,Orange,stop_012,trip_05251,DEP,19980,-69,Inbound,1
2025-01-14,Red,stop_013,trip_05252,ARR,20160,-68,Outbound,0
2025-01-15,Orange,stop_014,trip_05253,DEP,20340,-67,Inbound,1
2025-01-16,Red,stop_015,trip_05254,ARR,20520,-66,Outbound,0
2025-01-17,Orange,stop_016,trip_05255,DEP,20700,-65,Inbound,1
2025-01-18,Red,stop_017,trip_05256,ARR,20880,-64,Outbound,0
2025-01-19,Orange,stop_018,trip_05257,DEP,21060,-63,Inbound,1
2025-01-20,Red,stop_019,trip_05258,ARR,21240,-62,Outbound,0
2025-01-21,Orange,stop_020,trip_05259,DEP,21420,-61,Inbound,1
2025-01-22,Red,stop_021,trip_05260,ARR,18000,-60,Outbound,0
2025-01-23,Orange,stop_022,trip_05261,DEP,18180,-59,Inbound,1
2025-01-24,Red,stop_023,trip_05262,ARR,18360,-58,Outbound,0
2025-01-25,Orange,stop_024,trip_05263,DEP,18540,-57,Inbound,1
2025-01-26,Red,stop_025,trip_05264,ARR,18720,-56,Outbound,0
2025-01-27,Orange,stop_026,trip_05265,DEP,18900,-55,Inbound,1
2025-01-28,Red,stop_027,trip_05266,ARR,19080,-54,Outbound,0
2025-01-29,Orange,stop_028,trip_05267,DEP,19260,-53,Inbound,1
2025-01-30,Red,stop_029,trip_05268,ARR,19440,-52,Outbound,0
2025-01-31,Orange,stop_030,trip_05269,DEP,19620,-51,Inbound,1
2025-01-01,Red,stop_031,trip_05270,ARR,19800,-50,Outbound,0
2025-01-02,Orange,stop_032,trip_05271,DEP,19980,-49,Inbound,1
2025-01-03,Red,stop_033,trip_05272,ARR,20160,-48,Outbound,0
2025-01-04,Orange,stop_034,trip_05273,DEP,20340,-47,Inbound,1
2025-01-05,Red,stop_035,trip_05274,ARR,20520,-46,Outbound,0
2025-01-06,Orange,stop_036,trip_05275,DEP,20700,-45,Inbound,1
2025-01-07,Red,stop_037,trip_05276,ARR,20880,-44,Outbound,0
2025-01-08,Orange,stop_038,trip_05277,DEP,21060,-43,Inbound,1
2025-01-09,Red,stop_039,trip_05278,ARR,21240,-42,Outbound,0
2025-01-10,Orange,stop_040,trip_05279,DEP,21420,-41,Inbound,1
2025-01-11,Red,stop_001,trip_05280,ARR,18000,-40,Outbound,0
2025-01-12,Orange,stop_002,trip_05281,DEP,18180,-39,Inbound,1
2025-01-13,Red,stop_003,trip_05282,ARR,18360,-38,Outbound,0
2025-01-14,Orange,stop_004,trip_05283,DEP,18540,-37,Inbound,1
2025-01-15,Red,stop_005,trip_05284,ARR,18720,-36,Outbound,0
2025-01-16,Orange,stop_006,trip_05285,DEP,18900,-35,Inbound,1
2025-01-17,Red,stop_007,trip_05286,ARR,19080,-34,Outbound,0
2025-01-18,Orange,stop_008,trip_05287,DEP,19260,-33,Inbound,1
2025-01-19,Red,stop_009,trip_05288,ARR,19440,-32,Outbound,0
2025-01-20,Orange,stop_010,trip_05289,DEP,19620,-31,Inbound,1
2025-01-21,Red,stop_011,trip_05290,ARR,19800,-30,Outbound,0
2025-01-22,Orange,stop_012,trip_05291,DEP,19980,-29,Inbound,1
2025-01-23,Red,stop_013,trip_05292,ARR,20160,-28,Outbound,0
2025-01-24,Orange,stop_014,trip_05293,DEP,20340,-27,Inbound,1
2025-01-25,Red,stop_015,trip_05294,ARR,20520,-26,Outbound,0
2025-01-26,Orange,stop_016,trip_05295,DEP,20700,-25,Inbound,1
2025-01-27,Red,stop_017,trip_05296,ARR,20880,-24,Outbound,0
2025-01-28,Orange,stop_018,trip_05297,DEP,21060,-23,Inbound,1
2025-01-29,Red,stop_019,trip_05298,ARR,21240,-22,Outbound,0
2025-01-30,Orange,stop_020,trip_05299,DEP,21420,-21,Inbound,1
2025-01-31,Red,stop_021,trip_05300,ARR,18000,-20,Outbound,0
2025-01-01,Orange,stop_022,trip_05301,DEP,18180,-19,Inbound,1
2025-01-02,Red,stop_023,trip_05302,ARR,18360,-18,Outbound,0
2025-01-03,Orange,stop_024,trip_05303,DEP,18540,-17,Inbound,1
2025-01-04,Red,stop_025,trip_05304,ARR,18720,-16,Outbound,0
2025-01-05,Orange,stop_026,trip_05305,DEP,18900,-15,Inbound,1
2025-01-06,Red,stop_027,trip_05306,ARR,19080,-14,Outbound,0
2025-01-07,Orange,stop_028,trip_05307,DEP,19260,-13,Inbound,1
2025-01-08,Red,stop_029,trip_05308,ARR,19440,-12,Outbound,0
2025-01-09,Orange,stop_030,trip_05309,DEP,19620,-11,Inbound,1
2025-01-10,Red,stop_031,trip_05310,ARR,19800,-10,Outbound,0
2025-01-11,Orange,stop_032,trip_05311,DEP,19980,-9,Inbound,1
2025-01-12,Red,stop_033,trip_05312,ARR,20160,-8,Outbound,0
2025-01-13,Orange,stop_034,trip_05313,DEP,20340,-7,Inbound,1
2025-01-14,Red,stop_035,trip_05314,ARR,20520,-6,Outbound,0
2025-01-15,Orange,stop_036,trip_05315,DEP,20700,-5,Inbound,1
2025-01-16,Red,stop_037,trip_05316,ARR,20880,-4,Outbound,0
2025-01-17,Orange,stop_038,trip_05317,DEP,21060,-3,Inbound,1
2025-01-18,Red,stop_039,trip_05318,ARR,21240,-2,Outbound,0
2025-01-19,Orange,stop_040,trip_05319,DEP,21420,-1,Inbound,1
2025-01-20,Red,stop_001,trip_05320,ARR,18000,0,Outbound,0
2025-01-21,Orange,stop_002,trip_05321,DEP,18180,1,Inbound,1
2025-01-22,Red,stop_003,trip_05322,ARR,18360,2,Outbound,0
2025-01-23,Orange,stop_004,trip_05323,DEP,18540,3,Inbound,1
2025-01-24,Red,stop_005,trip_05324,ARR,18720,4,Outbound,0
2025-01-25,Orange,stop_006,trip_05325,DEP,18900,5,Inbound,1
2025-01-26,Red,stop_007,trip_05326,ARR,19080,6,Outbound,0
2025-01-27,Orange,stop_008,trip_05327,DEP,19260,7,Inbound,1
2025-01-28,Red,stop_009,trip_05328,ARR,19440,8,Outbound,0
2025-01-29,Orange,stop_010,trip_05329,DEP,19620,9,Inbound,1
2025-01-30,Red,stop_011,trip_05330,ARR,19800,10,Outbound,0
2025-01-31,Orange,stop_012,trip_05331,DEP,19980,11,Inbound,1
2025-01-01,Red,stop_013,trip_05332,ARR,20160,12,Outbound,0
2025-01-02,Orange,stop_014,trip_05333,DEP,20340,13,Inbound,1
2025-01-03,Red,stop_015,trip_05334,ARR,20520,14,Outbound,0
2025-01-04,Orange,stop_016,trip_05335,DEP,20700,15,Inbound,1
2025-01-05,Red,stop_017,trip_05336,ARR,20880,16,Outbound,0
2025-01-06,Orange,stop_018,trip_05337,DEP,21060,17,Inbound,1
2025-01-07,Red,stop_019,trip_05338,ARR,21240,18,Outbound,0
2025-01-08,Orange,stop_020,trip_05339,DEP,21420,19,Inbound,1
2025-01-09,Red,stop_021,trip_05340,ARR,18000,20,Outbound,0
2025-01-10,Orange,stop_022,trip_05341,DEP,18180,21,Inbound,1
2025-01-11,Red,stop_023,trip_05342,ARR,18360,22,Outbound,0
2025-01-12,Orange,stop_024,trip_05343,DEP,18540,23,Inbound,1
2025-01-13,Red,stop_025,trip_05344,ARR,18720,24,Outbound,0
2025-01-14,Orange,stop_026,trip_05345,DEP,18900,25,Inbound,1
2025-01-15,Red,stop_027,trip_05346,ARR,19080,26,Outbound,0
2025-01-16,Orange,stop_028,trip_05347,DEP,19260,27,Inbound,1
2025-01-17,Red,stop_029,trip_05348,ARR,19440,28,Outbound,0
2025-01-18,Orange,stop_030,trip_05349,DEP,19620,29,Inbound,1
2025-01-19,Red,stop_031,trip_05350,ARR,19800,30,Outbound,0
2025-01-20,Orange,stop_032,trip_05351,DEP,19980,31,Inbound,1
2025-01-21,Red,stop_033,trip_05352,ARR,20160,32,Outbound,0
2025-01-22,Orange,stop_034,trip_05353,DEP,20340,33,Inbound,1
2025-01-23,Red,stop_035,trip_05354,ARR,20520,34,Outbound,0
2025-01-24,Orange,stop_036,trip_05355,DEP,20700,35,Inbound,1
2025-01-25,Red,stop_037,trip_05356,ARR,20880,36,Outbound,0
2025-01-26,Orange,stop_038,trip_05357,DEP,21060,37,Inbound,1
2025-01-27,Red,stop_039,trip_05358,ARR,21240,38,Outbound,0
2025-01-28,Orange,stop_040,trip_05359,DEP,21420,39,Inbound,1
2025-01-29,Red,stop_001,trip_05360,ARR,18000,40,Outbound,0
2025-01-30,Orange,stop_002,trip_05361,DEP,18180,41,Inbound,1
2025-01-31,Red,stop_003,trip_05362,ARR,18360,42,Outbound,0
2025-01-01,Orange,stop_004,trip_05363,DEP,18540,43,Inbound,1
2025-01-02,Red,stop_005,trip_05364,ARR,18720,44,Outbound,0
2025-01-03,Orange,stop_006,trip_05365,DEP,18900,45,Inbound,1
2025-01-04,Red,stop_007,trip_05366,ARR,19080,46,Outbound,0
2025-01-05,Orange,stop_008,trip_05367,DEP,19260,47,Inbound,1
2025-01-06,Red,stop_009,trip_05368,ARR,19440,48,Outbound,0
2025-01-07,Orange,stop_010,trip_05369,DEP,19620,49,Inbound,1
2025-01-08,Red,stop_011,trip_05370,ARR,19800,50,Outbound,0
2025-01-09,Orange,stop_012,trip_05371,DEP,19980,51,Inbound,1
2025-01-10,Red,stop_013,trip_05372,ARR,20160,52,Outbound,0
2025-01-11,Orange,stop_014,trip_05373,DEP,20340,53,Inbound,1
2025-01-12,Red,stop_015,trip_05374,ARR,20520,54,Outbound,0
2025-01-13,Orange,stop_016,trip_05375,DEP,20700,55,Inbound,1
2025-01-14,Red,stop_017,trip_05376,ARR,20880,56,Outbound,0
2025-01-15,Orange,stop_018,trip_05377,DEP,21060,57,Inbound,1
2025-01-16,Red,stop_019,trip_05378,ARR,21240,58,Outbound,0
2025-01-17,Orange,stop_020,trip_05379,DEP,21420,59,Inbound,1
2025-01-18,Red,stop_021,trip_05380,ARR,18000,60,Outbound,0
2025-01-19,Orange,stop_022,trip_05381,DEP,18180,61,Inbound,1
2025-01-20,Red,stop_023,trip_05382,ARR,18360,62,Outbound,0
2025-01-21,Orange,stop_024,trip_05383,DEP,18540,63,Inbound,1
2025-01-22,Red,stop_025,trip_05384,ARR,18720,64,Outbound,0
2025-01-23,Orange,stop_026,trip_05385,DEP,18900,65,Inbound,1
2025-01-24,Red,stop_027,trip_05386,ARR,19080,66,Outbound,0
2025-01-25,Orange,stop_028,trip_05387,DEP,19260,67,Inbound,1
2025-01-26,Red,stop_029,trip_05388,ARR,19440,68,Outbound,0
2025-01-27,Orange,stop_030,trip_05389,DEP,19620,69,Inbound,1
2025-01-28,Red,stop_031,trip_05390,ARR,19800,70,Outbound,0
2025-01-29,Orange,stop_032,trip_05391,DEP,19980,71,Inbound,1
2025-01-30,Red,stop_033,trip_05392,ARR,20160,72,Outbound,0
2025-01-31,Orange,stop_034,trip_05393,DEP,20340,73,Inbound,1
2025-01-01,Red,stop_035,trip_05394,ARR,20520,74,Outbound,0
2025-01-02,Orange,stop_036,trip_05395,DEP,20700,75,Inbound,1
2025-01-03,Red,stop_037,trip_05396,ARR,20880,76,Outbound,0
2025-01-04,Orange,stop_038,trip_05397,DEP,21060,77,Inbound,1
2025-01-05,Red,stop_039,trip_05398,ARR,21240,78,Outbound,0
2025-01-06,Orange,stop_040,trip_05399,DEP,21420,79,Inbound,1
2025-01-07,Red,stop_001,trip_05400,ARR,18000,80,Outbound,0
2025-01-08,Orange,stop_002,trip_05401,DEP,18180,81,Inbound,1
2025-01-09,Red,stop_003,trip_05402,ARR,18360,82,Outbound,0
2025-01-10,Orange,stop_004,trip_05403,DEP,18540,83,Inbound,1
2025-01-11,Red,stop_005,trip_05404,ARR,18720,84,Outbound,0
2025-01-12,Orange,stop_006,trip_05405,DEP,18900,85,Inbound,1
2025-01-13,Red,stop_007,trip_05406,ARR,19080,86,Outbound,0
2025-01-14,Orange,stop_008,trip_05407,DEP,19260,87,Inbound,1
2025-01-15,Red,stop_009,trip_05408,ARR,19440,88,Outbound,0
2025-01-16,Orange,stop_010,trip_05409,DEP,19620,89,Inbound,1
2025-01-17,Red,stop_011,trip_05410,ARR,19800,90,Outbound,0
2025-01-18,Orange,stop_012,trip_05411,DEP,19980,91,Inbound,1
2025-01-19,Red,stop_013,trip_05412,ARR,20160,92,Outbound,0
2025-01-20,Orange,stop_014,trip_05413,DEP,20340,93,Inbound,1
2025-01-21,Red,stop_015,trip_05414,ARR,20520,94,Outbound,0
2025-01-22,Orange,stop_016,trip_05415,DEP,20700,95,Inbound,1
2025-01-23,Red,stop_017,trip_05416,ARR,20880,96,Outbound,0
2025-01-24,Orange,stop_018,trip_05417,DEP,21060,97,Inbound,1
2025-01-25,Red,stop_019,trip_05418,ARR,21240,98,Outbound,0
2025-01-26,Orange,stop_020,trip_05419,DEP,21420,99,Inbound,1
2025-01-27,Red,stop_021,trip_05420,ARR,18000,100,Outbound,0
2025-01-28,Orange,stop_022,trip_05421,DEP,18180,101,Inbound,1
2025-01-29,Red,stop_023,trip_05422,ARR,18360,102,Outbound,0
2025-01-30,Orange,stop_024,trip_05423,DEP,18540,103,Inbound,1
2025-01-31,Red,stop_025,trip_05424,ARR,18720,104,Outbound,0
2025-01-01,Orange,stop_026,trip_05425,DEP,18900,105,Inbound,1
2025-01-02,Red,stop_027,trip_05426,ARR,19080,106,Outbound,0
2025-01-03,Orange,stop_028,trip_05427,DEP,19260,107,Inbound,1
2025-01-04,Red,stop_029,trip_05428,ARR,19440,108,Outbound,0
2025-01-05,Orange,stop_030,trip_05429,DEP,19620,109,Inbound,1
2025-01-06,Red,stop_031,trip_05430,ARR,19800,110,Outbound,0
2025-01-07,Orange,stop_032,trip_05431,DEP,19980,111,Inbound,1
2025-01-08,Red,stop_033,trip_05432,ARR,20160,112,Outbound,0
2025-01-09,Orange,stop_034,trip_05433,DEP,20340,113,Inbound,1
2025-01-10,Red,stop_035,trip_05434,ARR,20520,114,Outbound,0
2025-01-11,Orange,stop_036,trip_05435,DEP,20700,115,Inbound,1
2025-01-12,Red,stop_037,trip_05436,ARR,20880,116,Outbound,0
2025-01-13,Orange,stop_038,trip_05437,DEP,21060,117,Inbound,1
2025-01-14,Red,stop_039,trip_05438,ARR,21240,118,Outbound,0
2025-01-15,Orange,stop_040,trip_05439,DEP,21420,119,Inbound,1
2025-01-16,Red,stop_001,trip_05440,ARR,18000,120,Outbound,0
2025-01-17,Orange,stop_002,trip_05441,DEP,18180,121,Inbound,1
2025-01-18,Red,stop_003,trip_05442,ARR,18360,122,Outbound,0
2025-01-19,Orange,stop_004,trip_05443,DEP,18540,123,Inbound,1
2025-01-20,Red,stop_005,trip_05444,ARR,18720,124,Outbound,0
2025-01-21,Orange,stop_006,trip_05445,DEP,18900,125,Inbound,1
2025-01-22,Red,stop_007,trip_05446,ARR,19080,126,Outbound,0
2025-01-23,Orange,stop_008,trip_05447,DEP,19260,127,Inbound,1
2025-01-24,Red,stop_009,trip_05448,ARR,19440,128,Outbound,0
2025-01-25,Orange,stop_010,trip_05449,DEP,19620,129,Inbound,1
2025-01-26,Red,stop_011,trip_05450,ARR,19800,130,Outbound,0
2025-01-27,Orange,stop_012,trip_05451,DEP,19980,131,Inbound,1
2025-01-28,Red,stop_013,trip_05452,ARR,20160,132,Outbound,0
2025-01-29,Orange,stop_014,trip_05453,DEP,20340,133,Inbound,1
2025-01-30,Red,stop_015,trip_05454,ARR,20520,134,Outbound,0
2025-01-31,Orange,stop_016,trip_05455,DEP,20700,135,Inbound,1
2025-01-01,Red,stop_017,trip_05456,ARR,20880,136,Outbound,0
2025-01-02,Orange,stop_018,trip_05457,DEP,21060,137,Inbound,1
2025-01-03,Red,stop_019,trip_05458,ARR,21240,138,Outbound,0
2025-01-04,Orange,stop_020,trip_05459,DEP,21420,139,Inbound,1
2025-01-05,Red,stop_021,trip_05460,ARR,18000,140,Outbound,0
2025-01-06,Orange,stop_022,trip_05461,DEP,18180,141,Inbound,1
2025-01-07,Red,stop_023,trip_05462,ARR,18360,142,Outbound,0
2025-01-08,Orange,stop_024,trip_05463,DEP,18540,143,Inbound,1
2025-01-09,Red,stop_025,trip_05464,ARR,18720,144,Outbound,0
2025-01-10,Orange,stop_026,trip_05465,DEP,18900,145,Inbound,1
2025-01-11,Red,stop_027,trip_05466,ARR,19080,146,Outbound,0
2025-01-12,Orange,stop_028,trip_05467,DEP,19260,147,Inbound,1
2025-01-13,Red,stop_029,trip_05468,ARR,19440,148,Outbound,0
2025-01-14,Orange,stop_030,trip_05469,DEP,19620,149,Inbound,1
2025-01-15,Red,stop_031,trip_05470,ARR,19800,150,Outbound,0
2025-01-16,Orange,stop_032,trip_05471,DEP,19980,151,Inbound,1
2025-01-17,Red,stop_033,trip_05472,ARR,20160,152,Outbound,0
2025-01-18,Orange,stop_034,trip_05473,DEP,20340,153,Inbound,1
2025-01-19,Red,stop_035,trip_05474,ARR,20520,154,Outbound,0
2025-01-20,Orange,stop_036,trip_05475,DEP,20700,155,Inbound,1
2025-01-21,Red,stop_037,trip_05476,ARR,20880,156,Outbound,0
2025-01-22,Orange,stop_038,trip_05477,DEP,21060,157,Inbound,1
2025-01-23,Red,stop_039,trip_05478,ARR,21240,158,Outbound,0
2025-01-24,Orange,stop_040,trip_05479,DEP,21420,159,Inbound,1
2025-01-25,Red,stop_001,trip_05480,ARR,18000,160,Outbound,0
2025-01-26,Orange,stop_002,trip_05481,DEP,18180,161,Inbound,1
2025-01-27,Red,stop_003,trip_05482,ARR,18360,162,Outbound,0
2025-01-28,Orange,stop_004,trip_05483,DEP,18540,163,Inbound,1
2025-01-29,Red,stop_005,trip_05484,ARR,18720,164,Outbound,0
2025-01-30,Orange,stop_006,trip_05485,DEP,18900,165,Inbound,1
2025-01-31,Red,stop_007,trip_05486,ARR,19080,166,Outbound,0
2025-01-01,Orange,stop_008,trip_05487,DEP,19260,167,Inbound,1
2025-01-02,Red,stop_009,trip_05488,ARR,19440,168,Outbound,0
2025-01-03,Orange,stop_010,trip_05489,DEP,19620,169,Inbound,1
2025-01-04,Red,stop_011,trip_05490,ARR,19800,170,Outbound,0
2025-01-05,Orange,stop_012,trip_05491,DEP,19980,171,Inbound,1
2025-01-06,Red,stop_013,trip_05492,ARR,20160,172,Outbound,0
2025-01-07,Orange,stop_014,trip_05493,DEP,20340,173,Inbound,1
2025-01-08,Red,stop_015,trip_05494,ARR,20520,174,Outbound,0
2025-01-09,Orange,stop_016,trip_05495,DEP,20700,175,Inbound,1
2025-01-10,Red,stop_017,trip_05496,ARR,20880,176,Outbound,0
2025-01-11,Orange,stop_018,trip_05497,DEP,21060,177,Inbound,1
2025-01-12,Red,stop_019,trip_05498,ARR,21240,178,Outbound,0
2025-01-13,Orange,stop_020,trip_05499,DEP,21420,179,Inbound,1
2025-01-14,Red,stop_021,trip_05500,ARR,18000,180,Outbound,0
2025-01-15,Orange,stop_022,trip_05501,DEP,18180,181,Inbound,1
2025-01-16,Red,stop_023,trip_05502,ARR,18360,182,Outbound,0
2025-01-17,Orange,stop_024,trip_05503,DEP,18540,183,Inbound,1
2025-01-18,Red,stop_025,trip_05504,ARR,18720,184,Outbound,0
2025-01-19,Orange,stop_026,trip_05505,DEP,18900,185,Inbound,1
2025-01-20,Red,stop_027,trip_05506,ARR,19080,186,Outbound,0
2025-01-21,Orange,stop_028,trip_05507,DEP,19260,187,Inbound,1
2025-01-22,Red,stop_029,trip_05508,ARR,19440,188,Outbound,0
2025-01-23,Orange,stop_030,trip_05509,DEP,19620,189,Inbound,1
2025-01-24,Red,stop_031,trip_05510,ARR,19800,190,Outbound,0
2025-01-25,Orange,stop_032,trip_05511,DEP,19980,191,Inbound,1
2025-01-26,Red,stop_033,trip_05512,ARR,20160,192,Outbound,0
2025-01-27,Orange,stop_034,trip_05513,DEP,20340,193,Inbound,1
2025-01-28,Red,stop_035,trip_05514,ARR,20520,194,Outbound,0
2025-01-29,Orange,stop_036,trip_05515,DEP,20700,195,Inbound,1
2025-01-30,Red,stop_037,trip_05516,ARR,20880,196,Outbound,0
2025-01-31,Orange,stop_038,trip_05517,DEP,21060,197,Inbound,1
2025-01-01,Red,stop_039,trip_05518,ARR,21240,198,Outbound,0
2025-01-02,Orange,stop_040,trip_05519,DEP,21420,199,Inbound,1
2025-01-03,Red,stop_001,trip_05520,ARR,18000,200,Outbound,0
2025-01-04,Orange,stop_002,trip_05521,DEP,18180,201,Inbound,1
2025-01-05,Red,stop_003,trip_05522,ARR,18360,202,Outbound,0
2025-01-06,Orange,stop_004,trip_05523,DEP,18540,203,Inbound,1
2025-01-07,Red,stop_005,trip_05524,ARR,18720,204,Outbound,0
2025-01-08,Orange,stop_006,trip_05525,DEP,18900,205,Inbound,1
2025-01-09,Red,stop_007,trip_05526,ARR,19080,206,Outbound,0
2025-01-10,Orange,stop_008,trip_05527,DEP,19260,207,Inbound,1
2025-01-11,Red,stop_009,trip_05528,ARR,19440,208,Outbound,0
2025-01-12,Orange,stop_010,trip_05529,DEP,19620,209,Inbound,1
2025-01-13,Red,stop_011,trip_05530,ARR,19800,210,Outbound,0
2025-01-14,Orange,stop_012,trip_05531,DEP,19980,211,Inbound,1
2025-01-15,Red,stop_013,trip_05532,ARR,20160,212,Outbound,0
2025-01-16,Orange,stop_014,trip_05533,DEP,20340,213,Inbound,1
2025-01-17,Red,stop_015,trip_05534,ARR,20520,214,Outbound,0
2025-01-18,Orange,stop_016,trip_05535,DEP,20700,215,Inbound,1
2025-01-19,Red,stop_017,trip_05536,ARR,20880,216,Outbound,0
2025-01-20,Orange,stop_018,trip_05537,DEP,21060,217,Inbound,1
2025-01-21,Red,stop_019,trip_05538,ARR,21240,218,Outbound,0
2025-01-22,Orange,stop_020,trip_05539,DEP,21420,219,Inbound,1
2025-01-23,Red,stop_021,trip_05540,ARR,18000,220,Outbound,0
2025-01-24,Orange,stop_022,trip_05541,DEP,18180,221,Inbound,1
2025-01-25,Red,stop_023,trip_05542,ARR,18360,222,Outbound,0
2025-01-26,Orange,stop_024,trip_05543,DEP,18540,223,Inbound,1
2025-01-27,Red,stop_025,trip_05544,ARR,18720,224,Outbound,0
2025-01-28,Orange,stop_026,trip_05545,DEP,18900,225,Inbound,1
2025-01-29,Red,stop_027,trip_05546,ARR,19080,226,Outbound,0
2025-01-30,Orange,stop_028,trip_05547,DEP,19260,227,Inbound,1
2025-01-31,Red,stop_029,trip_05548,ARR,19440,228,Outbound,0
2025-01-01,Orange,stop_030,trip_05549,DEP,19620,229,Inbound,1
2025-01-02,Red,stop_031,trip_05550,ARR,19800,230,Outbound,0
2025-01-03,Orange,stop_032,trip_05551,DEP,19980,231,Inbound,1
2025-01-04,Red,stop_033,trip_05552,ARR,20160,232,Outbound,0
2025-01-05,Orange,stop_034,trip_05553,DEP,20340,233,Inbound,1
2025-01-06,Red,stop_035,trip_05554,ARR,20520,234,Outbound,0
2025-01-07,Orange,stop_036,trip_05555,DEP,20700,235,Inbound,1
2025-01-08,Red,stop_037,trip_05556,ARR,20880,236,Outbound,0
2025-01-09,Orange,stop_038,trip_05557,DEP,21060,237,Inbound,1
2025-01-10,Red,stop_039,trip_05558,ARR,21240,238,Outbound,0
2025-01-11,Orange,stop_040,trip_05559,DEP,21420,239,Inbound,1
2025-01-12,Red,stop_001,trip_05560,ARR,18000,240,Outbound,0
2025-01-13,Orange,stop_002,trip_05561,DEP,18180,241,Inbound,1
2025-01-14,Red,stop_003,trip_05562,ARR,18360,242,Outbound,0
2025-01-15,Orange,stop_004,trip_05563,DEP,18540,243,Inbound,1
2025-01-16,Red,stop_005,trip_05564,ARR,18720,244,Outbound,0
2025-01-17,Orange,stop_006,trip_05565,DEP,18900,245,Inbound,1
2025-01-18,Red,stop_007,trip_05566,ARR,19080,246,Outbound,0
2025-01-19,Orange,stop_008,trip_05567,DEP,19260,247,Inbound,1
2025-01-20,Red,stop_009,trip_05568,ARR,19440,248,Outbound,0
2025-01-21,Orange,stop_010,trip_05569,DEP,19620,249,Inbound,1
2025-01-22,Red,stop_011,trip_05570,ARR,19800,250,Outbound,0
2025-01-23,Orange,stop_012,trip_05571,DEP,19980,251,Inbound,1
2025-01-24,Red,stop_013,trip_05572,ARR,20160,252,Outbound,0
2025-01-25,Orange,stop_014,trip_05573,DEP,20340,253,Inbound,1
2025-01-26,Red,stop_015,trip_05574,ARR,20520,254,Outbound,0
2025-01-27,Orange,stop_016,trip_05575,DEP,20700,255,Inbound,1
2025-01-28,Red,stop_017,trip_05576,ARR,20880,256,Outbound,0
2025-01-29,Orange,stop_018,trip_05577,DEP,21060,257,Inbound,1
2025-01-30,Red,stop_019,trip_05578,ARR,21240,258,Outbound,0
2025-01-31,Orange,stop_020,trip_05579,DEP,21420,259,Inbound,1
2025-01-01,Red,stop_021,trip_05580,ARR,18000,260,Outbound,0
2025-01-02,Orange,stop_022,trip_05581,DEP,18180,261,Inbound,1
2025-01-03,Red,stop_023,trip_05582,ARR,18360,262,Outbound,0
2025-01-04,Orange,stop_024,trip_05583,DEP,18540,263,Inbound,1
2025-01-05,Red,stop_025,trip_05584,ARR,18720,264,Outbound,0
2025-01-06,Orange,stop_026,trip_05585,DEP,18900,265,Inbound,1
2025-01-07,Red,stop_027,trip_05586,ARR,19080,266,Outbound,0
2025-01-08,Orange,stop_028,trip_05587,DEP,19260,267,Inbound,1
2025-01-09,Red,stop_029,trip_05588,ARR,19440,268,Outbound,0
2025-01-10,Orange,stop_030,trip_05589,DEP,19620,269,Inbound,1
2025-01-11,Red,stop_031,trip_05590,ARR,19800,270,Outbound,0
2025-01-12,Orange,stop_032,trip_05591,DEP,19980,271,Inbound,1
2025-01-13,Red,stop_033,trip_05592,ARR,20160,272,Outbound,0
2025-01-14,Orange,stop_034,trip_05593,DEP,20340,273,Inbound,1
2025-01-15,Red,stop_035,trip_05594,ARR,20520,274,Outbound,0
2025-01-16,Orange,stop_036,trip_05595,DEP,20700,275,Inbound,1
2025-01-17,Red,stop_037,trip_05596,ARR,20880,276,Outbound,0
2025-01-18,Orange,stop_038,trip_05597,DEP,21060,277,Inbound,1
2025-01-19,Red,stop_039,trip_05598,ARR,21240,278,Outbound,0
2025-01-20,Orange,stop_040,trip_05599,DEP,21420,279,Inbound,1
2025-01-21,Red,stop_001,trip_05600,ARR,18000,-120,Outbound,0
2025-01-22,Orange,stop_002,trip_05601,DEP,18180,-119,Inbound,1
2025-01-23,Red,stop_003,trip_05602,ARR,18360,-118,Outbound,0
2025-01-24,Orange,stop_004,trip_05603,DEP,18540,-117,Inbound,1
2025-01-25,Red,stop_005,trip_05604,ARR,18720,-116,Outbound,0
2025-01-26,Orange,stop_006,trip_05605,DEP,18900,-115,Inbound,1
2025-01-27,Red,stop_007,trip_05606,ARR,19080,-114,Outbound,0
2025-01-28,Orange,stop_008,trip_05607,DEP,19260,-113,Inbound,1
2025-01-29,Red,stop_009,trip_05608,ARR,19440,-112,Outbound,0
2025-01-30,Orange,stop_010,trip_05609,DEP,19620,-111,Inbound,1
2025-01-31,Red,stop_011,trip_05610,ARR,19800,-110,Outbound,0
2025-01-01,Orange,stop_012,trip_05611,DEP,19980,-109,Inbound,1
2025-01-02,Red,stop_013,trip_05612,ARR,20160,-108,Outbound,0
2025-01-03,Orange,stop_014,trip_05613,DEP,20340,-107,Inbound,1
2025-01-04,Red,stop_015,trip_05614,ARR,20520,-106,Outbound,0
2025-01-05,Orange,stop_016,trip_05615,DEP,20700,-105,Inbound,1
2025-01-06,Red,stop_017,trip_05616,ARR,20880,-104,Outbound,0
2025-01-07,Orange,stop_018,trip_05617,DEP,21060,-103,Inbound,1
2025-01-08,Red,stop_019,trip_05618,ARR,21240,-102,Outbound,0
2025-01-09,Orange,stop_020,trip_05619,DEP,21420,-101,Inbound,1
2025-01-10,Red,stop_021,trip_05620,ARR,18000,-100,Outbound,0
2025-01-11,Orange,stop_022,trip_05621,DEP,18180,-99,Inbound,1
2025-01-12,Red,stop_023,trip_05622,ARR,18360,-98,Outbound,0
2025-01-13,Orange,stop_024,trip_05623,DEP,18540,-97,Inbound,1
2025-01-14,Red,stop_025,trip_05624,ARR,18720,-96,Outbound,0
2025-01-15,Orange,stop_026,trip_05625,DEP,18900,-95,Inbound,1
2025-01-16,Red,stop_027,trip_05626,ARR,19080,-94,Outbound,0
2025-01-17,Orange,stop_028,trip_05627,DEP,19260,-93,Inbound,1
2025-01-18,Red,stop_029,trip_05628,ARR,19440,-92,Outbound,0
2025-01-19,Orange,stop_030,trip_05629,DEP,19620,-91,Inbound,1
2025-01-20,Red,stop_031,trip_05630,ARR,19800,-90,Outbound,0
2025-01-21,Orange,stop_032,trip_05631,DEP,19980,-89,Inbound,1
2025-01-22,Red,stop_033,trip_05632,ARR,20160,-88,Outbound,0
2025-01-23,Orange,stop_034,trip_05633,DEP,20340,-87,Inbound,1
2025-01-24,Red,stop_035,trip_05634,ARR,20520,-86,Outbound,0
2025-01-25,Orange,stop_036,trip_05635,DEP,20700,-85,Inbound,1
2025-01-26,Red,stop_037,trip_05636,ARR,20880,-84,Outbound,0
2025-01-27,Orange,stop_038,trip_05637,DEP,21060,-83,Inbound,1
2025-01-28,Red,stop_039,trip_05638,ARR,21240,-82,Outbound,0
2025-01-29,Orange,stop_040,trip_05639,DEP,21420,-81,Inbound,1
2025-01-30,Red,stop_001,trip_05640,ARR,18000,-80,Outbound,0
2025-01-31,Orange,stop_002,trip_05641,DEP,18180,-79,Inbound,1
2025-01-01,Red,stop_003,trip_05642,ARR,18360,-78,Outbound,0
2025-01-02,Orange,stop_004,trip_05643,DEP,18540,-77,Inbound,1
2025-01-03,Red,stop_005,trip_05644,ARR,18720,-76,Outbound,0
2025-01-04,Orange,stop_006,trip_05645,DEP,18900,-75,Inbound,1
2025-01-05,Red,stop_007,trip_05646,ARR,19080,-74,Outbound,0
2025-01-06,Orange,stop_008,trip_05647,DEP,19260,-73,Inbound,1
2025-01-07,Red,stop_009,trip_05648,ARR,19440,-72,Outbound,0
2025-01-08,Orange,stop_010,trip_05649,DEP,19620,-71,Inbound,1
2025-01-09,Red,stop_011,trip_05650,ARR,19800,-70,Outbound,0
2025-01-10,Orange,stop_012,trip_05651,DEP,19980,-69,Inbound,1
2025-01-11,Red,stop_013,trip_05652,ARR,20160,-68,Outbound,0
2025-01-12,Orange,stop_014,trip_05653,DEP,20340,-67,Inbound,1
2025-01-13,Red,stop_015,trip_05654,ARR,20520,-66,Outbound,0
2025-01-14,Orange,stop_016,trip_05655,DEP,20700,-65,Inbound,1
2025-01-15,Red,stop_017,trip_05656,ARR,20880,-64,Outbound,0
2025-01-16,Orange,stop_018,trip_05657,DEP,21060,-63,Inbound,1
2025-01-17,Red,stop_019,trip_05658,ARR,21240,-62,Outbound,0
2025-01-18,Orange,stop_020,trip_05659,DEP,21420,-61,Inbound,1
2025-01-19,Red,stop_021,trip_05660,ARR,18000,-60,Outbound,0
2025-01-20,Orange,stop_022,trip_05661,DEP,18180,-59,Inbound,1
2025-01-21,Red,stop_023,trip_05662,ARR,18360,-58,Outbound,0
2025-01-22,Orange,stop_024,trip_05663,DEP,18540,-57,Inbound,1
2025-01-23,Red,stop_025,trip_05664,ARR,18720,-56,Outbound,0
2025-01-24,Orange,stop_026,trip_05665,DEP,18900,-55,Inbound,1
2025-01-25,Red,stop_027,trip_05666,ARR,19080,-54,Outbound,0
2025-01-26,Orange,stop_028,trip_05667,DEP,19260,-53,Inbound,1
2025-01-27,Red,stop_029,trip_05668,ARR,19440,-52,Outbound,0
2025-01-28,Orange,stop_030,trip_05669,DEP,19620,-51,Inbound,1
2025-01-29,Red,stop_031,trip_05670,ARR,19800,-50,Outbound,0
2025-01-30,Orange,stop_032,trip_05671,DEP,19980,-49,Inbound,1
2025-01-31,Red,stop_033,trip_05672,ARR,20160,-48,Outbound,0
2025-01-01,Orange,stop_034,trip_05673,DEP,20340,-47,Inbound,1
2025-01-02,Red,stop_035,trip_05674,ARR,20520,-46,Outbound,0
2025-01-03,Orange,stop_036,trip_05675,DEP,20700,-45,Inbound,1
2025-01-04,Red,stop_037,trip_05676,ARR,20880,-44,Outbound,0
2025-01-05,Orange,stop_038,trip_05677,DEP,21060,-43,Inbound,1
2025-01-06,Red,stop_039,trip_05678,ARR,21240,-42,Outbound,0
2025-01-07,Orange,stop_040,trip_05679,DEP,21420,-41,Inbound,1
2025-01-08,Red,stop_001,trip_05680,ARR,18000,-40,Outbound,0
2025-01-09,Orange,stop_002,trip_05681,DEP,18180,-39,Inbound,1
2025-01-10,Red,stop_003,trip_05682,ARR,18360,-38,Outbound,0
2025-01-11,Orange,stop_004,trip_05683,DEP,18540,-37,Inbound,1
2025-01-12,Red,stop_005,trip_05684,ARR,18720,-36,Outbound,0
2025-01-13,Orange,stop_006,trip_05685,DEP,18900,-35,Inbound,1
2025-01-14,Red,stop_007,trip_05686,ARR,19080,-34,Outbound,0
2025-01-15,Orange,stop_008,trip_05687,DEP,19260,-33,Inbound,1
2025-01-16,Red,stop_009,trip_05688,ARR,19440,-32,Outbound,0
2025-01-17,Orange,stop_010,trip_05689,DEP,19620,-31,Inbound,1
2025-01-18,Red,stop_011,trip_05690,ARR,19800,-30,Outbound,0
2025-01-19,Orange,stop_012,trip_05691,DEP,19980,-29,Inbound,1
2025-01-20,Red,stop_013,trip_05692,ARR,20160,-28,Outbound,0
2025-01-21,Orange,stop_014,trip_05693,DEP,20340,-27,Inbound,1
2025-01-22,Red,stop_015,trip_05694,ARR,20520,-26,Outbound,0
2025-01-23,Orange,stop_016,trip_05695,DEP,20700,-25,Inbound,1
2025-01-24,Red,stop_017,trip_05696,ARR,20880,-24,Outbound,0
2025-01-25,Orange,stop_018,trip_05697,DEP,21060,-23,Inbound,1
2025-01-26,Red,stop_019,trip_05698,ARR,21240,-22,Outbound,0
2025-01-27,Orange,stop_020,trip_05699,DEP,21420,-21,Inbound,1
2025-01-28,Red,stop_021,trip_05700,ARR,18000,-20,Outbound,0
2025-01-29,Orange,stop_022,trip_05701,DEP,18180,-19,Inbound,1
2025-01-30,Red,stop_023,trip_05702,ARR,18360,-18,Outbound,0
2025-01-31,Orange,stop_024,trip_05703,DEP,18540,-17,Inbound,1
2025-01-01,Red,stop_025,trip_05704,ARR,18720,-16,Outbound,0
2025-01-02,Orange,stop_026,trip_05705,DEP,18900,-15,Inbound,1
2025-01-03,Red,stop_027,trip_05706,ARR,19080,-14,Outbound,0
2025-01-04,Orange,stop_028,trip_05707,DEP,19260,-13,Inbound,1
2025-01-05,Red,stop_029,trip_05708,ARR,19440,-12,Outbound,0
2025-01-06,Orange,stop_030,trip_05709,DEP,19620,-11,Inbound,1
2025-01-07,Red,stop_031,trip_05710,ARR,19800,-10,Outbound,0
2025-01-08,Orange,stop_032,trip_05711,DEP,19980,-9,Inbound,1
2025-01-09,Red,stop_033,trip_05712,ARR,20160,-8,Outbound,0
2025-01-10,Orange,stop_034,trip_05713,DEP,20340,-7,Inbound,1
2025-01-11,Red,stop_035,trip_05714,ARR,20520,-6,Outbound,0
2025-01-12,Orange,stop_036,trip_05715,DEP,20700,-5,Inbound,1
2025-01-13,Red,stop_037,trip_05716,ARR,20880,-4,Outbound,0
2025-01-14,Orange,stop_038,trip_05717,DEP,21060,-3,Inbound,1
2025-01-15,Red,stop_039,trip_05718,ARR,21240,-2,Outbound,0
2025-01-16,Orange,stop_040,trip_05719,DEP,21420,-1,Inbound,1
2025-01-17,Red,stop_001,trip_05720,ARR,18000,0,Outbound,0
2025-01-18,Orange,stop_002,trip_05721,DEP,18180,1,Inbound,1
2025-01-19,Red,stop_003,trip_05722,ARR,18360,2,Outbound,0
2025-01-20,Orange,stop_004,trip_05723,DEP,18540,3,Inbound,1
2025-01-21,Red,stop_005,trip_05724,ARR,18720,4,Outbound,0
2025-01-22,Orange,stop_006,trip_05725,DEP,18900,5,Inbound,1
2025-01-23,Red,stop_007,trip_05726,ARR,19080,6,Outbound,0
2025-01-24,Orange,stop_008,trip_05727,DEP,19260,7,Inbound,1
2025-01-25,Red,stop_009,trip_05728,ARR,19440,8,Outbound,0
2025-01-26,Orange,stop_010,trip_05729,DEP,19620,9,Inbound,1
2025-01-27,Red,stop_011,trip_05730,ARR,19800,10,Outbound,0
2025-01-28,Orange,stop_012,trip_05731,DEP,19980,11,Inbound,1
2025-01-29,Red,stop_013,trip_05732,ARR,20160,12,Outbound,0
2025-01-30,Orange,stop_014,trip_05733,DEP,20340,13,Inbound,1
2025-01-31,Red,stop_015,trip_05734,ARR,20520,14,Outbound,0
2025-01-01,Orange,stop_016,trip_05735,DEP,20700,15,Inbound,1
2025-01-02,Red,stop_017,trip_05736,ARR,20880,16,Outbound,0
2025-01-03,Orange,stop_018,trip_05737,DEP,21060,17,Inbound,1
2025-01-04,Red,stop_019,trip_05738,ARR,21240,18,Outbound,0
2025-01-05,Orange,stop_020,trip_05739,DEP,21420,19,Inbound,1
2025-01-06,Red,stop_021,trip_05740,ARR,18000,20,Outbound,0
2025-01-07,Orange,stop_022,trip_05741,DEP,18180,21,Inbound,1
2025-01-08,Red,stop_023,trip_05742,ARR,18360,22,Outbound,0
2025-01-09,Orange,stop_024,trip_05743,DEP,18540,23,Inbound,1
2025-01-10,Red,stop_025,trip_05744,ARR,18720,24,Outbound,0
2025-01-11,Orange,stop_026,trip_05745,DEP,18900,25,Inbound,1
2025-01-12,Red,stop_027,trip_05746,ARR,19080,26,Outbound,0
2025-01-13,Orange,stop_028,trip_05747,DEP,19260,27,Inbound,1
2025-01-14,Red,stop_029,trip_05748,ARR,19440,28,Outbound,0
2025-01-15,Orange,stop_030,trip_05749,DEP,19620,29,Inbound,1
2025-01-16,Red,stop_031,trip_05750,ARR,19800,30,Outbound,0
2025-01-17,Orange,stop_032,trip_05751,DEP,19980,31,Inbound,1
2025-01-18,Red,stop_033,trip_05752,ARR,20160,32,Outbound,0
2025-01-19,Orange,stop_034,trip_05753,DEP,20340,33,Inbound,1
2025-01-20,Red,stop_035,trip_05754,ARR,20520,34,Outbound,0
2025-01-21,Orange,stop_036,trip_05755,DEP,20700,35,Inbound,1
2025-01-22,Red,stop_037,trip_05756,ARR,20880,36,Outbound,0
2025-01-23,Orange,stop_038,trip_05757,DEP,21060,37,Inbound,1
2025-01-24,Red,stop_039,trip_05758,ARR,21240,38,Outbound,0
2025-01-25,Orange,stop_040,trip_05759,DEP,21420,39,Inbound,1
2025-01-26,Red,stop_001,trip_05760,ARR,18000,40,Outbound,0
2025-01-27,Orange,stop_002,trip_05761,DEP,18180,41,Inbound,1
2025-01-28,Red,stop_003,trip_05762,ARR,18360,42,Outbound,0
2025-01-29,Orange,stop_004,trip_05763,DEP,18540,43,Inbound,1
2025-01-30,Red,stop_005,trip_05764,ARR,18720,44,Outbound,0
2025-01-31,Orange,stop_006,trip_05765,DEP,18900,45,Inbound,1
2025-01-01,Red,stop_007,trip_05766,ARR,19080,46,Outbound,0
2025-01-02,Orange,stop_008,trip_05767,DEP,19260,47,Inbound,1
2025-01-03,Red,stop_009,trip_05768,ARR,19440,48,Outbound,0
2025-01-04,Orange,stop_010,trip_05769,DEP,19620,49,Inbound,1
2025-01-05,Red,stop_011,trip_05770,ARR,19800,50,Outbound,0
2025-01-06,Orange,stop_012,trip_05771,DEP,19980,51,Inbound,1
2025-01-07,Red,stop_013,trip_05772,ARR,20160,52,Outbound,0
2025-01-08,Orange,stop_014,trip_05773,DEP,20340,53,Inbound,1
2025-01-09,Red,stop_015,trip_05774,ARR,20520,54,Outbound,0
2025-01-10,Orange,stop_016,trip_05775,DEP,20700,55,Inbound,1
2025-01-11,Red,stop_017,trip_05776,ARR,20880,56,Outbound,0
2025-01-12,Orange,stop_018,trip_05777,DEP,21060,57,Inbound,1
2025-01-13,Red,stop_019,trip_05778,ARR,21240,58,Outbound,0
2025-01-14,Orange,stop_020,trip_05779,DEP,21420,59,Inbound,1
2025-01-15,Red,stop_021,trip_05780,ARR,18000,60,Outbound,0
2025-01-16,Orange,stop_022,trip_05781,DEP,18180,61,Inbound,1
2025-01-17,Red,stop_023,trip_05782,ARR,18360,62,Outbound,0
2025-01-18,Orange,stop_024,trip_05783,DEP,18540,63,Inbound,1
2025-01-19,Red,stop_025,trip_05784,ARR,18720,64,Outbound,0
2025-01-20,Orange,stop_026,trip_05785,DEP,18900,65,Inbound,1
2025-01-21,Red,stop_027,trip_05786,ARR,19080,66,Outbound,0
2025-01-22,Orange,stop_028,trip_05787,DEP,19260,67,Inbound,1
2025-01-23,Red,stop_029,trip_05788,ARR,19440,68,Outbound,0
2025-01-24,Orange,stop_030,trip_05789,DEP,19620,69,Inbound,1
2025-01-25,Red,stop_031,trip_05790,ARR,19800,70,Outbound,0
2025-01-26,Orange,stop_032,trip_05791,DEP,19980,71,Inbound,1
2025-01-27,Red,stop_033,trip_05792,ARR,20160,72,Outbound,0
2025-01-28,Orange,stop_034,trip_05793,DEP,20340,73,Inbound,1
2025-01-29,Red,stop_035,trip_05794,ARR,20520,74,Outbound,0
2025-01-30,Orange,stop_036,trip_05795,DEP,20700,75,Inbound,1
2025-01-31,Red,stop_037,trip_05796,ARR,20880,76,Outbound,0
2025-01-01,Orange,stop_038,trip_05797,DEP,21060,77,Inbound,1
2025-01-02,Red,stop_039,trip_05798,ARR,21240,78,Outbound,0
2025-01-03,Orange,stop_040,trip_05799,DEP,21420,79,Inbound,1
2025-01-04,Red,stop_001,trip_05800,ARR,18000,80,Outbound,0
2025-01-05,Orange,stop_002,trip_05801,DEP,18180,81,Inbound,1
2025-01-06,Red,stop_003,trip_05802,ARR,18360,82,Outbound,0
2025-01-07,Orange,stop_004,trip_05803,DEP,18540,83,Inbound,1
2025-01-08,Red,stop_005,trip_05804,ARR,18720,84,Outbound,0
2025-01-09,Orange,stop_006,trip_05805,DEP,18900,85,Inbound,1
2025-01-10,Red,stop_007,trip_05806,ARR,19080,86,Outbound,0
2025-01-11,Orange,stop_008,trip_05807,DEP,19260,87,Inbound,1
2025-01-12,Red,stop_009,trip_05808,ARR,19440,88,Outbound,0
2025-01-13,Orange,stop_010,trip_05809,DEP,19620,89,Inbound,1
2025-01-14,Red,stop_011,trip_05810,ARR,19800,90,Outbound,0
2025-01-15,Orange,stop_012,trip_05811,DEP,19980,91,Inbound,1
2025-01-16,Red,stop_013,trip_05812,ARR,20160,92,Outbound,0
2025-01-17,Orange,stop_014,trip_05813,DEP,20340,93,Inbound,1
2025-01-18,Red,stop_015,trip_05814,ARR,20520,94,Outbound,0
2025-01-19,Orange,stop_016,trip_05815,DEP,20700,95,Inbound,1
2025-01-20,Red,stop_017,trip_05816,ARR,20880,96,Outbound,0
2025-01-21,Orange,stop_018,trip_05817,DEP,21060,97,Inbound,1
2025-01-22,Red,stop_019,trip_05818,ARR,21240,98,Outbound,0
2025-01-23,Orange,stop_020,trip_05819,DEP,21420,99,Inbound,1
2025-01-24,Red,stop_021,trip_05820,ARR,18000,100,Outbound,0
2025-01-25,Orange,stop_022,trip_05821,DEP,18180,101,Inbound,1
2025-01-26,Red,stop_023,trip_05822,ARR,18360,102,Outbound,0
2025-01-27,Orange,stop_024,trip_05823,DEP,18540,103,Inbound,1
2025-01-28,Red,stop_025,trip_05824,ARR,18720,104,Outbound,0
2025-01-29,Orange,stop_026,trip_05825,DEP,18900,105,Inbound,1
2025-01-30,Red,stop_027,trip_05826,ARR,19080,106,Outbound,0
2025-01-31,Orange,stop_028,trip_05827,DEP,19260,107,Inbound,1
2025-01-01,Red,stop_029,trip_05828,ARR,19440,108,Outbound,0
2025-01-02,Orange,stop_030,trip_05829,DEP,19620,109,Inbound,1
2025-01-03,Red,stop_031,trip_05830,ARR,19800,110,Outbound,0
2025-01-04,Orange,stop_032,trip_05831,DEP,19980,111,Inbound,1
2025-01-05,Red,stop_033,trip_05832,ARR,20160,112,Outbound,0
2025-01-06,Orange,stop_034,trip_05833,DEP,20340,113,Inbound,1
2025-01-07,Red,stop_035,trip_05834,ARR,20520,114,Outbound,0
2025-01-08,Orange,stop_036,trip_05835,DEP,20700,115,Inbound,1
2025-01-09,Red,stop_037,trip_05836,ARR,20880,116,Outbound,0
2025-01-10,Orange,stop_038,trip_05837,DEP,21060,117,Inbound,1
2025-01-11,Red,stop_039,trip_05838,ARR,21240,118,Outbound,0
2025-01-12,Orange,stop_040,trip_05839,DEP,21420,119,Inbound,1
2025-01-13,Red,stop_001,trip_05840,ARR,18000,120,Outbound,0
2025-01-14,Orange,stop_002,trip_05841,DEP,18180,121,Inbound,1
2025-01-15,Red,stop_003,trip_05842,ARR,18360,122,Outbound,0
2025-01-16,Orange,stop_004,trip_05843,DEP,18540,123,Inbound,1
2025-01-17,Red,stop_005,trip_05844,ARR,18720,124,Outbound,0
2025-01-18,Orange,stop_006,trip_05845,DEP,18900,125,Inbound,1
2025-01-19,Red,stop_007,trip_05846,ARR,19080,126,Outbound,0
2025-01-20,Orange,stop_008,trip_05847,DEP,19260,127,Inbound,1
2025-01-21,Red,stop_009,trip_05848,ARR,19440,128,Outbound,0
2025-01-22,Orange,stop_010,trip_05849,DEP,19620,129,Inbound,1
2025-01-23,Red,stop_011,trip_05850,ARR,19800,130,Outbound,0
2025-01-24,Orange,stop_012,trip_05851,DEP,19980,131,Inbound,1
2025-01-25,Red,stop_013,trip_05852,ARR,20160,132,Outbound,0
2025-01-26,Orange,stop_014,trip_05853,DEP,20340,133,Inbound,1
2025-01-27,Red,stop_015,trip_05854,ARR,20520,134,Outbound,0
2025-01-28,Orange,stop_016,trip_05855,DEP,20700,135,Inbound,1
2025-01-29,Red,stop_017,trip_05856,ARR,20880,136,Outbound,0
2025-01-30,Orange,stop_018,trip_05857,DEP,21060,137,Inbound,1
2025-01-31,Red,stop_019,trip_05858,ARR,21240,138,Outbound,0
2025-01-01,Orange,stop_020,trip_05859,DEP,21420,139,Inbound,1
2025-01-02,Red,stop_021,trip_05860,ARR,18000,140,Outbound,0
2025-01-03,Orange,stop_022,trip_05861,DEP,18180,141,Inbound,1
2025-01-04,Red,stop_023,trip_05862,ARR,18360,142,Outbound,0
2025-01-05,Orange,stop_024,trip_05863,DEP,18540,143,Inbound,1
2025-01-06,Red,stop_025,trip_05864,ARR,18720,144,Outbound,0
2025-01-07,Orange,stop_026,trip_05865,DEP,18900,145,Inbound,1
2025-01-08,Red,stop_027,trip_05866,ARR,19080,146,Outbound,0
2025-01-09,Orange,stop_028,trip_05867,DEP,19260,147,Inbound,1
2025-01-10,Red,stop_029,trip_05868,ARR,19440,148,Outbound,0
2025-01-11,Orange,stop_030,trip_05869,DEP,19620,149,Inbound,1
2025-01-12,Red,stop_031,trip_05870,ARR,19800,150,Outbound,0
2025-01-13,Orange,stop_032,trip_05871,DEP,19980,151,Inbound,1
2025-01-14,Red,stop_033,trip_05872,ARR,20160,152,Outbound,0
2025-01-15,Orange,stop_034,trip_05873,DEP,20340,153,Inbound,1
2025-01-16,Red,stop_035,trip_05874,ARR,20520,154,Outbound,0
2025-01-17,Orange,stop_036,trip_05875,DEP,20700,155,Inbound,1
2025-01-18,Red,stop_037,trip_05876,ARR,20880,156,Outbound,0
2025-01-19,Orange,stop_038,trip_05877,DEP,21060,157,Inbound,1
2025-01-20,Red,stop_039,trip_05878,ARR,21240,158,Outbound,0
2025-01-21,Orange,stop_040,trip_05879,DEP,21420,159,Inbound,1
2025-01-22,Red,stop_001,trip_05880,ARR,18000,160,Outbound,0
2025-01-23,Orange,stop_002,trip_05881,DEP,18180,161,Inbound,1
2025-01-24,Red,stop_003,trip_05882,ARR,18360,162,Outbound,0
2025-01-25,Orange,stop_004,trip_05883,DEP,18540,163,Inbound,1
2025-01-26,Red,stop_005,trip_05884,ARR,18720,164,Outbound,0
2025-01-27,Orange,stop_006,trip_05885,DEP,18900,165,Inbound,1
2025-01-28,Red,stop_007,trip_05886,ARR,19080,166,Outbound,0
2025-01-29,Orange,stop_008,trip_05887,DEP,19260,167,Inbound,1
2025-01-30,Red,stop_009,trip_05888,ARR,19440,168,Outbound,0
2025-01-31,Orange,stop_010,trip_05889,DEP,19620,169,Inbound,1
2025-01-01,Red,stop_011,trip_05890,ARR,19800,170,Outbound,0
2025-01-02,Orange,stop_012,trip_05891,DEP,19980,171,Inbound,1
2025-01-03,Red,stop_013,trip_05892,ARR,20160,172,Outbound,0
2025-01-04,Orange,stop_014,trip_05893,DEP,20340,173,Inbound,1
2025-01-05,Red,stop_015,trip_05894,ARR,20520,174,Outbound,0
2025-01-06,Orange,stop_016,trip_05895,DEP,20700,175,Inbound,1
2025-01-07,Red,stop_017,trip_05896,ARR,20880,176,Outbound,0
2025-01-08,Orange,stop_018,trip_05897,DEP,21060,177,Inbound,1
2025-01-09,Red,stop_019,trip_05898,ARR,21240,178,Outbound,0
2025-01-10,Orange,stop_020,trip_05899,DEP,21420,179,Inbound,1
2025-01-11,Red,stop_021,trip_05900,ARR,18000,180,Outbound,0
2025-01-12,Orange,stop_022,trip_05901,DEP,18180,181,Inbound,1
2025-01-13,Red,stop_023,trip_05902,ARR,18360,182,Outbound,0
2025-01-14,Orange,stop_024,trip_05903,DEP,18540,183,Inbound,1
2025-01-15,Red,stop_025,trip_05904,ARR,18720,184,Outbound,0
2025-01-16,Orange,stop_026,trip_05905,DEP,18900,185,Inbound,1
2025-01-17,Red,stop_027,trip_05906,ARR,19080,186,Outbound,0
2025-01-18,Orange,stop_028,trip_05907,DEP,19260,187,Inbound,1
2025-01-19,Red,stop_029,trip_05908,ARR,19440,188,Outbound,0
2025-01-20,Orange,stop_030,trip_05909,DEP,19620,189,Inbound,1
2025-01-21,Red,stop_031,trip_05910,ARR,19800,190,Outbound,0
2025-01-22,Orange,stop_032,trip_05911,DEP,19980,191,Inbound,1
2025-01-23,Red,stop_033,trip_05912,ARR,20160,192,Outbound,0
2025-01-24,Orange,stop_034,trip_05913,DEP,20340,193,Inbound,1
2025-01-25,Red,stop_035,trip_05914,ARR,20520,194,Outbound,0
2025-01-26,Orange,stop_036,trip_05915,DEP,20700,195,Inbound,1
2025-01-27,Red,stop_037,trip_05916,ARR,20880,196,Outbound,0
2025-01-28,Orange,stop_038,trip_05917,DEP,21060,197,Inbound,1
2025-01-29,Red,stop_039,trip_05918,ARR,21240,198,Outbound,0
2025-01-30,Orange,stop_040,trip_05919,DEP,21420,199,Inbound,1
2025-01-31,Red,stop_001,trip_05920,ARR,18000,200,Outbound,0
2025-01-01,Orange,stop_002,trip_05921,DEP,18180,201,Inbound,1
2025-01-02,Red,stop_003,trip_05922,ARR,18360,202,Outbound,0
2025-01-03,Orange,stop_004,trip_05923,DEP,18540,203,Inbound,1
2025-01-04,Red,stop_005,trip_05924,ARR,18720,204,Outbound,0
2025-01-05,Orange,stop_006,trip_05925,DEP,18900,205,Inbound,1
2025-01-06,Red,stop_007,trip_05926,ARR,19080,206,Outbound,0
2025-01-07,Orange,stop_008,trip_05927,DEP,19260,207,Inbound,1
2025-01-08,Red,stop_009,trip_05928,ARR,19440,208,Outbound,0
2025-01-09,Orange,stop_010,trip_05929,DEP,19620,209,Inbound,1
2025-01-10,Red,stop_011,trip_05930,ARR,19800,210,Outbound,0
2025-01-11,Orange,stop_012,trip_05931,DEP,19980,211,Inbound,1
2025-01-12,Red,stop_013,trip_05932,ARR,20160,212,Outbound,0
2025-01-13,Orange,stop_014,trip_05933,DEP,20340,213,Inbound,1
2025-01-14,Red,stop_015,trip_05934,ARR,20520,214,Outbound,0
2025-01-15,Orange,stop_016,trip_05935,DEP,20700,215,Inbound,1
2025-01-16,Red,stop_017,trip_05936,ARR,20880,216,Outbound,0
2025-01-17,Orange,stop_018,trip_05937,DEP,21060,217,Inbound,1
2025-01-18,Red,stop_019,trip_05938,ARR,21240,218,Outbound,0
2025-01-19,Orange,stop_020,trip_05939,DEP,21420,219,Inbound,1
2025-01-20,Red,stop_021,trip_05940,ARR,18000,220,Outbound,0
2025-01-21,Orange,stop_022,trip_05941,DEP,18180,221,Inbound,1
2025-01-22,Red,stop_023,trip_05942,ARR,18360,222,Outbound,0
2025-01-23,Orange,stop_024,trip_05943,DEP,18540,223,Inbound,1
2025-01-24,Red,stop_025,trip_05944,ARR,18720,224,Outbound,0
2025-01-25,Orange,stop_026,trip_05945,DEP,18900,225,Inbound,1
2025-01-26,Red,stop_027,trip_05946,ARR,19080,226,Outbound,0
2025-01-27,Orange,stop_028,trip_05947,DEP,19260,227,Inbound,1
2025-01-28,Red,stop_029,trip_05948,ARR,19440,228,Outbound,0
2025-01-29,Orange,stop_030,trip_05949,DEP,19620,229,Inbound,1
2025-01-30,Red,stop_031,trip_05950,ARR,19800,230,Outbound,0
2025-01-31,Orange,stop_032,trip_05951,DEP,19980,231,Inbound,1
2025-01-01,Red,stop_033,trip_05952,ARR,20160,232,Outbound,0
2025-01-02,Orange,stop_034,trip_05953,DEP,20340,233,Inbound,1
2025-01-03,Red,stop_035,trip_05954,ARR,20520,234,Outbound,0
2025-01-04,Orange,stop_036,trip_05955,DEP,20700,235,Inbound,1
2025-01-05,Red,stop_037,trip_05956,ARR,20880,236,Outbound,0
2025-01-06,Orange,stop_038,trip_05957,DEP,21060,237,Inbound,1
2025-01-07,Red,stop_039,trip_05958,ARR,21240,238,Outbound,0
2025-01-08,Orange,stop_040,trip_05959,DEP,21420,239,Inbound,1
2025-01-09,Red,stop_001,trip_05960,ARR,18000,240,Outbound,0
2025-01-10,Orange,stop_002,trip_05961,DEP,18180,241,Inbound,1
2025-01-11,Red,stop_003,trip_05962,ARR,18360,242,Outbound,0
2025-01-12,Orange,stop_004,trip_05963,DEP,18540,243,Inbound,1
2025-01-13,Red,stop_005,trip_05964,ARR,18720,244,Outbound,0
2025-01-14,Orange,stop_006,trip_05965,DEP,18900,245,Inbound,1
2025-01-15,Red,stop_007,trip_05966,ARR,19080,246,Outbound,0
2025-01-16,Orange,stop_008,trip_05967,DEP,19260,247,Inbound,1
2025-01-17,Red,stop_009,trip_05968,ARR,19440,248,Outbound,0
2025-01-18,Orange,stop_010,trip_05969,DEP,19620,249,Inbound,1
2025-01-19,Red,stop_011,trip_05970,ARR,19800,250,Outbound,0
2025-01-20,Orange,stop_012,trip_05971,DEP,19980,251,Inbound,1
2025-01-21,Red,stop_013,trip_05972,ARR,20160,252,Outbound,0
2025-01-22,Orange,stop_014,trip_05973,DEP,20340,253,Inbound,1
2025-01-23,Red,stop_015,trip_05974,ARR,20520,254,Outbound,0
2025-01-24,Orange,stop_016,trip_05975,DEP,20700,255,Inbound,1
2025-01-25,Red,stop_017,trip_05976,ARR,20880,256,Outbound,0
2025-01-26,Orange,stop_018,trip_05977,DEP,21060,257,Inbound,1
2025-01-27,Red,stop_019,trip_05978,ARR,21240,258,Outbound,0
2025-01-28,Orange,stop_020,trip_05979,DEP,21420,259,Inbound,1
2025-01-29,Red,stop_021,trip_05980,ARR,18000,260,Outbound,0
2025-01-30,Orange,stop_022,trip_05981,DEP,18180,261,Inbound,1
2025-01-31,Red,stop_023,trip_05982,ARR,18360,262,Outbound,0
2025-01-01,Orange,stop_024,trip_05983,DEP,18540,263,Inbound,1
2025-01-02,Red,stop_025,trip_05984,ARR,18720,264,Outbound,0
2025-01-03,Orange,stop_026,trip_05985,DEP,18900,265,Inbound,1
2025-01-04,Red,stop_027,trip_05986,ARR,19080,266,Outbound,0
2025-01-05,Orange,stop_028,trip_05987,DEP,19260,267,Inbound,1
2025-01-06,Red,stop_029,trip_05988,ARR,19440,268,Outbound,0
2025-01-07,Orange,stop_030,trip_05989,DEP,19620,269,Inbound,1
2025-01-08,Red,stop_031,trip_05990,ARR,19800,270,Outbound,0
2025-01-09,Orange,stop_032,trip_05991,DEP,19980,271,Inbound,1
2025-01-10,Red,stop_033,trip_05992,ARR,20160,272,Outbound,0
2025-01-11,Orange,stop_034,trip_05993,DEP,20340,273,Inbound,1
2025-01-12,Red,stop_035,trip_05994,ARR,20520,274,Outbound,0
2025-01-13,Orange,stop_036,trip_05995,DEP,20700,275,Inbound,1
2025-01-14,Red,stop_037,trip_05996,ARR,20880,276,Outbound,0
2025-01-15,Orange,stop_038,trip_05997,DEP,21060,277,Inbound,1
2025-01-16,Red,stop_039,trip_05998,ARR,21240,278,Outbound,0
2025-01-17,Orange,stop_040,trip_05999,DEP,21420,279,Inbound,1
2025-01-18,Red,stop_001,trip_06000,ARR,18000,-120,Outbound,0
2025-01-19,Orange,stop_002,trip_06001,DEP,18180,-119,Inbound,1
2025-01-20,Red,stop_003,trip_06002,ARR,18360,-118,Outbound,0
2025-01-21,Orange,stop_004,trip_06003,DEP,18540,-117,Inbound,1
2025-01-22,Red,stop_005,trip_06004,ARR,18720,-116,Outbound,0
2025-01-23,Orange,stop_006,trip_06005,DEP,18900,-115,Inbound,1
2025-01-24,Red,stop_007,trip_06006,ARR,19080,-114,Outbound,0
2025-01-25,Orange,stop_008,trip_06007,DEP,19260,-113,Inbound,1
2025-01-26,Red,stop_009,trip_06008,ARR,19440,-112,Outbound,0
2025-01-27,Orange,stop_010,trip_06009,DEP,19620,-111,Inbound,1
2025-01-28,Red,stop_011,trip_06010,ARR,19800,-110,Outbound,0
2025-01-29,Orange,stop_012,trip_06011,DEP,19980,-109,Inbound,1
2025-01-30,Red,stop_013,trip_06012,ARR,20160,-108,Outbound,0
2025-01-31,Orange,stop_014,trip_06013,DEP,20340,-107,Inbound,1
2025-01-01,Red,stop_015,trip_06014,ARR,20520,-106,Outbound,0
2025-01-02,Orange,stop_016,trip_06015,DEP,20700,-105,Inbound,1
2025-01-03,Red,stop_017,trip_06016,ARR,20880,-104,Outbound,0
2025-01-04,Orange,stop_018,trip_06017,DEP,21060,-103,Inbound,1
2025-01-05,Red,stop_019,trip_06018,ARR,21240,-102,Outbound,0
2025-01-06,Orange,stop_020,trip_06019,DEP,21420,-101,Inbound,1
2025-01-07,Red,stop_021,trip_06020,ARR,18000,-100,Outbound,0
2025-01-08,Orange,stop_022,trip_06021,DEP,18180,-99,Inbound,1
2025-01-09,Red,stop_023,trip_06022,ARR,18360,-98,Outbound,0
2025-01-10,Orange,stop_024,trip_06023,DEP,18540,-97,Inbound,1
2025-01-11,Red,stop_025,trip_06024,ARR,18720,-96,Outbound,0
2025-01-12,Orange,stop_026,trip_06025,DEP,18900,-95,Inbound,1
2025-01-13,Red,stop_027,trip_06026,ARR,19080,-94,Outbound,0
2025-01-14,Orange,stop_028,trip_06027,DEP,19260,-93,Inbound,1
2025-01-15,Red,stop_029,trip_06028,ARR,19440,-92,Outbound,0
2025-01-16,Orange,stop_030,trip_06029,DEP,19620,-91,Inbound,1
2025-01-17,Red,stop_031,trip_06030,ARR,19800,-90,Outbound,0
2025-01-18,Orange,stop_032,trip_06031,DEP,19980,-89,Inbound,1
2025-01-19,Red,stop_033,trip_06032,ARR,20160,-88,Outbound,0
2025-01-20,Orange,stop_034,trip_06033,DEP,20340,-87,Inbound,1
2025-01-21,Red,stop_035,trip_06034,ARR,20520,-86,Outbound,0
2025-01-22,Orange,stop_036,trip_06035,DEP,20700,-85,Inbound,1
2025-01-23,Red,stop_037,trip_06036,ARR,20880,-84,Outbound,0
2025-01-24,Orange,stop_038,trip_06037,DEP,21060,-83,Inbound,1
2025-01-25,Red,stop_039,trip_06038,ARR,21240,-82,Outbound,0
2025-01-26,Orange,stop_040,trip_06039,DEP,21420,-81,Inbound,1
2025-01-27,Red,stop_001,trip_06040,ARR,18000,-80,Outbound,0
2025-01-28,Orange,stop_002,trip_06041,DEP,18180,-79,Inbound,1
2025-01-29,Red,stop_003,trip_06042,ARR,18360,-78,Outbound,0
2025-01-30,Orange,stop_004,trip_06043,DEP,18540,-77,Inbound,1
2025-01-31,Red,stop_005,trip_06044,ARR,18720,-76,Outbound,0
2025-01-01,Orange,stop_006,trip_06045,DEP,18900,-75,Inbound,1
2025-01-02,Red,stop_007,trip_06046,ARR,19080,-74,Outbound,0
2025-01-03,Orange,stop_008,trip_06047,DEP,19260,-73,Inbound,1
2025-01-04,Red,stop_009,trip_06048,ARR,19440,-72,Outbound,0
2025-01-05,Orange,stop_010,trip_06049,DEP,19620,-71,Inbound,1
2025-01-06,Red,stop_011,trip_06050,ARR,19800,-70,Outbound,0
2025-01-07,Orange,stop_012,trip_06051,DEP,19980,-69,Inbound,1
2025-01-08,Red,stop_013,trip_06052,ARR,20160,-68,Outbound,0
2025-01-09,Orange,stop_014,trip_06053,DEP,20340,-67,Inbound,1
2025-01-10,Red,stop_015,trip_06054,ARR,20520,-66,Outbound,0
2025-01-11,Orange,stop_016,trip_06055,DEP,20700,-65,Inbound,1
2025-01-12,Red,stop_017,trip_06056,ARR,20880,-64,Outbound,0
2025-01-13,Orange,stop_018,trip_06057,DEP,21060,-63,Inbound,1
2025-01-14,Red,stop_019,trip_06058,ARR,21240,-62,Outbound,0
2025-01-15,Orange,stop_020,trip_06059,DEP,21420,-61,Inbound,1
2025-01-16,Red,stop_021,trip_06060,ARR,18000,-60,Outbound,0
2025-01-17,Orange,stop_022,trip_06061,DEP,18180,-59,Inbound,1
2025-01-18,Red,stop_023,trip_06062,ARR,18360,-58,Outbound,0
2025-01-19,Orange,stop_024,trip_06063,DEP,18540,-57,Inbound,1
2025-01-20,Red,stop_025,trip_06064,ARR,18720,-56,Outbound,0
2025-01-21,Orange,stop_026,trip_06065,DEP,18900,-55,Inbound,1
2025-01-22,Red,stop_027,trip_06066,ARR,19080,-54,Outbound,0
2025-01-23,Orange,stop_028,trip_06067,DEP,19260,-53,Inbound,1
2025-01-24,Red,stop_029,trip_06068,ARR,19440,-52,Outbound,0
2025-01-25,Orange,stop_030,trip_06069,DEP,19620,-51,Inbound,1
2025-01-26,Red,stop_031,trip_06070,ARR,19800,-50,Outbound,0
2025-01-27,Orange,stop_032,trip_06071,DEP,19980,-49,Inbound,1
2025-01-28,Red,stop_033,trip_06072,ARR,20160,-48,Outbound,0
2025-01-29,Orange,stop_034,trip_06073,DEP,20340,-47,Inbound,1
2025-01-30,Red,stop_035,trip_06074,ARR,20520,-46,Outbound,0
2025-01-31,Orange,stop_036,trip_06075,DEP,20700,-45,Inbound,1
2025-01-01,Red,stop_037,trip_06076,ARR,20880,-44,Outbound,0
2025-01-02,Orange,stop_038,trip_06077,DEP,21060,-43,Inbound,1
2025-01-03,Red,stop_039,trip_06078,ARR,21240,-42,Outbound,0
2025-01-04,Orange,stop_040,trip_06079,DEP,21420,-41,Inbound,1
2025-01-05,Red,stop_001,trip_06080,ARR,18000,-40,Outbound,0
2025-01-06,Orange,stop_002,trip_06081,DEP,18180,-39,Inbound,1
2025-01-07,Red,stop_003,trip_06082,ARR,18360,-38,Outbound,0
2025-01-08,Orange,stop_004,trip_06083,DEP,18540,-37,Inbound,1
2025-01-09,Red,stop_005,trip_06084,ARR,18720,-36,Outbound,0
2025-01-10,Orange,stop_006,trip_06085,DEP,18900,-35,Inbound,1
2025-01-11,Red,stop_007,trip_06086,ARR,19080,-34,Outbound,0
2025-01-12,Orange,stop_008,trip_06087,DEP,19260,-33,Inbound,1
2025-01-13,Red,stop_009,trip_06088,ARR,19440,-32,Outbound,0
2025-01-14,Orange,stop_010,trip_06089,DEP,19620,-31,Inbound,1
2025-01-15,Red,stop_011,trip_06090,ARR,19800,-30,Outbound,0
2025-01-16,Orange,stop_012,trip_06091,DEP,19980,-29,Inbound,1
2025-01-17,Red,stop_013,trip_06092,ARR,20160,-28,Outbound,0
2025-01-18,Orange,stop_014,trip_06093,DEP,20340,-27,Inbound,1
2025-01-19,Red,stop_015,trip_06094,ARR,20520,-26,Outbound,0
2025-01-20,Orange,stop_016,trip_06095,DEP,20700,-25,Inbound,1
2025-01-21,Red,stop_017,trip_06096,ARR,20880,-24,Outbound,0
2025-01-22,Orange,stop_018,trip_06097,DEP,21060,-23,Inbound,1
2025-01-23,Red,stop_019,trip_06098,ARR,21240,-22,Outbound,0
2025-01-24,Orange,stop_020,trip_06099,DEP,21420,-21,Inbound,1
2025-01-25,Red,stop_021,trip_06100,ARR,18000,-20,Outbound,0
2025-01-26,Orange,stop_022,trip_06101,DEP,18180,-19,Inbound,1
2025-01-27,Red,stop_023,trip_06102,ARR,18360,-18,Outbound,0
2025-01-28,Orange,stop_024,trip_06103,DEP,18540,-17,Inbound,1
2025-01-29,Red,stop_025,trip_06104,ARR,18720,-16,Outbound,0
2025-01-30,Orange,stop_026,trip_06105,DEP,18900,-15,Inbound,1
2025-01-31,Red,stop_027,trip_06106,ARR,19080,-14,Outbound,0
2025-01-01,Orange,stop_028,trip_06107,DEP,19260,-13,Inbound,1
2025-01-02,Red,stop_029,trip_06108,ARR,19440,-12,Outbound,0
2025-01-03,Orange,stop_030,trip_06109,DEP,19620,-11,Inbound,1
2025-01-04,Red,stop_031,trip_06110,ARR,19800,-10,Outbound,0
2025-01-05,Orange,stop_032,trip_06111,DEP,19980,-9,Inbound,1
2025-01-06,Red,stop_033,trip_06112,ARR,20160,-8,Outbound,0
2025-01-07,Orange,stop_034,trip_06113,DEP,20340,-7,Inbound,1
2025-01-08,Red,stop_035,trip_06114,ARR,20520,-6,Outbound,0
2025-01-09,Orange,stop_036,trip_06115,DEP,20700,-5,Inbound,1
2025-01-10,Red,stop_037,trip_06116,ARR,20880,-4,Outbound,0
2025-01-11,Orange,stop_038,trip_06117,DEP,21060,-3,Inbound,1
2025-01-12,Red,stop_039,trip_06118,ARR,21240,-2,Outbound,0
2025-01-13,Orange,stop_040,trip_06119,DEP,21420,-1,Inbound,1
2025-01-14,Red,stop_001,trip_06120,ARR,18000,0,Outbound,0
2025-01-15,Orange,stop_002,trip_06121,DEP,18180,1,Inbound,1
2025-01-16,Red,stop_003,trip_06122,ARR,18360,2,Outbound,0
2025-01-17,Orange,stop_004,trip_06123,DEP,18540,3,Inbound,1
2025-01-18,Red,stop_005,trip_06124,ARR,18720,4,Outbound,0
2025-01-19,Orange,stop_006,trip_06125,DEP,18900,5,Inbound,1
2025-01-20,Red,stop_007,trip_06126,ARR,19080,6,Outbound,0
2025-01-21,Orange,stop_008,trip_06127,DEP,19260,7,Inbound,1
2025-01-22,Red,stop_009,trip_06128,ARR,19440,8,Outbound,0
2025-01-23,Orange,stop_010,trip_06129,DEP,19620,9,Inbound,1
2025-01-24,Red,stop_011,trip_06130,ARR,19800,10,Outbound,0
2025-01-25,Orange,stop_012,trip_06131,DEP,19980,11,Inbound,1
2025-01-26,Red,stop_013,trip_06132,ARR,20160,12,Outbound,0
2025-01-27,Orange,stop_014,trip_06133,DEP,20340,13,Inbound,1
2025-01-28,Red,stop_015,trip_06134,ARR,20520,14,Outbound,0
2025-01-29,Orange,stop_016,trip_06135,DEP,20700,15,Inbound,1
2025-01-30,Red,stop_017,trip_06136,ARR,20880,16,Outbound,0
2025-01-31,Orange,stop_018,trip_06137,DEP,21060,17,Inbound,1
2025-01-01,Red,stop_019,trip_06138,ARR,21240,18,Outbound,0
2025-01-02,Orange,stop_020,trip_06139,DEP,21420,19,Inbound,1
2025-01-03,Red,stop_021,trip_06140,ARR,18000,20,Outbound,0
2025-01-04,Orange,stop_022,trip_06141,DEP,18180,21,Inbound,1
2025-01-05,Red,stop_023,trip_06142,ARR,18360,22,Outbound,0
2025-01-06,Orange,stop_024,trip_06143,DEP,18540,23,Inbound,1
2025-01-07,Red,stop_025,trip_06144,ARR,18720,24,Outbound,0
2025-01-08,Orange,stop_026,trip_06145,DEP,18900,25,Inbound,1
2025-01-09,Red,stop_027,trip_06146,ARR,19080,26,Outbound,0
2025-01-10,Orange,stop_028,trip_06147,DEP,19260,27,Inbound,1
2025-01-11,Red,stop_029,trip_06148,ARR,19440,28,Outbound,0
2025-01-12,Orange,stop_030,trip_06149,DEP,19620,29,Inbound,1
2025-01-13,Red,stop_031,trip_06150,ARR,19800,30,Outbound,0
2025-01-14,Orange,stop_032,trip_06151,DEP,19980,31,Inbound,1
2025-01-15,Red,stop_033,trip_06152,ARR,20160,32,Outbound,0
2025-01-16,Orange,stop_034,trip_06153,DEP,20340,33,Inbound,1
2025-01-17,Red,stop_035,trip_06154,ARR,20520,34,Outbound,0
2025-01-18,Orange,stop_036,trip_06155,DEP,20700,35,Inbound,1
2025-01-19,Red,stop_037,trip_06156,ARR,20880,36,Outbound,0
2025-01-20,Orange,stop_038,trip_06157,DEP,21060,37,Inbound,1
2025-01-21,Red,stop_039,trip_06158,ARR,21240,38,Outbound,0
2025-01-22,Orange,stop_040,trip_06159,DEP,21420,39,Inbound,1
2025-01-23,Red,stop_001,trip_06160,ARR,18000,40,Outbound,0
2025-01-24,Orange,stop_002,trip_06161,DEP,18180,41,Inbound,1
2025-01-25,Red,stop_003,trip_06162,ARR,18360,42,Outbound,0
2025-01-26,Orange,stop_004,trip_06163,DEP,18540,43,Inbound,1
2025-01-27,Red,stop_005,trip_06164,ARR,18720,44,Outbound,0
2025-01-28,Orange,stop_006,trip_06165,DEP,18900,45,Inbound,1
2025-01-29,Red,stop_007,trip_06166,ARR,19080,46,Outbound,0
2025-01-30,Orange,stop_008,trip_06167,DEP,19260,47,Inbound,1
2025-01-31,Red,stop_009,trip_06168,ARR,19440,48,Outbound,0
2025-01-01,Orange,stop_010,trip_06169,DEP,19620,49,Inbound,1
2025-01-02,Red,stop_011,trip_06170,ARR,19800,50,Outbound,0
2025-01-03,Orange,stop_012,trip_06171,DEP,19980,51,Inbound,1
2025-01-04,Red,stop_013,trip_06172,ARR,20160,52,Outbound,0
2025-01-05,Orange,stop_014,trip_06173,DEP,20340,53,Inbound,1
2025-01-06,Red,stop_015,trip_06174,ARR,20520,54,Outbound,0
2025-01-07,Orange,stop_016,trip_06175,DEP,20700,55,Inbound,1
2025-01-08,Red,stop_017,trip_06176,ARR,20880,56,Outbound,0
2025-01-09,Orange,stop_018,trip_06177,DEP,21060,57,Inbound,1
2025-01-10,Red,stop_019,trip_06178,ARR,21240,58,Outbound,0
2025-01-11,Orange,stop_020,trip_06179,DEP,21420,59,Inbound,1
2025-01-12,Red,stop_021,trip_06180,ARR,18000,60,Outbound,0
2025-01-13,Orange,stop_022,trip_06181,DEP,18180,61,Inbound,1
2025-01-14,Red,stop_023,trip_06182,ARR,18360,62,Outbound,0
2025-01-15,Orange,stop_024,trip_06183,DEP,18540,63,Inbound,1
2025-01-16,Red,stop_025,trip_06184,ARR,18720,64,Outbound,0
2025-01-17,Orange,stop_026,trip_06185,DEP,18900,65,Inbound,1
2025-01-18,Red,stop_027,trip_06186,ARR,19080,66,Outbound,0
2025-01-19,Orange,stop_028,trip_06187,DEP,19260,67,Inbound,1
2025-01-20,Red,stop_029,trip_06188,ARR,19440,68,Outbound,0
2025-01-21,Orange,stop_030,trip_06189,DEP,19620,69,Inbound,1
2025-01-22,Red,stop_031,trip_06190,ARR,19800,70,Outbound,0
2025-01-23,Orange,stop_032,trip_06191,DEP,19980,71,Inbound,1
2025-01-24,Red,stop_033,trip_06192,ARR,20160,72,Outbound,0
2025-01-25,Orange,stop_034,trip_06193,DEP,20340,73,Inbound,1
2025-01-26,Red,stop_035,trip_06194,ARR,20520,74,Outbound,0
2025-01-27,Orange,stop_036,trip_06195,DEP,20700,75,Inbound,1
2025-01-28,Red,stop_037,trip_06196,ARR,20880,76,Outbound,0
2025-01-29,Orange,stop_038,trip_06197,DEP,21060,77,Inbound,1
2025-01-30,Red,stop_039,trip_06198,ARR,21240,78,Outbound,0
2025-01-31,Orange,stop_040,trip_06199,DEP,21420,79,Inbound,1
2025-01-01,Red,stop_001,trip_06200,ARR,18000,80,Outbound,0
2025-01-02,Orange,stop_002,trip_06201,DEP,18180,81,Inbound,1
2025-01-03,Red,stop_003,trip_06202,ARR,18360,82,Outbound,0
2025-01-04,Orange,stop_004,trip_06203,DEP,18540,83,Inbound,1
2025-01-05,Red,stop_005,trip_06204,ARR,18720,84,Outbound,0
2025-01-06,Orange,stop_006,trip_06205,DEP,18900,85,Inbound,1
2025-01-07,Red,stop_007,trip_06206,ARR,19080,86,Outbound,0
2025-01-08,Orange,stop_008,trip_06207,DEP,19260,87,Inbound,1
2025-01-09,Red,stop_009,trip_06208,ARR,19440,88,Outbound,0
2025-01-10,Orange,stop_010,trip_06209,DEP,19620,89,Inbound,1
2025-01-11,Red,stop_011,trip_06210,ARR,19800,90,Outbound,0
2025-01-12,Orange,stop_012,trip_06211,DEP,19980,91,Inbound,1
2025-01-13,Red,stop_013,trip_06212,ARR,20160,92,Outbound,0
2025-01-14,Orange,stop_014,trip_06213,DEP,20340,93,Inbound,1
2025-01-15,Red,stop_015,trip_06214,ARR,20520,94,Outbound,0
2025-01-16,Orange,stop_016,trip_06215,DEP,20700,95,Inbound,1
2025-01-17,Red,stop_017,trip_06216,ARR,20880,96,Outbound,0
2025-01-18,Orange,stop_018,trip_06217,DEP,21060,97,Inbound,1
2025-01-19,Red,stop_019,trip_06218,ARR,21240,98,Outbound,0
2025-01-20,Orange,stop_020,trip_06219,DEP,21420,99,Inbound,1
2025-01-21,Red,stop_021,trip_06220,ARR,18000,100,Outbound,0
2025-01-22,Orange,stop_022,trip_06221,DEP,18180,101,Inbound,1
2025-01-23,Red,stop_023,trip_06222,ARR,18360,102,Outbound,0
2025-01-24,Orange,stop_024,trip_06223,DEP,18540,103,Inbound,1
2025-01-25,Red,stop_025,trip_06224,ARR,18720,104,Outbound,0
2025-01-26,Orange,stop_026,trip_06225,DEP,18900,105,Inbound,1
2025-01-27,Red,stop_027,trip_06226,ARR,19080,106,Outbound,0
2025-01-28,Orange,stop_028,trip_06227,DEP,19260,107,Inbound,1
2025-01-29,Red,stop_029,trip_06228,ARR,19440,108,Outbound,0
2025-01-30,Orange,stop_030,trip_06229,DEP,19620,109,Inbound,1
2025-01-31,Red,stop_031,trip_06230,ARR,19800,110,Outbound,0
2025-01-01,Orange,stop_032,trip_06231,DEP,19980,111,Inbound,1
2025-01-02,Red,stop_033,trip_06232,ARR,20160,112,Outbound,0
2025-01-03,Orange,stop_034,trip_06233,DEP,20340,113,Inbound,1
2025-01-04,Red,stop_035,trip_06234,ARR,20520,114,Outbound,0
2025-01-05,Orange,stop_036,trip_06235,DEP,20700,115,Inbound,1
2025-01-06,Red,stop_037,trip_06236,ARR,20880,116,Outbound,0
2025-01-07,Orange,stop_038,trip_06237,DEP,21060,117,Inbound,1
2025-01-08,Red,stop_039,trip_06238,ARR,21240,118,Outbound,0
2025-01-09,Orange,stop_040,trip_06239,DEP,21420,119,Inbound,1
2025-01-10,Red,stop_001,trip_06240,ARR,18000,120,Outbound,0
2025-01-11,Orange,stop_002,trip_06241,DEP,18180,121,Inbound,1
2025-01-12,Red,stop_003,trip_06242,ARR,18360,122,Outbound,0
2025-01-13,Orange,stop_004,trip_06243,DEP,18540,123,Inbound,1
2025-01-14,Red,stop_005,trip_06244,ARR,18720,124,Outbound,0
2025-01-15,Orange,stop_006,trip_06245,DEP,18900,125,Inbound,1
2025-01-16,Red,stop_007,trip_06246,ARR,19080,126,Outbound,0
2025-01-17,Orange,stop_008,trip_06247,DEP,19260,127,Inbound,1
2025-01-18,Red,stop_009,trip_06248,ARR,19440,128,Outbound,0
2025-01-19,Orange,stop_010,trip_06249,DEP,19620,129,Inbound,1
2025-01-20,Red,stop_011,trip_06250,ARR,19800,130,Outbound,0
2025-01-21,Orange,stop_012,trip_06251,DEP,19980,131,Inbound,1
2025-01-22,Red,stop_013,trip_06252,ARR,20160,132,Outbound,0
2025-01-23,Orange,stop_014,trip_06253,DEP,20340,133,Inbound,1
2025-01-24,Red,stop_015,trip_06254,ARR,20520,134,Outbound,0
2025-01-25,Orange,stop_016,trip_06255,DEP,20700,135,Inbound,1
2025-01-26,Red,stop_017,trip_06256,ARR,20880,136,Outbound,0
2025-01-27,Orange,stop_018,trip_06257,DEP,21060,137,Inbound,1
2025-01-28,Red,stop_019,trip_06258,ARR,21240,138,Outbound,0
2025-01-29,Orange,stop_020,trip_06259,DEP,21420,139,Inbound,1
2025-01-30,Red,stop_021,trip_06260,ARR,18000,140,Outbound,0
2025-01-31,Orange,stop_022,trip_06261,DEP,18180,141,Inbound,1
2025-01-01,Red,stop_023,trip_06262,ARR,18360,142,Outbound,0
2025-01-02,Orange,stop_024,trip_06263,DEP,18540,143,Inbound,1
2025-01-03,Red,stop_025,trip_06264,ARR,18720,144,Outbound,0
2025-01-04,Orange,stop_026,trip_06265,DEP,18900,145,Inbound,1
2025-01-05,Red,stop_027,trip_06266,ARR,19080,146,Outbound,0
2025-01-06,Orange,stop_028,trip_06267,DEP,19260,147,Inbound,1
2025-01-07,Red,stop_029,trip_06268,ARR,19440,148,Outbound,0
2025-01-08,Orange,stop_030,trip_06269,DEP,19620,149,Inbound,1
2025-01-09,Red,stop_031,trip_06270,ARR,19800,150,Outbound,0
2025-01-10,Orange,stop_032,trip_06271,DEP,19980,151,Inbound,1
2025-01-11,Red,stop_033,trip_06272,ARR,20160,152,Outbound,0
2025-01-12,Orange,stop_034,trip_06273,DEP,20340,153,Inbound,1
2025-01-13,Red,stop_035,trip_06274,ARR,20520,154,Outbound,0
2025-01-14,Orange,stop_036,trip_06275,DEP,20700,155,Inbound,1
2025-01-15,Red,stop_037,trip_06276,ARR,20880,156,Outbound,0
2025-01-16,Orange,stop_038,trip_06277,DEP,21060,157,Inbound,1
2025-01-17,Red,stop_039,trip_06278,ARR,21240,158,Outbound,0
2025-01-18,Orange,stop_040,trip_06279,DEP,21420,159,Inbound,1
2025-01-19,Red,stop_001,trip_06280,ARR,18000,160,Outbound,0
2025-01-20,Orange,stop_002,trip_06281,DEP,18180,161,Inbound,1
2025-01-21,Red,stop_003,trip_06282,ARR,18360,162,Outbound,0
2025-01-22,Orange,stop_004,trip_06283,DEP,18540,163,Inbound,1
2025-01-23,Red,stop_005,trip_06284,ARR,18720,164,Outbound,0
2025-01-24,Orange,stop_006,trip_06285,DEP,18900,165,Inbound,1
2025-01-25,Red,stop_007,trip_06286,ARR,19080,166,Outbound,0
2025-01-26,Orange,stop_008,trip_06287,DEP,19260,167,Inbound,1
2025-01-27,Red,stop_009,trip_06288,ARR,19440,168,Outbound,0
2025-01-28,Orange,stop_010,trip_06289,DEP,19620,169,Inbound,1
2025-01-29,Red,stop_011,trip_06290,ARR,19800,170,Outbound,0
2025-01-30,Orange,stop_012,trip_06291,DEP,19980,171,Inbound,1
2025-01-31,Red,stop_013,trip_06292,ARR,20160,172,Outbound,0
2025-01-01,Orange,stop_014,trip_06293,DEP,20340,173,Inbound,1
2025-01-02,Red,stop_015,trip_06294,ARR,20520,174,Outbound,0
2025-01-03,Orange,stop_016,trip_06295,DEP,20700,175,Inbound,1
2025-01-04,Red,stop_017,trip_06296,ARR,20880,176,Outbound,0
2025-01-05,Orange,stop_018,trip_06297,DEP,21060,177,Inbound,1
2025-01-06,Red,stop_019,trip_06298,ARR,21240,178,Outbound,0
2025-01-07,Orange,stop_020,trip_06299,DEP,21420,179,Inbound,1
2025-01-08,Red,stop_021,trip_06300,ARR,18000,180,Outbound,0
2025-01-09,Orange,stop_022,trip_06301,DEP,18180,181,Inbound,1
2025-01-10,Red,stop_023,trip_06302,ARR,18360,182,Outbound,0
2025-01-11,Orange,stop_024,trip_06303,DEP,18540,183,Inbound,1
2025-01-12,Red,stop_025,trip_06304,ARR,18720,184,Outbound,0
2025-01-13,Orange,stop_026,trip_06305,DEP,18900,185,Inbound,1
2025-01-14,Red,stop_027,trip_06306,ARR,19080,186,Outbound,0
2025-01-15,Orange,stop_028,trip_06307,DEP,19260,187,Inbound,1
2025-01-16,Red,stop_029,trip_06308,ARR,19440,188,Outbound,0
2025-01-17,Orange,stop_030,trip_06309,DEP,19620,189,Inbound,1
2025-01-18,Red,stop_031,trip_06310,ARR,19800,190,Outbound,0
2025-01-19,Orange,stop_032,trip_06311,DEP,19980,191,Inbound,1
2025-01-20,Red,stop_033,trip_06312,ARR,20160,192,Outbound,0
2025-01-21,Orange,stop_034,trip_06313,DEP,20340,193,Inbound,1
2025-01-22,Red,stop_035,trip_06314,ARR,20520,194,Outbound,0
2025-01-23,Orange,stop_036,trip_06315,DEP,20700,195,Inbound,1
2025-01-24,Red,stop_037,trip_06316,ARR,20880,196,Outbound,0
2025-01-25,Orange,stop_038,trip_06317,DEP,21060,197,Inbound,1
2025-01-26,Red,stop_039,trip_06318,ARR,21240,198,Outbound,0
2025-01-27,Orange,stop_040,trip_06319,DEP,21420,199,Inbound,1
2025-01-28,Red,stop_001,trip_06320,ARR,18000,200,Outbound,0
2025-01-29,Orange,stop_002,trip_06321,DEP,18180,201,Inbound,1
2025-01-30,Red,stop_003,trip_06322,ARR,18360,202,Outbound,0
2025-01-31,Orange,stop_004,trip_06323,DEP,18540,203,Inbound,1
2025-01-01,Red,stop_005,trip_06324,ARR,18720,204,Outbound,0
2025-01-02,Orange,stop_006,trip_06325,DEP,18900,205,Inbound,1
2025-01-03,Red,stop_007,trip_06326,ARR,19080,206,Outbound,0
2025-01-04,Orange,stop_008,trip_06327,DEP,19260,207,Inbound,1
2025-01-05,Red,stop_009,trip_06328,ARR,19440,208,Outbound,0
2025-01-06,Orange,stop_010,trip_06329,DEP,19620,209,Inbound,1
2025-01-07,Red,stop_011,trip_06330,ARR,19800,210,Outbound,0
2025-01-08,Orange,stop_012,trip_06331,DEP,19980,211,Inbound,1
2025-01-09,Red,stop_013,trip_06332,ARR,20160,212,Outbound,0
2025-01-10,Orange,stop_014,trip_06333,DEP,20340,213,Inbound,1
2025-01-11,Red,stop_015,trip_06334,ARR,20520,214,Outbound,0
2025-01-12,Orange,stop_016,trip_06335,DEP,20700,215,Inbound,1
2025-01-13,Red,stop_017,trip_06336,ARR,20880,216,Outbound,0
2025-01-14,Orange,stop_018,trip_06337,DEP,21060,217,Inbound,1
2025-01-15,Red,stop_019,trip_06338,ARR,21240,218,Outbound,0
2025-01-16,Orange,stop_020,trip_06339,DEP,21420,219,Inbound,1
2025-01-17,Red,stop_021,trip_06340,ARR,18000,220,Outbound,0
2025-01-18,Orange,stop_022,trip_06341,DEP,18180,221,Inbound,1
2025-01-19,Red,stop_023,trip_06342,ARR,18360,222,Outbound,0
2025-01-20,Orange,stop_024,trip_06343,DEP,18540,223,Inbound,1
2025-01-21,Red,stop_025,trip_06344,ARR,18720,224,Outbound,0
2025-01-22,Orange,stop_026,trip_06345,DEP,18900,225,Inbound,1
2025-01-23,Red,stop_027,trip_06346,ARR,19080,226,Outbound,0
2025-01-24,Orange,stop_028,trip_06347,DEP,19260,227,Inbound,1
2025-01-25,Red,stop_029,trip_06348,ARR,19440,228,Outbound,0
2025-01-26,Orange,stop_030,trip_06349,DEP,19620,229,Inbound,1
2025-01-27,Red,stop_031,trip_06350,ARR,19800,230,Outbound,0
2025-01-28,Orange,stop_032,trip_06351,DEP,19980,231,Inbound,1
2025-01-29,Red,stop_033,trip_06352,ARR,20160,232,Outbound,0
2025-01-30,Orange,stop_034,trip_06353,DEP,20340,233,Inbound,1
2025-01-31,Red,stop_035,trip_06354,ARR,20520,234,Outbound,0
2025-01-01,Orange,stop_036,trip_06355,DEP,20700,235,Inbound,1
2025-01-02,Red,stop_037,trip_06356,ARR,20880,236,Outbound,0
2025-01-03,Orange,stop_038,trip_06357,DEP,21060,237,Inbound,1
2025-01-04,Red,stop_039,trip_06358,ARR,21240,238,Outbound,0
2025-01-05,Orange,stop_040,trip_06359,DEP,21420,239,Inbound,1
2025-01-06,Red,stop_001,trip_06360,ARR,18000,240,Outbound,0
2025-01-07,Orange,stop_002,trip_06361,DEP,18180,241,Inbound,1
2025-01-08,Red,stop_003,trip_06362,ARR,18360,242,Outbound,0
2025-01-09,Orange,stop_004,trip_06363,DEP,18540,243,Inbound,1
2025-01-10,Red,stop_005,trip_06364,ARR,18720,244,Outbound,0
2025-01-11,Orange,stop_006,trip_06365,DEP,18900,245,Inbound,1
2025-01-12,Red,stop_007,trip_06366,ARR,19080,246,Outbound,0
2025-01-13,Orange,stop_008,trip_06367,DEP,19260,247,Inbound,1
2025-01-14,Red,stop_009,trip_06368,ARR,19440,248,Outbound,0
2025-01-15,Orange,stop_010,trip_06369,DEP,19620,249,Inbound,1
2025-01-16,Red,stop_011,trip_06370,ARR,19800,250,Outbound,0
2025-01-17,Orange,stop_012,trip_06371,DEP,19980,251,Inbound,1
2025-01-18,Red,stop_013,trip_06372,ARR,20160,252,Outbound,0
2025-01-19,Orange,stop_014,trip_06373,DEP,20340,253,Inbound,1
2025-01-20,Red,stop_015,trip_06374,ARR,20520,254,Outbound,0
2025-01-21,Orange,stop_016,trip_06375,DEP,20700,255,Inbound,1
2025-01-22,Red,stop_017,trip_06376,ARR,20880,256,Outbound,0
2025-01-23,Orange,stop_018,trip_06377,DEP,21060,257,Inbound,1
2025-01-24,Red,stop_019,trip_06378,ARR,21240,258,Outbound,0
2025-01-25,Orange,stop_020,trip_06379,DEP,21420,259,Inbound,1
2025-01-26,Red,stop_021,trip_06380,ARR,18000,260,Outbound,0
2025-01-27,Orange,stop_022,trip_06381,DEP,18180,261,Inbound,1
2025-01-28,Red,stop_023,trip_06382,ARR,18360,262,Outbound,0
2025-01-29,Orange,stop_024,trip_06383,DEP,18540,263,Inbound,1
2025-01-30,Red,stop_025,trip_06384,ARR,18720,264,Outbound,0
2025-01-31,Orange,stop_026,trip_06385,DEP,18900,265,Inbound,1
2025-01-01,Red,stop_027,trip_06386,ARR,19080,266,Outbound,0
2025-01-02,Orange,stop_028,trip_06387,DEP,19260,267,Inbound,1
2025-01-03,Red,stop_029,trip_06388,ARR,19440,268,Outbound,0
2025-01-04,Orange,stop_030,trip_06389,DEP,19620,269,Inbound,1
2025-01-05,Red,stop_031,trip_06390,ARR,19800,270,Outbound,0
2025-01-06,Orange,stop_032,trip_06391,DEP,19980,271,Inbound,1
2025-01-07,Red,stop_033,trip_06392,ARR,20160,272,Outbound,0
2025-01-08,Orange,stop_034,trip_06393,DEP,20340,273,Inbound,1
2025-01-09,Red,stop_035,trip_06394,ARR,20520,274,Outbound,0
2025-01-10,Orange,stop_036,trip_06395,DEP,20700,275,Inbound,1
2025-01-11,Red,stop_037,trip_06396,ARR,20880,276,Outbound,0
2025-01-12,Orange,stop_038,trip_06397,DEP,21060,277,Inbound,1
2025-01-13,Red,stop_039,trip_06398,ARR,21240,278,Outbound,0
2025-01-14,Orange,stop_040,trip_06399,DEP,21420,279,Inbound,1
2025-01-15,Red,stop_001,trip_06400,ARR,18000,-120,Outbound,0
2025-01-16,Orange,stop_002,trip_06401,DEP,18180,-119,Inbound,1
2025-01-17,Red,stop_003,trip_06402,ARR,18360,-118,Outbound,0
2025-01-18,Orange,stop_004,trip_06403,DEP,18540,-117,Inbound,1
2025-01-19,Red,stop_005,trip_06404,ARR,18720,-116,Outbound,0
2025-01-20,Orange,stop_006,trip_06405,DEP,18900,-115,Inbound,1
2025-01-21,Red,stop_007,trip_06406,ARR,19080,-114,Outbound,0
2025-01-22,Orange,stop_008,trip_06407,DEP,19260,-113,Inbound,1
2025-01-23,Red,stop_009,trip_06408,ARR,19440,-112,Outbound,0
2025-01-24,Orange,stop_010,trip_06409,DEP,19620,-111,Inbound,1
2025-01-25,Red,stop_011,trip_06410,ARR,19800,-110,Outbound,0
2025-01-26,Orange,stop_012,trip_06411,DEP,19980,-109,Inbound,1
2025-01-27,Red,stop_013,trip_06412,ARR,20160,-108,Outbound,0
2025-01-28,Orange,stop_014,trip_06413,DEP,20340,-107,Inbound,1
2025-01-29,Red,stop_015,trip_06414,ARR,20520,-106,Outbound,0
2025-01-30,Orange,stop_016,trip_06415,DEP,20700,-105,Inbound,1
2025-01-31,Red,stop_017,trip_06416,ARR,20880,-104,Outbound,0
2025-01-01,Orange,stop_018,trip_06417,DEP,21060,-103,Inbound,1
2025-01-02,Red,stop_019,trip_06418,ARR,21240,-102,Outbound,0
2025-01-03,Orange,stop_020,trip_06419,DEP,21420,-101,Inbound,1
2025-01-04,Red,stop_021,trip_06420,ARR,18000,-100,Outbound,0
2025-01-05,Orange,stop_022,trip_06421,DEP,18180,-99,Inbound,1
2025-01-06,Red,stop_023,trip_06422,ARR,18360,-98,Outbound,0
2025-01-07,Orange,stop_024,trip_06423,DEP,18540,-97,Inbound,1
2025-01-08,Red,stop_025,trip_06424,ARR,18720,-96,Outbound,0
2025-01-09,Orange,stop_026,trip_06425,DEP,18900,-95,Inbound,1
2025-01-10,Red,stop_027,trip_06426,ARR,19080,-94,Outbound,0
2025-01-11,Orange,stop_028,trip_06427,DEP,19260,-93,Inbound,1
2025-01-12,Red,stop_029,trip_06428,ARR,19440,-92,Outbound,0
2025-01-13,Orange,stop_030,trip_06429,DEP,19620,-91,Inbound,1
2025-01-14,Red,stop_031,trip_06430,ARR,19800,-90,Outbound,0
2025-01-15,Orange,stop_032,trip_06431,DEP,19980,-89,Inbound,1
2025-01-16,Red,stop_033,trip_06432,ARR,20160,-88,Outbound,0
2025-01-17,Orange,stop_034,trip_06433,DEP,20340,-87,Inbound,1
2025-01-18,Red,stop_035,trip_06434,ARR,20520,-86,Outbound,0
2025-01-19,Orange,stop_036,trip_06435,DEP,20700,-85,Inbound,1
2025-01-20,Red,stop_037,trip_06436,ARR,20880,-84,Outbound,0
2025-01-21,Orange,stop_038,trip_06437,DEP,21060,-83,Inbound,1
2025-01-22,Red,stop_039,trip_06438,ARR,21240,-82,Outbound,0
2025-01-23,Orange,stop_040,trip_06439,DEP,21420,-81,Inbound,1
2025-01-24,Red,stop_001,trip_06440,ARR,18000,-80,Outbound,0
2025-01-25,Orange,stop_002,trip_06441,DEP,18180,-79,Inbound,1
2025-01-26,Red,stop_003,trip_06442,ARR,18360,-78,Outbound,0
2025-01-27,Orange,stop_004,trip_06443,DEP,18540,-77,Inbound,1
2025-01-28,Red,stop_005,trip_06444,ARR,18720,-76,Outbound,0
2025-01-29,Orange,stop_006,trip_06445,DEP,18900,-75,Inbound,1
2025-01-30,Red,stop_007,trip_06446,ARR,19080,-74,Outbound,0
2025-01-31,Orange,stop_008,trip_06447,DEP,19260,-73,Inbound,1
2025-01-01,Red,stop_009,trip_06448,ARR,19440,-72,Outbound,0
2025-01-02,Orange,stop_010,trip_06449,DEP,19620,-71,Inbound,1
2025-01-03,Red,stop_011,trip_06450,ARR,19800,-70,Outbound,0
2025-01-04,Orange,stop_012,trip_06451,DEP,19980,-69,Inbound,1
2025-01-05,Red,stop_013,trip_06452,ARR,20160,-68,Outbound,0
2025-01-06,Orange,stop_014,trip_06453,DEP,20340,-67,Inbound,1
2025-01-07,Red,stop_015,trip_06454,ARR,20520,-66,Outbound,0
2025-01-08,Orange,stop_016,trip_06455,DEP,20700,-65,Inbound,1
2025-01-09,Red,stop_017,trip_06456,ARR,20880,-64,Outbound,0
2025-01-10,Orange,stop_018,trip_06457,DEP,21060,-63,Inbound,1
2025-01-11,Red,stop_019,trip_06458,ARR,21240,-62,Outbound,0
2025-01-12,Orange,stop_020,trip_06459,DEP,21420,-61,Inbound,1
2025-01-13,Red,stop_021,trip_06460,ARR,18000,-60,Outbound,0
2025-01-14,Orange,stop_022,trip_06461,DEP,18180,-59,Inbound,1
2025-01-15,Red,stop_023,trip_06462,ARR,18360,-58,Outbound,0
2025-01-16,Orange,stop_024,trip_06463,DEP,18540,-57,Inbound,1
2025-01-17,Red,stop_025,trip_06464,ARR,18720,-56,Outbound,0
2025-01-18,Orange,stop_026,trip_06465,DEP,18900,-55,Inbound,1
2025-01-19,Red,stop_027,trip_06466,ARR,19080,-54,Outbound,0
2025-01-20,Orange,stop_028,trip_06467,DEP,19260,-53,Inbound,1
2025-01-21,Red,stop_029,trip_06468,ARR,19440,-52,Outbound,0
2025-01-22,Orange,stop_030,trip_06469,DEP,19620,-51,Inbound,1
2025-01-23,Red,stop_031,trip_06470,ARR,19800,-50,Outbound,0
2025-01-24,Orange,stop_032,trip_06471,DEP,19980,-49,Inbound,1
2025-01-25,Red,stop_033,trip_06472,ARR,20160,-48,Outbound,0
2025-01-26,Orange,stop_034,trip_06473,DEP,20340,-47,Inbound,1
2025-01-27,Red,stop_035,trip_06474,ARR,20520,-46,Outbound,0
2025-01-28,Orange,stop_036,trip_06475,DEP,20700,-45,Inbound,1
2025-01-29,Red,stop_037,trip_06476,ARR,20880,-44,Outbound,0
2025-01-30,Orange,stop_038,trip_06477,DEP,21060,-43,Inbound,1
2025-01-31,Red,stop_039,trip_06478,ARR,21240,-42,Outbound,0
2025-01-01,Orange,stop_040,trip_06479,DEP,21420,-41,Inbound,1
2025-01-02,Red,stop_001,trip_06480,ARR,18000,-40,Outbound,0
2025-01-03,Orange,stop_002,trip_06481,DEP,18180,-39,Inbound,1
2025-01-04,Red,stop_003,trip_06482,ARR,18360,-38,Outbound,0
2025-01-05,Orange,stop_004,trip_06483,DEP,18540,-37,Inbound,1
2025-01-06,Red,stop_005,trip_06484,ARR,18720,-36,Outbound,0
2025-01-07,Orange,stop_006,trip_06485,DEP,18900,-35,Inbound,1
2025-01-08,Red,stop_007,trip_06486,ARR,19080,-34,Outbound,0
2025-01-09,Orange,stop_008,trip_06487,DEP,19260,-33,Inbound,1
2025-01-10,Red,stop_009,trip_06488,ARR,19440,-32,Outbound,0
2025-01-11,Orange,stop_010,trip_06489,DEP,19620,-31,Inbound,1
2025-01-12,Red,stop_011,trip_06490,ARR,19800,-30,Outbound,0
2025-01-13,Orange,stop_012,trip_06491,DEP,19980,-29,Inbound,1
2025-01-14,Red,stop_013,trip_06492,ARR,20160,-28,Outbound,0
2025-01-15,Orange,stop_014,trip_06493,DEP,20340,-27,Inbound,1
2025-01-16,Red,stop_015,trip_06494,ARR,20520,-26,Outbound,0
2025-01-17,Orange,stop_016,trip_06495,DEP,20700,-25,Inbound,1
2025-01-18,Red,stop_017,trip_06496,ARR,20880,-24,Outbound,0
2025-01-19,Orange,stop_018,trip_06497,DEP,21060,-23,Inbound,1
2025-01-20,Red,stop_019,trip_06498,ARR,21240,-22,Outbound,0
2025-01-21,Orange,stop_020,trip_06499,DEP,21420,-21,Inbound,1
2025-01-22,Red,stop_021,trip_06500,ARR,18000,-20,Outbound,0
2025-01-23,Orange,stop_022,trip_06501,DEP,18180,-19,Inbound,1
2025-01-24,Red,stop_023,trip_06502,ARR,18360,-18,Outbound,0
2025-01-25,Orange,stop_024,trip_06503,DEP,18540,-17,Inbound,1
2025-01-26,Red,stop_025,trip_06504,ARR,18720,-16,Outbound,0
2025-01-27,Orange,stop_026,trip_06505,DEP,18900,-15,Inbound,1
2025-01-28,Red,stop_027,trip_06506,ARR,19080,-14,Outbound,0
2025-01-29,Orange,stop_028,trip_06507,DEP,19260,-13,Inbound,1
2025-01-30,Red,stop_029,trip_06508,ARR,19440,-12,Outbound,0
2025-01-31,Orange,stop_030,trip_06509,DEP,19620,-11,Inbound,1
2025-01-01,Red,stop_031,trip_06510,ARR,19800,-10,Outbound,0
2025-01-02,Orange,stop_032,trip_06511,DEP,19980,-9,Inbound,1
2025-01-03,Red,stop_033,trip_06512,ARR,20160,-8,Outbound,0
2025-01-04,Orange,stop_034,trip_06513,DEP,20340,-7,Inbound,1
2025-01-05,Red,stop_035,trip_06514,ARR,20520,-6,Outbound,0
2025-01-06,Orange,stop_036,trip_06515,DEP,20700,-5,Inbound,1
2025-01-07,Red,stop_037,trip_06516,ARR,20880,-4,Outbound,0
2025-01-08,Orange,stop_038,trip_06517,DEP,21060,-3,Inbound,1
2025-01-09,Red,stop_039,trip_06518,ARR,21240,-2,Outbound,0
2025-01-10,Orange,stop_040,trip_06519,DEP,21420,-1,Inbound,1
2025-01-11,Red,stop_001,trip_06520,ARR,18000,0,Outbound,0
2025-01-12,Orange,stop_002,trip_06521,DEP,18180,1,Inbound,1
2025-01-13,Red,stop_003,trip_06522,ARR,18360,2,Outbound,0
2025-01-14,Orange,stop_004,trip_06523,DEP,18540,3,Inbound,1
2025-01-15,Red,stop_005,trip_06524,ARR,18720,4,Outbound,0
2025-01-16,Orange,stop_006,trip_06525,DEP,18900,5,Inbound,1
2025-01-17,Red,stop_007,trip_06526,ARR,19080,6,Outbound,0
2025-01-18,Orange,stop_008,trip_06527,DEP,19260,7,Inbound,1
2025-01-19,Red,stop_009,trip_06528,ARR,19440,8,Outbound,0
2025-01-20,Orange,stop_010,trip_06529,DEP,19620,9,Inbound,1
2025-01-21,Red,stop_011,trip_06530,ARR,19800,10,Outbound,0
2025-01-22,Orange,stop_012,trip_06531,DEP,19980,11,Inbound,1
2025-01-23,Red,stop_013,trip_06532,ARR,20160,12,Outbound,0
2025-01-24,Orange,stop_014,trip_06533,DEP,20340,13,Inbound,1
2025-01-25,Red,stop_015,trip_06534,ARR,20520,14,Outbound,0
2025-01-26,Orange,stop_016,trip_06535,DEP,20700,15,Inbound,1
2025-01-27,Red,stop_017,trip_06536,ARR,20880,16,Outbound,0
2025-01-28,Orange,stop_018,trip_06537,DEP,21060,17,Inbound,1
2025-01-29,Red,stop_019,trip_06538,ARR,21240,18,Outbound,0
2025-01-30,Orange,stop_020,trip_06539,DEP,21420,19,Inbound,1
2025-01-31,Red,stop_021,trip_06540,ARR,18000,20,Outbound,0
2025-01-01,Orange,stop_022,trip_06541,DEP,18180,21,Inbound,1
2025-01-02,Red,stop_023,trip_06542,ARR,18360,22,Outbound,0
2025-01-03,Orange,stop_024,trip_06543,DEP,18540,23,Inbound,1
2025-01-04,Red,stop_025,trip_06544,ARR,18720,24,Outbound,0
2025-01-05,Orange,stop_026,trip_06545,DEP,18900,25,Inbound,1
2025-01-06,Red,stop_027,trip_06546,ARR,19080,26,Outbound,0
2025-01-07,Orange,stop_028,trip_06547,DEP,19260,27,Inbound,1
2025-01-08,Red,stop_029,trip_06548,ARR,19440,28,Outbound,0
2025-01-09,Orange,stop_030,trip_06549,DEP,19620,29,Inbound,1
2025-01-10,Red,stop_031,trip_06550,ARR,19800,30,Outbound,0
2025-01-11,Orange,stop_032,trip_06551,DEP,19980,31,Inbound,1
2025-01-12,Red,stop_033,trip_06552,ARR,20160,32,Outbound,0
2025-01-13,Orange,stop_034,trip_06553,DEP,20340,33,Inbound,1
2025-01-14,Red,stop_035,trip_06554,ARR,20520,34,Outbound,0
2025-01-15,Orange,stop_036,trip_06555,DEP,20700,35,Inbound,1
2025-01-16,Red,stop_037,trip_06556,ARR,20880,36,Outbound,0
2025-01-17,Orange,stop_038,trip_06557,DEP,21060,37,Inbound,1
2025-01-18,Red,stop_039,trip_06558,ARR,21240,38,Outbound,0
2025-01-19,Orange,stop_040,trip_06559,DEP,21420,39,Inbound,1
2025-01-20,Red,stop_001,trip_06560,ARR,18000,40,Outbound,0
2025-01-21,Orange,stop_002,trip_06561,DEP,18180,41,Inbound,1
2025-01-22,Red,stop_003,trip_06562,ARR,18360,42,Outbound,0
2025-01-23,Orange,stop_004,trip_06563,DEP,18540,43,Inbound,1
2025-01-24,Red,stop_005,trip_06564,ARR,18720,44,Outbound,0
2025-01-25,Orange,stop_006,trip_06565,DEP,18900,45,Inbound,1
2025-01-26,Red,stop_007,trip_06566,ARR,19080,46,Outbound,0
2025-01-27,Orange,stop_008,trip_06567,DEP,19260,47,Inbound,1
2025-01-28,Red,stop_009,trip_06568,ARR,19440,48,Outbound,0
2025-01-29,Orange,stop_010,trip_06569,DEP,19620,49,Inbound,1
2025-01-30,Red,stop_011,trip_06570,ARR,19800,50,Outbound,0
2025-01-31,Orange,stop_012,trip_06571,DEP,19980,51,Inbound,1
2025-01-01,Red,stop_013,trip_06572,ARR,20160,52,Outbound,0
2025-01-02,Orange,stop_014,trip_06573,DEP,20340,53,Inbound,1
2025-01-03,Red,stop_015,trip_06574,ARR,20520,54,Outbound,0
2025-01-04,Orange,stop_016,trip_06575,DEP,20700,55,Inbound,1
2025-01-05,Red,stop_017,trip_06576,ARR,20880,56,Outbound,0
2025-01-06,Orange,stop_018,trip_06577,DEP,21060,57,Inbound,1
2025-01-07,Red,stop_019,trip_06578,ARR,21240,58,Outbound,0
2025-01-08,Orange,stop_020,trip_06579,DEP,21420,59,Inbound,1
2025-01-09,Red,stop_021,trip_06580,ARR,18000,60,Outbound,0
2025-01-10,Orange,stop_022,trip_06581,DEP,18180,61,Inbound,1
2025-01-11,Red,stop_023,trip_06582,ARR,18360,62,Outbound,0
2025-01-12,Orange,stop_024,trip_06583,DEP,18540,63,Inbound,1
2025-01-13,Red,stop_025,trip_06584,ARR,18720,64,Outbound,0
2025-01-14,Orange,stop_026,trip_06585,DEP,18900,65,Inbound,1
2025-01-15,Red,stop_027,trip_06586,ARR,19080,66,Outbound,0
2025-01-16,Orange,stop_028,trip_06587,DEP,19260,67,Inbound,1
2025-01-17,Red,stop_029,trip_06588,ARR,19440,68,Outbound,0
2025-01-18,Orange,stop_030,trip_06589,DEP,19620,69,Inbound,1
2025-01-19,Red,stop_031,trip_06590,ARR,19800,70,Outbound,0
2025-01-20,Orange,stop_032,trip_06591,DEP,19980,71,Inbound,1
2025-01-21,Red,stop_033,trip_06592,ARR,20160,72,Outbound,0
2025-01-22,Orange,stop_034,trip_06593,DEP,20340,73,Inbound,1
2025-01-23,Red,stop_035,trip_06594,ARR,20520,74,Outbound,0
2025-01-24,Orange,stop_036,trip_06595,DEP,20700,75,Inbound,1
2025-01-25,Red,stop_037,trip_06596,ARR,20880,76,Outbound,0
2025-01-26,Orange,stop_038,trip_06597,DEP,21060,77,Inbound,1
2025-01-27,Red,stop_039,trip_06598,ARR,21240,78,Outbound,0
2025-01-28,Orange,stop_040,trip_06599,DEP,21420,79,Inbound,1
2025-01-29,Red,stop_001,trip_06600,ARR,18000,80,Outbound,0
2025-01-30,Orange,stop_002,trip_06601,DEP,18180,81,Inbound,1
2025-01-31,Red,stop_003,trip_06602,ARR,18360,82,Outbound,0
2025-01-01,Orange,stop_004,trip_06603,DEP,18540,83,Inbound,1
2025-01-02,Red,stop_005,trip_06604,ARR,18720,84,Outbound,0
2025-01-03,Orange,stop_006,trip_06605,DEP,18900,85,Inbound,1
2025-01-04,Red,stop_007,trip_06606,ARR,19080,86,Outbound,0
2025-01-05,Orange,stop_008,trip_06607,DEP,19260,87,Inbound,1
2025-01-06,Red,stop_009,trip_06608,ARR,19440,88,Outbound,0
2025-01-07,Orange,stop_010,trip_06609,DEP,19620,89,Inbound,1
2025-01-08,Red,stop_011,trip_06610,ARR,19800,90,Outbound,0
2025-01-09,Orange,stop_012,trip_06611,DEP,19980,91,Inbound,1
2025-01-10,Red,stop_013,trip_06612,ARR,20160,92,Outbound,0
2025-01-11,Orange,stop_014,trip_06613,DEP,20340,93,Inbound,1
2025-01-12,Red,stop_015,trip_06614,ARR,20520,94,Outbound,0
2025-01-13,Orange,stop_016,trip_06615,DEP,20700,95,Inbound,1
2025-01-14,Red,stop_017,trip_06616,ARR,20880,96,Outbound,0
2025-01-15,Orange,stop_018,trip_06617,DEP,21060,97,Inbound,1
2025-01-16,Red,stop_019,trip_06618,ARR,21240,98,Outbound,0
2025-01-17,Orange,stop_020,trip_06619,DEP,21420,99,Inbound,1
2025-01-18,Red,stop_021,trip_06620,ARR,18000,100,Outbound,0
2025-01-19,Orange,stop_022,trip_06621,DEP,18180,101,Inbound,1
2025-01-20,Red,stop_023,trip_06622,ARR,18360,102,Outbound,0
2025-01-21,Orange,stop_024,trip_06623,DEP,18540,103,Inbound,1
2025-01-22,Red,stop_025,trip_06624,ARR,18720,104,Outbound,0
2025-01-23,Orange,stop_026,trip_06625,DEP,18900,105,Inbound,1
2025-01-24,Red,stop_027,trip_06626,ARR,19080,106,Outbound,0
2025-01-25,Orange,stop_028,trip_06627,DEP,19260,107,Inbound,1
2025-01-26,Red,stop_029,trip_06628,ARR,19440,108,Outbound,0
2025-01-27,Orange,stop_030,trip_06629,DEP,19620,109,Inbound,1
2025-01-28,Red,stop_031,trip_06630,ARR,19800,110,Outbound,0
2025-01-29,Orange,stop_032,trip_06631,DEP,19980,111,Inbound,1
2025-01-30,Red,stop_033,trip_06632,ARR,20160,112,Outbound,0
2025-01-31,Orange,stop_034,trip_06633,DEP,20340,113,Inbound,1
2025-01-01,Red,stop_035,trip_06634,ARR,20520,114,Outbound,0
2025-01-02,Orange,stop_036,trip_06635,DEP,20700,115,Inbound,1
2025-01-03,Red,stop_037,trip_06636,ARR,20880,116,Outbound,0
2025-01-04,Orange,stop_038,trip_06637,DEP,21060,117,Inbound,1
2025-01-05,Red,stop_039,trip_06638,ARR,21240,118,Outbound,0
2025-01-06,Orange,stop_040,trip_06639,DEP,21420,119,Inbound,1
2025-01-07,Red,stop_001,trip_06640,ARR,18000,120,Outbound,0
2025-01-08,Orange,stop_002,trip_06641,DEP,18180,121,Inbound,1
2025-01-09,Red,stop_003,trip_06642,ARR,18360,122,Outbound,0
2025-01-10,Orange,stop_004,trip_06643,DEP,18540,123,Inbound,1
2025-01-11,Red,stop_005,trip_06644,ARR,18720,124,Outbound,0
2025-01-12,Orange,stop_006,trip_06645,DEP,18900,125,Inbound,1
2025-01-13,Red,stop_007,trip_06646,ARR,19080,126,Outbound,0
2025-01-14,Orange,stop_008,trip_06647,DEP,19260,127,Inbound,1
2025-01-15,Red,stop_009,trip_06648,ARR,19440,128,Outbound,0
2025-01-16,Orange,stop_010,trip_06649,DEP,19620,129,Inbound,1
2025-01-17,Red,stop_011,trip_06650,ARR,19800,130,Outbound,0
2025-01-18,Orange,stop_012,trip_06651,DEP,19980,131,Inbound,1
2025-01-19,Red,stop_013,trip_06652,ARR,20160,132,Outbound,0
2025-01-20,Orange,stop_014,trip_06653,DEP,20340,133,Inbound,1
2025-01-21,Red,stop_015,trip_06654,ARR,20520,134,Outbound,0
2025-01-22,Orange,stop_016,trip_06655,DEP,20700,135,Inbound,1
2025-01-23,Red,stop_017,trip_06656,ARR,20880,136,Outbound,0
2025-01-24,Orange,stop_018,trip_06657,DEP,21060,137,Inbound,1
2025-01-25,Red,stop_019,trip_06658,ARR,21240,138,Outbound,0
2025-01-26,Orange,stop_020,trip_06659,DEP,21420,139,Inbound,1
2025-01-27,Red,stop_021,trip_06660,ARR,18000,140,Outbound,0
2025-01-28,Orange,stop_022,trip_06661,DEP,18180,141,Inbound,1
2025-01-29,Red,stop_023,trip_06662,ARR,18360,142,Outbound,0
2025-01-30,Orange,stop_024,trip_06663,DEP,18540,143,Inbound,1
2025-01-31,Red,stop_025,trip_06664,ARR,18720,144,Outbound,0
2025-01-01,Orange,stop_026,trip_06665,DEP,18900,145,Inbound,1
2025-01-02,Red,stop_027,trip_06666,ARR,19080,146,Outbound,0
2025-01-03,Orange,stop_028,trip_06667,DEP,19260,147,Inbound,1
2025-01-04,Red,stop_029,trip_06668,ARR,19440,148,Outbound,0
2025-01-05,Orange,stop_030,trip_06669,DEP,19620,149,Inbound,1
2025-01-06,Red,stop_031,trip_06670,ARR,19800,150,Outbound,0
2025-01-07,Orange,stop_032,trip_06671,DEP,19980,151,Inbound,1
2025-01-08,Red,stop_033,trip_06672,ARR,20160,152,Outbound,0
2025-01-09,Orange,stop_034,trip_06673,DEP,20340,153,Inbound,1
2025-01-10,Red,stop_035,trip_06674,ARR,20520,154,Outbound,0
2025-01-11,Orange,stop_036,trip_06675,DEP,20700,155,Inbound,1
2025-01-12,Red,stop_037,trip_06676,ARR,20880,156,Outbound,0
2025-01-13,Orange,stop_038,trip_06677,DEP,21060,157,Inbound,1
2025-01-14,Red,stop_039,trip_06678,ARR,21240,158,Outbound,0
2025-01-15,Orange,stop_040,trip_06679,DEP,21420,159,Inbound,1
2025-01-16,Red,stop_001,trip_06680,ARR,18000,160,Outbound,0
2025-01-17,Orange,stop_002,trip_06681,DEP,18180,161,Inbound,1
2025-01-18,Red,stop_003,trip_06682,ARR,18360,162,Outbound,0
2025-01-19,Orange,stop_004,trip_06683,DEP,18540,163,Inbound,1
2025-01-20,Red,stop_005,trip_06684,ARR,18720,164,Outbound,0
2025-01-21,Orange,stop_006,trip_06685,DEP,18900,165,Inbound,1
2025-01-22,Red,stop_007,trip_06686,ARR,19080,166,Outbound,0
2025-01-23,Orange,stop_008,trip_06687,DEP,19260,167,Inbound,1
2025-01-24,Red,stop_009,trip_06688,ARR,19440,168,Outbound,0
2025-01-25,Orange,stop_010,trip_06689,DEP,19620,169,Inbound,1
2025-01-26,Red,stop_011,trip_06690,ARR,19800,170,Outbound,0
2025-01-27,Orange,stop_012,trip_06691,DEP,19980,171,Inbound,1
2025-01-28,Red,stop_013,trip_06692,ARR,20160,172,Outbound,0
2025-01-29,Orange,stop_014,trip_06693,DEP,20340,173,Inbound,1
2025-01-30,Red,stop_015,trip_06694,ARR,20520,174,Outbound,0
2025-01-31,Orange,stop_016,trip_06695,DEP,20700,175,Inbound,1
2025-01-01,Red,stop_017,trip_06696,ARR,20880,176,Outbound,0
2025-01-02,Orange,stop_018,trip_06697,DEP,21060,177,Inbound,1
2025-01-03,Red,stop_019,trip_06698,ARR,21240,178,Outbound,0
2025-01-04,Orange,stop_020,trip_06699,DEP,21420,179,Inbound,1
2025-01-05,Red,stop_021,trip_06700,ARR,18000,180,Outbound,0
2025-01-06,Orange,stop_022,trip_06701,DEP,18180,181,Inbound,1
2025-01-07,Red,stop_023,trip_06702,ARR,18360,182,Outbound,0
2025-01-08,Orange,stop_024,trip_06703,DEP,18540,183,Inbound,1
2025-01-09,Red,stop_025,trip_06704,ARR,18720,184,Outbound,0
2025-01-10,Orange,stop_026,trip_06705,DEP,18900,185,Inbound,1
2025-01-11,Red,stop_027,trip_06706,ARR,19080,186,Outbound,0
2025-01-12,Orange,stop_028,trip_06707,DEP,19260,187,Inbound,1
2025-01-13,Red,stop_029,trip_06708,ARR,19440,188,Outbound,0
2025-01-14,Orange,stop_030,trip_06709,DEP,19620,189,Inbound,1
2025-01-15,Red,stop_031,trip_06710,ARR,19800,190,Outbound,0
2025-01-16,Orange,stop_032,trip_06711,DEP,19980,191,Inbound,1
2025-01-17,Red,stop_033,trip_06712,ARR,20160,192,Outbound,0
2025-01-18,Orange,stop_034,trip_06713,DEP,20340,193,Inbound,1
2025-01-19,Red,stop_035,trip_06714,ARR,20520,194,Outbound,0
2025-01-20,Orange,stop_036,trip_06715,DEP,20700,195,Inbound,1
2025-01-21,Red,stop_037,trip_06716,ARR,20880,196,Outbound,0
2025-01-22,Orange,stop_038,trip_06717,DEP,21060,197,Inbound,1
2025-01-23,Red,stop_039,trip_06718,ARR,21240,198,Outbound,0
2025-01-24,Orange,stop_040,trip_06719,DEP,21420,199,Inbound,1
2025-01-25,Red,stop_001,trip_06720,ARR,18000,200,Outbound,0
2025-01-26,Orange,stop_002,trip_06721,DEP,18180,201,Inbound,1
2025-01-27,Red,stop_003,trip_06722,ARR,18360,202,Outbound,0
2025-01-28,Orange,stop_004,trip_06723,DEP,18540,203,Inbound,1
2025-01-29,Red,stop_005,trip_06724,ARR,18720,204,Outbound,0
2025-01-30,Orange,stop_006,trip_06725,DEP,18900,205,Inbound,1
2025-01-31,Red,stop_007,trip_06726,ARR,19080,206,Outbound,0
2025-01-01,Orange,stop_008,trip_06727,DEP,19260,207,Inbound,1
2025-01-02,Red,stop_009,trip_06728,ARR,19440,208,Outbound,0
2025-01-03,Orange,stop_010,trip_06729,DEP,19620,209,Inbound,1
2025-01-04,Red,stop_011,trip_06730,ARR,19800,210,Outbound,0
2025-01-05,Orange,stop_012,trip_06731,DEP,19980,211,Inbound,1
2025-01-06,Red,stop_013,trip_06732,ARR,20160,212,Outbound,0
2025-01-07,Orange,stop_014,trip_06733,DEP,20340,213,Inbound,1
2025-01-08,Red,stop_015,trip_06734,ARR,20520,214,Outbound,0
2025-01-09,Orange,stop_016,trip_06735,DEP,20700,215,Inbound,1
2025-01-10,Red,stop_017,trip_06736,ARR,20880,216,Outbound,0
2025-01-11,Orange,stop_018,trip_06737,DEP,21060,217,Inbound,1
2025-01-12,Red,stop_019,trip_06738,ARR,21240,218,Outbound,0
2025-01-13,Orange,stop_020,trip_06739,DEP,21420,219,Inbound,1
2025-01-14,Red,stop_021,trip_06740,ARR,18000,220,Outbound,0
2025-01-15,Orange,stop_022,trip_06741,DEP,18180,221,Inbound,1
2025-01-16,Red,stop_023,trip_06742,ARR,18360,222,Outbound,0
2025-01-17,Orange,stop_024,trip_06743,DEP,18540,223,Inbound,1
2025-01-18,Red,stop_025,trip_06744,ARR,18720,224,Outbound,0
2025-01-19,Orange,stop_026,trip_06745,DEP,18900,225,Inbound,1
2025-01-20,Red,stop_027,trip_06746,ARR,19080,226,Outbound,0
2025-01-21,Orange,stop_028,trip_06747,DEP,19260,227,Inbound,1
2025-01-22,Red,stop_029,trip_06748,ARR,19440,228,Outbound,0
2025-01-23,Orange,stop_030,trip_06749,DEP,19620,229,Inbound,1
2025-01-24,Red,stop_031,trip_06750,ARR,19800,230,Outbound,0
2025-01-25,Orange,stop_032,trip_06751,DEP,19980,231,Inbound,1
2025-01-26,Red,stop_033,trip_06752,ARR,20160,232,Outbound,0
2025-01-27,Orange,stop_034,trip_06753,DEP,20340,233,Inbound,1
2025-01-28,Red,stop_035,trip_06754,ARR,20520,234,Outbound,0
2025-01-29,Orange,stop_036,trip_06755,DEP,20700,235,Inbound,1
2025-01-30,Red,stop_037,trip_06756,ARR,20880,236,Outbound,0
2025-01-31,Orange,stop_038,trip_06757,DEP,21060,237,Inbound,1
2025-01-01,Red,stop_039,trip_06758,ARR,21240,238,Outbound,0
2025-01-02,Orange,stop_040,trip_06759,DEP,21420,239,Inbound,1
2025-01-03,Red,stop_001,trip_06760,ARR,18000,240,Outbound,0
2025-01-04,Orange,stop_002,trip_06761,DEP,18180,241,Inbound,1
2025-01-05,Red,stop_003,trip_06762,ARR,18360,242,Outbound,0
2025-01-06,Orange,stop_004,trip_06763,DEP,18540,243,Inbound,1
2025-01-07,Red,stop_005,trip_06764,ARR,18720,244,Outbound,0
2025-01-08,Orange,stop_006,trip_06765,DEP,18900,245,Inbound,1
2025-01-09,Red,stop_007,trip_06766,ARR,19080,246,Outbound,0
2025-01-10,Orange,stop_008,trip_06767,DEP,19260,247,Inbound,1
2025-01-11,Red,stop_009,trip_06768,ARR,19440,248,Outbound,0
2025-01-12,Orange,stop_010,trip_06769,DEP,19620,249,Inbound,1
2025-01-13,Red,stop_011,trip_06770,ARR,19800,250,Outbound,0
2025-01-14,Orange,stop_012,trip_06771,DEP,19980,251,Inbound,1
2025-01-15,Red,stop_013,trip_06772,ARR,20160,252,Outbound,0
2025-01-16,Orange,stop_014,trip_06773,DEP,20340,253,Inbound,1
2025-01-17,Red,stop_015,trip_06774,ARR,20520,254,Outbound,0
2025-01-18,Orange,stop_016,trip_06775,DEP,20700,255,Inbound,1
2025-01-19,Red,stop_017,trip_06776,ARR,20880,256,Outbound,0
2025-01-20,Orange,stop_018,trip_06777,DEP,21060,257,Inbound,1
2025-01-21,Red,stop_019,trip_06778,ARR,21240,258,Outbound,0
2025-01-22,Orange,stop_020,trip_06779,DEP,21420,259,Inbound,1
2025-01-23,Red,stop_021,trip_06780,ARR,18000,260,Outbound,0
2025-01-24,Orange,stop_022,trip_06781,DEP,18180,261,Inbound,1
2025-01-25,Red,stop_023,trip_06782,ARR,18360,262,Outbound,0
2025-01-26,Orange,stop_024,trip_06783,DEP,18540,263,Inbound,1
2025-01-27,Red,stop_025,trip_06784,ARR,18720,264,Outbound,0
2025-01-28,Orange,stop_026,trip_06785,DEP,18900,265,Inbound,1
2025-01-29,Red,stop_027,trip_06786,ARR,19080,266,Outbound,0
2025-01-30,Orange,stop_028,trip_06787,DEP,19260,267,Inbound,1
2025-01-31,Red,stop_029,trip_06788,ARR,19440,268,Outbound,0
2025-01-01,Orange,stop_030,trip_06789,DEP,19620,269,Inbound,1
2025-01-02,Red,stop_031,trip_06790,ARR,19800,270,Outbound,0
2025-01-03,Orange,stop_032,trip_06791,DEP,19980,271,Inbound,1
2025-01-04,Red,stop_033,trip_06792,ARR,20160,272,Outbound,0
2025-01-05,Orange,stop_034,trip_06793,DEP,20340,273,Inbound,1
2025-01-06,Red,stop_035,trip_06794,ARR,20520,274,Outbound,0
2025-01-07,Orange,stop_036,trip_06795,DEP,20700,275,Inbound,1
2025-01-08,Red,stop_037,trip_06796,ARR,20880,276,Outbound,0
2025-01-09,Orange,stop_038,trip_06797,DEP,21060,277,Inbound,1
2025-01-10,Red,stop_039,trip_06798,ARR,21240,278,Outbound,0
2025-01-11,Orange,stop_040,trip_06799,DEP,21420,279,Inbound,1
2025-01-12,Red,stop_001,trip_06800,ARR,18000,-120,Outbound,0
2025-01-13,Orange,stop_002,trip_06801,DEP,18180,-119,Inbound,1
2025-01-14,Red,stop_003,trip_06802,ARR,18360,-118,Outbound,0
2025-01-15,Orange,stop_004,trip_06803,DEP,18540,-117,Inbound,1
2025-01-16,Red,stop_005,trip_06804,ARR,18720,-116,Outbound,0
2025-01-17,Orange,stop_006,trip_06805,DEP,18900,-115,Inbound,1
2025-01-18,Red,stop_007,trip_06806,ARR,19080,-114,Outbound,0
2025-01-19,Orange,stop_008,trip_06807,DEP,19260,-113,Inbound,1
2025-01-20,Red,stop_009,trip_06808,ARR,19440,-112,Outbound,0
2025-01-21,Orange,stop_010,trip_06809,DEP,19620,-111,Inbound,1
2025-01-22,Red,stop_011,trip_06810,ARR,19800,-110,Outbound,0
2025-01-23,Orange,stop_012,trip_06811,DEP,19980,-109,Inbound,1
2025-01-24,Red,stop_013,trip_06812,ARR,20160,-108,Outbound,0
2025-01-25,Orange,stop_014,trip_06813,DEP,20340,-107,Inbound,1
2025-01-26,Red,stop_015,trip_06814,ARR,20520,-106,Outbound,0
2025-01-27,Orange,stop_016,trip_06815,DEP,20700,-105,Inbound,1
2025-01-28,Red,stop_017,trip_06816,ARR,20880,-104,Outbound,0
2025-01-29,Orange,stop_018,trip_06817,DEP,21060,-103,Inbound,1
2025-01-30,Red,stop_019,trip_06818,ARR,21240,-102,Outbound,0
2025-01-31,Orange,stop_020,trip_06819,DEP,21420,-101,Inbound,1
2025-01-01,Red,stop_021,trip_06820,ARR,18000,-100,Outbound,0
2025-01-02,Orange,stop_022,trip_06821,DEP,18180,-99,Inbound,1
2025-01-03,Red,stop_023,trip_06822,ARR,18360,-98,Outbound,0
2025-01-04,Orange,stop_024,trip_06823,DEP,18540,-97,Inbound,1
2025-01-05,Red,stop_025,trip_06824,ARR,18720,-96,Outbound,0
2025-01-06,Orange,stop_026,trip_06825,DEP,18900,-95,Inbound,1
2025-01-07,Red,stop_027,trip_06826,ARR,19080,-94,Outbound,0
2025-01-08,Orange,stop_028,trip_06827,DEP,19260,-93,Inbound,1
2025-01-09,Red,stop_029,trip_06828,ARR,19440,-92,Outbound,0
2025-01-10,Orange,stop_030,trip_06829,DEP,19620,-91,Inbound,1
2025-01-11,Red,stop_031,trip_06830,ARR,19800,-90,Outbound,0
2025-01-12,Orange,stop_032,trip_06831,DEP,19980,-89,Inbound,1
2025-01-13,Red,stop_033,trip_06832,ARR,20160,-88,Outbound,0
2025-01-14,Orange,stop_034,trip_06833,DEP,20340,-87,Inbound,1
2025-01-15,Red,stop_035,trip_06834,ARR,20520,-86,Outbound,0
2025-01-16,Orange,stop_036,trip_06835,DEP,20700,-85,Inbound,1
2025-01-17,Red,stop_037,trip_06836,ARR,20880,-84,Outbound,0
2025-01-18,Orange,stop_038,trip_06837,DEP,21060,-83,Inbound,1
2025-01-19,Red,stop_039,trip_06838,ARR,21240,-82,Outbound,0
2025-01-20,Orange,stop_040,trip_06839,DEP,21420,-81,Inbound,1
2025-01-21,Red,stop_001,trip_06840,ARR,18000,-80,Outbound,0
2025-01-22,Orange,stop_002,trip_06841,DEP,18180,-79,Inbound,1
2025-01-23,Red,stop_003,trip_06842,ARR,18360,-78,Outbound,0
2025-01-24,Orange,stop_004,trip_06843,DEP,18540,-77,Inbound,1
2025-01-25,Red,stop_005,trip_06844,ARR,18720,-76,Outbound,0
2025-01-26,Orange,stop_006,trip_06845,DEP,18900,-75,Inbound,1
2025-01-27,Red,stop_007,trip_06846,ARR,19080,-74,Outbound,0
2025-01-28,Orange,stop_008,trip_06847,DEP,19260,-73,Inbound,1
2025-01-29,Red,stop_009,trip_06848,ARR,19440,-72,Outbound,0
2025-01-30,Orange,stop_010,trip_06849,DEP,19620,-71,Inbound,1
2025-01-31,Red,stop_011,trip_06850,ARR,19800,-70,Outbound,0
2025-01-01,Orange,stop_012,trip_06851,DEP,19980,-69,Inbound,1
2025-01-02,Red,stop_013,trip_06852,ARR,20160,-68,Outbound,0
2025-01-03,Orange,stop_014,trip_06853,DEP,20340,-67,Inbound,1
2025-01-04,Red,stop_015,trip_06854,ARR,20520,-66,Outbound,0
2025-01-05,Orange,stop_016,trip_06855,DEP,20700,-65,Inbound,1
2025-01-06,Red,stop_017,trip_06856,ARR,20880,-64,Outbound,0
2025-01-07,Orange,stop_018,trip_06857,DEP,21060,-63,Inbound,1
2025-01-08,Red,stop_019,trip_06858,ARR,21240,-62,Outbound,0
2025-01-09,Orange,stop_020,trip_06859,DEP,21420,-61,Inbound,1
2025-01-10,Red,stop_021,trip_06860,ARR,18000,-60,Outbound,0
2025-01-11,Orange,stop_022,trip_06861,DEP,18180,-59,Inbound,1
2025-01-12,Red,stop_023,trip_06862,ARR,18360,-58,Outbound,0
2025-01-13,Orange,stop_024,trip_06863,DEP,18540,-57,Inbound,1
2025-01-14,Red,stop_025,trip_06864,ARR,18720,-56,Outbound,0
2025-01-15,Orange,stop_026,trip_06865,DEP,18900,-55,Inbound,1
2025-01-16,Red,stop_027,trip_06866,ARR,19080,-54,Outbound,0
2025-01-17,Orange,stop_028,trip_06867,DEP,19260,-53,Inbound,1
2025-01-18,Red,stop_029,trip_06868,ARR,19440,-52,Outbound,0
2025-01-19,Orange,stop_030,trip_06869,DEP,19620,-51,Inbound,1
2025-01-20,Red,stop_031,trip_06870,ARR,19800,-50,Outbound,0
2025-01-21,Orange,stop_032,trip_06871,DEP,19980,-49,Inbound,1
2025-01-22,Red,stop_033,trip_06872,ARR,20160,-48,Outbound,0
2025-01-23,Orange,stop_034,trip_06873,DEP,20340,-47,Inbound,1
2025-01-24,Red,stop_035,trip_06874,ARR,20520,-46,Outbound,0
2025-01-25,Orange,stop_036,trip_06875,DEP,20700,-45,Inbound,1
2025-01-26,Red,stop_037,trip_06876,ARR,20880,-44,Outbound,0
2025-01-27,Orange,stop_038,trip_06877,DEP,21060,-43,Inbound,1
2025-01-28,Red,stop_039,trip_06878,ARR,21240,-42,Outbound,0
2025-01-29,Orange,stop_040,trip_06879,DEP,21420,-41,Inbound,1
2025-01-30,Red,stop_001,trip_06880,ARR,18000,-40,Outbound,0
2025-01-31,Orange,stop_002,trip_06881,DEP,18180,-39,Inbound,1
2025-01-01,Red,stop_003,trip_06882,ARR,18360,-38,Outbound,0
2025-01-02,Orange,stop_004,trip_06883,DEP,18540,-37,Inbound,1
2025-01-03,Red,stop_005,trip_06884,ARR,18720,-36,Outbound,0
2025-01-04,Orange,stop_006,trip_06885,DEP,18900,-35,Inbound,1
2025-01-05,Red,stop_007,trip_06886,ARR,19080,-34,Outbound,0
2025-01-06,Orange,stop_008,trip_06887,DEP,19260,-33,Inbound,1
2025-01-07,Red,stop_009,trip_06888,ARR,19440,-32,Outbound,0
2025-01-08,Orange,stop_010,trip_06889,DEP,19620,-31,Inbound,1
2025-01-09,Red,stop_011,trip_06890,ARR,19800,-30,Outbound,0
2025-01-10,Orange,stop_012,trip_06891,DEP,19980,-29,Inbound,1
2025-01-11,Red,stop_013,trip_06892,ARR,20160,-28,Outbound,0
2025-01-12,Orange,stop_014,trip_06893,DEP,20340,-27,Inbound,1
2025-01-13,Red,stop_015,trip_06894,ARR,20520,-26,Outbound,0
2025-01-14,Orange,stop_016,trip_06895,DEP,20700,-25,Inbound,1
2025-01-15,Red,stop_017,trip_06896,ARR,20880,-24,Outbound,0
2025-01-16,Orange,stop_018,trip_06897,DEP,21060,-23,Inbound,1
2025-01-17,Red,stop_019,trip_06898,ARR,21240,-22,Outbound,0
2025-01-18,Orange,stop_020,trip_06899,DEP,21420,-21,Inbound,1
2025-01-19,Red,stop_021,trip_06900,ARR,18000,-20,Outbound,0
2025-01-20,Orange,stop_022,trip_06901,DEP,18180,-19,Inbound,1
2025-01-21,Red,stop_023,trip_06902,ARR,18360,-18,Outbound,0
2025-01-22,Orange,stop_024,trip_06903,DEP,18540,-17,Inbound,1
2025-01-23,Red,stop_025,trip_06904,ARR,18720,-16,Outbound,0
2025-01-24,Orange,stop_026,trip_06905,DEP,18900,-15,Inbound,1
2025-01-25,Red,stop_027,trip_06906,ARR,19080,-14,Outbound,0
2025-01-26,Orange,stop_028,trip_06907,DEP,19260,-13,Inbound,1
2025-01-27,Red,stop_029,trip_06908,ARR,19440,-12,Outbound,0
2025-01-28,Orange,stop_030,trip_06909,DEP,19620,-11,Inbound,1
2025-01-29,Red,stop_031,trip_06910,ARR,19800,-10,Outbound,0
2025-01-30,Orange,stop_032,trip_06911,DEP,19980,-9,Inbound,1
2025-01-31,Red,stop_033,trip_06912,ARR,20160,-8,Outbound,0
2025-01-01,Orange,stop_034,trip_06913,DEP,20340,-7,Inbound,1
2025-01-02,Red,stop_035,trip_06914,ARR,20520,-6,Outbound,0
2025-01-03,Orange,stop_036,trip_06915,DEP,20700,-5,Inbound,1
2025-01-04,Red,stop_037,trip_06916,ARR,20880,-4,Outbound,0
2025-01-05,Orange,stop_038,trip_06917,DEP,21060,-3,Inbound,1
2025-01-06,Red,stop_039,trip_06918,ARR,21240,-2,Outbound,0
2025-01-07,Orange,stop_040,trip_06919,DEP,21420,-1,Inbound,1
2025-01-08,Red,stop_001,trip_06920,ARR,18000,0,Outbound,0
2025-01-09,Orange,stop_002,trip_06921,DEP,18180,1,Inbound,1
2025-01-10,Red,stop_003,trip_06922,ARR,18360,2,Outbound,0
2025-01-11,Orange,stop_004,trip_06923,DEP,18540,3,Inbound,1
2025-01-12,Red,stop_005,trip_06924,ARR,18720,4,Outbound,0
2025-01-13,Orange,stop_006,trip_06925,DEP,18900,5,Inbound,1
2025-01-14,Red,stop_007,trip_06926,ARR,19080,6,Outbound,0
2025-01-15,Orange,stop_008,trip_06927,DEP,19260,7,Inbound,1
2025-01-16,Red,stop_009,trip_06928,ARR,19440,8,Outbound,0
2025-01-17,Orange,stop_010,trip_06929,DEP,19620,9,Inbound,1
2025-01-18,Red,stop_011,trip_06930,ARR,19800,10,Outbound,0
2025-01-19,Orange,stop_012,trip_06931,DEP,19980,11,Inbound,1
2025-01-20,Red,stop_013,trip_06932,ARR,20160,12,Outbound,0
2025-01-21,Orange,stop_014,trip_06933,DEP,20340,13,Inbound,1
2025-01-22,Red,stop_015,trip_06934,ARR,20520,14,Outbound,0
2025-01-23,Orange,stop_016,trip_06935,DEP,20700,15,Inbound,1
2025-01-24,Red,stop_017,trip_06936,ARR,20880,16,Outbound,0
2025-01-25,Orange,stop_018,trip_06937,DEP,21060,17,Inbound,1
2025-01-26,Red,stop_019,trip_06938,ARR,21240,18,Outbound,0
2025-01-27,Orange,stop_020,trip_06939,DEP,21420,19,Inbound,1
2025-01-28,Red,stop_021,trip_06940,ARR,18000,20,Outbound,0
2025-01-29,Orange,stop_022,trip_06941,DEP,18180,21,Inbound,1
2025-01-30,Red,stop_023,trip_06942,ARR,18360,22,Outbound,0
2025-01-31,Orange,stop_024,trip_06943,DEP,18540,23,Inbound,1
2025-01-01,Red,stop_025,trip_06944,ARR,18720,24,Outbound,0
2025-01-02,Orange,stop_026,trip_06945,DEP,18900,25,Inbound,1
2025-01-03,Red,stop_027,trip_06946,ARR,19080,26,Outbound,0
2025-01-04,Orange,stop_028,trip_06947,DEP,19260,27,Inbound,1
2025-01-05,Red,stop_029,trip_06948,ARR,19440,28,Outbound,0
2025-01-06,Orange,stop_030,trip_06949,DEP,19620,29,Inbound,1
2025-01-07,Red,stop_031,trip_06950,ARR,19800,30,Outbound,0
2025-01-08,Orange,stop_032,trip_06951,DEP,19980,31,Inbound,1
2025-01-09,Red,stop_033,trip_06952,ARR,20160,32,Outbound,0
2025-01-10,Orange,stop_034,trip_06953,DEP,20340,33,Inbound,1
2025-01-11,Red,stop_035,trip_06954,ARR,20520,34,Outbound,0
2025-01-12,Orange,stop_036,trip_06955,DEP,20700,35,Inbound,1
2025-01-13,Red,stop_037,trip_06956,ARR,20880,36,Outbound,0
2025-01-14,Orange,stop_038,trip_06957,DEP,21060,37,Inbound,1
2025-01-15,Red,stop_039,trip_06958,ARR,21240,38,Outbound,0
2025-01-16,Orange,stop_040,trip_06959,DEP,21420,39,Inbound,1
2025-01-17,Red,stop_001,trip_06960,ARR,18000,40,Outbound,0
2025-01-18,Orange,stop_002,trip_06961,DEP,18180,41,Inbound,1
2025-01-19,Red,stop_003,trip_06962,ARR,18360,42,Outbound,0
2025-01-20,Orange,stop_004,trip_06963,DEP,18540,43,Inbound,1
2025-01-21,Red,stop_005,trip_06964,ARR,18720,44,Outbound,0
2025-01-22,Orange,stop_006,trip_06965,DEP,18900,45,Inbound,1
2025-01-23,Red,stop_007,trip_06966,ARR,19080,46,Outbound,0
2025-01-24,Orange,stop_008,trip_06967,DEP,19260,47,Inbound,1
2025-01-25,Red,stop_009,trip_06968,ARR,19440,48,Outbound,0
2025-01-26,Orange,stop_010,trip_06969,DEP,19620,49,Inbound,1
2025-01-27,Red,stop_011,trip_06970,ARR,19800,50,Outbound,0
2025-01-28,Orange,stop_012,trip_06971,DEP,19980,51,Inbound,1
2025-01-29,Red,stop_013,trip_06972,ARR,20160,52,Outbound,0
2025-01-30,Orange,stop_014,trip_06973,DEP,20340,53,Inbound,1
2025-01-31,Red,stop_015,trip_06974,ARR,20520,54,Outbound,0
2025-01-01,Orange,stop_016,trip_06975,DEP,20700,55,Inbound,1
2025-01-02,Red,stop_017,trip_06976,ARR,20880,56,Outbound,0
2025-01-03,Orange,stop_018,trip_06977,DEP,21060,57,Inbound,1
2025-01-04,Red,stop_019,trip_06978,ARR,21240,58,Outbound,0
2025-01-05,Orange,stop_020,trip_06979,DEP,21420,59,Inbound,1
2025-01-06,Red,stop_021,trip_06980,ARR,18000,60,Outbound,0
2025-01-07,Orange,stop_022,trip_06981,DEP,18180,61,Inbound,1
2025-01-08,Red,stop_023,trip_06982,ARR,18360,62,Outbound,0
2025-01-09,Orange,stop_024,trip_06983,DEP,18540,63,Inbound,1
2025-01-10,Red,stop_025,trip_06984,ARR,18720,64,Outbound,0
2025-01-11,Orange,stop_026,trip_06985,DEP,18900,65,Inbound,1
2025-01-12,Red,stop_027,trip_06986,ARR,19080,66,Outbound,0
2025-01-13,Orange,stop_028,trip_06987,DEP,19260,67,Inbound,1
2025-01-14,Red,stop_029,trip_06988,ARR,19440,68,Outbound,0
2025-01-15,Orange,stop_030,trip_06989,DEP,19620,69,Inbound,1
2025-01-16,Red,stop_031,trip_06990,ARR,19800,70,Outbound,0
2025-01-17,Orange,stop_032,trip_06991,DEP,19980,71,Inbound,1
2025-01-18,Red,stop_033,trip_06992,ARR,20160,72,Outbound,0
2025-01-19,Orange,stop_034,trip_06993,DEP,20340,73,Inbound,1
2025-01-20,Red,stop_035,trip_06994,ARR,20520,74,Outbound,0
2025-01-21,Orange,stop_036,trip_06995,DEP,20700,75,Inbound,1
2025-01-22,Red,stop_037,trip_06996,ARR,20880,76,Outbound,0
2025-01-23,Orange,stop_038,trip_06997,DEP,21060,77,Inbound,1
2025-01-24,Red,stop_039,trip_06998,ARR,21240,78,Outbound,0
2025-01-25,Orange,stop_040,trip_06999,DEP,21420,79,Inbound,1
2025-01-26,Red,stop_001,trip_07000,ARR,18000,80,Outbound,0
2025-01-27,Orange,stop_002,trip_07001,DEP,18180,81,Inbound,1
2025-01-28,Red,stop_003,trip_07002,ARR,18360,82,Outbound,0
2025-01-29,Orange,stop_004,trip_07003,DEP,18540,83,Inbound,1
2025-01-30,Red,stop_005,trip_07004,ARR,18720,84,Outbound,0
2025-01-31,Orange,stop_006,trip_07005,DEP,18900,85,Inbound,1
2025-01-01,Red,stop_007,trip_07006,ARR,19080,86,Outbound,0
2025-01-02,Orange,stop_008,trip_07007,DEP,19260,87,Inbound,1
2025-01-03,Red,stop_009,trip_07008,ARR,19440,88,Outbound,0
2025-01-04,Orange,stop_010,trip_07009,DEP,19620,89,Inbound,1
2025-01-05,Red,stop_011,trip_07010,ARR,19800,90,Outbound,0
2025-01-06,Orange,stop_012,trip_07011,DEP,19980,91,Inbound,1
2025-01-07,Red,stop_013,trip_07012,ARR,20160,92,Outbound,0
2025-01-08,Orange,stop_014,trip_07013,DEP,20340,93,Inbound,1
2025-01-09,Red,stop_015,trip_07014,ARR,20520,94,Outbound,0
2025-01-10,Orange,stop_016,trip_07015,DEP,20700,95,Inbound,1
2025-01-11,Red,stop_017,trip_07016,ARR,20880,96,Outbound,0
2025-01-12,Orange,stop_018,trip_07017,DEP,21060,97,Inbound,1
2025-01-13,Red,stop_019,trip_07018,ARR,21240,98,Outbound,0
2025-01-14,Orange,stop_020,trip_07019,DEP,21420,99,Inbound,1
2025-01-15,Red,stop_021,trip_07020,ARR,18000,100,Outbound,0
2025-01-16,Orange,stop_022,trip_07021,DEP,18180,101,Inbound,1
2025-01-17,Red,stop_023,trip_07022,ARR,18360,102,Outbound,0
2025-01-18,Orange,stop_024,trip_07023,DEP,18540,103,Inbound,1
2025-01-19,Red,stop_025,trip_07024,ARR,18720,104,Outbound,0
2025-01-20,Orange,stop_026,trip_07025,DEP,18900,105,Inbound,1
2025-01-21,Red,stop_027,trip_07026,ARR,19080,106,Outbound,0
2025-01-22,Orange,stop_028,trip_07027,DEP,19260,107,Inbound,1
2025-01-23,Red,stop_029,trip_07028,ARR,19440,108,Outbound,0
2025-01-24,Orange,stop_030,trip_07029,DEP,19620,109,Inbound,1
2025-01-25,Red,stop_031,trip_07030,ARR,19800,110,Outbound,0
2025-01-26,Orange,stop_032,trip_07031,DEP,19980,111,Inbound,1
2025-01-27,Red,stop_033,trip_07032,ARR,20160,112,Outbound,0
2025-01-28,Orange,stop_034,trip_07033,DEP,20340,113,Inbound,1
2025-01-29,Red,stop_035,trip_07034,ARR,20520,114,Outbound,0
2025-01-30,Orange,stop_036,trip_07035,DEP,20700,115,Inbound,1
2025-01-31,Red,stop_037,trip_07036,ARR,20880,116,Outbound,0
2025-01-01,Orange,stop_038,trip_07037,DEP,21060,117,Inbound,1
2025-01-02,Red,stop_039,trip_07038,ARR,21240,118,Outbound,0
2025-01-03,Orange,stop_040,trip_07039,DEP,21420,119,Inbound,1
2025-01-04,Red,stop_001,trip_07040,ARR,18000,120,Outbound,0
2025-01-05,Orange,stop_002,trip_07041,DEP,18180,121,Inbound,1
2025-01-06,Red,stop_003,trip_07042,ARR,18360,122,Outbound,0
2025-01-07,Orange,stop_004,trip_07043,DEP,18540,123,Inbound,1
2025-01-08,Red,stop_005,trip_07044,ARR,18720,124,Outbound,0
2025-01-09,Orange,stop_006,trip_07045,DEP,18900,125,Inbound,1
2025-01-10,Red,stop_007,trip_07046,ARR,19080,126,Outbound,0
2025-01-11,Orange,stop_008,trip_07047,DEP,19260,127,Inbound,1
2025-01-12,Red,stop_009,trip_07048,ARR,19440,128,Outbound,0
2025-01-13,Orange,stop_010,trip_07049,DEP,19620,129,Inbound,1
2025-01-14,Red,stop_011,trip_07050,ARR,19800,130,Outbound,0
2025-01-15,Orange,stop_012,trip_07051,DEP,19980,131,Inbound,1
2025-01-16,Red,stop_013,trip_07052,ARR,20160,132,Outbound,0
2025-01-17,Orange,stop_014,trip_07053,DEP,20340,133,Inbound,1
2025-01-18,Red,stop_015,trip_07054,ARR,20520,134,Outbound,0
2025-01-19,Orange,stop_016,trip_07055,DEP,20700,135,Inbound,1
2025-01-20,Red,stop_017,trip_07056,ARR,20880,136,Outbound,0
2025-01-21,Orange,stop_018,trip_07057,DEP,21060,137,Inbound,1
2025-01-22,Red,stop_019,trip_07058,ARR,21240,138,Outbound,0
2025-01-23,Orange,stop_020,trip_07059,DEP,21420,139,Inbound,1
2025-01-24,Red,stop_021,trip_07060,ARR,18000,140,Outbound,0
2025-01-25,Orange,stop_022,trip_07061,DEP,18180,141,Inbound,1
2025-01-26,Red,stop_023,trip_07062,ARR,18360,142,Outbound,0
2025-01-27,Orange,stop_024,trip_07063,DEP,18540,143,Inbound,1
2025-01-28,Red,stop_025,trip_07064,ARR,18720,144,Outbound,0
2025-01-29,Orange,stop_026,trip_07065,DEP,18900,145,Inbound,1
2025-01-30,Red,stop_027,trip_07066,ARR,19080,146,Outbound,0
2025-01-31,Orange,stop_028,trip_07067,DEP,19260,147,Inbound,1
2025-01-01,Red,stop_029,trip_07068,ARR,19440,148,Outbound,0
2025-01-02,Orange,stop_030,trip_07069,DEP,19620,149,Inbound,1
2025-01-03,Red,stop_031,trip_07070,ARR,19800,150,Outbound,0
2025-01-04,Orange,stop_032,trip_07071,DEP,19980,151,Inbound,1
2025-01-05,Red,stop_033,trip_07072,ARR,20160,152,Outbound,0
2025-01-06,Orange,stop_034,trip_07073,DEP,20340,153,Inbound,1
2025-01-07,Red,stop_035,trip_07074,ARR,20520,154,Outbound,0
2025-01-08,Orange,stop_036,trip_07075,DEP,20700,155,Inbound,1
2025-01-09,Red,stop_037,trip_07076,ARR,20880,156,Outbound,0
2025-01-10,Orange,stop_038,trip_07077,DEP,21060,157,Inbound,1
2025-01-11,Red,stop_039,trip_07078,ARR,21240,158,Outbound,0
2025-01-12,Orange,stop_040,trip_07079,DEP,21420,159,Inbound,1
2025-01-13,Red,stop_001,trip_07080,ARR,18000,160,Outbound,0
2025-01-14,Orange,stop_002,trip_07081,DEP,18180,161,Inbound,1
2025-01-15,Red,stop_003,trip_07082,ARR,18360,162,Outbound,0
2025-01-16,Orange,stop_004,trip_07083,DEP,18540,163,Inbound,1
2025-01-17,Red,stop_005,trip_07084,ARR,18720,164,Outbound,0
2025-01-18,Orange,stop_006,trip_07085,DEP,18900,165,Inbound,1
2025-01-19,Red,stop_007,trip_07086,ARR,19080,166,Outbound,0
2025-01-20,Orange,stop_008,trip_07087,DEP,19260,167,Inbound,1
2025-01-21,Red,stop_009,trip_07088,ARR,19440,168,Outbound,0
2025-01-22,Orange,stop_010,trip_07089,DEP,19620,169,Inbound,1
2025-01-23,Red,stop_011,trip_07090,ARR,19800,170,Outbound,0
2025-01-24,Orange,stop_012,trip_07091,DEP,19980,171,Inbound,1
2025-01-25,Red,stop_013,trip_07092,ARR,20160,172,Outbound,0
2025-01-26,Orange,stop_014,trip_07093,DEP,20340,173,Inbound,1
2025-01-27,Red,stop_015,trip_07094,ARR,20520,174,Outbound,0
2025-01-28,Orange,stop_016,trip_07095,DEP,20700,175,Inbound,1
2025-01-29,Red,stop_017,trip_07096,ARR,20880,176,Outbound,0
2025-01-30,Orange,stop_018,trip_07097,DEP,21060,177,Inbound,1
2025-01-31,Red,stop_019,trip_07098,ARR,21240,178,Outbound,0
2025-01-01,Orange,stop_020,trip_07099,DEP,21420,179,Inbound,1
2025-01-02,Red,stop_021,trip_07100,ARR,18000,180,Outbound,0
2025-01-03,Orange,stop_022,trip_07101,DEP,18180,181,Inbound,1
2025-01-04,Red,stop_023,trip_07102,ARR,18360,182,Outbound,0
2025-01-05,Orange,stop_024,trip_07103,DEP,18540,183,Inbound,1
2025-01-06,Red,stop_025,trip_07104,ARR,18720,184,Outbound,0
2025-01-07,Orange,stop_026,trip_07105,DEP,18900,185,Inbound,1
2025-01-08,Red,stop_027,trip_07106,ARR,19080,186,Outbound,0
2025-01-09,Orange,stop_028,trip_07107,DEP,19260,187,Inbound,1
2025-01-10,Red,stop_029,trip_07108,ARR,19440,188,Outbound,0
2025-01-11,Orange,stop_030,trip_07109,DEP,19620,189,Inbound,1
2025-01-12,Red,stop_031,trip_07110,ARR,19800,190,Outbound,0
2025-01-13,Orange,stop_032,trip_07111,DEP,19980,191,Inbound,1
2025-01-14,Red,stop_033,trip_07112,ARR,20160,192,Outbound,0
2025-01-15,Orange,stop_034,trip_07113,DEP,20340,193,Inbound,1
2025-01-16,Red,stop_035,trip_07114,ARR,20520,194,Outbound,0
2025-01-17,Orange,stop_036,trip_07115,DEP,20700,195,Inbound,1
2025-01-18,Red,stop_037,trip_07116,ARR,20880,196,Outbound,0
2025-01-19,Orange,stop_038,trip_07117,DEP,21060,197,Inbound,1
2025-01-20,Red,stop_039,trip_07118,ARR,21240,198,Outbound,0
2025-01-21,Orange,stop_040,trip_07119,DEP,21420,199,Inbound,1
2025-01-22,Red,stop_001,trip_07120,ARR,18000,200,Outbound,0
2025-01-23,Orange,stop_002,trip_07121,DEP,18180,201,Inbound,1
2025-01-24,Red,stop_003,trip_07122,ARR,18360,202,Outbound,0
2025-01-25,Orange,stop_004,trip_07123,DEP,18540,203,Inbound,1
2025-01-26,Red,stop_005,trip_07124,ARR,18720,204,Outbound,0
2025-01-27,Orange,stop_006,trip_07125,DEP,18900,205,Inbound,1
2025-01-28,Red,stop_007,trip_07126,ARR,19080,206,Outbound,0
2025-01-29,Orange,stop_008,trip_07127,DEP,19260,207,Inbound,1
2025-01-30,Red,stop_009,trip_07128,ARR,19440,208,Outbound,0
2025-01-31,Orange,stop_010,trip_07129,DEP,19620,209,Inbound,1
2025-01-01,Red,stop_011,trip_07130,ARR,19800,210,Outbound,0
2025-01-02,Orange,stop_012,trip_07131,DEP,19980,211,Inbound,1
2025-01-03,Red,stop_013,trip_07132,ARR,20160,212,Outbound,0
2025-01-04,Orange,stop_014,trip_07133,DEP,20340,213,Inbound,1
2025-01-05,Red,stop_015,trip_07134,ARR,20520,214,Outbound,0
2025-01-06,Orange,stop_016,trip_07135,DEP,20700,215,Inbound,1
2025-01-07,Red,stop_017,trip_07136,ARR,20880,216,Outbound,0
2025-01-08,Orange,stop_018,trip_07137,DEP,21060,217,Inbound,1
2025-01-09,Red,stop_019,trip_07138,ARR,21240,218,Outbound,0
2025-01-10,Orange,stop_020,trip_07139,DEP,21420,219,Inbound,1
2025-01-11,Red,stop_021,trip_07140,ARR,18000,220,Outbound,0
2025-01-12,Orange,stop_022,trip_07141,DEP,18180,221,Inbound,1
2025-01-13,Red,stop_023,trip_07142,ARR,18360,222,Outbound,0
2025-01-14,Orange,stop_024,trip_07143,DEP,18540,223,Inbound,1
2025-01-15,Red,stop_025,trip_07144,ARR,18720,224,Outbound,0
2025-01-16,Orange,stop_026,trip_07145,DEP,18900,225,Inbound,1
2025-01-17,Red,stop_027,trip_07146,ARR,19080,226,Outbound,0
2025-01-18,Orange,stop_028,trip_07147,DEP,19260,227,Inbound,1
2025-01-19,Red,stop_029,trip_07148,ARR,19440,228,Outbound,0
2025-01-20,Orange,stop_030,trip_07149,DEP,19620,229,Inbound,1
2025-01-21,Red,stop_031,trip_07150,ARR,19800,230,Outbound,0
2025-01-22,Orange,stop_032,trip_07151,DEP,19980,231,Inbound,1
2025-01-23,Red,stop_033,trip_07152,ARR,20160,232,Outbound,0
2025-01-24,Orange,stop_034,trip_07153,DEP,20340,233,Inbound,1
2025-01-25,Red,stop_035,trip_07154,ARR,20520,234,Outbound,0
2025-01-26,Orange,stop_036,trip_07155,DEP,20700,235,Inbound,1
2025-01-27,Red,stop_037,trip_07156,ARR,20880,236,Outbound,0
2025-01-28,Orange,stop_038,trip_07157,DEP,21060,237,Inbound,1
2025-01-29,Red,stop_039,trip_07158,ARR,21240,238,Outbound,0
2025-01-30,Orange,stop_040,trip_07159,DEP,21420,239,Inbound,1
2025-01-31,Red,stop_001,trip_07160,ARR,18000,240,Outbound,0
2025-01-01,Orange,stop_002,trip_07161,DEP,18180,241,Inbound,1
2025-01-02,Red,stop_003,trip_07162,ARR,18360,242,Outbound,0
2025-01-03,Orange,stop_004,trip_07163,DEP,18540,243,Inbound,1
2025-01-04,Red,stop_005,trip_07164,ARR,18720,244,Outbound,0
2025-01-05,Orange,stop_006,trip_07165,DEP,18900,245,Inbound,1
2025-01-06,Red,stop_007,trip_07166,ARR,19080,246,Outbound,0
2025-01-07,Orange,stop_008,trip_07167,DEP,19260,247,Inbound,1
2025-01-08,Red,stop_009,trip_07168,ARR,19440,248,Outbound,0
2025-01-09,Orange,stop_010,trip_07169,DEP,19620,249,Inbound,1
2025-01-10,Red,stop_011,trip_07170,ARR,19800,250,Outbound,0
2025-01-11,Orange,stop_012,trip_07171,DEP,19980,251,Inbound,1
2025-01-12,Red,stop_013,trip_07172,ARR,20160,252,Outbound,0
2025-01-13,Orange,stop_014,trip_07173,DEP,20340,253,Inbound,1
2025-01-14,Red,stop_015,trip_07174,ARR,20520,254,Outbound,0
2025-01-15,Orange,stop_016,trip_07175,DEP,20700,255,Inbound,1
2025-01-16,Red,stop_017,trip_07176,ARR,20880,256,Outbound,0
2025-01-17,Orange,stop_018,trip_07177,DEP,21060,257,Inbound,1
2025-01-18,Red,stop_019,trip_07178,ARR,21240,258,Outbound,0
2025-01-19,Orange,stop_020,trip_07179,DEP,21420,259,Inbound,1
2025-01-20,Red,stop_021,trip_07180,ARR,18000,260,Outbound,0
2025-01-21,Orange,stop_022,trip_07181,DEP,18180,261,Inbound,1
2025-01-22,Red,stop_023,trip_07182,ARR,18360,262,Outbound,0
2025-01-23,Orange,stop_024,trip_07183,DEP,18540,263,Inbound,1
2025-01-24,Red,stop_025,trip_07184,ARR,18720,264,Outbound,0
2025-01-25,Orange,stop_026,trip_07185,DEP,18900,265,Inbound,1
2025-01-26,Red,stop_027,trip_07186,ARR,19080,266,Outbound,0
2025-01-27,Orange,stop_028,trip_07187,DEP,19260,267,Inbound,1
2025-01-28,Red,stop_029,trip_07188,ARR,19440,268,Outbound,0
2025-01-29,Orange,stop_030,trip_07189,DEP,19620,269,Inbound,1
2025-01-30,Red,stop_031,trip_07190,ARR,19800,270,Outbound,0
2025-01-31,Orange,stop_032,trip_07191,DEP,19980,271,Inbound,1
2025-01-01,Red,stop_033,trip_07192,ARR,20160,272,Outbound,0
2025-01-02,Orange,stop_034,trip_07193,DEP,20340,273,Inbound,1
2025-01-03,Red,stop_035,trip_07194,ARR,20520,274,Outbound,0
2025-01-04,Orange,stop_036,trip_07195,DEP,20700,275,Inbound,1
2025-01-05,Red,stop_037,trip_07196,ARR,20880,276,Outbound,0
2025-01-06,Orange,stop_038,trip_07197,DEP,21060,277,Inbound,1
2025-01-07,Red,stop_039,trip_07198,ARR,21240,278,Outbound,0
2025-01-08,Orange,stop_040,trip_07199,DEP,21420,279,Inbound,1
2025-01-09,Red,stop_001,trip_07200,ARR,18000,-120,Outbound,0
2025-01-10,Orange,stop_002,trip_07201,DEP,18180,-119,Inbound,1
2025-01-11,Red,stop_003,trip_07202,ARR,18360,-118,Outbound,0
2025-01-12,Orange,stop_004,trip_07203,DEP,18540,-117,Inbound,1
2025-01-13,Red,stop_005,trip_07204,ARR,18720,-116,Outbound,0
2025-01-14,Orange,stop_006,trip_07205,DEP,18900,-115,Inbound,1
2025-01-15,Red,stop_007,trip_07206,ARR,19080,-114,Outbound,0
2025-01-16,Orange,stop_008,trip_07207,DEP,19260,-113,Inbound,1
2025-01-17,Red,stop_009,trip_07208,ARR,19440,-112,Outbound,0
2025-01-18,Orange,stop_010,trip_07209,DEP,19620,-111,Inbound,1
2025-01-19,Red,stop_011,trip_07210,ARR,19800,-110,Outbound,0
2025-01-20,Orange,stop_012,trip_07211,DEP,19980,-109,Inbound,1
2025-01-21,Red,stop_013,trip_07212,ARR,20160,-108,Outbound,0
2025-01-22,Orange,stop_014,trip_07213,DEP,20340,-107,Inbound,1
2025-01-23,Red,stop_015,trip_07214,ARR,20520,-106,Outbound,0
2025-01-24,Orange,stop_016,trip_07215,DEP,20700,-105,Inbound,1
2025-01-25,Red,stop_017,trip_07216,ARR,20880,-104,Outbound,0
2025-01-26,Orange,stop_018,trip_07217,DEP,21060,-103,Inbound,1
2025-01-27,Red,stop_019,trip_07218,ARR,21240,-102,Outbound,0
2025-01-28,Orange,stop_020,trip_07219,DEP,21420,-101,Inbound,1
2025-01-29,Red,stop_021,trip_07220,ARR,18000,-100,Outbound,0
2025-01-30,Orange,stop_022,trip_07221,DEP,18180,-99,Inbound,1
2025-01-31,Red,stop_023,trip_07222,ARR,18360,-98,Outbound,0
2025-01-01,Orange,stop_024,trip_07223,DEP,18540,-97,Inbound,1
2025-01-02,Red,stop_025,trip_07224,ARR,18720,-96,Outbound,0
2025-01-03,Orange,stop_026,trip_07225,DEP,18900,-95,Inbound,1
2025-01-04,Red,stop_027,trip_07226,ARR,19080,-94,Outbound,0
2025-01-05,Orange,stop_028,trip_07227,DEP,19260,-93,Inbound,1
2025-01-06,Red,stop_029,trip_07228,ARR,19440,-92,Outbound,0
2025-01-07,Orange,stop_030,trip_07229,DEP,19620,-91,Inbound,1
2025-01-08,Red,stop_031,trip_07230,ARR,19800,-90,Outbound,0
2025-01-09,Orange,stop_032,trip_07231,DEP,19980,-89,Inbound,1
2025-01-10,Red,stop_033,trip_07232,ARR,20160,-88,Outbound,0
2025-01-11,Orange,stop_034,trip_07233,DEP,20340,-87,Inbound,1
2025-01-12,Red,stop_035,trip_07234,ARR,20520,-86,Outbound,0
2025-01-13,Orange,stop_036,trip_07235,DEP,20700,-85,Inbound,1
2025-01-14,Red,stop_037,trip_07236,ARR,20880,-84,Outbound,0
2025-01-15,Orange,stop_038,trip_07237,DEP,21060,-83,Inbound,1
2025-01-16,Red,stop_039,trip_07238,ARR,21240,-82,Outbound,0
2025-01-17,Orange,stop_040,trip_07239,DEP,21420,-81,Inbound,1
2025-01-18,Red,stop_001,trip_07240,ARR,18000,-80,Outbound,0
2025-01-19,Orange,stop_002,trip_07241,DEP,18180,-79,Inbound,1
2025-01-20,Red,stop_003,trip_07242,ARR,18360,-78,Outbound,0
2025-01-21,Orange,stop_004,trip_07243,DEP,18540,-77,Inbound,1
2025-01-22,Red,stop_005,trip_07244,ARR,18720,-76,Outbound,0
2025-01-23,Orange,stop_006,trip_07245,DEP,18900,-75,Inbound,1
2025-01-24,Red,stop_007,trip_07246,ARR,19080,-74,Outbound,0
2025-01-25,Orange,stop_008,trip_07247,DEP,19260,-73,Inbound,1
2025-01-26,Red,stop_009,trip_07248,ARR,19440,-72,Outbound,0
2025-01-27,Orange,stop_010,trip_07249,DEP,19620,-71,Inbound,1
2025-01-28,Red,stop_011,trip_07250,ARR,19800,-70,Outbound,0
2025-01-29,Orange,stop_012,trip_07251,DEP,19980,-69,Inbound,1
2025-01-30,Red,stop_013,trip_07252,ARR,20160,-68,Outbound,0
2025-01-31,Orange,stop_014,trip_07253,DEP,20340,-67,Inbound,1
2025-01-01,Red,stop_015,trip_07254,ARR,20520,-66,Outbound,0
2025-01-02,Orange,stop_016,trip_07255,DEP,20700,-65,Inbound,1
2025-01-03,Red,stop_017,trip_07256,ARR,20880,-64,Outbound,0
2025-01-04,Orange,stop_018,trip_07257,DEP,21060,-63,Inbound,1
2025-01-05,Red,stop_019,trip_07258,ARR,21240,-62,Outbound,0
2025-01-06,Orange,stop_020,trip_07259,DEP,21420,-61,Inbound,1
2025-01-07,Red,stop_021,trip_07260,ARR,18000,-60,Outbound,0
2025-01-08,Orange,stop_022,trip_07261,DEP,18180,-59,Inbound,1
2025-01-09,Red,stop_023,trip_07262,ARR,18360,-58,Outbound,0
2025-01-10,Orange,stop_024,trip_07263,DEP,18540,-57,Inbound,1
2025-01-11,Red,stop_025,trip_07264,ARR,18720,-56,Outbound,0
2025-01-12,Orange,stop_026,trip_07265,DEP,18900,-55,Inbound,1
2025-01-13,Red,stop_027,trip_07266,ARR,19080,-54,Outbound,0
2025-01-14,Orange,stop_028,trip_07267,DEP,19260,-53,Inbound,1
2025-01-15,Red,stop_029,trip_07268,ARR,19440,-52,Outbound,0
2025-01-16,Orange,stop_030,trip_07269,DEP,19620,-51,Inbound,1
2025-01-17,Red,stop_031,trip_07270,ARR,19800,-50,Outbound,0
2025-01-18,Orange,stop_032,trip_07271,DEP,19980,-49,Inbound,1
2025-01-19,Red,stop_033,trip_07272,ARR,20160,-48,Outbound,0
2025-01-20,Orange,stop_034,trip_07273,DEP,20340,-47,Inbound,1
2025-01-21,Red,stop_035,trip_07274,ARR,20520,-46,Outbound,0
2025-01-22,Orange,stop_036,trip_07275,DEP,20700,-45,Inbound,1
2025-01-23,Red,stop_037,trip_07276,ARR,20880,-44,Outbound,0
2025-01-24,Orange,stop_038,trip_07277,DEP,21060,-43,Inbound,1
2025-01-25,Red,stop_039,trip_07278,ARR,21240,-42,Outbound,0
2025-01-26,Orange,stop_040,trip_07279,DEP,21420,-41,Inbound,1
2025-01-27,Red,stop_001,trip_07280,ARR,18000,-40,Outbound,0
2025-01-28,Orange,stop_002,trip_07281,DEP,18180,-39,Inbound,1
2025-01-29,Red,stop_003,trip_07282,ARR,18360,-38,Outbound,0
2025-01-30,Orange,stop_004,trip_07283,DEP,18540,-37,Inbound,1
2025-01-31,Red,stop_005,trip_07284,ARR,18720,-36,Outbound,0
2025-01-01,Orange,stop_006,trip_07285,DEP,18900,-35,Inbound,1
2025-01-02,Red,stop_007,trip_07286,ARR,19080,-34,Outbound,0
2025-01-03,Orange,stop_008,trip_07287,DEP,19260,-33,Inbound,1
2025-01-04,Red,stop_009,trip_07288,ARR,19440,-32,Outbound,0
2025-01-05,Orange,stop_010,trip_07289,DEP,19620,-31,Inbound,1
2025-01-06,Red,stop_011,trip_07290,ARR,19800,-30,Outbound,0
2025-01-07,Orange,stop_012,trip_07291,DEP,19980,-29,Inbound,1
2025-01-08,Red,stop_013,trip_07292,ARR,20160,-28,Outbound,0
2025-01-09,Orange,stop_014,trip_07293,DEP,20340,-27,Inbound,1
2025-01-10,Red,stop_015,trip_07294,ARR,20520,-26,Outbound,0
2025-01-11,Orange,stop_016,trip_07295,DEP,20700,-25,Inbound,1
2025-01-12,Red,stop_017,trip_07296,ARR,20880,-24,Outbound,0
2025-01-13,Orange,stop_018,trip_07297,DEP,21060,-23,Inbound,1
2025-01-14,Red,stop_019,trip_07298,ARR,21240,-22,Outbound,0
2025-01-15,Orange,stop_020,trip_07299,DEP,21420,-21,Inbound,1
2025-01-16,Red,stop_021,trip_07300,ARR,18000,-20,Outbound,0
2025-01-17,Orange,stop_022,trip_07301,DEP,18180,-19,Inbound,1
2025-01-18,Red,stop_023,trip_07302,ARR,18360,-18,Outbound,0
2025-01-19,Orange,stop_024,trip_07303,DEP,18540,-17,Inbound,1
2025-01-20,Red,stop_025,trip_07304,ARR,18720,-16,Outbound,0
2025-01-21,Orange,stop_026,trip_07305,DEP,18900,-15,Inbound,1
2025-01-22,Red,stop_027,trip_07306,ARR,19080,-14,Outbound,0
2025-01-23,Orange,stop_028,trip_07307,DEP,19260,-13,Inbound,1
2025-01-24,Red,stop_029,trip_07308,ARR,19440,-12,Outbound,0
2025-01-25,Orange,stop_030,trip_07309,DEP,19620,-11,Inbound,1
2025-01-26,Red,stop_031,trip_07310,ARR,19800,-10,Outbound,0
2025-01-27,Orange,stop_032,trip_07311,DEP,19980,-9,Inbound,1
2025-01-28,Red,stop_033,trip_07312,ARR,20160,-8,Outbound,0
2025-01-29,Orange,stop_034,trip_07313,DEP,20340,-7,Inbound,1
2025-01-30,Red,stop_035,trip_07314,ARR,20520,-6,Outbound,0
2025-01-31,Orange,stop_036,trip_07315,DEP,20700,-5,Inbound,1
2025-01-01,Red,stop_037,trip_07316,ARR,20880,-4,Outbound,0
2025-01-02,Orange,stop_038,trip_07317,DEP,21060,-3,Inbound,1
2025-01-03,Red,stop_039,trip_07318,ARR,21240,-2,Outbound,0
2025-01-04,Orange,stop_040,trip_07319,DEP,21420,-1,Inbound,1
2025-01-05,Red,stop_001,trip_07320,ARR,18000,0,Outbound,0
2025-01-06,Orange,stop_002,trip_07321,DEP,18180,1,Inbound,1
2025-01-07,Red,stop_003,trip_07322,ARR,18360,2,Outbound,0
2025-01-08,Orange,stop_004,trip_07323,DEP,18540,3,Inbound,1
2025-01-09,Red,stop_005,trip_07324,ARR,18720,4,Outbound,0
2025-01-10,Orange,stop_006,trip_07325,DEP,18900,5,Inbound,1
2025-01-11,Red,stop_007,trip_07326,ARR,19080,6,Outbound,0
2025-01-12,Orange,stop_008,trip_07327,DEP,19260,7,Inbound,1
2025-01-13,Red,stop_009,trip_07328,ARR,19440,8,Outbound,0
2025-01-14,Orange,stop_010,trip_07329,DEP,19620,9,Inbound,1
2025-01-15,Red,stop_011,trip_07330,ARR,19800,10,Outbound,0
2025-01-16,Orange,stop_012,trip_07331,DEP,19980,11,Inbound,1
2025-01-17,Red,stop_013,trip_07332,ARR,20160,12,Outbound,0
2025-01-18,Orange,stop_014,trip_07333,DEP,20340,13,Inbound,1
2025-01-19,Red,stop_015,trip_07334,ARR,20520,14,Outbound,0
2025-01-20,Orange,stop_016,trip_07335,DEP,20700,15,Inbound,1
2025-01-21,Red,stop_017,trip_07336,ARR,20880,16,Outbound,0
2025-01-22,Orange,stop_018,trip_07337,DEP,21060,17,Inbound,1
2025-01-23,Red,stop_019,trip_07338,ARR,21240,18,Outbound,0
2025-01-24,Orange,stop_020,trip_07339,DEP,21420,19,Inbound,1
2025-01-25,Red,stop_021,trip_07340,ARR,18000,20,Outbound,0
2025-01-26,Orange,stop_022,trip_07341,DEP,18180,21,Inbound,1
2025-01-27,Red,stop_023,trip_07342,ARR,18360,22,Outbound,0
2025-01-28,Orange,stop_024,trip_07343,DEP,18540,23,Inbound,1
2025-01-29,Red,stop_025,trip_07344,ARR,18720,24,Outbound,0
2025-01-30,Orange,stop_026,trip_07345,DEP,18900,25,Inbound,1
2025-01-31,Red,stop_027,trip_07346,ARR,19080,26,Outbound,0
2025-01-01,Orange,stop_028,trip_07347,DEP,19260,27,Inbound,1
2025-01-02,Red,stop_029,trip_07348,ARR,19440,28,Outbound,0
2025-01-03,Orange,stop_030,trip_07349,DEP,19620,29,Inbound,1
2025-01-04,Red,stop_031,trip_07350,ARR,19800,30,Outbound,0
2025-01-05,Orange,stop_032,trip_07351,DEP,19980,31,Inbound,1
2025-01-06,Red,stop_033,trip_07352,ARR,20160,32,Outbound,0
2025-01-07,Orange,stop_034,trip_07353,DEP,20340,33,Inbound,1
2025-01-08,Red,stop_035,trip_07354,ARR,20520,34,Outbound,0
2025-01-09,Orange,stop_036,trip_07355,DEP,20700,35,Inbound,1
2025-01-10,Red,stop_037,trip_07356,ARR,20880,36,Outbound,0
2025-01-11,Orange,stop_038,trip_07357,DEP,21060,37,Inbound,1
2025-01-12,Red,stop_039,trip_07358,ARR,21240,38,Outbound,0
2025-01-13,Orange,stop_040,trip_07359,DEP,21420,39,Inbound,1
2025-01-14,Red,stop_001,trip_07360,ARR,18000,40,Outbound,0
2025-01-15,Orange,stop_002,trip_07361,DEP,18180,41,Inbound,1
2025-01-16,Red,stop_003,trip_07362,ARR,18360,42,Outbound,0
2025-01-17,Orange,stop_004,trip_07363,DEP,18540,43,Inbound,1
2025-01-18,Red,stop_005,trip_07364,ARR,18720,44,Outbound,0
2025-01-19,Orange,stop_006,trip_07365,DEP,18900,45,Inbound,1
2025-01-20,Red,stop_007,trip_07366,ARR,19080,46,Outbound,0
2025-01-21,Orange,stop_008,trip_07367,DEP,19260,47,Inbound,1
2025-01-22,Red,stop_009,trip_07368,ARR,19440,48,Outbound,0
2025-01-23,Orange,stop_010,trip_07369,DEP,19620,49,Inbound,1
2025-01-24,Red,stop_011,trip_07370,ARR,19800,50,Outbound,0
2025-01-25,Orange,stop_012,trip_07371,DEP,19980,51,Inbound,1
2025-01-26,Red,stop_013,trip_07372,ARR,20160,52,Outbound,0
2025-01-27,Orange,stop_014,trip_07373,DEP,20340,53,Inbound,1
2025-01-28,Red,stop_015,trip_07374,ARR,20520,54,Outbound,0
2025-01-29,Orange,stop_016,trip_07375,DEP,20700,55,Inbound,1
2025-01-30,Red,stop_017,trip_07376,ARR,20880,56,Outbound,0
2025-01-31,Orange,stop_018,trip_07377,DEP,21060,57,Inbound,1
2025-01-01,Red,stop_019,trip_07378,ARR,21240,58,Outbound,0
2025-01-02,Orange,stop_020,trip_07379,DEP,21420,59,Inbound,1
2025-01-03,Red,stop_021,trip_07380,ARR,18000,60,Outbound,0
2025-01-04,Orange,stop_022,trip_07381,DEP,18180,61,Inbound,1
2025-01-05,Red,stop_023,trip_07382,ARR,18360,62,Outbound,0
2025-01-06,Orange,stop_024,trip_07383,DEP,18540,63,Inbound,1
2025-01-07,Red,stop_025,trip_07384,ARR,18720,64,Outbound,0
2025-01-08,Orange,stop_026,trip_07385,DEP,18900,65,Inbound,1
2025-01-09,Red,stop_027,trip_07386,ARR,19080,66,Outbound,0
2025-01-10,Orange,stop_028,trip_07387,DEP,19260,67,Inbound,1
2025-01-11,Red,stop_029,trip_07388,ARR,19440,68,Outbound,0
2025-01-12,Orange,stop_030,trip_07389,DEP,19620,69,Inbound,1
2025-01-13,Red,stop_031,trip_07390,ARR,19800,70,Outbound,0
2025-01-14,Orange,stop_032,trip_07391,DEP,19980,71,Inbound,1
2025-01-15,Red,stop_033,trip_07392,ARR,20160,72,Outbound,0
2025-01-16,Orange,stop_034,trip_07393,DEP,20340,73,Inbound,1
2025-01-17,Red,stop_035,trip_07394,ARR,20520,74,Outbound,0
2025-01-18,Orange,stop_036,trip_07395,DEP,20700,75,Inbound,1
2025-01-19,Red,stop_037,trip_07396,ARR,20880,76,Outbound,0
2025-01-20,Orange,stop_038,trip_07397,DEP,21060,77,Inbound,1
2025-01-21,Red,stop_039,trip_07398,ARR,21240,78,Outbound,0
2025-01-22,Orange,stop_040,trip_07399,DEP,21420,79,Inbound,1
2025-01-23,Red,stop_001,trip_07400,ARR,18000,80,Outbound,0
2025-01-24,Orange,stop_002,trip_07401,DEP,18180,81,Inbound,1
2025-01-25,Red,stop_003,trip_07402,ARR,18360,82,Outbound,0
2025-01-26,Orange,stop_004,trip_07403,DEP,18540,83,Inbound,1
2025-01-27,Red,stop_005,trip_07404,ARR,18720,84,Outbound,0
2025-01-28,Orange,stop_006,trip_07405,DEP,18900,85,Inbound,1
2025-01-29,Red,stop_007,trip_07406,ARR,19080,86,Outbound,0
2025-01-30,Orange,stop_008,trip_07407,DEP,19260,87,Inbound,1
2025-01-31,Red,stop_009,trip_07408,ARR,19440,88,Outbound,0
2025-01-01,Orange,stop_010,trip_07409,DEP,19620,89,Inbound,1
2025-01-02,Red,stop_011,trip_07410,ARR,19800,90,Outbound,0
2025-01-03,Orange,stop_012,trip_07411,DEP,19980,91,Inbound,1
2025-01-04,Red,stop_013,trip_07412,ARR,20160,92,Outbound,0
2025-01-05,Orange,stop_014,trip_07413,DEP,20340,93,Inbound,1
2025-01-06,Red,stop_015,trip_07414,ARR,20520,94,Outbound,0
2025-01-07,Orange,stop_016,trip_07415,DEP,20700,95,Inbound,1
2025-01-08,Red,stop_017,trip_07416,ARR,20880,96,Outbound,0
2025-01-09,Orange,stop_018,trip_07417,DEP,21060,97,Inbound,1
2025-01-10,Red,stop_019,trip_07418,ARR,21240,98,Outbound,0
2025-01-11,Orange,stop_020,trip_07419,DEP,21420,99,Inbound,1
2025-01-12,Red,stop_021,trip_07420,ARR,18000,100,Outbound,0
2025-01-13,Orange,stop_022,trip_07421,DEP,18180,101,Inbound,1
2025-01-14,Red,stop_023,trip_07422,ARR,18360,102,Outbound,0
2025-01-15,Orange,stop_024,trip_07423,DEP,18540,103,Inbound,1
2025-01-16,Red,stop_025,trip_07424,ARR,18720,104,Outbound,0
2025-01-17,Orange,stop_026,trip_07425,DEP,18900,105,Inbound,1
2025-01-18,Red,stop_027,trip_07426,ARR,19080,106,Outbound,0
2025-01-19,Orange,stop_028,trip_07427,DEP,19260,107,Inbound,1
2025-01-20,Red,stop_029,trip_07428,ARR,19440,108,Outbound,0
2025-01-21,Orange,stop_030,trip_07429,DEP,19620,109,Inbound,1
2025-01-22,Red,stop_031,trip_07430,ARR,19800,110,Outbound,0
2025-01-23,Orange,stop_032,trip_07431,DEP,19980,111,Inbound,1
2025-01-24,Red,stop_033,trip_07432,ARR,20160,112,Outbound,0
2025-01-25,Orange,stop_034,trip_07433,DEP,20340,113,Inbound,1
2025-01-26,Red,stop_035,trip_07434,ARR,20520,114,Outbound,0
2025-01-27,Orange,stop_036,trip_07435,DEP,20700,115,Inbound,1
2025-01-28,Red,stop_037,trip_07436,ARR,20880,116,Outbound,0
2025-01-29,Orange,stop_038,trip_07437,DEP,21060,117,Inbound,1
2025-01-30,Red,stop_039,trip_07438,ARR,21240,118,Outbound,0
2025-01-31,Orange,stop_040,trip_07439,DEP,21420,119,Inbound,1
2025-01-01,Red,stop_001,trip_07440,ARR,18000,120,Outbound,0
2025-01-02,Orange,stop_002,trip_07441,DEP,18180,121,Inbound,1
2025-01-03,Red,stop_003,trip_07442,ARR,18360,122,Outbound,0
2025-01-04,Orange,stop_004,trip_07443,DEP,18540,123,Inbound,1
2025-01-05,Red,stop_005,trip_07444,ARR,18720,124,Outbound,0
2025-01-06,Orange,stop_006,trip_07445,DEP,18900,125,Inbound,1
2025-01-07,Red,stop_007,trip_07446,ARR,19080,126,Outbound,0
2025-01-08,Orange,stop_008,trip_07447,DEP,19260,127,Inbound,1
2025-01-09,Red,stop_009,trip_07448,ARR,19440,128,Outbound,0
2025-01-10,Orange,stop_010,trip_07449,DEP,19620,129,Inbound,1
2025-01-11,Red,stop_011,trip_07450,ARR,19800,130,Outbound,0
2025-01-12,Orange,stop_012,trip_07451,DEP,19980,131,Inbound,1
2025-01-13,Red,stop_013,trip_07452,ARR,20160,132,Outbound,0
2025-01-14,Orange,stop_014,trip_07453,DEP,20340,133,Inbound,1
2025-01-15,Red,stop_015,trip_07454,ARR,20520,134,Outbound,0
2025-01-16,Orange,stop_016,trip_07455,DEP,20700,135,Inbound,1
2025-01-17,Red,stop_017,trip_07456,ARR,20880,136,Outbound,0
2025-01-18,Orange,stop_018,trip_07457,DEP,21060,137,Inbound,1
2025-01-19,Red,stop_019,trip_07458,ARR,21240,138,Outbound,0
2025-01-20,Orange,stop_020,trip_07459,DEP,21420,139,Inbound,1
2025-01-21,Red,stop_021,trip_07460,ARR,18000,140,Outbound,0
2025-01-22,Orange,stop_022,trip_07461,DEP,18180,141,Inbound,1
2025-01-23,Red,stop_023,trip_07462,ARR,18360,142,Outbound,0
2025-01-24,Orange,stop_024,trip_07463,DEP,18540,143,Inbound,1
2025-01-25,Red,stop_025,trip_07464,ARR,18720,144,Outbound,0
2025-01-26,Orange,stop_026,trip_07465,DEP,18900,145,Inbound,1
2025-01-27,Red,stop_027,trip_07466,ARR,19080,146,Outbound,0
2025-01-28,Orange,stop_028,trip_07467,DEP,19260,147,Inbound,1
2025-01-29,Red,stop_029,trip_07468,ARR,19440,148,Outbound,0
2025-01-30,Orange,stop_030,trip_07469,DEP,19620,149,Inbound,1
2025-01-31,Red,stop_031,trip_07470,ARR,19800,150,Outbound,0
2025-01-01,Orange,stop_032,trip_07471,DEP,19980,151,Inbound,1
2025-01-02,Red,stop_033,trip_07472,ARR,20160,152,Outbound,0
2025-01-03,Orange,stop_034,trip_07473,DEP,20340,153,Inbound,1
2025-01-04,Red,stop_035,trip_07474,ARR,20520,154,Outbound,0
2025-01-05,Orange,stop_036,trip_07475,DEP,20700,155,Inbound,1
2025-01-06,Red,stop_037,trip_07476,ARR,20880,156,Outbound,0
2025-01-07,Orange,stop_038,trip_07477,DEP,21060,157,Inbound,1
2025-01-08,Red,stop_039,trip_07478,ARR,21240,158,Outbound,0
2025-01-09,Orange,stop_040,trip_07479,DEP,21420,159,Inbound,1
2025-01-10,Red,stop_001,trip_07480,ARR,18000,160,Outbound,0
2025-01-11,Orange,stop_002,trip_07481,DEP,18180,161,Inbound,1
2025-01-12,Red,stop_003,trip_07482,ARR,18360,162,Outbound,0
2025-01-13,Orange,stop_004,trip_07483,DEP,18540,163,Inbound,1
2025-01-14,Red,stop_005,trip_07484,ARR,18720,164,Outbound,0
2025-01-15,Orange,stop_006,trip_07485,DEP,18900,165,Inbound,1
2025-01-16,Red,stop_007,trip_07486,ARR,19080,166,Outbound,0
2025-01-17,Orange,stop_008,trip_07487,DEP,19260,167,Inbound,1
2025-01-18,Red,stop_009,trip_07488,ARR,19440,168,Outbound,0
2025-01-19,Orange,stop_010,trip_07489,DEP,19620,169,Inbound,1
2025-01-20,Red,stop_011,trip_07490,ARR,19800,170,Outbound,0
2025-01-21,Orange,stop_012,trip_07491,DEP,19980,171,Inbound,1
2025-01-22,Red,stop_013,trip_07492,ARR,20160,172,Outbound,0
2025-01-23,Orange,stop_014,trip_07493,DEP,20340,173,Inbound,1
2025-01-24,Red,stop_015,trip_07494,ARR,20520,174,Outbound,0
2025-01-25,Orange,stop_016,trip_07495,DEP,20700,175,Inbound,1
2025-01-26,Red,stop_017,trip_07496,ARR,20880,176,Outbound,0
2025-01-27,Orange,stop_018,trip_07497,DEP,21060,177,Inbound,1
2025-01-28,Red,stop_019,trip_07498,ARR,21240,178,Outbound,0
2025-01-29,Orange,stop_020,trip_07499,DEP,21420,179,Inbound,1
2025-01-30,Red,stop_021,trip_07500,ARR,18000,180,Outbound,0
2025-01-31,Orange,stop_022,trip_07501,DEP,18180,181,Inbound,1
2025-01-01,Red,stop_023,trip_07502,ARR,18360,182,Outbound,0
2025-01-02,Orange,stop_024,trip_07503,DEP,18540,183,Inbound,1
2025-01-03,Red,stop_025,trip_07504,ARR,18720,184,Outbound,0
2025-01-04,Orange,stop_026,trip_07505,DEP,18900,185,Inbound,1
2025-01-05,Red,stop_027,trip_07506,ARR,19080,186,Outbound,0
2025-01-06,Orange,stop_028,trip_07507,DEP,19260,187,Inbound,1
2025-01-07,Red,stop_029,trip_07508,ARR,19440,188,Outbound,0
2025-01-08,Orange,stop_030,trip_07509,DEP,19620,189,Inbound,1
2025-01-09,Red,stop_031,trip_07510,ARR,19800,190,Outbound,0
2025-01-10,Orange,stop_032,trip_07511,DEP,19980,191,Inbound,1
2025-01-11,Red,stop_033,trip_07512,ARR,20160,192,Outbound,0
2025-01-12,Orange,stop_034,trip_07513,DEP,20340,193,Inbound,1
2025-01-13,Red,stop_035,trip_07514,ARR,20520,194,Outbound,0
2025-01-14,Orange,stop_036,trip_07515,DEP,20700,195,Inbound,1
2025-01-15,Red,stop_037,trip_07516,ARR,20880,196,Outbound,0
2025-01-16,Orange,stop_038,trip_07517,DEP,21060,197,Inbound,1
2025-01-17,Red,stop_039,trip_07518,ARR,21240,198,Outbound,0
2025-01-18,Orange,stop_040,trip_07519,DEP,21420,199,Inbound,1
2025-01-19,Red,stop_001,trip_07520,ARR,18000,200,Outbound,0
2025-01-20,Orange,stop_002,trip_07521,DEP,18180,201,Inbound,1
2025-01-21,Red,stop_003,trip_07522,ARR,18360,202,Outbound,0
2025-01-22,Orange,stop_004,trip_07523,DEP,18540,203,Inbound,1
2025-01-23,Red,stop_005,trip_07524,ARR,18720,204,Outbound,0
2025-01-24,Orange,stop_006,trip_07525,DEP,18900,205,Inbound,1
2025-01-25,Red,stop_007,trip_07526,ARR,19080,206,Outbound,0
2025-01-26,Orange,stop_008,trip_07527,DEP,19260,207,Inbound,1
2025-01-27,Red,stop_009,trip_07528,ARR,19440,208,Outbound,0
2025-01-28,Orange,stop_010,trip_07529,DEP,19620,209,Inbound,1
2025-01-29,Red,stop_011,trip_07530,ARR,19800,210,Outbound,0
2025-01-30,Orange,stop_012,trip_07531,DEP,19980,211,Inbound,1
2025-01-31,Red,stop_013,trip_07532,ARR,20160,212,Outbound,0
2025-01-01,Orange,stop_014,trip_07533,DEP,20340,213,Inbound,1
2025-01-02,Red,stop_015,trip_07534,ARR,20520,214,Outbound,0
2025-01-03,Orange,stop_016,trip_07535,DEP,20700,215,Inbound,1
2025-01-04,Red,stop_017,trip_07536,ARR,20880,216,Outbound,0
2025-01-05,Orange,stop_018,trip_07537,DEP,21060,217,Inbound,1
2025-01-06,Red,stop_019,trip_07538,ARR,21240,218,Outbound,0
2025-01-07,Orange,stop_020,trip_07539,DEP,21420,219,Inbound,1
2025-01-08,Red,stop_021,trip_07540,ARR,18000,220,Outbound,0
2025-01-09,Orange,stop_022,trip_07541,DEP,18180,221,Inbound,1
2025-01-10,Red,stop_023,trip_07542,ARR,18360,222,Outbound,0
2025-01-11,Orange,stop_024,trip_07543,DEP,18540,223,Inbound,1
2025-01-12,Red,stop_025,trip_07544,ARR,18720,224,Outbound,0
2025-01-13,Orange,stop_026,trip_07545,DEP,18900,225,Inbound,1
2025-01-14,Red,stop_027,trip_07546,ARR,19080,226,Outbound,0
2025-01-15,Orange,stop_028,trip_07547,DEP,19260,227,Inbound,1
2025-01-16,Red,stop_029,trip_07548,ARR,19440,228,Outbound,0
2025-01-17,Orange,stop_030,trip_07549,DEP,19620,229,Inbound,1
2025-01-18,Red,stop_031,trip_07550,ARR,19800,230,Outbound,0
2025-01-19,Orange,stop_032,trip_07551,DEP,19980,231,Inbound,1
2025-01-20,Red,stop_033,trip_07552,ARR,20160,232,Outbound,0
2025-01-21,Orange,stop_034,trip_07553,DEP,20340,233,Inbound,1
2025-01-22,Red,stop_035,trip_07554,ARR,20520,234,Outbound,0
2025-01-23,Orange,stop_036,trip_07555,DEP,20700,235,Inbound,1
2025-01-24,Red,stop_037,trip_07556,ARR,20880,236,Outbound,0
2025-01-25,Orange,stop_038,trip_07557,DEP,21060,237,Inbound,1
2025-01-26,Red,stop_039,trip_07558,ARR,21240,238,Outbound,0
2025-01-27,Orange,stop_040,trip_07559,DEP,21420,239,Inbound,1
2025-01-28,Red,stop_001,trip_07560,ARR,18000,240,Outbound,0
2025-01-29,Orange,stop_002,trip_07561,DEP,18180,241,Inbound,1
2025-01-30,Red,stop_003,trip_07562,ARR,18360,242,Outbound,0
2025-01-31,Orange,stop_004,trip_07563,DEP,18540,243,Inbound,1
2025-01-01,Red,stop_005,trip_07564,ARR,18720,244,Outbound,0
2025-01-02,Orange,stop_006,trip_07565,DEP,18900,245,Inbound,1
2025-01-03,Red,stop_007,trip_07566,ARR,19080,246,Outbound,0
2025-01-04,Orange,stop_008,trip_07567,DEP,19260,247,Inbound,1
2025-01-05,Red,stop_009,trip_07568,ARR,19440,248,Outbound,0
2025-01-06,Orange,stop_010,trip_07569,DEP,19620,249,Inbound,1
2025-01-07,Red,stop_011,trip_07570,ARR,19800,250,Outbound,0
2025-01-08,Orange,stop_012,trip_07571,DEP,19980,251,Inbound,1
2025-01-09,Red,stop_013,trip_07572,ARR,20160,252,Outbound,0
2025-01-10,Orange,stop_014,trip_07573,DEP,20340,253,Inbound,1
2025-01-11,Red,stop_015,trip_07574,ARR,20520,254,Outbound,0
2025-01-12,Orange,stop_016,trip_07575,DEP,20700,255,Inbound,1
2025-01-13,Red,stop_017,trip_07576,ARR,20880,256,Outbound,0
2025-01-14,Orange,stop_018,trip_07577,DEP,21060,257,Inbound,1
2025-01-15,Red,stop_019,trip_07578,ARR,21240,258,Outbound,0
2025-01-16,Orange,stop_020,trip_07579,DEP,21420,259,Inbound,1
2025-01-17,Red,stop_021,trip_07580,ARR,18000,260,Outbound,0
2025-01-18,Orange,stop_022,trip_07581,DEP,18180,261,Inbound,1
2025-01-19,Red,stop_023,trip_07582,ARR,18360,262,Outbound,0
2025-01-20,Orange,stop_024,trip_07583,DEP,18540,263,Inbound,1
2025-01-21,Red,stop_025,trip_07584,ARR,18720,264,Outbound,0
2025-01-22,Orange,stop_026,trip_07585,DEP,18900,265,Inbound,1
2025-01-23,Red,stop_027,trip_07586,ARR,19080,266,Outbound,0
2025-01-24,Orange,stop_028,trip_07587,DEP,19260,267,Inbound,1
2025-01-25,Red,stop_029,trip_07588,ARR,19440,268,Outbound,0
2025-01-26,Orange,stop_030,trip_07589,DEP,19620,269,Inbound,1
2025-01-27,Red,stop_031,trip_07590,ARR,19800,270,Outbound,0
2025-01-28,Orange,stop_032,trip_07591,DEP,19980,271,Inbound,1
2025-01-29,Red,stop_033,trip_07592,ARR,20160,272,Outbound,0
2025-01-30,Orange,stop_034,trip_07593,DEP,20340,273,Inbound,1
2025-01-31,Red,stop_035,trip_07594,ARR,20520,274,Outbound,0
2025-01-01,Orange,stop_036,trip_07595,DEP,20700,275,Inbound,1
2025-01-02,Red,stop_037,trip_07596,ARR,20880,276,Outbound,0
2025-01-03,Orange,stop_038,trip_07597,DEP,21060,277,Inbound,1
2025-01-04,Red,stop_039,trip_07598,ARR,21240,278,Outbound,0
2025-01-05,Orange,stop_040,trip_07599,DEP,21420,279,Inbound,1
2025-01-06,Red,stop_001,trip_07600,ARR,18000,-120,Outbound,0
2025-01-07,Orange,stop_002,trip_07601,DEP,18180,-119,Inbound,1
2025-01-08,Red,stop_003,trip_07602,ARR,18360,-118,Outbound,0
2025-01-09,Orange,stop_004,trip_07603,DEP,18540,-117,Inbound,1
2025-01-10,Red,stop_005,trip_07604,ARR,18720,-116,Outbound,0
2025-01-11,Orange,stop_006,trip_07605,DEP,18900,-115,Inbound,1
2025-01-12,Red,stop_007,trip_07606,ARR,19080,-114,Outbound,0
2025-01-13,Orange,stop_008,trip_07607,DEP,19260,-113,Inbound,1
2025-01-14,Red,stop_009,trip_07608,ARR,19440,-112,Outbound,0
2025-01-15,Orange,stop_010,trip_07609,DEP,19620,-111,Inbound,1
2025-01-16,Red,stop_011,trip_07610,ARR,19800,-110,Outbound,0
2025-01-17,Orange,stop_012,trip_07611,DEP,19980,-109,Inbound,1
2025-01-18,Red,stop_013,trip_07612,ARR,20160,-108,Outbound,0
2025-01-19,Orange,stop_014,trip_07613,DEP,20340,-107,Inbound,1
2025-01-20,Red,stop_015,trip_07614,ARR,20520,-106,Outbound,0
2025-01-21,Orange,stop_016,trip_07615,DEP,20700,-105,Inbound,1
2025-01-22,Red,stop_017,trip_07616,ARR,20880,-104,Outbound,0
2025-01-23,Orange,stop_018,trip_07617,DEP,21060,-103,Inbound,1
2025-01-24,Red,stop_019,trip_07618,ARR,21240,-102,Outbound,0
2025-01-25,Orange,stop_020,trip_07619,DEP,21420,-101,Inbound,1
2025-01-26,Red,stop_021,trip_07620,ARR,18000,-100,Outbound,0
2025-01-27,Orange,stop_022,trip_07621,DEP,18180,-99,Inbound,1
2025-01-28,Red,stop_023,trip_07622,ARR,18360,-98,Outbound,0
2025-01-29,Orange,stop_024,trip_07623,DEP,18540,-97,Inbound,1
2025-01-30,Red,stop_025,trip_07624,ARR,18720,-96,Outbound,0
2025-01-31,Orange,stop_026,trip_07625,DEP,18900,-95,Inbound,1
2025-01-01,Red,stop_027,trip_07626,ARR,19080,-94,Outbound,0
2025-01-02,Orange,stop_028,trip_07627,DEP,19260,-93,Inbound,1
2025-01-03,Red,stop_029,trip_07628,ARR,19440,-92,Outbound,0
2025-01-04,Orange,stop_030,trip_07629,DEP,19620,-91,Inbound,1
2025-01-05,Red,stop_031,trip_07630,ARR,19800,-90,Outbound,0
2025-01-06,Orange,stop_032,trip_07631,DEP,19980,-89,Inbound,1
2025-01-07,Red,stop_033,trip_07632,ARR,20160,-88,Outbound,0
2025-01-08,Orange,stop_034,trip_07633,DEP,20340,-87,Inbound,1
2025-01-09,Red,stop_035,trip_07634,ARR,20520,-86,Outbound,0
2025-01-10,Orange,stop_036,trip_07635,DEP,20700,-85,Inbound,1
2025-01-11,Red,stop_037,trip_07636,ARR,20880,-84,Outbound,0
2025-01-12,Orange,stop_038,trip_07637,DEP,21060,-83,Inbound,1
2025-01-13,Red,stop_039,trip_07638,ARR,21240,-82,Outbound,0
2025-01-14,Orange,stop_040,trip_07639,DEP,21420,-81,Inbound,1
2025-01-15,Red,stop_001,trip_07640,ARR,18000,-80,Outbound,0
2025-01-16,Orange,stop_002,trip_07641,DEP,18180,-79,Inbound,1
2025-01-17,Red,stop_003,trip_07642,ARR,18360,-78,Outbound,0
2025-01-18,Orange,stop_004,trip_07643,DEP,18540,-77,Inbound,1
2025-01-19,Red,stop_005,trip_07644,ARR,18720,-76,Outbound,0
2025-01-20,Orange,stop_006,trip_07645,DEP,18900,-75,Inbound,1
2025-01-21,Red,stop_007,trip_07646,ARR,19080,-74,Outbound,0
2025-01-22,Orange,stop_008,trip_07647,DEP,19260,-73,Inbound,1
2025-01-23,Red,stop_009,trip_07648,ARR,19440,-72,Outbound,0
2025-01-24,Orange,stop_010,trip_07649,DEP,19620,-71,Inbound,1
2025-01-25,Red,stop_011,trip_07650,ARR,19800,-70,Outbound,0
2025-01-26,Orange,stop_012,trip_07651,DEP,19980,-69,Inbound,1
2025-01-27,Red,stop_013,trip_07652,ARR,20160,-68,Outbound,0
2025-01-28,Orange,stop_014,trip_07653,DEP,20340,-67,Inbound,1
2025-01-29,Red,stop_015,trip_07654,ARR,20520,-66,Outbound,0
2025-01-30,Orange,stop_016,trip_07655,DEP,20700,-65,Inbound,1
2025-01-31,Red,stop_017,trip_07656,ARR,20880,-64,Outbound,0
2025-01-01,Orange,stop_018,trip_07657,DEP,21060,-63,Inbound,1
2025-01-02,Red,stop_019,trip_07658,ARR,21240,-62,Outbound,0
2025-01-03,Orange,stop_020,trip_07659,DEP,21420,-61,Inbound,1
2025-01-04,Red,stop_021,trip_07660,ARR,18000,-60,Outbound,0
2025-01-05,Orange,stop_022,trip_07661,DEP,18180,-59,Inbound,1
2025-01-06,Red,stop_023,trip_07662,ARR,18360,-58,Outbound,0
2025-01-07,Orange,stop_024,trip_07663,DEP,18540,-57,Inbound,1
2025-01-08,Red,stop_025,trip_07664,ARR,18720,-56,Outbound,0
2025-01-09,Orange,stop_026,trip_07665,DEP,18900,-55,Inbound,1
2025-01-10,Red,stop_027,trip_07666,ARR,19080,-54,Outbound,0
2025-01-11,Orange,stop_028,trip_07667,DEP,19260,-53,Inbound,1
2025-01-12,Red,stop_029,trip_07668,ARR,19440,-52,Outbound,0
2025-01-13,Orange,stop_030,trip_07669,DEP,19620,-51,Inbound,1
2025-01-14,Red,stop_031,trip_07670,ARR,19800,-50,Outbound,0
2025-01-15,Orange,stop_032,trip_07671,DEP,19980,-49,Inbound,1
2025-01-16,Red,stop_033,trip_07672,ARR,20160,-48,Outbound,0
2025-01-17,Orange,stop_034,trip_07673,DEP,20340,-47,Inbound,1
2025-01-18,Red,stop_035,trip_07674,ARR,20520,-46,Outbound,0
2025-01-19,Orange,stop_036,trip_07675,DEP,20700,-45,Inbound,1
2025-01-20,Red,stop_037,trip_07676,ARR,20880,-44,Outbound,0
2025-01-21,Orange,stop_038,trip_07677,DEP,21060,-43,Inbound,1
2025-01-22,Red,stop_039,trip_07678,ARR,21240,-42,Outbound,0
2025-01-23,Orange,stop_040,trip_07679,DEP,21420,-41,Inbound,1
2025-01-24,Red,stop_001,trip_07680,ARR,18000,-40,Outbound,0
2025-01-25,Orange,stop_002,trip_07681,DEP,18180,-39,Inbound,1
2025-01-26,Red,stop_003,trip_07682,ARR,18360,-38,Outbound,0
2025-01-27,Orange,stop_004,trip_07683,DEP,18540,-37,Inbound,1
2025-01-28,Red,stop_005,trip_07684,ARR,18720,-36,Outbound,0
2025-01-29,Orange,stop_006,trip_07685,DEP,18900,-35,Inbound,1
2025-01-30,Red,stop_007,trip_07686,ARR,19080,-34,Outbound,0
2025-01-31,Orange,stop_008,trip_07687,DEP,19260,-33,Inbound,1
2025-01-01,Red,stop_009,trip_07688,ARR,19440,-32,Outbound,0
2025-01-02,Orange,stop_010,trip_07689,DEP,19620,-31,Inbound,1
2025-01-03,Red,stop_011,trip_07690,ARR,19800,-30,Outbound,0
2025-01-04,Orange,stop_012,trip_07691,DEP,19980,-29,Inbound,1
2025-01-05,Red,stop_013,trip_07692,ARR,20160,-28,Outbound,0
2025-01-06,Orange,stop_014,trip_07693,DEP,20340,-27,Inbound,1
2025-01-07,Red,stop_015,trip_07694,ARR,20520,-26,Outbound,0
2025-01-08,Orange,stop_016,trip_07695,DEP,20700,-25,Inbound,1
2025-01-09,Red,stop_017,trip_07696,ARR,20880,-24,Outbound,0
2025-01-10,Orange,stop_018,trip_07697,DEP,21060,-23,Inbound,1
2025-01-11,Red,stop_019,trip_07698,ARR,21240,-22,Outbound,0
2025-01-12,Orange,stop_020,trip_07699,DEP,21420,-21,Inbound,1
2025-01-13,Red,stop_021,trip_07700,ARR,18000,-20,Outbound,0
2025-01-14,Orange,stop_022,trip_07701,DEP,18180,-19,Inbound,1
2025-01-15,Red,stop_023,trip_07702,ARR,18360,-18,Outbound,0
2025-01-16,Orange,stop_024,trip_07703,DEP,18540,-17,Inbound,1
2025-01-17,Red,stop_025,trip_07704,ARR,18720,-16,Outbound,0
2025-01-18,Orange,stop_026,trip_07705,DEP,18900,-15,Inbound,1
2025-01-19,Red,stop_027,trip_07706,ARR,19080,-14,Outbound,0
2025-01-20,Orange,stop_028,trip_07707,DEP,19260,-13,Inbound,1
2025-01-21,Red,stop_029,trip_07708,ARR,19440,-12,Outbound,0
2025-01-22,Orange,stop_030,trip_07709,DEP,19620,-11,Inbound,1
2025-01-23,Red,stop_031,trip_07710,ARR,19800,-10,Outbound,0
2025-01-24,Orange,stop_032,trip_07711,DEP,19980,-9,Inbound,1
2025-01-25,Red,stop_033,trip_07712,ARR,20160,-8,Outbound,0
2025-01-26,Orange,stop_034,trip_07713,DEP,20340,-7,Inbound,1
2025-01-27,Red,stop_035,trip_07714,ARR,20520,-6,Outbound,0
2025-01-28,Orange,stop_036,trip_07715,DEP,20700,-5,Inbound,1
2025-01-29,Red,stop_037,trip_07716,ARR,20880,-4,Outbound,0
2025-01-30,Orange,stop_038,trip_07717,DEP,21060,-3,Inbound,1
2025-01-31,Red,stop_039,trip_07718,ARR,21240,-2,Outbound,0
2025-01-01,Orange,stop_040,trip_07719,DEP,21420,-1,Inbound,1
2025-01-02,Red,stop_001,trip_07720,ARR,18000,0,Outbound,0
2025-01-03,Orange,stop_002,trip_07721,DEP,18180,1,Inbound,1
2025-01-04,Red,stop_003,trip_07722,ARR,18360,2,Outbound,0
2025-01-05,Orange,stop_004,trip_07723,DEP,18540,3,Inbound,1
2025-01-06,Red,stop_005,trip_07724,ARR,18720,4,Outbound,0
2025-01-07,Orange,stop_006,trip_07725,DEP,18900,5,Inbound,1
2025-01-08,Red,stop_007,trip_07726,ARR,19080,6,Outbound,0
2025-01-09,Orange,stop_008,trip_07727,DEP,19260,7,Inbound,1
2025-01-10,Red,stop_009,trip_07728,ARR,19440,8,Outbound,0
2025-01-11,Orange,stop_010,trip_07729,DEP,19620,9,Inbound,1
2025-01-12,Red,stop_011,trip_07730,ARR,19800,10,Outbound,0
2025-01-13,Orange,stop_012,trip_07731,DEP,19980,11,Inbound,1
2025-01-14,Red,stop_013,trip_07732,ARR,20160,12,Outbound,0
2025-01-15,Orange,stop_014,trip_07733,DEP,20340,13,Inbound,1
2025-01-16,Red,stop_015,trip_07734,ARR,20520,14,Outbound,0
2025-01-17,Orange,stop_016,trip_07735,DEP,20700,15,Inbound,1
2025-01-18,Red,stop_017,trip_07736,ARR,20880,16,Outbound,0
2025-01-19,Orange,stop_018,trip_07737,DEP,21060,17,Inbound,1
2025-01-20,Red,stop_019,trip_07738,ARR,21240,18,Outbound,0
2025-01-21,Orange,stop_020,trip_07739,DEP,21420,19,Inbound,1
2025-01-22,Red,stop_021,trip_07740,ARR,18000,20,Outbound,0
2025-01-23,Orange,stop_022,trip_07741,DEP,18180,21,Inbound,1
2025-01-24,Red,stop_023,trip_07742,ARR,18360,22,Outbound,0
2025-01-25,Orange,stop_024,trip_07743,DEP,18540,23,Inbound,1
2025-01-26,Red,stop_025,trip_07744,ARR,18720,24,Outbound,0
2025-01-27,Orange,stop_026,trip_07745,DEP,18900,25,Inbound,1
2025-01-28,Red,stop_027,trip_07746,ARR,19080,26,Outbound,0
2025-01-29,Orange,stop_028,trip_07747,DEP,19260,27,Inbound,1
2025-01-30,Red,stop_029,trip_07748,ARR,19440,28,Outbound,0
2025-01-31,Orange,stop_030,trip_07749,DEP,19620,29,Inbound,1
2025-01-01,Red,stop_031,trip_07750,ARR,19800,30,Outbound,0
2025-01-02,Orange,stop_032,trip_07751,DEP,19980,31,Inbound,1
2025-01-03,Red,stop_033,trip_07752,ARR,20160,32,Outbound,0
2025-01-04,Orange,stop_034,trip_07753,DEP,20340,33,Inbound,1
2025-01-05,Red,stop_035,trip_07754,ARR,20520,34,Outbound,0
2025-01-06,Orange,stop_036,trip_07755,DEP,20700,35,Inbound,1
2025-01-07,Red,stop_037,trip_07756,ARR,20880,36,Outbound,0
2025-01-08,Orange,stop_038,trip_07757,DEP,21060,37,Inbound,1
2025-01-09,Red,stop_039,trip_07758,ARR,21240,38,Outbound,0
2025-01-10,Orange,stop_040,trip_07759,DEP,21420,39,Inbound,1
2025-01-11,Red,stop_001,trip_07760,ARR,18000,40,Outbound,0
2025-01-12,Orange,stop_002,trip_07761,DEP,18180,41,Inbound,1
2025-01-13,Red,stop_003,trip_07762,ARR,18360,42,Outbound,0
2025-01-14,Orange,stop_004,trip_07763,DEP,18540,43,Inbound,1
2025-01-15,Red,stop_005,trip_07764,ARR,18720,44,Outbound,0
2025-01-16,Orange,stop_006,trip_07765,DEP,18900,45,Inbound,1
2025-01-17,Red,stop_007,trip_07766,ARR,19080,46,Outbound,0
2025-01-18,Orange,stop_008,trip_07767,DEP,19260,47,Inbound,1
2025-01-19,Red,stop_009,trip_07768,ARR,19440,48,Outbound,0
2025-01-20,Orange,stop_010,trip_07769,DEP,19620,49,Inbound,1
2025-01-21,Red,stop_011,trip_07770,ARR,19800,50,Outbound,0
2025-01-22,Orange,stop_012,trip_07771,DEP,19980,51,Inbound,1
2025-01-23,Red,stop_013,trip_07772,ARR,20160,52,Outbound,0
2025-01-24,Orange,stop_014,trip_07773,DEP,20340,53,Inbound,1
2025-01-25,Red,stop_015,trip_07774,ARR,20520,54,Outbound,0
2025-01-26,Orange,stop_016,trip_07775,DEP,20700,55,Inbound,1
2025-01-27,Red,stop_017,trip_07776,ARR,20880,56,Outbound,0
2025-01-28,Orange,stop_018,trip_07777,DEP,21060,57,Inbound,1
2025-01-29,Red,stop_019,trip_07778,ARR,21240,58,Outbound,0
2025-01-30,Orange,stop_020,trip_07779,DEP,21420,59,Inbound,1
2025-01-31,Red,stop_021,trip_07780,ARR,18000,60,Outbound,0
2025-01-01,Orange,stop_022,trip_07781,DEP,18180,61,Inbound,1
2025-01-02,Red,stop_023,trip_07782,ARR,18360,62,Outbound,0
2025-01-03,Orange,stop_024,trip_07783,DEP,18540,63,Inbound,1
2025-01-04,Red,stop_025,trip_07784,ARR,18720,64,Outbound,0
2025-01-05,Orange,stop_026,trip_07785,DEP,18900,65,Inbound,1
2025-01-06,Red,stop_027,trip_07786,ARR,19080,66,Outbound,0
2025-01-07,Orange,stop_028,trip_07787,DEP,19260,67,Inbound,1
2025-01-08,Red,stop_029,trip_07788,ARR,19440,68,Outbound,0
2025-01-09,Orange,stop_030,trip_07789,DEP,19620,69,Inbound,1
2025-01-10,Red,stop_031,trip_07790,ARR,19800,70,Outbound,0
2025-01-11,Orange,stop_032,trip_07791,DEP,19980,71,Inbound,1
2025-01-12,Red,stop_033,trip_07792,ARR,20160,72,Outbound,0
2025-01-13,Orange,stop_034,trip_07793,DEP,20340,73,Inbound,1
2025-01-14,Red,stop_035,trip_07794,ARR,20520,74,Outbound,0
2025-01-15,Orange,stop_036,trip_07795,DEP,20700,75,Inbound,1
2025-01-16,Red,stop_037,trip_07796,ARR,20880,76,Outbound,0
2025-01-17,Orange,stop_038,trip_07797,DEP,21060,77,Inbound,1
2025-01-18,Red,stop_039,trip_07798,ARR,21240,78,Outbound,0
2025-01-19,Orange,stop_040,trip_07799,DEP,21420,79,Inbound,1
2025-01-20,Red,stop_001,trip_07800,ARR,18000,80,Outbound,0
2025-01-21,Orange,stop_002,trip_07801,DEP,18180,81,Inbound,1
2025-01-22,Red,stop_003,trip_07802,ARR,18360,82,Outbound,0
2025-01-23,Orange,stop_004,trip_07803,DEP,18540,83,Inbound,1
2025-01-24,Red,stop_005,trip_07804,ARR,18720,84,Outbound,0
2025-01-25,Orange,stop_006,trip_07805,DEP,18900,85,Inbound,1
2025-01-26,Red,stop_007,trip_07806,ARR,19080,86,Outbound,0
2025-01-27,Orange,stop_008,trip_07807,DEP,19260,87,Inbound,1
2025-01-28,Red,stop_009,trip_07808,ARR,19440,88,Outbound,0
2025-01-29,Orange,stop_010,trip_07809,DEP,19620,89,Inbound,1
2025-01-30,Red,stop_011,trip_07810,ARR,19800,90,Outbound,0
2025-01-31,Orange,stop_012,trip_07811,DEP,19980,91,Inbound,1
2025-01-01,Red,stop_013,trip_07812,ARR,20160,92,Outbound,0
2025-01-02,Orange,stop_014,trip_07813,DEP,20340,93,Inbound,1
2025-01-03,Red,stop_015,trip_07814,ARR,20520,94,Outbound,0
2025-01-04,Orange,stop_016,trip_07815,DEP,20700,95,Inbound,1
2025-01-05,Red,stop_017,trip_07816,ARR,20880,96,Outbound,0
2025-01-06,Orange,stop_018,trip_07817,DEP,21060,97,Inbound,1
2025-01-07,Red,stop_019,trip_07818,ARR,21240,98,Outbound,0
2025-01-08,Orange,stop_020,trip_07819,DEP,21420,99,Inbound,1
2025-01-09,Red,stop_021,trip_07820,ARR,18000,100,Outbound,0
2025-01-10,Orange,stop_022,trip_07821,DEP,18180,101,Inbound,1
2025-01-11,Red,stop_023,trip_07822,ARR,18360,102,Outbound,0
2025-01-12,Orange,stop_024,trip_07823,DEP,18540,103,Inbound,1
2025-01-13,Red,stop_025,trip_07824,ARR,18720,104,Outbound,0
2025-01-14,Orange,stop_026,trip_07825,DEP,18900,105,Inbound,1
2025-01-15,Red,stop_027,trip_07826,ARR,19080,106,Outbound,0
2025-01-16,Orange,stop_028,trip_07827,DEP,19260,107,Inbound,1
2025-01-17,Red,stop_029,trip_07828,ARR,19440,108,Outbound,0
2025-01-18,Orange,stop_030,trip_07829,DEP,19620,109,Inbound,1
2025-01-19,Red,stop_031,trip_07830,ARR,19800,110,Outbound,0
2025-01-20,Orange,stop_032,trip_07831,DEP,19980,111,Inbound,1
2025-01-21,Red,stop_033,trip_07832,ARR,20160,112,Outbound,0
2025-01-22,Orange,stop_034,trip_07833,DEP,20340,113,Inbound,1
2025-01-23,Red,stop_035,trip_07834,ARR,20520,114,Outbound,0
2025-01-24,Orange,stop_036,trip_07835,DEP,20700,115,Inbound,1
2025-01-25,Red,stop_037,trip_07836,ARR,20880,116,Outbound,0
2025-01-26,Orange,stop_038,trip_07837,DEP,21060,117,Inbound,1
2025-01-27,Red,stop_039,trip_07838,ARR,21240,118,Outbound,0
2025-01-28,Orange,stop_040,trip_07839,DEP,21420,119,Inbound,1
2025-01-29,Red,stop_001,trip_07840,ARR,18000,120,Outbound,0
2025-01-30,Orange,stop_002,trip_07841,DEP,18180,121,Inbound,1
2025-01-31,Red,stop_003,trip_07842,ARR,18360,122,Outbound,0
2025-01-01,Orange,stop_004,trip_07843,DEP,18540,123,Inbound,1
2025-01-02,Red,stop_005,trip_07844,ARR,18720,124,Outbound,0
2025-01-03,Orange,stop_006,trip_07845,DEP,18900,125,Inbound,1
2025-01-04,Red,stop_007,trip_07846,ARR,19080,126,Outbound,0
2025-01-05,Orange,stop_008,trip_07847,DEP,19260,127,Inbound,1
2025-01-06,Red,stop_009,trip_07848,ARR,19440,128,Outbound,0
2025-01-07,Orange,stop_010,trip_07849,DEP,19620,129,Inbound,1
2025-01-08,Red,stop_011,trip_07850,ARR,19800,130,Outbound,0
2025-01-09,Orange,stop_012,trip_07851,DEP,19980,131,Inbound,1
2025-01-10,Red,stop_013,trip_07852,ARR,20160,132,Outbound,0
2025-01-11,Orange,stop_014,trip_07853,DEP,20340,133,Inbound,1
2025-01-12,Red,stop_015,trip_07854,ARR,20520,134,Outbound,0
2025-01-13,Orange,stop_016,trip_07855,DEP,20700,135,Inbound,1
2025-01-14,Red,stop_017,trip_07856,ARR,20880,136,Outbound,0
2025-01-15,Orange,stop_018,trip_07857,DEP,21060,137,Inbound,1
2025-01-16,Red,stop_019,trip_07858,ARR,21240,138,Outbound,0
2025-01-17,Orange,stop_020,trip_07859,DEP,21420,139,Inbound,1
2025-01-18,Red,stop_021,trip_07860,ARR,18000,140,Outbound,0
2025-01-19,Orange,stop_022,trip_07861,DEP,18180,141,Inbound,1
2025-01-20,Red,stop_023,trip_07862,ARR,18360,142,Outbound,0
2025-01-21,Orange,stop_024,trip_07863,DEP,18540,143,Inbound,1
2025-01-22,Red,stop_025,trip_07864,ARR,18720,144,Outbound,0
2025-01-23,Orange,stop_026,trip_07865,DEP,18900,145,Inbound,1
2025-01-24,Red,stop_027,trip_07866,ARR,19080,146,Outbound,0
2025-01-25,Orange,stop_028,trip_07867,DEP,19260,147,Inbound,1
2025-01-26,Red,stop_029,trip_07868,ARR,19440,148,Outbound,0
2025-01-27,Orange,stop_030,trip_07869,DEP,19620,149,Inbound,1
2025-01-28,Red,stop_031,trip_07870,ARR,19800,150,Outbound,0
2025-01-29,Orange,stop_032,trip_07871,DEP,19980,151,Inbound,1
2025-01-30,Red,stop_033,trip_07872,ARR,20160,152,Outbound,0
2025-01-31,Orange,stop_034,trip_07873,DEP,20340,153,Inbound,1
2025-01-01,Red,stop_035,trip_07874,ARR,20520,154,Outbound,0
2025-01-02,Orange,stop_036,trip_07875,DEP,20700,155,Inbound,1
2025-01-03,Red,stop_037,trip_07876,ARR,20880,156,Outbound,0
2025-01-04,Orange,stop_038,trip_07877,DEP,21060,157,Inbound,1
2025-01-05,Red,stop_039,trip_07878,ARR,21240,158,Outbound,0
2025-01-06,Orange,stop_040,trip_07879,DEP,21420,159,Inbound,1
2025-01-07,Red,stop_001,trip_07880,ARR,18000,160,Outbound,0
2025-01-08,Orange,stop_002,trip_07881,DEP,18180,161,Inbound,1
2025-01-09,Red,stop_003,trip_07882,ARR,18360,162,Outbound,0
2025-01-10,Orange,stop_004,trip_07883,DEP,18540,163,Inbound,1
2025-01-11,Red,stop_005,trip_07884,ARR,18720,164,Outbound,0
2025-01-12,Orange,stop_006,trip_07885,DEP,18900,165,Inbound,1
2025-01-13,Red,stop_007,trip_07886,ARR,19080,166,Outbound,0
2025-01-14,Orange,stop_008,trip_07887,DEP,19260,167,Inbound,1
2025-01-15,Red,stop_009,trip_07888,ARR,19440,168,Outbound,0
2025-01-16,Orange,stop_010,trip_07889,DEP,19620,169,Inbound,1
2025-01-17,Red,stop_011,trip_07890,ARR,19800,170,Outbound,0
2025-01-18,Orange,stop_012,trip_07891,DEP,19980,171,Inbound,1
2025-01-19,Red,stop_013,trip_07892,ARR,20160,172,Outbound,0
2025-01-20,Orange,stop_014,trip_07893,DEP,20340,173,Inbound,1
2025-01-21,Red,stop_015,trip_07894,ARR,20520,174,Outbound,0
2025-01-22,Orange,stop_016,trip_07895,DEP,20700,175,Inbound,1
2025-01-23,Red,stop_017,trip_07896,ARR,20880,176,Outbound,0
2025-01-24,Orange,stop_018,trip_07897,DEP,21060,177,Inbound,1
2025-01-25,Red,stop_019,trip_07898,ARR,21240,178,Outbound,0
2025-01-26,Orange,stop_020,trip_07899,DEP,21420,179,Inbound,1
2025-01-27,Red,stop_021,trip_07900,ARR,18000,180,Outbound,0
2025-01-28,Orange,stop_022,trip_07901,DEP,18180,181,Inbound,1
2025-01-29,Red,stop_023,trip_07902,ARR,18360,182,Outbound,0
2025-01-30,Orange,stop_024,trip_07903,DEP,18540,183,Inbound,1
2025-01-31,Red,stop_025,trip_07904,ARR,18720,184,Outbound,0
2025-01-01,Orange,stop_026,trip_07905,DEP,18900,185,Inbound,1
2025-01-02,Red,stop_027,trip_07906,ARR,19080,186,Outbound,0
2025-01-03,Orange,stop_028,trip_07907,DEP,19260,187,Inbound,1
2025-01-04,Red,stop_029,trip_07908,ARR,19440,188,Outbound,0
2025-01-05,Orange,stop_030,trip_07909,DEP,19620,189,Inbound,1
2025-01-06,Red,stop_031,trip_07910,ARR,19800,190,Outbound,0
2025-01-07,Orange,stop_032,trip_07911,DEP,19980,191,Inbound,1
2025-01-08,Red,stop_033,trip_07912,ARR,20160,192,Outbound,0
2025-01-09,Orange,stop_034,trip_07913,DEP,20340,193,Inbound,1
2025-01-10,Red,stop_035,trip_07914,ARR,20520,194,Outbound,0
2025-01-11,Orange,stop_036,trip_07915,DEP,20700,195,Inbound,1
2025-01-12,Red,stop_037,trip_07916,ARR,20880,196,Outbound,0
2025-01-13,Orange,stop_038,trip_07917,DEP,21060,197,Inbound,1
2025-01-14,Red,stop_039,trip_07918,ARR,21240,198,Outbound,0
2025-01-15,Orange,stop_040,trip_07919,DEP,21420,199,Inbound,1
2025-01-16,Red,stop_001,trip_07920,ARR,18000,200,Outbound,0
2025-01-17,Orange,stop_002,trip_07921,DEP,18180,201,Inbound,1
2025-01-18,Red,stop_003,trip_07922,ARR,18360,202,Outbound,0
2025-01-19,Orange,stop_004,trip_07923,DEP,18540,203,Inbound,1
2025-01-20,Red,stop_005,trip_07924,ARR,18720,204,Outbound,0
2025-01-21,Orange,stop_006,trip_07925,DEP,18900,205,Inbound,1
2025-01-22,Red,stop_007,trip_07926,ARR,19080,206,Outbound,0
2025-01-23,Orange,stop_008,trip_07927,DEP,19260,207,Inbound,1
2025-01-24,Red,stop_009,trip_07928,ARR,19440,208,Outbound,0
2025-01-25,Orange,stop_010,trip_07929,DEP,19620,209,Inbound,1
2025-01-26,Red,stop_011,trip_07930,ARR,19800,210,Outbound,0
2025-01-27,Orange,stop_012,trip_07931,DEP,19980,211,Inbound,1
2025-01-28,Red,stop_013,trip_07932,ARR,20160,212,Outbound,0
2025-01-29,Orange,stop_014,trip_07933,DEP,20340,213,Inbound,1
2025-01-30,Red,stop_015,trip_07934,ARR,20520,214,Outbound,0
2025-01-31,Orange,stop_016,trip_07935,DEP,20700,215,Inbound,1
2025-01-01,Red,stop_017,trip_07936,ARR,20880,216,Outbound,0
2025-01-02,Orange,stop_018,trip_07937,DEP,21060,217,Inbound,1
2025-01-03,Red,stop_019,trip_07938,ARR,21240,218,Outbound,0
2025-01-04,Orange,stop_020,trip_07939,DEP,21420,219,Inbound,1
2025-01-05,Red,stop_021,trip_07940,ARR,18000,220,Outbound,0
2025-01-06,Orange,stop_022,trip_07941,DEP,18180,221,Inbound,1
2025-01-07,Red,stop_023,trip_07942,ARR,18360,222,Outbound,0
2025-01-08,Orange,stop_024,trip_07943,DEP,18540,223,Inbound,1
2025-01-09,Red,stop_025,trip_07944,ARR,18720,224,Outbound,0
2025-01-10,Orange,stop_026,trip_07945,DEP,18900,225,Inbound,1
2025-01-11,Red,stop_027,trip_07946,ARR,19080,226,Outbound,0
2025-01-12,Orange,stop_028,trip_07947,DEP,19260,227,Inbound,1
2025-01-13,Red,stop_029,trip_07948,ARR,19440,228,Outbound,0
2025-01-14,Orange,stop_030,trip_07949,DEP,19620,229,Inbound,1
2025-01-15,Red,stop_031,trip_07950,ARR,19800,230,Outbound,0
2025-01-16,Orange,stop_032,trip_07951,DEP,19980,231,Inbound,1
2025-01-17,Red,stop_033,trip_07952,ARR,20160,232,Outbound,0
2025-01-18,Orange,stop_034,trip_07953,DEP,20340,233,Inbound,1
2025-01-19,Red,stop_035,trip_07954,ARR,20520,234,Outbound,0
2025-01-20,Orange,stop_036,trip_07955,DEP,20700,235,Inbound,1
2025-01-21,Red,stop_037,trip_07956,ARR,20880,236,Outbound,0
2025-01-22,Orange,stop_038,trip_07957,DEP,21060,237,Inbound,1
2025-01-23,Red,stop_039,trip_07958,ARR,21240,238,Outbound,0
2025-01-24,Orange,stop_040,trip_07959,DEP,21420,239,Inbound,1
2025-01-25,Red,stop_001,trip_07960,ARR,18000,240,Outbound,0
2025-01-26,Orange,stop_002,trip_07961,DEP,18180,241,Inbound,1
2025-01-27,Red,stop_003,trip_07962,ARR,18360,242,Outbound,0
2025-01-28,Orange,stop_004,trip_07963,DEP,18540,243,Inbound,1
2025-01-29,Red,stop_005,trip_07964,ARR,18720,244,Outbound,0
2025-01-30,Orange,stop_006,trip_07965,DEP,18900,245,Inbound,1
2025-01-31,Red,stop_007,trip_07966,ARR,19080,246,Outbound,0
2025-01-01,Orange,stop_008,trip_07967,DEP,19260,247,Inbound,1
2025-01-02,Red,stop_009,trip_07968,ARR,19440,248,Outbound,0
2025-01-03,Orange,stop_010,trip_07969,DEP,19620,249,Inbound,1
2025-01-04,Red,stop_011,trip_07970,ARR,19800,250,Outbound,0
2025-01-05,Orange,stop_012,trip_07971,DEP,19980,251,Inbound,1
2025-01-06,Red,stop_013,trip_07972,ARR,20160,252,Outbound,0
2025-01-07,Orange,stop_014,trip_07973,DEP,20340,253,Inbound,1
2025-01-08,Red,stop_015,trip_07974,ARR,20520,254,Outbound,0
2025-01-09,Orange,stop_016,trip_07975,DEP,20700,255,Inbound,1
2025-01-10,Red,stop_017,trip_07976,ARR,20880,256,Outbound,0
2025-01-11,Orange,stop_018,trip_07977,DEP,21060,257,Inbound,1
2025-01-12,Red,stop_019,trip_07978,ARR,21240,258,Outbound,0
2025-01-13,Orange,stop_020,trip_07979,DEP,21420,259,Inbound,1
2025-01-14,Red,stop_021,trip_07980,ARR,18000,260,Outbound,0
2025-01-15,Orange,stop_022,trip_07981,DEP,18180,261,Inbound,1
2025-01-16,Red,stop_023,trip_07982,ARR,18360,262,Outbound,0
2025-01-17,Orange,stop_024,trip_07983,DEP,18540,263,Inbound,1
2025-01-18,Red,stop_025,trip_07984,ARR,18720,264,Outbound,0
2025-01-19,Orange,stop_026,trip_07985,DEP,18900,265,Inbound,1
2025-01-20,Red,stop_027,trip_07986,ARR,19080,266,Outbound,0
2025-01-21,Orange,stop_028,trip_07987,DEP,19260,267,Inbound,1
2025-01-22,Red,stop_029,trip_07988,ARR,19440,268,Outbound,0
2025-01-23,Orange,stop_030,trip_07989,DEP,19620,269,Inbound,1
2025-01-24,Red,stop_031,trip_07990,ARR,19800,270,Outbound,0
2025-01-25,Orange,stop_032,trip_07991,DEP,19980,271,Inbound,1
2025-01-26,Red,stop_033,trip_07992,ARR,20160,272,Outbound,0
2025-01-27,Orange,stop_034,trip_07993,DEP,20340,273,Inbound,1
2025-01-28,Red,stop_035,trip_07994,ARR,20520,274,Outbound,0
2025-01-29,Orange,stop_036,trip_07995,DEP,20700,275,Inbound,1
2025-01-30,Red,stop_037,trip_07996,ARR,20880,276,Outbound,0
2025-01-31,Orange,stop_038,trip_07997,DEP,21060,277,Inbound,1
2025-01-01,Red,stop_039,trip_07998,ARR,21240,278,Outbound,0
2025-01-02,Orange,stop_040,trip_07999,DEP,21420,279,Inbound,1
2025-01-03,Red,stop_001,trip_08000,ARR,18000,-120,Outbound,0
2025-01-04,Orange,stop_002,trip_08001,DEP,18180,-119,Inbound,1
2025-01-05,Red,stop_003,trip_08002,ARR,18360,-118,Outbound,0
2025-01-06,Orange,stop_004,trip_08003,DEP,18540,-117,Inbound,1
2025-01-07,Red,stop_005,trip_08004,ARR,18720,-116,Outbound,0
2025-01-08,Orange,stop_006,trip_08005,DEP,18900,-115,Inbound,1
2025-01-09,Red,stop_007,trip_08006,ARR,19080,-114,Outbound,0
2025-01-10,Orange,stop_008,trip_08007,DEP,19260,-113,Inbound,1
2025-01-11,Red,stop_009,trip_08008,ARR,19440,-112,Outbound,0
2025-01-12,Orange,stop_010,trip_08009,DEP,19620,-111,Inbound,1
2025-01-13,Red,stop_011,trip_08010,ARR,19800,-110,Outbound,0
2025-01-14,Orange,stop_012,trip_08011,DEP,19980,-109,Inbound,1
2025-01-15,Red,stop_013,trip_08012,ARR,20160,-108,Outbound,0
2025-01-16,Orange,stop_014,trip_08013,DEP,20340,-107,Inbound,1
2025-01-17,Red,stop_015,trip_08014,ARR,20520,-106,Outbound,0
2025-01-18,Orange,stop_016,trip_08015,DEP,20700,-105,Inbound,1
2025-01-19,Red,stop_017,trip_08016,ARR,20880,-104,Outbound,0
2025-01-20,Orange,stop_018,trip_08017,DEP,21060,-103,Inbound,1
2025-01-21,Red,stop_019,trip_08018,ARR,21240,-102,Outbound,0
2025-01-22,Orange,stop_020,trip_08019,DEP,21420,-101,Inbound,1
2025-01-23,Red,stop_021,trip_08020,ARR,18000,-100,Outbound,0
2025-01-24,Orange,stop_022,trip_08021,DEP,18180,-99,Inbound,1
2025-01-25,Red,stop_023,trip_08022,ARR,18360,-98,Outbound,0
2025-01-26,Orange,stop_024,trip_08023,DEP,18540,-97,Inbound,1
2025-01-27,Red,stop_025,trip_08024,ARR,18720,-96,Outbound,0
2025-01-28,Orange,stop_026,trip_08025,DEP,18900,-95,Inbound,1
2025-01-29,Red,stop_027,trip_08026,ARR,19080,-94,Outbound,0
2025-01-30,Orange,stop_028,trip_08027,DEP,19260,-93,Inbound,1
2025-01-31,Red,stop_029,trip_08028,ARR,19440,-92,Outbound,0
2025-01-01,Orange,stop_030,trip_08029,DEP,19620,-91,Inbound,1
2025-01-02,Red,stop_031,trip_08030,ARR,19800,-90,Outbound,0
2025-01-03,Orange,stop_032,trip_08031,DEP,19980,-89,Inbound,1
2025-01-04,Red,stop_033,trip_08032,ARR,20160,-88,Outbound,0
2025-01-05,Orange,stop_034,trip_08033,DEP,20340,-87,Inbound,1
2025-01-06,Red,stop_035,trip_08034,ARR,20520,-86,Outbound,0
2025-01-07,Orange,stop_036,trip_08035,DEP,20700,-85,Inbound,1
2025-01-08,Red,stop_037,trip_08036,ARR,20880,-84,Outbound,0
2025-01-09,Orange,stop_038,trip_08037,DEP,21060,-83,Inbound,1
2025-01-10,Red,stop_039,trip_08038,ARR,21240,-82,Outbound,0
2025-01-11,Orange,stop_040,trip_08039,DEP,21420,-81,Inbound,1
2025-01-12,Red,stop_001,trip_08040,ARR,18000,-80,Outbound,0
2025-01-13,Orange,stop_002,trip_08041,DEP,18180,-79,Inbound,1
2025-01-14,Red,stop_003,trip_08042,ARR,18360,-78,Outbound,0
2025-01-15,Orange,stop_004,trip_08043,DEP,18540,-77,Inbound,1
2025-01-16,Red,stop_005,trip_08044,ARR,18720,-76,Outbound,0
2025-01-17,Orange,stop_006,trip_08045,DEP,18900,-75,Inbound,1
2025-01-18,Red,stop_007,trip_08046,ARR,19080,-74,Outbound,0
2025-01-19,Orange,stop_008,trip_08047,DEP,19260,-73,Inbound,1
2025-01-20,Red,stop_009,trip_08048,ARR,19440,-72,Outbound,0
2025-01-21,Orange,stop_010,trip_08049,DEP,19620,-71,Inbound,1
2025-01-22,Red,stop_011,trip_08050,ARR,19800,-70,Outbound,0
2025-01-23,Orange,stop_012,trip_08051,DEP,19980,-69,Inbound,1
2025-01-24,Red,stop_013,trip_08052,ARR,20160,-68,Outbound,0
2025-01-25,Orange,stop_014,trip_08053,DEP,20340,-67,Inbound,1
2025-01-26,Red,stop_015,trip_08054,ARR,20520,-66,Outbound,0
2025-01-27,Orange,stop_016,trip_08055,DEP,20700,-65,Inbound,1
2025-01-28,Red,stop_017,trip_08056,ARR,20880,-64,Outbound,0
2025-01-29,Orange,stop_018,trip_08057,DEP,21060,-63,Inbound,1
2025-01-30,Red,stop_019,trip_08058,ARR,21240,-62,Outbound,0
2025-01-31,Orange,stop_020,trip_08059,DEP,21420,-61,Inbound,1
2025-01-01,Red,stop_021,trip_08060,ARR,18000,-60,Outbound,0
2025-01-02,Orange,stop_022,trip_08061,DEP,18180,-59,Inbound,1
2025-01-03,Red,stop_023,trip_08062,ARR,18360,-58,Outbound,0
2025-01-04,Orange,stop_024,trip_08063,DEP,18540,-57,Inbound,1
2025-01-05,Red,stop_025,trip_08064,ARR,18720,-56,Outbound,0
2025-01-06,Orange,stop_026,trip_08065,DEP,18900,-55,Inbound,1
2025-01-07,Red,stop_027,trip_08066,ARR,19080,-54,Outbound,0
2025-01-08,Orange,stop_028,trip_08067,DEP,19260,-53,Inbound,1
2025-01-09,Red,stop_029,trip_08068,ARR,19440,-52,Outbound,0
2025-01-10,Orange,stop_030,trip_08069,DEP,19620,-51,Inbound,1
2025-01-11,Red,stop_031,trip_08070,ARR,19800,-50,Outbound,0
2025-01-12,Orange,stop_032,trip_08071,DEP,19980,-49,Inbound,1
2025-01-13,Red,stop_033,trip_08072,ARR,20160,-48,Outbound,0
2025-01-14,Orange,stop_034,trip_08073,DEP,20340,-47,Inbound,1
2025-01-15,Red,stop_035,trip_08074,ARR,20520,-46,Outbound,0
2025-01-16,Orange,stop_036,trip_08075,DEP,20700,-45,Inbound,1
2025-01-17,Red,stop_037,trip_08076,ARR,20880,-44,Outbound,0
2025-01-18,Orange,stop_038,trip_08077,DEP,21060,-43,Inbound,1
2025-01-19,Red,stop_039,trip_08078,ARR,21240,-42,Outbound,0
2025-01-20,Orange,stop_040,trip_08079,DEP,21420,-41,Inbound,1
2025-01-21,Red,stop_001,trip_08080,ARR,18000,-40,Outbound,0
2025-01-22,Orange,stop_002,trip_08081,DEP,18180,-39,Inbound,1
2025-01-23,Red,stop_003,trip_08082,ARR,18360,-38,Outbound,0
2025-01-24,Orange,stop_004,trip_08083,DEP,18540,-37,Inbound,1
2025-01-25,Red,stop_005,trip_08084,ARR,18720,-36,Outbound,0
2025-01-26,Orange,stop_006,trip_08085,DEP,18900,-35,Inbound,1
2025-01-27,Red,stop_007,trip_08086,ARR,19080,-34,Outbound,0
2025-01-28,Orange,stop_008,trip_08087,DEP,19260,-33,Inbound,1
2025-01-29,Red,stop_009,trip_08088,ARR,19440,-32,Outbound,0
2025-01-30,Orange,stop_010,trip_08089,DEP,19620,-31,Inbound,1
2025-01-31,Red,stop_011,trip_08090,ARR,19800,-30,Outbound,0
2025-01-01,Orange,stop_012,trip_08091,DEP,19980,-29,Inbound,1
2025-01-02,Red,stop_013,trip_08092,ARR,20160,-28,Outbound,0
2025-01-03,Orange,stop_014,trip_08093,DEP,20340,-27,Inbound,1
2025-01-04,Red,stop_015,trip_08094,ARR,20520,-26,Outbound,0
2025-01-05,Orange,stop_016,trip_08095,DEP,20700,-25,Inbound,1
2025-01-06,Red,stop_017,trip_08096,ARR,20880,-24,Outbound,0
2025-01-07,Orange,stop_018,trip_08097,DEP,21060,-23,Inbound,1
2025-01-08,Red,stop_019,trip_08098,ARR,21240,-22,Outbound,0
2025-01-09,Orange,stop_020,trip_08099,DEP,21420,-21,Inbound,1
2025-01-10,Red,stop_021,trip_08100,ARR,18000,-20,Outbound,0
2025-01-11,Orange,stop_022,trip_08101,DEP,18180,-19,Inbound,1
2025-01-12,Red,stop_023,trip_08102,ARR,18360,-18,Outbound,0
2025-01-13,Orange,stop_024,trip_08103,DEP,18540,-17,Inbound,1
2025-01-14,Red,stop_025,trip_08104,ARR,18720,-16,Outbound,0
2025-01-15,Orange,stop_026,trip_08105,DEP,18900,-15,Inbound,1
2025-01-16,Red,stop_027,trip_08106,ARR,19080,-14,Outbound,0
2025-01-17,Orange,stop_028,trip_08107,DEP,19260,-13,Inbound,1
2025-01-18,Red,stop_029,trip_08108,ARR,19440,-12,Outbound,0
2025-01-19,Orange,stop_030,trip_08109,DEP,19620,-11,Inbound,1
2025-01-20,Red,stop_031,trip_08110,ARR,19800,-10,Outbound,0
2025-01-21,Orange,stop_032,trip_08111,DEP,19980,-9,Inbound,1
2025-01-22,Red,stop_033,trip_08112,ARR,20160,-8,Outbound,0
2025-01-23,Orange,stop_034,trip_08113,DEP,20340,-7,Inbound,1
2025-01-24,Red,stop_035,trip_08114,ARR,20520,-6,Outbound,0
2025-01-25,Orange,stop_036,trip_08115,DEP,20700,-5,Inbound,1
2025-01-26,Red,stop_037,trip_08116,ARR,20880,-4,Outbound,0
2025-01-27,Orange,stop_038,trip_08117,DEP,21060,-3,Inbound,1
2025-01-28,Red,stop_039,trip_08118,ARR,21240,-2,Outbound,0
2025-01-29,Orange,stop_040,trip_08119,DEP,21420,-1,Inbound,1
2025-01-30,Red,stop_001,trip_08120,ARR,18000,0,Outbound,0
2025-01-31,Orange,stop_002,trip_08121,DEP,18180,1,Inbound,1
2025-01-01,Red,stop_003,trip_08122,ARR,18360,2,Outbound,0
2025-01-02,Orange,stop_004,trip_08123,DEP,18540,3,Inbound,1
2025-01-03,Red,stop_005,trip_08124,ARR,18720,4,Outbound,0
2025-01-04,Orange,stop_006,trip_08125,DEP,18900,5,Inbound,1
2025-01-05,Red,stop_007,trip_08126,ARR,19080,6,Outbound,0
2025-01-06,Orange,stop_008,trip_08127,DEP,19260,7,Inbound,1
2025-01-07,Red,stop_009,trip_08128,ARR,19440,8,Outbound,0
2025-01-08,Orange,stop_010,trip_08129,DEP,19620,9,Inbound,1
2025-01-09,Red,stop_011,trip_08130,ARR,19800,10,Outbound,0
2025-01-10,Orange,stop_012,trip_08131,DEP,19980,11,Inbound,1
2025-01-11,Red,stop_013,trip_08132,ARR,20160,12,Outbound,0
2025-01-12,Orange,stop_014,trip_08133,DEP,20340,13,Inbound,1
2025-01-13,Red,stop_015,trip_08134,ARR,20520,14,Outbound,0
2025-01-14,Orange,stop_016,trip_08135,DEP,20700,15,Inbound,1
2025-01-15,Red,stop_017,trip_08136,ARR,20880,16,Outbound,0
2025-01-16,Orange,stop_018,trip_08137,DEP,21060,17,Inbound,1
2025-01-17,Red,stop_019,trip_08138,ARR,21240,18,Outbound,0
2025-01-18,Orange,stop_020,trip_08139,DEP,21420,19,Inbound,1
2025-01-19,Red,stop_021,trip_08140,ARR,18000,20,Outbound,0
2025-01-20,Orange,stop_022,trip_08141,DEP,18180,21,Inbound,1
2025-01-21,Red,stop_023,trip_08142,ARR,18360,22,Outbound,0
2025-01-22,Orange,stop_024,trip_08143,DEP,18540,23,Inbound,1
2025-01-23,Red,stop_025,trip_08144,ARR,18720,24,Outbound,0
2025-01-24,Orange,stop_026,trip_08145,DEP,18900,25,Inbound,1
2025-01-25,Red,stop_027,trip_08146,ARR,19080,26,Outbound,0
2025-01-26,Orange,stop_028,trip_08147,DEP,19260,27,Inbound,1
2025-01-27,Red,stop_029,trip_08148,ARR,19440,28,Outbound,0
2025-01-28,Orange,stop_030,trip_08149,DEP,19620,29,Inbound,1
2025-01-29,Red,stop_031,trip_08150,ARR,19800,30,Outbound,0
2025-01-30,Orange,stop_032,trip_08151,DEP,19980,31,Inbound,1
2025-01-31,Red,stop_033,trip_08152,ARR,20160,32,Outbound,0
2025-01-01,Orange,stop_034,trip_08153,DEP,20340,33,Inbound,1
2025-01-02,Red,stop_035,trip_08154,ARR,20520,34,Outbound,0
2025-01-03,Orange,stop_036,trip_08155,DEP,20700,35,Inbound,1
2025-01-04,Red,stop_037,trip_08156,ARR,20880,36,Outbound,0
2025-01-05,Orange,stop_038,trip_08157,DEP,21060,37,Inbound,1
2025-01-06,Red,stop_039,trip_08158,ARR,21240,38,Outbound,0
2025-01-07,Orange,stop_040,trip_08159,DEP,21420,39,Inbound,1
2025-01-08,Red,stop_001,trip_08160,ARR,18000,40,Outbound,0
2025-01-09,Orange,stop_002,trip_08161,DEP,18180,41,Inbound,1
2025-01-10,Red,stop_003,trip_08162,ARR,18360,42,Outbound,0
2025-01-11,Orange,stop_004,trip_08163,DEP,18540,43,Inbound,1
2025-01-12,Red,stop_005,trip_08164,ARR,18720,44,Outbound,0
2025-01-13,Orange,stop_006,trip_08165,DEP,18900,45,Inbound,1
2025-01-14,Red,stop_007,trip_08166,ARR,19080,46,Outbound,0
2025-01-15,Orange,stop_008,trip_08167,DEP,19260,47,Inbound,1
2025-01-16,Red,stop_009,trip_08168,ARR,19440,48,Outbound,0
2025-01-17,Orange,stop_010,trip_08169,DEP,19620,49,Inbound,1
2025-01-18,Red,stop_011,trip_08170,ARR,19800,50,Outbound,0
2025-01-19,Orange,stop_012,trip_08171,DEP,19980,51,Inbound,1
2025-01-20,Red,stop_013,trip_08172,ARR,20160,52,Outbound,0
2025-01-21,Orange,stop_014,trip_08173,DEP,20340,53,Inbound,1
2025-01-22,Red,stop_015,trip_08174,ARR,20520,54,Outbound,0
2025-01-23,Orange,stop_016,trip_08175,DEP,20700,55,Inbound,1
2025-01-24,Red,stop_017,trip_08176,ARR,20880,56,Outbound,0
2025-01-25,Orange,stop_018,trip_08177,DEP,21060,57,Inbound,1
2025-01-26,Red,stop_019,trip_08178,ARR,21240,58,Outbound,0
2025-01-27,Orange,stop_020,trip_08179,DEP,21420,59,Inbound,1
2025-01-28,Red,stop_021,trip_08180,ARR,18000,60,Outbound,0
2025-01-29,Orange,stop_022,trip_08181,DEP,18180,61,Inbound,1
2025-01-30,Red,stop_023,trip_08182,ARR,18360,62,Outbound,0
2025-01-31,Orange,stop_024,trip_08183,DEP,18540,63,Inbound,1
2025-01-01,Red,stop_025,trip_08184,ARR,18720,64,Outbound,0
2025-01-02,Orange,stop_026,trip_08185,DEP,18900,65,Inbound,1
2025-01-03,Red,stop_027,trip_08186,ARR,19080,66,Outbound,0
2025-01-04,Orange,stop_028,trip_08187,DEP,19260,67,Inbound,1
2025-01-05,Red,stop_029,trip_08188,ARR,19440,68,Outbound,0
2025-01-06,Orange,stop_030,trip_08189,DEP,19620,69,Inbound,1
2025-01-07,Red,stop_031,trip_08190,ARR,19800,70,Outbound,0
2025-01-08,Orange,stop_032,trip_08191,DEP,19980,71,Inbound,1
2025-01-09,Red,stop_033,trip_08192,ARR,20160,72,Outbound,0
2025-01-10,Orange,stop_034,trip_08193,DEP,20340,73,Inbound,1
2025-01-11,Red,stop_035,trip_08194,ARR,20520,74,Outbound,0
2025-01-12,Orange,stop_036,trip_08195,DEP,20700,75,Inbound,1
2025-01-13,Red,stop_037,trip_08196,ARR,20880,76,Outbound,0
2025-01-14,Orange,stop_038,trip_08197,DEP,21060,77,Inbound,1
2025-01-15,Red,stop_039,trip_08198,ARR,21240,78,Outbound,0
2025-01-16,Orange,stop_040,trip_08199,DEP,21420,79,Inbound,1
2025-01-17,Red,stop_001,trip_08200,ARR,18000,80,Outbound,0
2025-01-18,Orange,stop_002,trip_08201,DEP,18180,81,Inbound,1
2025-01-19,Red,stop_003,trip_08202,ARR,18360,82,Outbound,0
2025-01-20,Orange,stop_004,trip_08203,DEP,18540,83,Inbound,1
2025-01-21,Red,stop_005,trip_08204,ARR,18720,84,Outbound,0
2025-01-22,Orange,stop_006,trip_08205,DEP,18900,85,Inbound,1
2025-01-23,Red,stop_007,trip_08206,ARR,19080,86,Outbound,0
2025-01-24,Orange,stop_008,trip_08207,DEP,19260,87,Inbound,1
2025-01-25,Red,stop_009,trip_08208,ARR,19440,88,Outbound,0
2025-01-26,Orange,stop_010,trip_08209,DEP,19620,89,Inbound,1
2025-01-27,Red,stop_011,trip_08210,ARR,19800,90,Outbound,0
2025-01-28,Orange,stop_012,trip_08211,DEP,19980,91,Inbound,1
2025-01-29,Red,stop_013,trip_08212,ARR,20160,92,Outbound,0
2025-01-30,Orange,stop_014,trip_08213,DEP,20340,93,Inbound,1
2025-01-31,Red,stop_015,trip_08214,ARR,20520,94,Outbound,0
2025-01-01,Orange,stop_016,trip_08215,DEP,20700,95,Inbound,1
2025-01-02,Red,stop_017,trip_08216,ARR,20880,96,Outbound,0
2025-01-03,Orange,stop_018,trip_08217,DEP,21060,97,Inbound,1
2025-01-04,Red,stop_019,trip_08218,ARR,21240,98,Outbound,0
2025-01-05,Orange,stop_020,trip_08219,DEP,21420,99,Inbound,1
2025-01-06,Red,stop_021,trip_08220,ARR,18000,100,Outbound,0
2025-01-07,Orange,stop_022,trip_08221,DEP,18180,101,Inbound,1
2025-01-08,Red,stop_023,trip_08222,ARR,18360,102,Outbound,0
2025-01-09,Orange,stop_024,trip_08223,DEP,18540,103,Inbound,1
2025-01-10,Red,stop_025,trip_08224,ARR,18720,104,Outbound,0
2025-01-11,Orange,stop_026,trip_08225,DEP,18900,105,Inbound,1
2025-01-12,Red,stop_027,trip_08226,ARR,19080,106,Outbound,0
2025-01-13,Orange,stop_028,trip_08227,DEP,19260,107,Inbound,1
2025-01-14,Red,stop_029,trip_08228,ARR,19440,108,Outbound,0
2025-01-15,Orange,stop_030,trip_08229,DEP,19620,109,Inbound,1
2025-01-16,Red,stop_031,trip_08230,ARR,19800,110,Outbound,0
2025-01-17,Orange,stop_032,trip_08231,DEP,19980,111,Inbound,1
2025-01-18,Red,stop_033,trip_08232,ARR,20160,112,Outbound,0
2025-01-19,Orange,stop_034,trip_08233,DEP,20340,113,Inbound,1
2025-01-20,Red,stop_035,trip_08234,ARR,20520,114,Outbound,0
2025-01-21,Orange,stop_036,trip_08235,DEP,20700,115,Inbound,1
2025-01-22,Red,stop_037,trip_08236,ARR,20880,116,Outbound,0
2025-01-23,Orange,stop_038,trip_08237,DEP,21060,117,Inbound,1
2025-01-24,Red,stop_039,trip_08238,ARR,21240,118,Outbound,0
2025-01-25,Orange,stop_040,trip_08239,DEP,21420,119,Inbound,1
2025-01-26,Red,stop_001,trip_08240,ARR,18000,120,Outbound,0
2025-01-27,Orange,stop_002,trip_08241,DEP,18180,121,Inbound,1
2025-01-28,Red,stop_003,trip_08242,ARR,18360,122,Outbound,0
2025-01-29,Orange,stop_004,trip_08243,DEP,18540,123,Inbound,1
2025-01-30,Red,stop_005,trip_08244,ARR,18720,124,Outbound,0
2025-01-31,Orange,stop_006,trip_08245,DEP,18900,125,Inbound,1
2025-01-01,Red,stop_007,trip_08246,ARR,19080,126,Outbound,0
2025-01-02,Orange,stop_008,trip_08247,DEP,19260,127,Inbound,1
2025-01-03,Red,stop_009,trip_08248,ARR,19440,128,Outbound,0
2025-01-04,Orange,stop_010,trip_08249,DEP,19620,129,Inbound,1
2025-01-05,Red,stop_011,trip_08250,ARR,19800,130,Outbound,0
2025-01-06,Orange,stop_012,trip_08251,DEP,19980,131,Inbound,1
2025-01-07,Red,stop_013,trip_08252,ARR,20160,132,Outbound,0
2025-01-08,Orange,stop_014,trip_08253,DEP,20340,133,Inbound,1
2025-01-09,Red,stop_015,trip_08254,ARR,20520,134,Outbound,0
2025-01-10,Orange,stop_016,trip_08255,DEP,20700,135,Inbound,1
2025-01-11,Red,stop_017,trip_08256,ARR,20880,136,Outbound,0
2025-01-12,Orange,stop_018,trip_08257,DEP,21060,137,Inbound,1
2025-01-13,Red,stop_019,trip_08258,ARR,21240,138,Outbound,0
2025-01-14,Orange,stop_020,trip_08259,DEP,21420,139,Inbound,1
2025-01-15,Red,stop_021,trip_08260,ARR,18000,140,Outbound,0
2025-01-16,Orange,stop_022,trip_08261,DEP,18180,141,Inbound,1
2025-01-17,Red,stop_023,trip_08262,ARR,18360,142,Outbound,0
2025-01-18,Orange,stop_024,trip_08263,DEP,18540,143,Inbound,1
2025-01-19,Red,stop_025,trip_08264,ARR,18720,144,Outbound,0
2025-01-20,Orange,stop_026,trip_08265,DEP,18900,145,Inbound,1
2025-01-21,Red,stop_027,trip_08266,ARR,19080,146,Outbound,0
2025-01-22,Orange,stop_028,trip_08267,DEP,19260,147,Inbound,1
2025-01-23,Red,stop_029,trip_08268,ARR,19440,148,Outbound,0
2025-01-24,Orange,stop_030,trip_08269,DEP,19620,149,Inbound,1
2025-01-25,Red,stop_031,trip_08270,ARR,19800,150,Outbound,0
2025-01-26,Orange,stop_032,trip_08271,DEP,19980,151,Inbound,1
2025-01-27,Red,stop_033,trip_08272,ARR,20160,152,Outbound,0
2025-01-28,Orange,stop_034,trip_08273,DEP,20340,153,Inbound,1
2025-01-29,Red,stop_035,trip_08274,ARR,20520,154,Outbound,0
2025-01-30,Orange,stop_036,trip_08275,DEP,20700,155,Inbound,1
2025-01-31,Red,stop_037,trip_08276,ARR,20880,156,Outbound,0
2025-01-01,Orange,stop_038,trip_08277,DEP,21060,157,Inbound,1
2025-01-02,Red,stop_039,trip_08278,ARR,21240,158,Outbound,0
2025-01-03,Orange,stop_040,trip_08279,DEP,21420,159,Inbound,1
2025-01-04,Red,stop_001,trip_08280,ARR,18000,160,Outbound,0
2025-01-05,Orange,stop_002,trip_08281,DEP,18180,161,Inbound,1
2025-01-06,Red,stop_003,trip_08282,ARR,18360,162,Outbound,0
2025-01-07,Orange,stop_004,trip_08283,DEP,18540,163,Inbound,1
2025-01-08,Red,stop_005,trip_08284,ARR,18720,164,Outbound,0
2025-01-09,Orange,stop_006,trip_08285,DEP,18900,165,Inbound,1
2025-01-10,Red,stop_007,trip_08286,ARR,19080,166,Outbound,0
2025-01-11,Orange,stop_008,trip_08287,DEP,19260,167,Inbound,1
2025-01-12,Red,stop_009,trip_08288,ARR,19440,168,Outbound,0
2025-01-13,Orange,stop_010,trip_08289,DEP,19620,169,Inbound,1
2025-01-14,Red,stop_011,trip_08290,ARR,19800,170,Outbound,0
2025-01-15,Orange,stop_012,trip_08291,DEP,19980,171,Inbound,1
2025-01-16,Red,stop_013,trip_08292,ARR,20160,172,Outbound,0
2025-01-17,Orange,stop_014,trip_08293,DEP,20340,173,Inbound,1
2025-01-18,Red,stop_015,trip_08294,ARR,20520,174,Outbound,0
2025-01-19,Orange,stop_016,trip_08295,DEP,20700,175,Inbound,1
2025-01-20,Red,stop_017,trip_08296,ARR,20880,176,Outbound,0
2025-01-21,Orange,stop_018,trip_08297,DEP,21060,177,Inbound,1
2025-01-22,Red,stop_019,trip_08298,ARR,21240,178,Outbound,0
2025-01-23,Orange,stop_020,trip_08299,DEP,21420,179,Inbound,1
2025-01-24,Red,stop_021,trip_08300,ARR,18000,180,Outbound,0
2025-01-25,Orange,stop_022,trip_08301,DEP,18180,181,Inbound,1
2025-01-26,Red,stop_023,trip_08302,ARR,18360,182,Outbound,0
2025-01-27,Orange,stop_024,trip_08303,DEP,18540,183,Inbound,1
2025-01-28,Red,stop_025,trip_08304,ARR,18720,184,Outbound,0
2025-01-29,Orange,stop_026,trip_08305,DEP,18900,185,Inbound,1
2025-01-30,Red,stop_027,trip_08306,ARR,19080,186,Outbound,0
2025-01-31,Orange,stop_028,trip_08307,DEP,19260,187,Inbound,1
2025-01-01,Red,stop_029,trip_08308,ARR,19440,188,Outbound,0
2025-01-02,Orange,stop_030,trip_08309,DEP,19620,189,Inbound,1
2025-01-03,Red,stop_031,trip_08310,ARR,19800,190,Outbound,0
2025-01-04,Orange,stop_032,trip_08311,DEP,19980,191,Inbound,1
2025-01-05,Red,stop_033,trip_08312,ARR,20160,192,Outbound,0
2025-01-06,Orange,stop_034,trip_08313,DEP,20340,193,Inbound,1
2025-01-07,Red,stop_035,trip_08314,ARR,20520,194,Outbound,0
2025-01-08,Orange,stop_036,trip_08315,DEP,20700,195,Inbound,1
2025-01-09,Red,stop_037,trip_08316,ARR,20880,196,Outbound,0
2025-01-10,Orange,stop_038,trip_08317,DEP,21060,197,Inbound,1
2025-01-11,Red,stop_039,trip_08318,ARR,21240,198,Outbound,0
2025-01-12,Orange,stop_040,trip_08319,DEP,21420,199,Inbound,1
2025-01-13,Red,stop_001,trip_08320,ARR,18000,200,Outbound,0
2025-01-14,Orange,stop_002,trip_08321,DEP,18180,201,Inbound,1
2025-01-15,Red,stop_003,trip_08322,ARR,18360,202,Outbound,0
2025-01-16,Orange,stop_004,trip_08323,DEP,18540,203,Inbound,1
2025-01-17,Red,stop_005,trip_08324,ARR,18720,204,Outbound,0
2025-01-18,Orange,stop_006,trip_08325,DEP,18900,205,Inbound,1
2025-01-19,Red,stop_007,trip_08326,ARR,19080,206,Outbound,0
2025-01-20,Orange,stop_008,trip_08327,DEP,19260,207,Inbound,1
2025-01-21,Red,stop_009,trip_08328,ARR,19440,208,Outbound,0
2025-01-22,Orange,stop_010,trip_08329,DEP,19620,209,Inbound,1
2025-01-23,Red,stop_011,trip_08330,ARR,19800,210,Outbound,0
2025-01-24,Orange,stop_012,trip_08331,DEP,19980,211,Inbound,1
2025-01-25,Red,stop_013,trip_08332,ARR,20160,212,Outbound,0
2025-01-26,Orange,stop_014,trip_08333,DEP,20340,213,Inbound,1
2025-01-27,Red,stop_015,trip_08334,ARR,20520,214,Outbound,0
2025-01-28,Orange,stop_016,trip_08335,DEP,20700,215,Inbound,1
2025-01-29,Red,stop_017,trip_08336,ARR,20880,216,Outbound,0
2025-01-30,Orange,stop_018,trip_08337,DEP,21060,217,Inbound,1
2025-01-31,Red,stop_019,trip_08338,ARR,21240,218,Outbound,0
2025-01-01,Orange,stop_020,trip_08339,DEP,21420,219,Inbound,1
2025-01-02,Red,stop_021,trip_08340,ARR,18000,220,Outbound,0
2025-01-03,Orange,stop_022,trip_08341,DEP,18180,221,Inbound,1
2025-01-04,Red,stop_023,trip_08342,ARR,18360,222,Outbound,0
2025-01-05,Orange,stop_024,trip_08343,DEP,18540,223,Inbound,1
2025-01-06,Red,stop_025,trip_08344,ARR,18720,224,Outbound,0
2025-01-07,Orange,stop_026,trip_08345,DEP,18900,225,Inbound,1
2025-01-08,Red,stop_027,trip_08346,ARR,19080,226,Outbound,0
2025-01-09,Orange,stop_028,trip_08347,DEP,19260,227,Inbound,1
2025-01-10,Red,stop_029,trip_08348,ARR,19440,228,Outbound,0
2025-01-11,Orange,stop_030,trip_08349,DEP,19620,229,Inbound,1
2025-01-12,Red,stop_031,trip_08350,ARR,19800,230,Outbound,0
2025-01-13,Orange,stop_032,trip_08351,DEP,19980,231,Inbound,1
2025-01-14,Red,stop_033,trip_08352,ARR,20160,232,Outbound,0
2025-01-15,Orange,stop_034,trip_08353,DEP,20340,233,Inbound,1
2025-01-16,Red,stop_035,trip_08354,ARR,20520,234,Outbound,0
2025-01-17,Orange,stop_036,trip_08355,DEP,20700,235,Inbound,1
2025-01-18,Red,stop_037,trip_08356,ARR,20880,236,Outbound,0
2025-01-19,Orange,stop_038,trip_08357,DEP,21060,237,Inbound,1
2025-01-20,Red,stop_039,trip_08358,ARR,21240,238,Outbound,0
2025-01-21,Orange,stop_040,trip_08359,DEP,21420,239,Inbound,1
2025-01-22,Red,stop_001,trip_08360,ARR,18000,240,Outbound,0
2025-01-23,Orange,stop_002,trip_08361,DEP,18180,241,Inbound,1
2025-01-24,Red,stop_003,trip_08362,ARR,18360,242,Outbound,0
2025-01-25,Orange,stop_004,trip_08363,DEP,18540,243,Inbound,1
2025-01-26,Red,stop_005,trip_08364,ARR,18720,244,Outbound,0
2025-01-27,Orange,stop_006,trip_08365,DEP,18900,245,Inbound,1
2025-01-28,Red,stop_007,trip_08366,ARR,19080,246,Outbound,0
2025-01-29,Orange,stop_008,trip_08367,DEP,19260,247,Inbound,1
2025-01-30,Red,stop_009,trip_08368,ARR,19440,248,Outbound,0
2025-01-31,Orange,stop_010,trip_08369,DEP,19620,249,Inbound,1
2025-01-01,Red,stop_011,trip_08370,ARR,19800,250,Outbound,0
2025-01-02,Orange,stop_012,trip_08371,DEP,19980,251,Inbound,1
2025-01-03,Red,stop_013,trip_08372,ARR,20160,252,Outbound,0
2025-01-04,Orange,stop_014,trip_08373,DEP,20340,253,Inbound,1
2025-01-05,Red,stop_015,trip_08374,ARR,20520,254,Outbound,0
2025-01-06,Orange,stop_016,trip_08375,DEP,20700,255,Inbound,1
2025-01-07,Red,stop_017,trip_08376,ARR,20880,256,Outbound,0
2025-01-08,Orange,stop_018,trip_08377,DEP,21060,257,Inbound,1
2025-01-09,Red,stop_019,trip_08378,ARR,21240,258,Outbound,0
2025-01-10,Orange,stop_020,trip_08379,DEP,21420,259,Inbound,1
2025-01-11,Red,stop_021,trip_08380,ARR,18000,260,Outbound,0
2025-01-12,Orange,stop_022,trip_08381,DEP,18180,261,Inbound,1
2025-01-13,Red,stop_023,trip_08382,ARR,18360,262,Outbound,0
2025-01-14,Orange,stop_024,trip_08383,DEP,18540,263,Inbound,1
2025-01-15,Red,stop_025,trip_08384,ARR,18720,264,Outbound,0
2025-01-16,Orange,stop_026,trip_08385,DEP,18900,265,Inbound,1
2025-01-17,Red,stop_027,trip_08386,ARR,19080,266,Outbound,0
2025-01-18,Orange,stop_028,trip_08387,DEP,19260,267,Inbound,1
2025-01-19,Red,stop_029,trip_08388,ARR,19440,268,Outbound,0
2025-01-20,Orange,stop_030,trip_08389,DEP,19620,269,Inbound,1
2025-01-21,Red,stop_031,trip_08390,ARR,19800,270,Outbound,0
2025-01-22,Orange,stop_032,trip_08391,DEP,19980,271,Inbound,1
2025-01-23,Red,stop_033,trip_08392,ARR,20160,272,Outbound,0
2025-01-24,Orange,stop_034,trip_08393,DEP,20340,273,Inbound,1
2025-01-25,Red,stop_035,trip_08394,ARR,20520,274,Outbound,0
2025-01-26,Orange,stop_036,trip_08395,DEP,20700,275,Inbound,1
2025-01-27,Red,stop_037,trip_08396,ARR,20880,276,Outbound,0
2025-01-28,Orange,stop_038,trip_08397,DEP,21060,277,Inbound,1
2025-01-29,Red,stop_039,trip_08398,ARR,21240,278,Outbound,0
2025-01-30,Orange,stop_040,trip_08399,DEP,21420,279,Inbound,1
2025-01-31,Red,stop_001,trip_08400,ARR,18000,-120,Outbound,0
2025-01-01,Orange,stop_002,trip_08401,DEP,18180,-119,Inbound,1
2025-01-02,Red,stop_003,trip_08402,ARR,18360,-118,Outbound,0
2025-01-03,Orange,stop_004,trip_08403,DEP,18540,-117,Inbound,1
2025-01-04,Red,stop_005,trip_08404,ARR,18720,-116,Outbound,0
2025-01-05,Orange,stop_006,trip_08405,DEP,18900,-115,Inbound,1
2025-01-06,Red,stop_007,trip_08406,ARR,19080,-114,Outbound,0
2025-01-07,Orange,stop_008,trip_08407,DEP,19260,-113,Inbound,1
2025-01-08,Red,stop_009,trip_08408,ARR,19440,-112,Outbound,0
2025-01-09,Orange,stop_010,trip_08409,DEP,19620,-111,Inbound,1
2025-01-10,Red,stop_011,trip_08410,ARR,19800,-110,Outbound,0
2025-01-11,Orange,stop_012,trip_08411,DEP,19980,-109,Inbound,1
2025-01-12,Red,stop_013,trip_08412,ARR,20160,-108,Outbound,0
2025-01-13,Orange,stop_014,trip_08413,DEP,20340,-107,Inbound,1
2025-01-14,Red,stop_015,trip_08414,ARR,20520,-106,Outbound,0
2025-01-15,Orange,stop_016,trip_08415,DEP,20700,-105,Inbound,1
2025-01-16,Red,stop_017,trip_08416,ARR,20880,-104,Outbound,0
2025-01-17,Orange,stop_018,trip_08417,DEP,21060,-103,Inbound,1
2025-01-18,Red,stop_019,trip_08418,ARR,21240,-102,Outbound,0
2025-01-19,Orange,stop_020,trip_08419,DEP,21420,-101,Inbound,1
2025-01-20,Red,stop_021,trip_08420,ARR,18000,-100,Outbound,0
2025-01-21,Orange,stop_022,trip_08421,DEP,18180,-99,Inbound,1
2025-01-22,Red,stop_023,trip_08422,ARR,18360,-98,Outbound,0
2025-01-23,Orange,stop_024,trip_08423,DEP,18540,-97,Inbound,1
2025-01-24,Red,stop_025,trip_08424,ARR,18720,-96,Outbound,0
2025-01-25,Orange,stop_026,trip_08425,DEP,18900,-95,Inbound,1
2025-01-26,Red,stop_027,trip_08426,ARR,19080,-94,Outbound,0
2025-01-27,Orange,stop_028,trip_08427,DEP,19260,-93,Inbound,1
2025-01-28,Red,stop_029,trip_08428,ARR,19440,-92,Outbound,0
2025-01-29,Orange,stop_030,trip_08429,DEP,19620,-91,Inbound,1
2025-01-30,Red,stop_031,trip_08430,ARR,19800,-90,Outbound,0
2025-01-31,Orange,stop_032,trip_08431,DEP,19980,-89,Inbound,1
2025-01-01,Red,stop_033,trip_08432,ARR,20160,-88,Outbound,0
2025-01-02,Orange,stop_034,trip_08433,DEP,20340,-87,Inbound,1
2025-01-03,Red,stop_035,trip_08434,ARR,20520,-86,Outbound,0
2025-01-04,Orange,stop_036,trip_08435,DEP,20700,-85,Inbound,1
2025-01-05,Red,stop_037,trip_08436,ARR,20880,-84,Outbound,0
2025-01-06,Orange,stop_038,trip_08437,DEP,21060,-83,Inbound,1
2025-01-07,Red,stop_039,trip_08438,ARR,21240,-82,Outbound,0
2025-01-08,Orange,stop_040,trip_08439,DEP,21420,-81,Inbound,1
2025-01-09,Red,stop_001,trip_08440,ARR,18000,-80,Outbound,0
2025-01-10,Orange,stop_002,trip_08441,DEP,18180,-79,Inbound,1
2025-01-11,Red,stop_003,trip_08442,ARR,18360,-78,Outbound,0
2025-01-12,Orange,stop_004,trip_08443,DEP,18540,-77,Inbound,1
2025-01-13,Red,stop_005,trip_08444,ARR,18720,-76,Outbound,0
2025-01-14,Orange,stop_006,trip_08445,DEP,18900,-75,Inbound,1
2025-01-15,Red,stop_007,trip_08446,ARR,19080,-74,Outbound,0
2025-01-16,Orange,stop_008,trip_08447,DEP,19260,-73,Inbound,1
2025-01-17,Red,stop_009,trip_08448,ARR,19440,-72,Outbound,0
2025-01-18,Orange,stop_010,trip_08449,DEP,19620,-71,Inbound,1
2025-01-19,Red,stop_011,trip_08450,ARR,19800,-70,Outbound,0
2025-01-20,Orange,stop_012,trip_08451,DEP,19980,-69,Inbound,1
2025-01-21,Red,stop_013,trip_08452,ARR,20160,-68,Outbound,0
2025-01-22,Orange,stop_014,trip_08453,DEP,20340,-67,Inbound,1
2025-01-23,Red,stop_015,trip_08454,ARR,20520,-66,Outbound,0
2025-01-24,Orange,stop_016,trip_08455,DEP,20700,-65,Inbound,1
2025-01-25,Red,stop_017,trip_08456,ARR,20880,-64,Outbound,0
2025-01-26,Orange,stop_018,trip_08457,DEP,21060,-63,Inbound,1
2025-01-27,Red,stop_019,trip_08458,ARR,21240,-62,Outbound,0
2025-01-28,Orange,stop_020,trip_08459,DEP,21420,-61,Inbound,1
2025-01-29,Red,stop_021,trip_08460,ARR,18000,-60,Outbound,0
2025-01-30,Orange,stop_022,trip_08461,DEP,18180,-59,Inbound,1
2025-01-31,Red,stop_023,trip_08462,ARR,18360,-58,Outbound,0
2025-01-01,Orange,stop_024,trip_08463,DEP,18540,-57,Inbound,1
2025-01-02,Red,stop_025,trip_08464,ARR,18720,-56,Outbound,0
2025-01-03,Orange,stop_026,trip_08465,DEP,18900,-55,Inbound,1
2025-01-04,Red,stop_027,trip_08466,ARR,19080,-54,Outbound,0
2025-01-05,Orange,stop_028,trip_08467,DEP,19260,-53,Inbound,1
2025-01-06,Red,stop_029,trip_08468,ARR,19440,-52,Outbound,0
2025-01-07,Orange,stop_030,trip_08469,DEP,19620,-51,Inbound,1
2025-01-08,Red,stop_031,trip_08470,ARR,19800,-50,Outbound,0
2025-01-09,Orange,stop_032,trip_08471,DEP,19980,-49,Inbound,1
2025-01-10,Red,stop_033,trip_08472,ARR,20160,-48,Outbound,0
2025-01-11,Orange,stop_034,trip_08473,DEP,20340,-47,Inbound,1
2025-01-12,Red,stop_035,trip_08474,ARR,20520,-46,Outbound,0
2025-01-13,Orange,stop_036,trip_08475,DEP,20700,-45,Inbound,1
2025-01-14,Red,stop_037,trip_08476,ARR,20880,-44,Outbound,0
2025-01-15,Orange,stop_038,trip_08477,DEP,21060,-43,Inbound,1
2025-01-16,Red,stop_039,trip_08478,ARR,21240,-42,Outbound,0
2025-01-17,Orange,stop_040,trip_08479,DEP,21420,-41,Inbound,1
2025-01-18,Red,stop_001,trip_08480,ARR,18000,-40,Outbound,0
2025-01-19,Orange,stop_002,trip_08481,DEP,18180,-39,Inbound,1
2025-01-20,Red,stop_003,trip_08482,ARR,18360,-38,Outbound,0
2025-01-21,Orange,stop_004,trip_08483,DEP,18540,-37,Inbound,1
2025-01-22,Red,stop_005,trip_08484,ARR,18720,-36,Outbound,0
2025-01-23,Orange,stop_006,trip_08485,DEP,18900,-35,Inbound,1
2025-01-24,Red,stop_007,trip_08486,ARR,19080,-34,Outbound,0
2025-01-25,Orange,stop_008,trip_08487,DEP,19260,-33,Inbound,1
2025-01-26,Red,stop_009,trip_08488,ARR,19440,-32,Outbound,0
2025-01-27,Orange,stop_010,trip_08489,DEP,19620,-31,Inbound,1
2025-01-28,Red,stop_011,trip_08490,ARR,19800,-30,Outbound,0
2025-01-29,Orange,stop_012,trip_08491,DEP,19980,-29,Inbound,1
2025-01-30,Red,stop_013,trip_08492,ARR,20160,-28,Outbound,0
2025-01-31,Orange,stop_014,trip_08493,DEP,20340,-27,Inbound,1
2025-01-01,Red,stop_015,trip_08494,ARR,20520,-26,Outbound,0
2025-01-02,Orange,stop_016,trip_08495,DEP,20700,-25,Inbound,1
2025-01-03,Red,stop_017,trip_08496,ARR,20880,-24,Outbound,0
2025-01-04,Orange,stop_018,trip_08497,DEP,21060,-23,Inbound,1
2025-01-05,Red,stop_019,trip_08498,ARR,21240,-22,Outbound,0
2025-01-06,Orange,stop_020,trip_08499,DEP,21420,-21,Inbound,1
2025-01-07,Red,stop_021,trip_08500,ARR,18000,-20,Outbound,0
2025-01-08,Orange,stop_022,trip_08501,DEP,18180,-19,Inbound,1
2025-01-09,Red,stop_023,trip_08502,ARR,18360,-18,Outbound,0
2025-01-10,Orange,stop_024,trip_08503,DEP,18540,-17,Inbound,1
2025-01-11,Red,stop_025,trip_08504,ARR,18720,-16,Outbound,0
2025-01-12,Orange,stop_026,trip_08505,DEP,18900,-15,Inbound,1
2025-01-13,Red,stop_027,trip_08506,ARR,19080,-14,Outbound,0
2025-01-14,Orange,stop_028,trip_08507,DEP,19260,-13,Inbound,1
2025-01-15,Red,stop_029,trip_08508,ARR,19440,-12,Outbound,0
2025-01-16,Orange,stop_030,trip_08509,DEP,19620,-11,Inbound,1
2025-01-17,Red,stop_031,trip_08510,ARR,19800,-10,Outbound,0
2025-01-18,Orange,stop_032,trip_08511,DEP,19980,-9,Inbound,1
2025-01-19,Red,stop_033,trip_08512,ARR,20160,-8,Outbound,0
2025-01-20,Orange,stop_034,trip_08513,DEP,20340,-7,Inbound,1
2025-01-21,Red,stop_035,trip_08514,ARR,20520,-6,Outbound,0
2025-01-22,Orange,stop_036,trip_08515,DEP,20700,-5,Inbound,1
2025-01-23,Red,stop_037,trip_08516,ARR,20880,-4,Outbound,0
2025-01-24,Orange,stop_038,trip_08517,DEP,21060,-3,Inbound,1
2025-01-25,Red,stop_039,trip_08518,ARR,21240,-2,Outbound,0
2025-01-26,Orange,stop_040,trip_08519,DEP,21420,-1,Inbound,1
2025-01-27,Red,stop_001,trip_08520,ARR,18000,0,Outbound,0
2025-01-28,Orange,stop_002,trip_08521,DEP,18180,1,Inbound,1
2025-01-29,Red,stop_003,trip_08522,ARR,18360,2,Outbound,0
2025-01-30,Orange,stop_004,trip_08523,DEP,18540,3,Inbound,1
2025-01-31,Red,stop_005,trip_08524,ARR,18720,4,Outbound,0
2025-01-01,Orange,stop_006,trip_08525,DEP,18900,5,Inbound,1
2025-01-02,Red,stop_007,trip_08526,ARR,19080,6,Outbound,0
2025-01-03,Orange,stop_008,trip_08527,DEP,19260,7,Inbound,1
2025-01-04,Red,stop_009,trip_08528,ARR,19440,8,Outbound,0
2025-01-05,Orange,stop_010,trip_08529,DEP,19620,9,Inbound,1
2025-01-06,Red,stop_011,trip_08530,ARR,19800,10,Outbound,0
2025-01-07,Orange,stop_012,trip_08531,DEP,19980,11,Inbound,1
2025-01-08,Red,stop_013,trip_08532,ARR,20160,12,Outbound,0
2025-01-09,Orange,stop_014,trip_08533,DEP,20340,13,Inbound,1
2025-01-10,Red,stop_015,trip_08534,ARR,20520,14,Outbound,0
2025-01-11,Orange,stop_016,trip_08535,DEP,20700,15,Inbound,1
2025-01-12,Red,stop_017,trip_08536,ARR,20880,16,Outbound,0
2025-01-13,Orange,stop_018,trip_08537,DEP,21060,17,Inbound,1
2025-01-14,Red,stop_019,trip_08538,ARR,21240,18,Outbound,0
2025-01-15,Orange,stop_020,trip_08539,DEP,21420,19,Inbound,1
2025-01-16,Red,stop_021,trip_08540,ARR,18000,20,Outbound,0
2025-01-17,Orange,stop_022,trip_08541,DEP,18180,21,Inbound,1
2025-01-18,Red,stop_023,trip_08542,ARR,18360,22,Outbound,0
2025-01-19,Orange,stop_024,trip_08543,DEP,18540,23,Inbound,1
2025-01-20,Red,stop_025,trip_08544,ARR,18720,24,Outbound,0
2025-01-21,Orange,stop_026,trip_08545,DEP,18900,25,Inbound,1
2025-01-22,Red,stop_027,trip_08546,ARR,19080,26,Outbound,0
2025-01-23,Orange,stop_028,trip_08547,DEP,19260,27,Inbound,1
2025-01-24,Red,stop_029,trip_08548,ARR,19440,28,Outbound,0
2025-01-25,Orange,stop_030,trip_08549,DEP,19620,29,Inbound,1
2025-01-26,Red,stop_031,trip_08550,ARR,19800,30,Outbound,0
2025-01-27,Orange,stop_032,trip_08551,DEP,19980,31,Inbound,1
2025-01-28,Red,stop_033,trip_08552,ARR,20160,32,Outbound,0
2025-01-29,Orange,stop_034,trip_08553,DEP,20340,33,Inbound,1
2025-01-30,Red,stop_035,trip_08554,ARR,20520,34,Outbound,0
2025-01-31,Orange,stop_036,trip_08555,DEP,20700,35,Inbound,1
2025-01-01,Red,stop_037,trip_08556,ARR,20880,36,Outbound,0
2025-01-02,Orange,stop_038,trip_08557,DEP,21060,37,Inbound,1
2025-01-03,Red,stop_039,trip_08558,ARR,21240,38,Outbound,0
2025-01-04,Orange,stop_040,trip_08559,DEP,21420,39,Inbound,1
2025-01-05,Red,stop_001,trip_08560,ARR,18000,40,Outbound,0
2025-01-06,Orange,stop_002,trip_08561,DEP,18180,41,Inbound,1
2025-01-07,Red,stop_003,trip_08562,ARR,18360,42,Outbound,0
2025-01-08,Orange,stop_004,trip_08563,DEP,18540,43,Inbound,1
2025-01-09,Red,stop_005,trip_08564,ARR,18720,44,Outbound,0
2025-01-10,Orange,stop_006,trip_08565,DEP,18900,45,Inbound,1
2025-01-11,Red,stop_007,trip_08566,ARR,19080,46,Outbound,0
2025-01-12,Orange,stop_008,trip_08567,DEP,19260,47,Inbound,1
2025-01-13,Red,stop_009,trip_08568,ARR,19440,48,Outbound,0
2025-01-14,Orange,stop_010,trip_08569,DEP,19620,49,Inbound,1
2025-01-15,Red,stop_011,trip_08570,ARR,19800,50,Outbound,0
2025-01-16,Orange,stop_012,trip_08571,DEP,19980,51,Inbound,1
2025-01-17,Red,stop_013,trip_08572,ARR,20160,52,Outbound,0
2025-01-18,Orange,stop_014,trip_08573,DEP,20340,53,Inbound,1
2025-01-19,Red,stop_015,trip_08574,ARR,20520,54,Outbound,0
2025-01-20,Orange,stop_016,trip_08575,DEP,20700,55,Inbound,1
2025-01-21,Red,stop_017,trip_08576,ARR,20880,56,Outbound,0
2025-01-22,Orange,stop_018,trip_08577,DEP,21060,57,Inbound,1
2025-01-23,Red,stop_019,trip_08578,ARR,21240,58,Outbound,0
2025-01-24,Orange,stop_020,trip_08579,DEP,21420,59,Inbound,1
2025-01-25,Red,stop_021,trip_08580,ARR,18000,60,Outbound,0
2025-01-26,Orange,stop_022,trip_08581,DEP,18180,61,Inbound,1
2025-01-27,Red,stop_023,trip_08582,ARR,18360,62,Outbound,0
2025-01-28,Orange,stop_024,trip_08583,DEP,18540,63,Inbound,1
2025-01-29,Red,stop_025,trip_08584,ARR,18720,64,Outbound,0
2025-01-30,Orange,stop_026,trip_08585,DEP,18900,65,Inbound,1
2025-01-31,Red,stop_027,trip_08586,ARR,19080,66,Outbound,0
2025-01-01,Orange,stop_028,trip_08587,DEP,19260,67,Inbound,1
2025-01-02,Red,stop_029,trip_08588,ARR,19440,68,Outbound,0
2025-01-03,Orange,stop_030,trip_08589,DEP,19620,69,Inbound,1
2025-01-04,Red,stop_031,trip_08590,ARR,19800,70,Outbound,0
2025-01-05,Orange,stop_032,trip_08591,DEP,19980,71,Inbound,1
2025-01-06,Red,stop_033,trip_08592,ARR,20160,72,Outbound,0
2025-01-07,Orange,stop_034,trip_08593,DEP,20340,73,Inbound,1
2025-01-08,Red,stop_035,trip_08594,ARR,20520,74,Outbound,0
2025-01-09,Orange,stop_036,trip_08595,DEP,20700,75,Inbound,1
2025-01-10,Red,stop_037,trip_08596,ARR,20880,76,Outbound,0
2025-01-11,Orange,stop_038,trip_08597,DEP,21060,77,Inbound,1
2025-01-12,Red,stop_039,trip_08598,ARR,21240,78,Outbound,0
2025-01-13,Orange,stop_040,trip_08599,DEP,21420,79,Inbound,1
2025-01-14,Red,stop_001,trip_08600,ARR,18000,80,Outbound,0
2025-01-15,Orange,stop_002,trip_08601,DEP,18180,81,Inbound,1
2025-01-16,Red,stop_003,trip_08602,ARR,18360,82,Outbound,0
2025-01-17,Orange,stop_004,trip_08603,DEP,18540,83,Inbound,1
2025-01-18,Red,stop_005,trip_08604,ARR,18720,84,Outbound,0
2025-01-19,Orange,stop_006,trip_08605,DEP,18900,85,Inbound,1
2025-01-20,Red,stop_007,trip_08606,ARR,19080,86,Outbound,0
2025-01-21,Orange,stop_008,trip_08607,DEP,19260,87,Inbound,1
2025-01-22,Red,stop_009,trip_08608,ARR,19440,88,Outbound,0
2025-01-23,Orange,stop_010,trip_08609,DEP,19620,89,Inbound,1
2025-01-24,Red,stop_011,trip_08610,ARR,19800,90,Outbound,0
2025-01-25,Orange,stop_012,trip_08611,DEP,19980,91,Inbound,1
2025-01-26,Red,stop_013,trip_08612,ARR,20160,92,Outbound,0
2025-01-27,Orange,stop_014,trip_08613,DEP,20340,93,Inbound,1
2025-01-28,Red,stop_015,trip_08614,ARR,20520,94,Outbound,0
2025-01-29,Orange,stop_016,trip_08615,DEP,20700,95,Inbound,1
2025-01-30,Red,stop_017,trip_08616,ARR,20880,96,Outbound,0
2025-01-31,Orange,stop_018,trip_08617,DEP,21060,97,Inbound,1
2025-01-01,Red,stop_019,trip_08618,ARR,21240,98,Outbound,0
2025-01-02,Orange,stop_020,trip_08619,DEP,21420,99,Inbound,1
2025-01-03,Red,stop_021,trip_08620,ARR,18000,100,Outbound,0
2025-01-04,Orange,stop_022,trip_08621,DEP,18180,101,Inbound,1
2025-01-05,Red,stop_023,trip_08622,ARR,18360,102,Outbound,0
2025-01-06,Orange,stop_024,trip_08623,DEP,18540,103,Inbound,1
2025-01-07,Red,stop_025,trip_08624,ARR,18720,104,Outbound,0
2025-01-08,Orange,stop_026,trip_08625,DEP,18900,105,Inbound,1
2025-01-09,Red,stop_027,trip_08626,ARR,19080,106,Outbound,0
2025-01-10,Orange,stop_028,trip_08627,DEP,19260,107,Inbound,1
2025-01-11,Red,stop_029,trip_08628,ARR,19440,108,Outbound,0
2025-01-12,Orange,stop_030,trip_08629,DEP,19620,109,Inbound,1
2025-01-13,Red,stop_031,trip_08630,ARR,19800,110,Outbound,0
2025-01-14,Orange,stop_032,trip_08631,DEP,19980,111,Inbound,1
2025-01-15,Red,stop_033,trip_08632,ARR,20160,112,Outbound,0
2025-01-16,Orange,stop_034,trip_08633,DEP,20340,113,Inbound,1
2025-01-17,Red,stop_035,trip_08634,ARR,20520,114,Outbound,0
2025-01-18,Orange,stop_036,trip_08635,DEP,20700,115,Inbound,1
2025-01-19,Red,stop_037,trip_08636,ARR,20880,116,Outbound,0
2025-01-20,Orange,stop_038,trip_08637,DEP,21060,117,Inbound,1
2025-01-21,Red,stop_039,trip_08638,ARR,21240,118,Outbound,0
2025-01-22,Orange,stop_040,trip_08639,DEP,21420,119,Inbound,1
2025-01-23,Red,stop_001,trip_08640,ARR,18000,120,Outbound,0
2025-01-24,Orange,stop_002,trip_08641,DEP,18180,121,Inbound,1
2025-01-25,Red,stop_003,trip_08642,ARR,18360,122,Outbound,0
2025-01-26,Orange,stop_004,trip_08643,DEP,18540,123,Inbound,1
2025-01-27,Red,stop_005,trip_08644,ARR,18720,124,Outbound,0
2025-01-28,Orange,stop_006,trip_08645,DEP,18900,125,Inbound,1
2025-01-29,Red,stop_007,trip_08646,ARR,19080,126,Outbound,0
2025-01-30,Orange,stop_008,trip_08647,DEP,19260,127,Inbound,1
2025-01-31,Red,stop_009,trip_08648,ARR,19440,128,Outbound,0
2025-01-01,Orange,stop_010,trip_08649,DEP,19620,129,Inbound,1
2025-01-02,Red,stop_011,trip_08650,ARR,19800,130,Outbound,0
2025-01-03,Orange,stop_012,trip_08651,DEP,19980,131,Inbound,1
2025-01-04,Red,stop_013,trip_08652,ARR,20160,132,Outbound,0
2025-01-05,Orange,stop_014,trip_08653,DEP,20340,133,Inbound,1
2025-01-06,Red,stop_015,trip_08654,ARR,20520,134,Outbound,0
2025-01-07,Orange,stop_016,trip_08655,DEP,20700,135,Inbound,1
2025-01-08,Red,stop_017,trip_08656,ARR,20880,136,Outbound,0
2025-01-09,Orange,stop_018,trip_08657,DEP,21060,137,Inbound,1
2025-01-10,Red,stop_019,trip_08658,ARR,21240,138,Outbound,0
2025-01-11,Orange,stop_020,trip_08659,DEP,21420,139,Inbound,1
2025-01-12,Red,stop_021,trip_08660,ARR,18000,140,Outbound,0
2025-01-13,Orange,stop_022,trip_08661,DEP,18180,141,Inbound,1
2025-01-14,Red,stop_023,trip_08662,ARR,18360,142,Outbound,0
2025-01-15,Orange,stop_024,trip_08663,DEP,18540,143,Inbound,1
2025-01-16,Red,stop_025,trip_08664,ARR,18720,144,Outbound,0
2025-01-17,Orange,stop_026,trip_08665,DEP,18900,145,Inbound,1
2025-01-18,Red,stop_027,trip_08666,ARR,19080,146,Outbound,0
2025-01-19,Orange,stop_028,trip_08667,DEP,19260,147,Inbound,1
2025-01-20,Red,stop_029,trip_08668,ARR,19440,148,Outbound,0
2025-01-21,Orange,stop_030,trip_08669,DEP,19620,149,Inbound,1
2025-01-22,Red,stop_031,trip_08670,ARR,19800,150,Outbound,0
2025-01-23,Orange,stop_032,trip_08671,DEP,19980,151,Inbound,1
2025-01-24,Red,stop_033,trip_08672,ARR,20160,152,Outbound,0
2025-01-25,Orange,stop_034,trip_08673,DEP,20340,153,Inbound,1
2025-01-26,Red,stop_035,trip_08674,ARR,20520,154,Outbound,0
2025-01-27,Orange,stop_036,trip_08675,DEP,20700,155,Inbound,1
2025-01-28,Red,stop_037,trip_08676,ARR,20880,156,Outbound,0
2025-01-29,Orange,stop_038,trip_08677,DEP,21060,157,Inbound,1
2025-01-30,Red,stop_039,trip_08678,ARR,21240,158,Outbound,0
2025-01-31,Orange,stop_040,trip_08679,DEP,21420,159,Inbound,1
2025-01-01,Red,stop_001,trip_08680,ARR,18000,160,Outbound,0
2025-01-02,Orange,stop_002,trip_08681,DEP,18180,161,Inbound,1
2025-01-03,Red,stop_003,trip_08682,ARR,18360,162,Outbound,0
2025-01-04,Orange,stop_004,trip_08683,DEP,18540,163,Inbound,1
2025-01-05,Red,stop_005,trip_08684,ARR,18720,164,Outbound,0
2025-01-06,Orange,stop_006,trip_08685,DEP,18900,165,Inbound,1
2025-01-07,Red,stop_007,trip_08686,ARR,19080,166,Outbound,0
2025-01-08,Orange,stop_008,trip_08687,DEP,19260,167,Inbound,1
2025-01-09,Red,stop_009,trip_08688,ARR,19440,168,Outbound,0
2025-01-10,Orange,stop_010,trip_08689,DEP,19620,169,Inbound,1
2025-01-11,Red,stop_011,trip_08690,ARR,19800,170,Outbound,0
2025-01-12,Orange,stop_012,trip_08691,DEP,19980,171,Inbound,1
2025-01-13,Red,stop_013,trip_08692,ARR,20160,172,Outbound,0
2025-01-14,Orange,stop_014,trip_08693,DEP,20340,173,Inbound,1
2025-01-15,Red,stop_015,trip_08694,ARR,20520,174,Outbound,0
2025-01-16,Orange,stop_016,trip_08695,DEP,20700,175,Inbound,1
2025-01-17,Red,stop_017,trip_08696,ARR,20880,176,Outbound,0
2025-01-18,Orange,stop_018,trip_08697,DEP,21060,177,Inbound,1
2025-01-19,Red,stop_019,trip_08698,ARR,21240,178,Outbound,0
2025-01-20,Orange,stop_020,trip_08699,DEP,21420,179,Inbound,1
2025-01-21,Red,stop_021,trip_08700,ARR,18000,180,Outbound,0
2025-01-22,Orange,stop_022,trip_08701,DEP,18180,181,Inbound,1
2025-01-23,Red,stop_023,trip_08702,ARR,18360,182,Outbound,0
2025-01-24,Orange,stop_024,trip_08703,DEP,18540,183,Inbound,1
2025-01-25,Red,stop_025,trip_08704,ARR,18720,184,Outbound,0
2025-01-26,Orange,stop_026,trip_08705,DEP,18900,185,Inbound,1
2025-01-27,Red,stop_027,trip_08706,ARR,19080,186,Outbound,0
2025-01-28,Orange,stop_028,trip_08707,DEP,19260,187,Inbound,1
2025-01-29,Red,stop_029,trip_08708,ARR,19440,188,Outbound,0
2025-01-30,Orange,stop_030,trip_08709,DEP,19620,189,Inbound,1
2025-01-31,Red,stop_031,trip_08710,ARR,19800,190,Outbound,0
2025-01-01,Orange,stop_032,trip_08711,DEP,19980,191,Inbound,1
2025-01-02,Red,stop_033,trip_08712,ARR,20160,192,Outbound,0
2025-01-03,Orange,stop_034,trip_08713,DEP,20340,193,Inbound,1
2025-01-04,Red,stop_035,trip_08714,ARR,20520,194,Outbound,0
2025-01-05,Orange,stop_036,trip_08715,DEP,20700,195,Inbound,1
2025-01-06,Red,stop_037,trip_08716,ARR,20880,196,Outbound,0
2025-01-07,Orange,stop_038,trip_08717,DEP,21060,197,Inbound,1
2025-01-08,Red,stop_039,trip_08718,ARR,21240,198,Outbound,0
2025-01-09,Orange,stop_040,trip_08719,DEP,21420,199,Inbound,1
2025-01-10,Red,stop_001,trip_08720,ARR,18000,200,Outbound,0
2025-01-11,Orange,stop_002,trip_08721,DEP,18180,201,Inbound,1
2025-01-12,Red,stop_003,trip_08722,ARR,18360,202,Outbound,0
2025-01-13,Orange,stop_004,trip_08723,DEP,18540,203,Inbound,1
2025-01-14,Red,stop_005,trip_08724,ARR,18720,204,Outbound,0
2025-01-15,Orange,stop_006,trip_08725,DEP,18900,205,Inbound,1
2025-01-16,Red,stop_007,trip_08726,ARR,19080,206,Outbound,0
2025-01-17,Orange,stop_008,trip_08727,DEP,19260,207,Inbound,1
2025-01-18,Red,stop_009,trip_08728,ARR,19440,208,Outbound,0
2025-01-19,Orange,stop_010,trip_08729,DEP,19620,209,Inbound,1
2025-01-20,Red,stop_011,trip_08730,ARR,19800,210,Outbound,0
2025-01-21,Orange,stop_012,trip_08731,DEP,19980,211,Inbound,1
2025-01-22,Red,stop_013,trip_08732,ARR,20160,212,Outbound,0
2025-01-23,Orange,stop_014,trip_08733,DEP,20340,213,Inbound,1
2025-01-24,Red,stop_015,trip_08734,ARR,20520,214,Outbound,0
2025-01-25,Orange,stop_016,trip_08735,DEP,20700,215,Inbound,1
2025-01-26,Red,stop_017,trip_08736,ARR,20880,216,Outbound,0
2025-01-27,Orange,stop_018,trip_08737,DEP,21060,217,Inbound,1
2025-01-28,Red,stop_019,trip_08738,ARR,21240,218,Outbound,0
2025-01-29,Orange,stop_020,trip_08739,DEP,21420,219,Inbound,1
2025-01-30,Red,stop_021,trip_08740,ARR,18000,220,Outbound,0
2025-01-31,Orange,stop_022,trip_08741,DEP,18180,221,Inbound,1
2025-01-01,Red,stop_023,trip_08742,ARR,18360,222,Outbound,0
2025-01-02,Orange,stop_024,trip_08743,DEP,18540,223,Inbound,1
2025-01-03,Red,stop_025,trip_08744,ARR,18720,224,Outbound,0
2025-01-04,Orange,stop_026,trip_08745,DEP,18900,225,Inbound,1
2025-01-05,Red,stop_027,trip_08746,ARR,19080,226,Outbound,0
2025-01-06,Orange,stop_028,trip_08747,DEP,19260,227,Inbound,1
2025-01-07,Red,stop_029,trip_08748,ARR,19440,228,Outbound,0
2025-01-08,Orange,stop_030,trip_08749,DEP,19620,229,Inbound,1
2025-01-09,Red,stop_031,trip_08750,ARR,19800,230,Outbound,0
2025-01-10,Orange,stop_032,trip_08751,DEP,19980,231,Inbound,1
2025-01-11,Red,stop_033,trip_08752,ARR,20160,232,Outbound,0
2025-01-12,Orange,stop_034,trip_08753,DEP,20340,233,Inbound,1
2025-01-13,Red,stop_035,trip_08754,ARR,20520,234,Outbound,0
2025-01-14,Orange,stop_036,trip_08755,DEP,20700,235,Inbound,1
2025-01-15,Red,stop_037,trip_08756,ARR,20880,236,Outbound,0
2025-01-16,Orange,stop_038,trip_08757,DEP,21060,237,Inbound,1
2025-01-17,Red,stop_039,trip_08758,ARR,21240,238,Outbound,0
2025-01-18,Orange,stop_040,trip_08759,DEP,21420,239,Inbound,1
2025-01-19,Red,stop_001,trip_08760,ARR,18000,240,Outbound,0
2025-01-20,Orange,stop_002,trip_08761,DEP,18180,241,Inbound,1
2025-01-21,Red,stop_003,trip_08762,ARR,18360,242,Outbound,0
2025-01-22,Orange,stop_004,trip_08763,DEP,18540,243,Inbound,1
2025-01-23,Red,stop_005,trip_08764,ARR,18720,244,Outbound,0
2025-01-24,Orange,stop_006,trip_08765,DEP,18900,245,Inbound,1
2025-01-25,Red,stop_007,trip_08766,ARR,19080,246,Outbound,0
2025-01-26,Orange,stop_008,trip_08767,DEP,19260,247,Inbound,1
2025-01-27,Red,stop_009,trip_08768,ARR,19440,248,Outbound,0
2025-01-28,Orange,stop_010,trip_08769,DEP,19620,249,Inbound,1
2025-01-29,Red,stop_011,trip_08770,ARR,19800,250,Outbound,0
2025-01-30,Orange,stop_012,trip_08771,DEP,19980,251,Inbound,1
2025-01-31,Red,stop_013,trip_08772,ARR,20160,252,Outbound,0
2025-01-01,Orange,stop_014,trip_08773,DEP,20340,253,Inbound,1
2025-01-02,Red,stop_015,trip_08774,ARR,20520,254,Outbound,0
2025-01-03,Orange,stop_016,trip_08775,DEP,20700,255,Inbound,1
2025-01-04,Red,stop_017,trip_08776,ARR,20880,256,Outbound,0
2025-01-05,Orange,stop_018,trip_08777,DEP,21060,257,Inbound,1
2025-01-06,Red,stop_019,trip_08778,ARR,21240,258,Outbound,0
2025-01-07,Orange,stop_020,trip_08779,DEP,21420,259,Inbound,1
2025-01-08,Red,stop_021,trip_08780,ARR,18000,260,Outbound,0
2025-01-09,Orange,stop_022,trip_08781,DEP,18180,261,Inbound,1
2025-01-10,Red,stop_023,trip_08782,ARR,18360,262,Outbound,0
2025-01-11,Orange,stop_024,trip_08783,DEP,18540,263,Inbound,1
2025-01-12,Red,stop_025,trip_08784,ARR,18720,264,Outbound,0
2025-01-13,Orange,stop_026,trip_08785,DEP,18900,265,Inbound,1
2025-01-14,Red,stop_027,trip_08786,ARR,19080,266,Outbound,0
2025-01-15,Orange,stop_028,trip_08787,DEP,19260,267,Inbound,1
2025-01-16,Red,stop_029,trip_08788,ARR,19440,268,Outbound,0
2025-01-17,Orange,stop_030,trip_08789,DEP,19620,269,Inbound,1
2025-01-18,Red,stop_031,trip_08790,ARR,19800,270,Outbound,0
2025-01-19,Orange,stop_032,trip_08791,DEP,19980,271,Inbound,1
2025-01-20,Red,stop_033,trip_08792,ARR,20160,272,Outbound,0
2025-01-21,Orange,stop_034,trip_08793,DEP,20340,273,Inbound,1
2025-01-22,Red,stop_035,trip_08794,ARR,20520,274,Outbound,0
2025-01-23,Orange,stop_036,trip_08795,DEP,20700,275,Inbound,1
2025-01-24,Red,stop_037,trip_08796,ARR,20880,276,Outbound,0
2025-01-25,Orange,stop_038,trip_08797,DEP,21060,277,Inbound,1
2025-01-26,Red,stop_039,trip_08798,ARR,21240,278,Outbound,0
2025-01-27,Orange,stop_040,trip_08799,DEP,21420,279,Inbound,1
2025-01-28,Red,stop_001,trip_08800,ARR,18000,-120,Outbound,0
2025-01-29,Orange,stop_002,trip_08801,DEP,18180,-119,Inbound,1
2025-01-30,Red,stop_003,trip_08802,ARR,18360,-118,Outbound,0
2025-01-31,Orange,stop_004,trip_08803,DEP,18540,-117,Inbound,1
2025-01-01,Red,stop_005,trip_08804,ARR,18720,-116,Outbound,0
2025-01-02,Orange,stop_006,trip_08805,DEP,18900,-115,Inbound,1
2025-01-03,Red,stop_007,trip_08806,ARR,19080,-114,Outbound,0
2025-01-04,Orange,stop_008,trip_08807,DEP,19260,-113,Inbound,1
2025-01-05,Red,stop_009,trip_08808,ARR,19440,-112,Outbound,0
2025-01-06,Orange,stop_010,trip_08809,DEP,19620,-111,Inbound,1
2025-01-07,Red,stop_011,trip_08810,ARR,19800,-110,Outbound,0
2025-01-08,Orange,stop_012,trip_08811,DEP,19980,-109,Inbound,1
2025-01-09,Red,stop_013,trip_08812,ARR,20160,-108,Outbound,0
2025-01-10,Orange,stop_014,trip_08813,DEP,20340,-107,Inbound,1
2025-01-11,Red,stop_015,trip_08814,ARR,20520,-106,Outbound,0
2025-01-12,Orange,stop_016,trip_08815,DEP,20700,-105,Inbound,1
2025-01-13,Red,stop_017,trip_08816,ARR,20880,-104,Outbound,0
2025-01-14,Orange,stop_018,trip_08817,DEP,21060,-103,Inbound,1
2025-01-15,Red,stop_019,trip_08818,ARR,21240,-102,Outbound,0
2025-01-16,Orange,stop_020,trip_08819,DEP,21420,-101,Inbound,1
2025-01-17,Red,stop_021,trip_08820,ARR,18000,-100,Outbound,0
2025-01-18,Orange,stop_022,trip_08821,DEP,18180,-99,Inbound,1
2025-01-19,Red,stop_023,trip_08822,ARR,18360,-98,Outbound,0
2025-01-20,Orange,stop_024,trip_08823,DEP,18540,-97,Inbound,1
2025-01-21,Red,stop_025,trip_08824,ARR,18720,-96,Outbound,0
2025-01-22,Orange,stop_026,trip_08825,DEP,18900,-95,Inbound,1
2025-01-23,Red,stop_027,trip_08826,ARR,19080,-94,Outbound,0
2025-01-24,Orange,stop_028,trip_08827,DEP,19260,-93,Inbound,1
2025-01-25,Red,stop_029,trip_08828,ARR,19440,-92,Outbound,0
2025-01-26,Orange,stop_030,trip_08829,DEP,19620,-91,Inbound,1
2025-01-27,Red,stop_031,trip_08830,ARR,19800,-90,Outbound,0
2025-01-28,Orange,stop_032,trip_08831,DEP,19980,-89,Inbound,1
2025-01-29,Red,stop_033,trip_08832,ARR,20160,-88,Outbound,0
2025-01-30,Orange,stop_034,trip_08833,DEP,20340,-87,Inbound,1
2025-01-31,Red,stop_035,trip_08834,ARR,20520,-86,Outbound,0
2025-01-01,Orange,stop_036,trip_08835,DEP,20700,-85,Inbound,1
2025-01-02,Red,stop_037,trip_08836,ARR,20880,-84,Outbound,0
2025-01-03,Orange,stop_038,trip_08837,DEP,21060,-83,Inbound,1
2025-01-04,Red,stop_039,trip_08838,ARR,21240,-82,Outbound,0
2025-01-05,Orange,stop_040,trip_08839,DEP,21420,-81,Inbound,1
2025-01-06,Red,stop_001,trip_08840,ARR,18000,-80,Outbound,0
2025-01-07,Orange,stop_002,trip_08841,DEP,18180,-79,Inbound,1
2025-01-08,Red,stop_003,trip_08842,ARR,18360,-78,Outbound,0
2025-01-09,Orange,stop_004,trip_08843,DEP,18540,-77,Inbound,1
2025-01-10,Red,stop_005,trip_08844,ARR,18720,-76,Outbound,0
2025-01-11,Orange,stop_006,trip_08845,DEP,18900,-75,Inbound,1
2025-01-12,Red,stop_007,trip_08846,ARR,19080,-74,Outbound,0
2025-01-13,Orange,stop_008,trip_08847,DEP,19260,-73,Inbound,1
2025-01-14,Red,stop_009,trip_08848,ARR,19440,-72,Outbound,0
2025-01-15,Orange,stop_010,trip_08849,DEP,19620,-71,Inbound,1
2025-01-16,Red,stop_011,trip_08850,ARR,19800,-70,Outbound,0
2025-01-17,Orange,stop_012,trip_08851,DEP,19980,-69,Inbound,1
2025-01-18,Red,stop_013,trip_08852,ARR,20160,-68,Outbound,0
2025-01-19,Orange,stop_014,trip_08853,DEP,20340,-67,Inbound,1
2025-01-20,Red,stop_015,trip_08854,ARR,20520,-66,Outbound,0
2025-01-21,Orange,stop_016,trip_08855,DEP,20700,-65,Inbound,1
2025-01-22,Red,stop_017,trip_08856,ARR,20880,-64,Outbound,0
2025-01-23,Orange,stop_018,trip_08857,DEP,21060,-63,Inbound,1
2025-01-24,Red,stop_019,trip_08858,ARR,21240,-62,Outbound,0
2025-01-25,Orange,stop_020,trip_08859,DEP,21420,-61,Inbound,1
2025-01-26,Red,stop_021,trip_08860,ARR,18000,-60,Outbound,0
2025-01-27,Orange,stop_022,trip_08861,DEP,18180,-59,Inbound,1
2025-01-28,Red,stop_023,trip_08862,ARR,18360,-58,Outbound,0
2025-01-29,Orange,stop_024,trip_08863,DEP,18540,-57,Inbound,1
2025-01-30,Red,stop_025,trip_08864,ARR,18720,-56,Outbound,0
2025-01-31,Orange,stop_026,trip_08865,DEP,18900,-55,Inbound,1
2025-01-01,Red,stop_027,trip_08866,ARR,19080,-54,Outbound,0
2025-01-02,Orange,stop_028,trip_08867,DEP,19260,-53,Inbound,1
2025-01-03,Red,stop_029,trip_08868,ARR,19440,-52,Outbound,0
2025-01-04,Orange,stop_030,trip_08869,DEP,19620,-51,Inbound,1
2025-01-05,Red,stop_031,trip_08870,ARR,19800,-50,Outbound,0
2025-01-06,Orange,stop_032,trip_08871,DEP,19980,-49,Inbound,1
2025-01-07,Red,stop_033,trip_08872,ARR,20160,-48,Outbound,0
2025-01-08,Orange,stop_034,trip_08873,DEP,20340,-47,Inbound,1
2025-01-09,Red,stop_035,trip_08874,ARR,20520,-46,Outbound,0
2025-01-10,Orange,stop_036,trip_08875,DEP,20700,-45,Inbound,1
2025-01-11,Red,stop_037,trip_08876,ARR,20880,-44,Outbound,0
2025-01-12,Orange,stop_038,trip_08877,DEP,21060,-43,Inbound,1
2025-01-13,Red,stop_039,trip_08878,ARR,21240,-42,Outbound,0
2025-01-14,Orange,stop_040,trip_08879,DEP,21420,-41,Inbound,1
2025-01-15,Red,stop_001,trip_08880,ARR,18000,-40,Outbound,0
2025-01-16,Orange,stop_002,trip_08881,DEP,18180,-39,Inbound,1
2025-01-17,Red,stop_003,trip_08882,ARR,18360,-38,Outbound,0
2025-01-18,Orange,stop_004,trip_08883,DEP,18540,-37,Inbound,1
2025-01-19,Red,stop_005,trip_08884,ARR,18720,-36,Outbound,0
2025-01-20,Orange,stop_006,trip_08885,DEP,18900,-35,Inbound,1
2025-01-21,Red,stop_007,trip_08886,ARR,19080,-34,Outbound,0
2025-01-22,Orange,stop_008,trip_08887,DEP,19260,-33,Inbound,1
2025-01-23,Red,stop_009,trip_08888,ARR,19440,-32,Outbound,0
2025-01-24,Orange,stop_010,trip_08889,DEP,19620,-31,Inbound,1
2025-01-25,Red,stop_011,trip_08890,ARR,19800,-30,Outbound,0
2025-01-26,Orange,stop_012,trip_08891,DEP,19980,-29,Inbound,1
2025-01-27,Red,stop_013,trip_08892,ARR,20160,-28,Outbound,0
2025-01-28,Orange,stop_014,trip_08893,DEP,20340,-27,Inbound,1
2025-01-29,Red,stop_015,trip_08894,ARR,20520,-26,Outbound,0
2025-01-30,Orange,stop_016,trip_08895,DEP,20700,-25,Inbound,1
2025-01-31,Red,stop_017,trip_08896,ARR,20880,-24,Outbound,0
2025-01-01,Orange,stop_018,trip_08897,DEP,21060,-23,Inbound,1
2025-01-02,Red,stop_019,trip_08898,ARR,21240,-22,Outbound,0
2025-01-03,Orange,stop_020,trip_08899,DEP,21420,-21,Inbound,1
2025-01-04,Red,stop_021,trip_08900,ARR,18000,-20,Outbound,0
2025-01-05,Orange,stop_022,trip_08901,DEP,18180,-19,Inbound,1
2025-01-06,Red,stop_023,trip_08902,ARR,18360,-18,Outbound,0
2025-01-07,Orange,stop_024,trip_08903,DEP,18540,-17,Inbound,1
2025-01-08,Red,stop_025,trip_08904,ARR,18720,-16,Outbound,0
2025-01-09,Orange,stop_026,trip_08905,DEP,18900,-15,Inbound,1
2025-01-10,Red,stop_027,trip_08906,ARR,19080,-14,Outbound,0
2025-01-11,Orange,stop_028,trip_08907,DEP,19260,-13,Inbound,1
2025-01-12,Red,stop_029,trip_08908,ARR,19440,-12,Outbound,0
2025-01-13,Orange,stop_030,trip_08909,DEP,19620,-11,Inbound,1
2025-01-14,Red,stop_031,trip_08910,ARR,19800,-10,Outbound,0
2025-01-15,Orange,stop_032,trip_08911,DEP,19980,-9,Inbound,1
2025-01-16,Red,stop_033,trip_08912,ARR,20160,-8,Outbound,0
2025-01-17,Orange,stop_034,trip_08913,DEP,20340,-7,Inbound,1
2025-01-18,Red,stop_035,trip_08914,ARR,20520,-6,Outbound,0
2025-01-19,Orange,stop_036,trip_08915,DEP,20700,-5,Inbound,1
2025-01-20,Red,stop_037,trip_08916,ARR,20880,-4,Outbound,0
2025-01-21,Orange,stop_038,trip_08917,DEP,21060,-3,Inbound,1
2025-01-22,Red,stop_039,trip_08918,ARR,21240,-2,Outbound,0
2025-01-23,Orange,stop_040,trip_08919,DEP,21420,-1,Inbound,1
2025-01-24,Red,stop_001,trip_08920,ARR,18000,0,Outbound,0
2025-01-25,Orange,stop_002,trip_08921,DEP,18180,1,Inbound,1
2025-01-26,Red,stop_003,trip_08922,ARR,18360,2,Outbound,0
2025-01-27,Orange,stop_004,trip_08923,DEP,18540,3,Inbound,1
2025-01-28,Red,stop_005,trip_08924,ARR,18720,4,Outbound,0
2025-01-29,Orange,stop_006,trip_08925,DEP,18900,5,Inbound,1
2025-01-30,Red,stop_007,trip_08926,ARR,19080,6,Outbound,0
2025-01-31,Orange,stop_008,trip_08927,DEP,19260,7,Inbound,1
2025-01-01,Red,stop_009,trip_08928,ARR,19440,8,Outbound,0
2025-01-02,Orange,stop_010,trip_08929,DEP,19620,9,Inbound,1
2025-01-03,Red,stop_011,trip_08930,ARR,19800,10,Outbound,0
2025-01-04,Orange,stop_012,trip_08931,DEP,19980,11,Inbound,1
2025-01-05,Red,stop_013,trip_08932,ARR,20160,12,Outbound,0
2025-01-06,Orange,stop_014,trip_08933,DEP,20340,13,Inbound,1
2025-01-07,Red,stop_015,trip_08934,ARR,20520,14,Outbound,0
2025-01-08,Orange,stop_016,trip_08935,DEP,20700,15,Inbound,1
2025-01-09,Red,stop_017,trip_08936,ARR,20880,16,Outbound,0
2025-01-10,Orange,stop_018,trip_08937,DEP,21060,17,Inbound,1
2025-01-11,Red,stop_019,trip_08938,ARR,21240,18,Outbound,0
2025-01-12,Orange,stop_020,trip_08939,DEP,21420,19,Inbound,1
2025-01-13,Red,stop_021,trip_08940,ARR,18000,20,Outbound,0
2025-01-14,Orange,stop_022,trip_08941,DEP,18180,21,Inbound,1
2025-01-15,Red,stop_023,trip_08942,ARR,18360,22,Outbound,0
2025-01-16,Orange,stop_024,trip_08943,DEP,18540,23,Inbound,1
2025-01-17,Red,stop_025,trip_08944,ARR,18720,24,Outbound,0
2025-01-18,Orange,stop_026,trip_08945,DEP,18900,25,Inbound,1
2025-01-19,Red,stop_027,trip_08946,ARR,19080,26,Outbound,0
2025-01-20,Orange,stop_028,trip_08947,DEP,19260,27,Inbound,1
2025-01-21,Red,stop_029,trip_08948,ARR,19440,28,Outbound,0
2025-01-22,Orange,stop_030,trip_08949,DEP,19620,29,Inbound,1
2025-01-23,Red,stop_031,trip_08950,ARR,19800,30,Outbound,0
2025-01-24,Orange,stop_032,trip_08951,DEP,19980,31,Inbound,1
2025-01-25,Red,stop_033,trip_08952,ARR,20160,32,Outbound,0
2025-01-26,Orange,stop_034,trip_08953,DEP,20340,33,Inbound,1
2025-01-27,Red,stop_035,trip_08954,ARR,20520,34,Outbound,0
2025-01-28,Orange,stop_036,trip_08955,DEP,20700,35,Inbound,1
2025-01-29,Red,stop_037,trip_08956,ARR,20880,36,Outbound,0
2025-01-30,Orange,stop_038,trip_08957,DEP,21060,37,Inbound,1
2025-01-31,Red,stop_039,trip_08958,ARR,21240,38,Outbound,0
2025-01-01,Orange,stop_040,trip_08959,DEP,21420,39,Inbound,1
2025-01-02,Red,stop_001,trip_08960,ARR,18000,40,Outbound,0
2025-01-03,Orange,stop_002,trip_08961,DEP,18180,41,Inbound,1
2025-01-04,Red,stop_003,trip_08962,ARR,18360,42,Outbound,0
2025-01-05,Orange,stop_004,trip_08963,DEP,18540,43,Inbound,1
2025-01-06,Red,stop_005,trip_08964,ARR,18720,44,Outbound,0
2025-01-07,Orange,stop_006,trip_08965,DEP,18900,45,Inbound,1
2025-01-08,Red,stop_007,trip_08966,ARR,19080,46,Outbound,0
2025-01-09,Orange,stop_008,trip_08967,DEP,19260,47,Inbound,1
2025-01-10,Red,stop_009,trip_08968,ARR,19440,48,Outbound,0
2025-01-11,Orange,stop_010,trip_08969,DEP,19620,49,Inbound,1
2025-01-12,Red,stop_011,trip_08970,ARR,19800,50,Outbound,0
2025-01-13,Orange,stop_012,trip_08971,DEP,19980,51,Inbound,1
2025-01-14,Red,stop_013,trip_08972,ARR,20160,52,Outbound,0
2025-01-15,Orange,stop_014,trip_08973,DEP,20340,53,Inbound,1
2025-01-16,Red,stop_015,trip_08974,ARR,20520,54,Outbound,0
2025-01-17,Orange,stop_016,trip_08975,DEP,20700,55,Inbound,1
2025-01-18,Red,stop_017,trip_08976,ARR,20880,56,Outbound,0
2025-01-19,Orange,stop_018,trip_08977,DEP,21060,57,Inbound,1
2025-01-20,Red,stop_019,trip_08978,ARR,21240,58,Outbound,0
2025-01-21,Orange,stop_020,trip_08979,DEP,21420,59,Inbound,1
2025-01-22,Red,stop_021,trip_08980,ARR,18000,60,Outbound,0
2025-01-23,Orange,stop_022,trip_08981,DEP,18180,61,Inbound,1
2025-01-24,Red,stop_023,trip_08982,ARR,18360,62,Outbound,0
2025-01-25,Orange,stop_024,trip_08983,DEP,18540,63,Inbound,1
2025-01-26,Red,stop_025,trip_08984,ARR,18720,64,Outbound,0
2025-01-27,Orange,stop_026,trip_08985,DEP,18900,65,Inbound,1
2025-01-28,Red,stop_027,trip_08986,ARR,19080,66,Outbound,0
2025-01-29,Orange,stop_028,trip_08987,DEP,19260,67,Inbound,1
2025-01-30,Red,stop_029,trip_08988,ARR,19440,68,Outbound,0
2025-01-31,Orange,stop_030,trip_08989,DEP,19620,69,Inbound,1
2025-01-01,Red,stop_031,trip_08990,ARR,19800,70,Outbound,0
2025-01-02,Orange,stop_032,trip_08991,DEP,19980,71,Inbound,1
2025-01-03,Red,stop_033,trip_08992,ARR,20160,72,Outbound,0
2025-01-04,Orange,stop_034,trip_08993,DEP,20340,73,Inbound,1
2025-01-05,Red,stop_035,trip_08994,ARR,20520,74,Outbound,0
2025-01-06,Orange,stop_036,trip_08995,DEP,20700,75,Inbound,1
2025-01-07,Red,stop_037,trip_08996,ARR,20880,76,Outbound,0
2025-01-08,Orange,stop_038,trip_08997,DEP,21060,77,Inbound,1
2025-01-09,Red,stop_039,trip_08998,ARR,21240,78,Outbound,0
2025-01-10,Orange,stop_040,trip_08999,DEP,21420,79,Inbound,1
2025-01-11,Red,stop_001,trip_09000,ARR,18000,80,Outbound,0
2025-01-12,Orange,stop_002,trip_09001,DEP,18180,81,Inbound,1
2025-01-13,Red,stop_003,trip_09002,ARR,18360,82,Outbound,0
2025-01-14,Orange,stop_004,trip_09003,DEP,18540,83,Inbound,1
2025-01-15,Red,stop_005,trip_09004,ARR,18720,84,Outbound,0
2025-01-16,Orange,stop_006,trip_09005,DEP,18900,85,Inbound,1
2025-01-17,Red,stop_007,trip_09006,ARR,19080,86,Outbound,0
2025-01-18,Orange,stop_008,trip_09007,DEP,19260,87,Inbound,1
2025-01-19,Red,stop_009,trip_09008,ARR,19440,88,Outbound,0
2025-01-20,Orange,stop_010,trip_09009,DEP,19620,89,Inbound,1
2025-01-21,Red,stop_011,trip_09010,ARR,19800,90,Outbound,0
2025-01-22,Orange,stop_012,trip_09011,DEP,19980,91,Inbound,1
2025-01-23,Red,stop_013,trip_09012,ARR,20160,92,Outbound,0
2025-01-24,Orange,stop_014,trip_09013,DEP,20340,93,Inbound,1
2025-01-25,Red,stop_015,trip_09014,ARR,20520,94,Outbound,0
2025-01-26,Orange,stop_016,trip_09015,DEP,20700,95,Inbound,1
2025-01-27,Red,stop_017,trip_09016,ARR,20880,96,Outbound,0
2025-01-28,Orange,stop_018,trip_09017,DEP,21060,97,Inbound,1
2025-01-29,Red,stop_019,trip_09018,ARR,21240,98,Outbound,0
2025-01-30,Orange,stop_020,trip_09019,DEP,21420,99,Inbound,1
2025-01-31,Red,stop_021,trip_09020,ARR,18000,100,Outbound,0
2025-01-01,Orange,stop_022,trip_09021,DEP,18180,101,Inbound,1
2025-01-02,Red,stop_023,trip_09022,ARR,18360,102,Outbound,0
2025-01-03,Orange,stop_024,trip_09023,DEP,18540,103,Inbound,1
2025-01-04,Red,stop_025,trip_09024,ARR,18720,104,Outbound,0
2025-01-05,Orange,stop_026,trip_09025,DEP,18900,105,Inbound,1
2025-01-06,Red,stop_027,trip_09026,ARR,19080,106,Outbound,0
2025-01-07,Orange,stop_028,trip_09027,DEP,19260,107,Inbound,1
2025-01-08,Red,stop_029,trip_09028,ARR,19440,108,Outbound,0
2025-01-09,Orange,stop_030,trip_09029,DEP,19620,109,Inbound,1
2025-01-10,Red,stop_031,trip_09030,ARR,19800,110,Outbound,0
2025-01-11,Orange,stop_032,trip_09031,DEP,19980,111,Inbound,1
2025-01-12,Red,stop_033,trip_09032,ARR,20160,112,Outbound,0
2025-01-13,Orange,stop_034,trip_09033,DEP,20340,113,Inbound,1
2025-01-14,Red,stop_035,trip_09034,ARR,20520,114,Outbound,0
2025-01-15,Orange,stop_036,trip_09035,DEP,20700,115,Inbound,1
2025-01-16,Red,stop_037,trip_09036,ARR,20880,116,Outbound,0
2025-01-17,Orange,stop_038,trip_09037,DEP,21060,117,Inbound,1
2025-01-18,Red,stop_039,trip_09038,ARR,21240,118,Outbound,0
2025-01-19,Orange,stop_040,trip_09039,DEP,21420,119,Inbound,1
2025-01-20,Red,stop_001,trip_09040,ARR,18000,120,Outbound,0
2025-01-21,Orange,stop_002,trip_09041,DEP,18180,121,Inbound,1
2025-01-22,Red,stop_003,trip_09042,ARR,18360,122,Outbound,0
2025-01-23,Orange,stop_004,trip_09043,DEP,18540,123,Inbound,1
2025-01-24,Red,stop_005,trip_09044,ARR,18720,124,Outbound,0
2025-01-25,Orange,stop_006,trip_09045,DEP,18900,125,Inbound,1
2025-01-26,Red,stop_007,trip_09046,ARR,19080,126,Outbound,0
2025-01-27,Orange,stop_008,trip_09047,DEP,19260,127,Inbound,1
2025-01-28,Red,stop_009,trip_09048,ARR,19440,128,Outbound,0
2025-01-29,Orange,stop_010,trip_09049,DEP,19620,129,Inbound,1
2025-01-30,Red,stop_011,trip_09050,ARR,19800,130,Outbound,0
2025-01-31,Orange,stop_012,trip_09051,DEP,19980,131,Inbound,1
2025-01-01,Red,stop_013,trip_09052,ARR,20160,132,Outbound,0
2025-01-02,Orange,stop_014,trip_09053,DEP,20340,133,Inbound,1
2025-01-03,Red,stop_015,trip_09054,ARR,20520,134,Outbound,0
2025-01-04,Orange,stop_016,trip_09055,DEP,20700,135,Inbound,1
2025-01-05,Red,stop_017,trip_09056,ARR,20880,136,Outbound,0
2025-01-06,Orange,stop_018,trip_09057,DEP,21060,137,Inbound,1
2025-01-07,Red,stop_019,trip_09058,ARR,21240,138,Outbound,0
2025-01-08,Orange,stop_020,trip_09059,DEP,21420,139,Inbound,1
2025-01-09,Red,stop_021,trip_09060,ARR,18000,140,Outbound,0
2025-01-10,Orange,stop_022,trip_09061,DEP,18180,141,Inbound,1
2025-01-11,Red,stop_023,trip_09062,ARR,18360,142,Outbound,0
2025-01-12,Orange,stop_024,trip_09063,DEP,18540,143,Inbound,1
2025-01-13,Red,stop_025,trip_09064,ARR,18720,144,Outbound,0
2025-01-14,Orange,stop_026,trip_09065,DEP,18900,145,Inbound,1
2025-01-15,Red,stop_027,trip_09066,ARR,19080,146,Outbound,0
2025-01-16,Orange,stop_028,trip_09067,DEP,19260,147,Inbound,1
2025-01-17,Red,stop_029,trip_09068,ARR,19440,148,Outbound,0
2025-01-18,Orange,stop_030,trip_09069,DEP,19620,149,Inbound,1
2025-01-19,Red,stop_031,trip_09070,ARR,19800,150,Outbound,0
2025-01-20,Orange,stop_032,trip_09071,DEP,19980,151,Inbound,1
2025-01-21,Red,stop_033,trip_09072,ARR,20160,152,Outbound,0
2025-01-22,Orange,stop_034,trip_09073,DEP,20340,153,Inbound,1
2025-01-23,Red,stop_035,trip_09074,ARR,20520,154,Outbound,0
2025-01-24,Orange,stop_036,trip_09075,DEP,20700,155,Inbound,1
2025-01-25,Red,stop_037,trip_09076,ARR,20880,156,Outbound,0
2025-01-26,Orange,stop_038,trip_09077,DEP,21060,157,Inbound,1
2025-01-27,Red,stop_039,trip_09078,ARR,21240,158,Outbound,0
2025-01-28,Orange,stop_040,trip_09079,DEP,21420,159,Inbound,1
2025-01-29,Red,stop_001,trip_09080,ARR,18000,160,Outbound,0
2025-01-30,Orange,stop_002,trip_09081,DEP,18180,161,Inbound,1
2025-01-31,Red,stop_003,trip_09082,ARR,18360,162,Outbound,0
2025-01-01,Orange,stop_004,trip_09083,DEP,18540,163,Inbound,1
2025-01-02,Red,stop_005,trip_09084,ARR,18720,164,Outbound,0
2025-01-03,Orange,stop_006,trip_09085,DEP,18900,165,Inbound,1
2025-01-04,Red,stop_007,trip_09086,ARR,19080,166,Outbound,0
2025-01-05,Orange,stop_008,trip_09087,DEP,19260,167,Inbound,1
2025-01-06,Red,stop_009,trip_09088,ARR,19440,168,Outbound,0
2025-01-07,Orange,stop_010,trip_09089,DEP,19620,169,Inbound,1
2025-01-08,Red,stop_011,trip_09090,ARR,19800,170,Outbound,0
2025-01-09,Orange,stop_012,trip_09091,DEP,19980,171,Inbound,1
2025-01-10,Red,stop_013,trip_09092,ARR,20160,172,Outbound,0
2025-01-11,Orange,stop_014,trip_09093,DEP,20340,173,Inbound,1
2025-01-12,Red,stop_015,trip_09094,ARR,20520,174,Outbound,0
2025-01-13,Orange,stop_016,trip_09095,DEP,20700,175,Inbound,1
2025-01-14,Red,stop_017,trip_09096,ARR,20880,176,Outbound,0
2025-01-15,Orange,stop_018,trip_09097,DEP,21060,177,Inbound,1
2025-01-16,Red,stop_019,trip_09098,ARR,21240,178,Outbound,0
2025-01-17,Orange,stop_020,trip_09099,DEP,21420,179,Inbound,1
2025-01-18,Red,stop_021,trip_09100,ARR,18000,180,Outbound,0
2025-01-19,Orange,stop_022,trip_09101,DEP,18180,181,Inbound,1
2025-01-20,Red,stop_023,trip_09102,ARR,18360,182,Outbound,0
2025-01-21,Orange,stop_024,trip_09103,DEP,18540,183,Inbound,1
2025-01-22,Red,stop_025,trip_09104,ARR,18720,184,Outbound,0
2025-01-23,Orange,stop_026,trip_09105,DEP,18900,185,Inbound,1
2025-01-24,Red,stop_027,trip_09106,ARR,19080,186,Outbound,0
2025-01-25,Orange,stop_028,trip_09107,DEP,19260,187,Inbound,1
2025-01-26,Red,stop_029,trip_09108,ARR,19440,188,Outbound,0
2025-01-27,Orange,stop_030,trip_09109,DEP,19620,189,Inbound,1
2025-01-28,Red,stop_031,trip_09110,ARR,19800,190,Outbound,0
2025-01-29,Orange,stop_032,trip_09111,DEP,19980,191,Inbound,1
2025-01-30,Red,stop_033,trip_09112,ARR,20160,192,Outbound,0
2025-01-31,Orange,stop_034,trip_09113,DEP,20340,193,Inbound,1
2025-01-01,Red,stop_035,trip_09114,ARR,20520,194,Outbound,0
2025-01-02,Orange,stop_036,trip_09115,DEP,20700,195,Inbound,1
2025-01-03,Red,stop_037,trip_09116,ARR,20880,196,Outbound,0
2025-01-04,Orange,stop_038,trip_09117,DEP,21060,197,Inbound,1
2025-01-05,Red,stop_039,trip_09118,ARR,21240,198,Outbound,0
2025-01-06,Orange,stop_040,trip_09119,DEP,21420,199,Inbound,1
2025-01-07,Red,stop_001,trip_09120,ARR,18000,200,Outbound,0
2025-01-08,Orange,stop_002,trip_09121,DEP,18180,201,Inbound,1
2025-01-09,Red,stop_003,trip_09122,ARR,18360,202,Outbound,0
2025-01-10,Orange,stop_004,trip_09123,DEP,18540,203,Inbound,1
2025-01-11,Red,stop_005,trip_09124,ARR,18720,204,Outbound,0
2025-01-12,Orange,stop_006,trip_09125,DEP,18900,205,Inbound,1
2025-01-13,Red,stop_007,trip_09126,ARR,19080,206,Outbound,0
2025-01-14,Orange,stop_008,trip_09127,DEP,19260,207,Inbound,1
2025-01-15,Red,stop_009,trip_09128,ARR,19440,208,Outbound,0
2025-01-16,Orange,stop_010,trip_09129,DEP,19620,209,Inbound,1
2025-01-17,Red,stop_011,trip_09130,ARR,19800,210,Outbound,0
2025-01-18,Orange,stop_012,trip_09131,DEP,19980,211,Inbound,1
2025-01-19,Red,stop_013,trip_09132,ARR,20160,212,Outbound,0
2025-01-20,Orange,stop_014,trip_09133,DEP,20340,213,Inbound,1
2025-01-21,Red,stop_015,trip_09134,ARR,20520,214,Outbound,0
2025-01-22,Orange,stop_016,trip_09135,DEP,20700,215,Inbound,1
2025-01-23,Red,stop_017,trip_09136,ARR,20880,216,Outbound,0
2025-01-24,Orange,stop_018,trip_09137,DEP,21060,217,Inbound,1
2025-01-25,Red,stop_019,trip_09138,ARR,21240,218,Outbound,0
2025-01-26,Orange,stop_020,trip_09139,DEP,21420,219,Inbound,1
2025-01-27,Red,stop_021,trip_09140,ARR,18000,220,Outbound,0
2025-01-28,Orange,stop_022,trip_09141,DEP,18180,221,Inbound,1
2025-01-29,Red,stop_023,trip_09142,ARR,18360,222,Outbound,0
2025-01-30,Orange,stop_024,trip_09143,DEP,18540,223,Inbound,1
2025-01-31,Red,stop_025,trip_09144,ARR,18720,224,Outbound,0
2025-01-01,Orange,stop_026,trip_09145,DEP,18900,225,Inbound,1
2025-01-02,Red,stop_027,trip_09146,ARR,19080,226,Outbound,0
2025-01-03,Orange,stop_028,trip_09147,DEP,19260,227,Inbound,1
2025-01-04,Red,stop_029,trip_09148,ARR,19440,228,Outbound,0
2025-01-05,Orange,stop_030,trip_09149,DEP,19620,229,Inbound,1
2025-01-06,Red,stop_031,trip_09150,ARR,19800,230,Outbound,0
2025-01-07,Orange,stop_032,trip_09151,DEP,19980,231,Inbound,1
2025-01-08,Red,stop_033,trip_09152,ARR,20160,232,Outbound,0
2025-01-09,Orange,stop_034,trip_09153,DEP,20340,233,Inbound,1
2025-01-10,Red,stop_035,trip_09154,ARR,20520,234,Outbound,0
2025-01-11,Orange,stop_036,trip_09155,DEP,20700,235,Inbound,1
2025-01-12,Red,stop_037,trip_09156,ARR,20880,236,Outbound,0
2025-01-13,Orange,stop_038,trip_09157,DEP,21060,237,Inbound,1
2025-01-14,Red,stop_039,trip_09158,ARR,21240,238,Outbound,0
2025-01-15,Orange,stop_040,trip_09159,DEP,21420,239,Inbound,1
2025-01-16,Red,stop_001,trip_09160,ARR,18000,240,Outbound,0
2025-01-17,Orange,stop_002,trip_09161,DEP,18180,241,Inbound,1
2025-01-18,Red,stop_003,trip_09162,ARR,18360,242,Outbound,0
2025-01-19,Orange,stop_004,trip_09163,DEP,18540,243,Inbound,1
2025-01-20,Red,stop_005,trip_09164,ARR,18720,244,Outbound,0
2025-01-21,Orange,stop_006,trip_09165,DEP,18900,245,Inbound,1
2025-01-22,Red,stop_007,trip_09166,ARR,19080,246,Outbound,0
2025-01-23,Orange,stop_008,trip_09167,DEP,19260,247,Inbound,1
2025-01-24,Red,stop_009,trip_09168,ARR,19440,248,Outbound,0
2025-01-25,Orange,stop_010,trip_09169,DEP,19620,249,Inbound,1
2025-01-26,Red,stop_011,trip_09170,ARR,19800,250,Outbound,0
2025-01-27,Orange,stop_012,trip_09171,DEP,19980,251,Inbound,1
2025-01-28,Red,stop_013,trip_09172,ARR,20160,252,Outbound,0
2025-01-29,Orange,stop_014,trip_09173,DEP,20340,253,Inbound,1
2025-01-30,Red,stop_015,trip_09174,ARR,20520,254,Outbound,0
2025-01-31,Orange,stop_016,trip_09175,DEP,20700,255,Inbound,1
2025-01-01,Red,stop_017,trip_09176,ARR,20880,256,Outbound,0
2025-01-02,Orange,stop_018,trip_09177,DEP,21060,257,Inbound,1
2025-01-03,Red,stop_019,trip_09178,ARR,21240,258,Outbound,0
2025-01-04,Orange,stop_020,trip_09179,DEP,21420,259,Inbound,1
2025-01-05,Red,stop_021,trip_09180,ARR,18000,260,Outbound,0
2025-01-06,Orange,stop_022,trip_09181,DEP,18180,261,Inbound,1
2025-01-07,Red,stop_023,trip_09182,ARR,18360,262,Outbound,0
2025-01-08,Orange,stop_024,trip_09183,DEP,18540,263,Inbound,1
2025-01-09,Red,stop_025,trip_09184,ARR,18720,264,Outbound,0
2025-01-10,Orange,stop_026,trip_09185,DEP,18900,265,Inbound,1
2025-01-11,Red,stop_027,trip_09186,ARR,19080,266,Outbound,0
2025-01-12,Orange,stop_028,trip_09187,DEP,19260,267,Inbound,1
2025-01-13,Red,stop_029,trip_09188,ARR,19440,268,Outbound,0
2025-01-14,Orange,stop_030,trip_09189,DEP,19620,269,Inbound,1
2025-01-15,Red,stop_031,trip_09190,ARR,19800,270,Outbound,0
2025-01-16,Orange,stop_032,trip_09191,DEP,19980,271,Inbound,1
2025-01-17,Red,stop_033,trip_09192,ARR,20160,272,Outbound,0
2025-01-18,Orange,stop_034,trip_09193,DEP,20340,273,Inbound,1
2025-01-19,Red,stop_035,trip_09194,ARR,20520,274,Outbound,0
2025-01-20,Orange,stop_036,trip_09195,DEP,20700,275,Inbound,1
2025-01-21,Red,stop_037,trip_09196,ARR,20880,276,Outbound,0
2025-01-22,Orange,stop_038,trip_09197,DEP,21060,277,Inbound,1
2025-01-23,Red,stop_039,trip_09198,ARR,21240,278,Outbound,0
2025-01-24,Orange,stop_040,trip_09199,DEP,21420,279,Inbound,1
2025-01-25,Red,stop_001,trip_09200,ARR,18000,-120,Outbound,0
2025-01-26,Orange,stop_002,trip_09201,DEP,18180,-119,Inbound,1
2025-01-27,Red,stop_003,trip_09202,ARR,18360,-118,Outbound,0
2025-01-28,Orange,stop_004,trip_09203,DEP,18540,-117,Inbound,1
2025-01-29,Red,stop_005,trip_09204,ARR,18720,-116,Outbound,0
2025-01-30,Orange,stop_006,trip_09205,DEP,18900,-115,Inbound,1
2025-01-31,Red,stop_007,trip_09206,ARR,19080,-114,Outbound,0
2025-01-01,Orange,stop_008,trip_09207,DEP,19260,-113,Inbound,1
2025-01-02,Red,stop_009,trip_09208,ARR,19440,-112,Outbound,0
2025-01-03,Orange,stop_010,trip_09209,DEP,19620,-111,Inbound,1
2025-01-04,Red,stop_011,trip_09210,ARR,19800,-110,Outbound,0
2025-01-05,Orange,stop_012,trip_09211,DEP,19980,-109,Inbound,1
2025-01-06,Red,stop_013,trip_09212,ARR,20160,-108,Outbound,0
2025-01-07,Orange,stop_014,trip_09213,DEP,20340,-107,Inbound,1
2025-01-08,Red,stop_015,trip_09214,ARR,20520,-106,Outbound,0
2025-01-09,Orange,stop_016,trip_09215,DEP,20700,-105,Inbound,1
2025-01-10,Red,stop_017,trip_09216,ARR,20880,-104,Outbound,0
2025-01-11,Orange,stop_018,trip_09217,DEP,21060,-103,Inbound,1
2025-01-12,Red,stop_019,trip_09218,ARR,21240,-102,Outbound,0
2025-01-13,Orange,stop_020,trip_09219,DEP,21420,-101,Inbound,1
2025-01-14,Red,stop_021,trip_09220,ARR,18000,-100,Outbound,0
2025-01-15,Orange,stop_022,trip_09221,DEP,18180,-99,Inbound,1
2025-01-16,Red,stop_023,trip_09222,ARR,18360,-98,Outbound,0
2025-01-17,Orange,stop_024,trip_09223,DEP,18540,-97,Inbound,1
2025-01-18,Red,stop_025,trip_09224,ARR,18720,-96,Outbound,0
2025-01-19,Orange,stop_026,trip_09225,DEP,18900,-95,Inbound,1
2025-01-20,Red,stop_027,trip_09226,ARR,19080,-94,Outbound,0
2025-01-21,Orange,stop_028,trip_09227,DEP,19260,-93,Inbound,1
2025-01-22,Red,stop_029,trip_09228,ARR,19440,-92,Outbound,0
2025-01-23,Orange,stop_030,trip_09229,DEP,19620,-91,Inbound,1
2025-01-24,Red,stop_031,trip_09230,ARR,19800,-90,Outbound,0
2025-01-25,Orange,stop_032,trip_09231,DEP,19980,-89,Inbound,1
2025-01-26,Red,stop_033,trip_09232,ARR,20160,-88,Outbound,0
2025-01-27,Orange,stop_034,trip_09233,DEP,20340,-87,Inbound,1
2025-01-28,Red,stop_035,trip_09234,ARR,20520,-86,Outbound,0
2025-01-29,Orange,stop_036,trip_09235,DEP,20700,-85,Inbound,1
2025-01-30,Red,stop_037,trip_09236,ARR,20880,-84,Outbound,0
2025-01-31,Orange,stop_038,trip_09237,DEP,21060,-83,Inbound,1
2025-01-01,Red,stop_039,trip_09238,ARR,21240,-82,Outbound,0
2025-01-02,Orange,stop_040,trip_09239,DEP,21420,-81,Inbound,1
2025-01-03,Red,stop_001,trip_09240,ARR,18000,-80,Outbound,0
2025-01-04,Orange,stop_002,trip_09241,DEP,18180,-79,Inbound,1
2025-01-05,Red,stop_003,trip_09242,ARR,18360,-78,Outbound,0
2025-01-06,Orange,stop_004,trip_09243,DEP,18540,-77,Inbound,1
2025-01-07,Red,stop_005,trip_09244,ARR,18720,-76,Outbound,0
2025-01-08,Orange,stop_006,trip_09245,DEP,18900,-75,Inbound,1
2025-01-09,Red,stop_007,trip_09246,ARR,19080,-74,Outbound,0
2025-01-10,Orange,stop_008,trip_09247,DEP,19260,-73,Inbound,1
2025-01-11,Red,stop_009,trip_09248,ARR,19440,-72,Outbound,0
2025-01-12,Orange,stop_010,trip_09249,DEP,19620,-71,Inbound,1
2025-01-13,Red,stop_011,trip_09250,ARR,19800,-70,Outbound,0
2025-01-14,Orange,stop_012,trip_09251,DEP,19980,-69,Inbound,1
2025-01-15,Red,stop_013,trip_09252,ARR,20160,-68,Outbound,0
2025-01-16,Orange,stop_014,trip_09253,DEP,20340,-67,Inbound,1
2025-01-17,Red,stop_015,trip_09254,ARR,20520,-66,Outbound,0
2025-01-18,Orange,stop_016,trip_09255,DEP,20700,-65,Inbound,1
2025-01-19,Red,stop_017,trip_09256,ARR,20880,-64,Outbound,0
2025-01-20,Orange,stop_018,trip_09257,DEP,21060,-63,Inbound,1
2025-01-21,Red,stop_019,trip_09258,ARR,21240,-62,Outbound,0
2025-01-22,Orange,stop_020,trip_09259,DEP,21420,-61,Inbound,1
2025-01-23,Red,stop_021,trip_09260,ARR,18000,-60,Outbound,0
2025-01-24,Orange,stop_022,trip_09261,DEP,18180,-59,Inbound,1
2025-01-25,Red,stop_023,trip_09262,ARR,18360,-58,Outbound,0
2025-01-26,Orange,stop_024,trip_09263,DEP,18540,-57,Inbound,1
2025-01-27,Red,stop_025,trip_09264,ARR,18720,-56,Outbound,0
2025-01-28,Orange,stop_026,trip_09265,DEP,18900,-55,Inbound,1
2025-01-29,Red,stop_027,trip_09266,ARR,19080,-54,Outbound,0
2025-01-30,Orange,stop_028,trip_09267,DEP,19260,-53,Inbound,1
2025-01-31,Red,stop_029,trip_09268,ARR,19440,-52,Outbound,0
2025-01-01,Orange,stop_030,trip_09269,DEP,19620,-51,Inbound,1
2025-01-02,Red,stop_031,trip_09270,ARR,19800,-50,Outbound,0
2025-01-03,Orange,stop_032,trip_09271,DEP,19980,-49,Inbound,1
2025-01-04,Red,stop_033,trip_09272,ARR,20160,-48,Outbound,0
2025-01-05,Orange,stop_034,trip_09273,DEP,20340,-47,Inbound,1
2025-01-06,Red,stop_035,trip_09274,ARR,20520,-46,Outbound,0
2025-01-07,Orange,stop_036,trip_09275,DEP,20700,-45,Inbound,1
2025-01-08,Red,stop_037,trip_09276,ARR,20880,-44,Outbound,0
2025-01-09,Orange,stop_038,trip_09277,DEP,21060,-43,Inbound,1
2025-01-10,Red,stop_039,trip_09278,ARR,21240,-42,Outbound,0
2025-01-11,Orange,stop_040,trip_09279,DEP,21420,-41,Inbound,1
2025-01-12,Red,stop_001,trip_09280,ARR,18000,-40,Outbound,0
2025-01-13,Orange,stop_002,trip_09281,DEP,18180,-39,Inbound,1
2025-01-14,Red,stop_003,trip_09282,ARR,18360,-38,Outbound,0
2025-01-15,Orange,stop_004,trip_09283,DEP,18540,-37,Inbound,1
2025-01-16,Red,stop_005,trip_09284,ARR,18720,-36,Outbound,0
2025-01-17,Orange,stop_006,trip_09285,DEP,18900,-35,Inbound,1
2025-01-18,Red,stop_007,trip_09286,ARR,19080,-34,Outbound,0
2025-01-19,Orange,stop_008,trip_09287,DEP,19260,-33,Inbound,1
2025-01-20,Red,stop_009,trip_09288,ARR,19440,-32,Outbound,0
2025-01-21,Orange,stop_010,trip_09289,DEP,19620,-31,Inbound,1
2025-01-22,Red,stop_011,trip_09290,ARR,19800,-30,Outbound,0
2025-01-23,Orange,stop_012,trip_09291,DEP,19980,-29,Inbound,1
2025-01-24,Red,stop_013,trip_09292,ARR,20160,-28,Outbound,0
2025-01-25,Orange,stop_014,trip_09293,DEP,20340,-27,Inbound,1
2025-01-26,Red,stop_015,trip_09294,ARR,20520,-26,Outbound,0
2025-01-27,Orange,stop_016,trip_09295,DEP,20700,-25,Inbound,1
2025-01-28,Red,stop_017,trip_09296,ARR,20880,-24,Outbound,0
2025-01-29,Orange,stop_018,trip_09297,DEP,21060,-23,Inbound,1
2025-01-30,Red,stop_019,trip_09298,ARR,21240,-22,Outbound,0
2025-01-31,Orange,stop_020,trip_09299,DEP,21420,-21,Inbound,1
2025-01-01,Red,stop_021,trip_09300,ARR,18000,-20,Outbound,0
2025-01-02,Orange,stop_022,trip_09301,DEP,18180,-19,Inbound,1
2025-01-03,Red,stop_023,trip_09302,ARR,18360,-18,Outbound,0
2025-01-04,Orange,stop_024,trip_09303,DEP,18540,-17,Inbound,1
2025-01-05,Red,stop_025,trip_09304,ARR,18720,-16,Outbound,0
2025-01-06,Orange,stop_026,trip_09305,DEP,18900,-15,Inbound,1
2025-01-07,Red,stop_027,trip_09306,ARR,19080,-14,Outbound,0
2025-01-08,Orange,stop_028,trip_09307,DEP,19260,-13,Inbound,1
2025-01-09,Red,stop_029,trip_09308,ARR,19440,-12,Outbound,0
2025-01-10,Orange,stop_030,trip_09309,DEP,19620,-11,Inbound,1
2025-01-11,Red,stop_031,trip_09310,ARR,19800,-10,Outbound,0
2025-01-12,Orange,stop_032,trip_09311,DEP,19980,-9,Inbound,1
2025-01-13,Red,stop_033,trip_09312,ARR,20160,-8,Outbound,0
2025-01-14,Orange,stop_034,trip_09313,DEP,20340,-7,Inbound,1
2025-01-15,Red,stop_035,trip_09314,ARR,20520,-6,Outbound,0
2025-01-16,Orange,stop_036,trip_09315,DEP,20700,-5,Inbound,1
2025-01-17,Red,stop_037,trip_09316,ARR,20880,-4,Outbound,0
2025-01-18,Orange,stop_038,trip_09317,DEP,21060,-3,Inbound,1
2025-01-19,Red,stop_039,trip_09318,ARR,21240,-2,Outbound,0
2025-01-20,Orange,stop_040,trip_09319,DEP,21420,-1,Inbound,1
2025-01-21,Red,stop_001,trip_09320,ARR,18000,0,Outbound,0
2025-01-22,Orange,stop_002,trip_09321,DEP,18180,1,Inbound,1
2025-01-23,Red,stop_003,trip_09322,ARR,18360,2,Outbound,0
2025-01-24,Orange,stop_004,trip_09323,DEP,18540,3,Inbound,1
2025-01-25,Red,stop_005,trip_09324,ARR,18720,4,Outbound,0
2025-01-26,Orange,stop_006,trip_09325,DEP,18900,5,Inbound,1
2025-01-27,Red,stop_007,trip_09326,ARR,19080,6,Outbound,0
2025-01-28,Orange,stop_008,trip_09327,DEP,19260,7,Inbound,1
2025-01-29,Red,stop_009,trip_09328,ARR,19440,8,Outbound,0
2025-01-30,Orange,stop_010,trip_09329,DEP,19620,9,Inbound,1
2025-01-31,Red,stop_011,trip_09330,ARR,19800,10,Outbound,0
2025-01-01,Orange,stop_012,trip_09331,DEP,19980,11,Inbound,1
2025-01-02,Red,stop_013,trip_09332,ARR,20160,12,Outbound,0
2025-01-03,Orange,stop_014,trip_09333,DEP,20340,13,Inbound,1
2025-01-04,Red,stop_015,trip_09334,ARR,20520,14,Outbound,0
2025-01-05,Orange,stop_016,trip_09335,DEP,20700,15,Inbound,1
2025-01-06,Red,stop_017,trip_09336,ARR,20880,16,Outbound,0
2025-01-07,Orange,stop_018,trip_09337,DEP,21060,17,Inbound,1
2025-01-08,Red,stop_019,trip_09338,ARR,21240,18,Outbound,0
2025-01-09,Orange,stop_020,trip_09339,DEP,21420,19,Inbound,1
2025-01-10,Red,stop_021,trip_09340,ARR,18000,20,Outbound,0
2025-01-11,Orange,stop_022,trip_09341,DEP,18180,21,Inbound,1
2025-01-12,Red,stop_023,trip_09342,ARR,18360,22,Outbound,0
2025-01-13,Orange,stop_024,trip_09343,DEP,18540,23,Inbound,1
2025-01-14,Red,stop_025,trip_09344,ARR,18720,24,Outbound,0
2025-01-15,Orange,stop_026,trip_09345,DEP,18900,25,Inbound,1
2025-01-16,Red,stop_027,trip_09346,ARR,19080,26,Outbound,0
2025-01-17,Orange,stop_028,trip_09347,DEP,19260,27,Inbound,1
2025-01-18,Red,stop_029,trip_09348,ARR,19440,28,Outbound,0
2025-01-19,Orange,stop_030,trip_09349,DEP,19620,29,Inbound,1
2025-01-20,Red,stop_031,trip_09350,ARR,19800,30,Outbound,0
2025-01-21,Orange,stop_032,trip_09351,DEP,19980,31,Inbound,1
2025-01-22,Red,stop_033,trip_09352,ARR,20160,32,Outbound,0
2025-01-23,Orange,stop_034,trip_09353,DEP,20340,33,Inbound,1
2025-01-24,Red,stop_035,trip_09354,ARR,20520,34,Outbound,0
2025-01-25,Orange,stop_036,trip_09355,DEP,20700,35,Inbound,1
2025-01-26,Red,stop_037,trip_09356,ARR,20880,36,Outbound,0
2025-01-27,Orange,stop_038,trip_09357,DEP,21060,37,Inbound,1
2025-01-28,Red,stop_039,trip_09358,ARR,21240,38,Outbound,0
2025-01-29,Orange,stop_040,trip_09359,DEP,21420,39,Inbound,1
2025-01-30,Red,stop_001,trip_09360,ARR,18000,40,Outbound,0
2025-01-31,Orange,stop_002,trip_09361,DEP,18180,41,Inbound,1
2025-01-01,Red,stop_003,trip_09362,ARR,18360,42,Outbound,0
2025-01-02,Orange,stop_004,trip_09363,DEP,18540,43,Inbound,1
2025-01-03,Red,stop_005,trip_09364,ARR,18720,44,Outbound,0
2025-01-04,Orange,stop_006,trip_09365,DEP,18900,45,Inbound,1
2025-01-05,Red,stop_007,trip_09366,ARR,19080,46,Outbound,0
2025-01-06,Orange,stop_008,trip_09367,DEP,19260,47,Inbound,1
2025-01-07,Red,stop_009,trip_09368,ARR,19440,48,Outbound,0
2025-01-08,Orange,stop_010,trip_09369,DEP,19620,49,Inbound,1
2025-01-09,Red,stop_011,trip_09370,ARR,19800,50,Outbound,0
2025-01-10,Orange,stop_012,trip_09371,DEP,19980,51,Inbound,1
2025-01-11,Red,stop_013,trip_09372,ARR,20160,52,Outbound,0
2025-01-12,Orange,stop_014,trip_09373,DEP,20340,53,Inbound,1
2025-01-13,Red,stop_015,trip_09374,ARR,20520,54,Outbound,0
2025-01-14,Orange,stop_016,trip_09375,DEP,20700,55,Inbound,1
2025-01-15,Red,stop_017,trip_09376,ARR,20880,56,Outbound,0
2025-01-16,Orange,stop_018,trip_09377,DEP,21060,57,Inbound,1
2025-01-17,Red,stop_019,trip_09378,ARR,21240,58,Outbound,0
2025-01-18,Orange,stop_020,trip_09379,DEP,21420,59,Inbound,1
2025-01-19,Red,stop_021,trip_09380,ARR,18000,60,Outbound,0
2025-01-20,Orange,stop_022,trip_09381,DEP,18180,61,Inbound,1
2025-01-21,Red,stop_023,trip_09382,ARR,18360,62,Outbound,0
2025-01-22,Orange,stop_024,trip_09383,DEP,18540,63,Inbound,1
2025-01-23,Red,stop_025,trip_09384,ARR,18720,64,Outbound,0
2025-01-24,Orange,stop_026,trip_09385,DEP,18900,65,Inbound,1
2025-01-25,Red,stop_027,trip_09386,ARR,19080,66,Outbound,0
2025-01-26,Orange,stop_028,trip_09387,DEP,19260,67,Inbound,1
2025-01-27,Red,stop_029,trip_09388,ARR,19440,68,Outbound,0
2025-01-28,Orange,stop_030,trip_09389,DEP,19620,69,Inbound,1
2025-01-29,Red,stop_031,trip_09390,ARR,19800,70,Outbound,0
2025-01-30,Orange,stop_032,trip_09391,DEP,19980,71,Inbound,1
2025-01-31,Red,stop_033,trip_09392,ARR,20160,72,Outbound,0
2025-01-01,Orange,stop_034,trip_09393,DEP,20340,73,Inbound,1
2025-01-02,Red,stop_035,trip_09394,ARR,20520,74,Outbound,0
2025-01-03,Orange,stop_036,trip_09395,DEP,20700,75,Inbound,1
2025-01-04,Red,stop_037,trip_09396,ARR,20880,76,Outbound,0
2025-01-05,Orange,stop_038,trip_09397,DEP,21060,77,Inbound,1
2025-01-06,Red,stop_039,trip_09398,ARR,21240,78,Outbound,0
2025-01-07,Orange,stop_040,trip_09399,DEP,21420,79,Inbound,1
2025-01-08,Red,stop_001,trip_09400,ARR,18000,80,Outbound,0
2025-01-09,Orange,stop_002,trip_09401,DEP,18180,81,Inbound,1
2025-01-10,Red,stop_003,trip_09402,ARR,18360,82,Outbound,0
2025-01-11,Orange,stop_004,trip_09403,DEP,18540,83,Inbound,1
2025-01-12,Red,stop_005,trip_09404,ARR,18720,84,Outbound,0
2025-01-13,Orange,stop_006,trip_09405,DEP,18900,85,Inbound,1
2025-01-14,Red,stop_007,trip_09406,ARR,19080,86,Outbound,0
2025-01-15,Orange,stop_008,trip_09407,DEP,19260,87,Inbound,1
2025-01-16,Red,stop_009,trip_09408,ARR,19440,88,Outbound,0
2025-01-17,Orange,stop_010,trip_09409,DEP,19620,89,Inbound,1
2025-01-18,Red,stop_011,trip_09410,ARR,19800,90,Outbound,0
2025-01-19,Orange,stop_012,trip_09411,DEP,19980,91,Inbound,1
2025-01-20,Red,stop_013,trip_09412,ARR,20160,92,Outbound,0
2025-01-21,Orange,stop_014,trip_09413,DEP,20340,93,Inbound,1
2025-01-22,Red,stop_015,trip_09414,ARR,20520,94,Outbound,0
2025-01-23,Orange,stop_016,trip_09415,DEP,20700,95,Inbound,1
2025-01-24,Red,stop_017,trip_09416,ARR,20880,96,Outbound,0
2025-01-25,Orange,stop_018,trip_09417,DEP,21060,97,Inbound,1
2025-01-26,Red,stop_019,trip_09418,ARR,21240,98,Outbound,0
2025-01-27,Orange,stop_020,trip_09419,DEP,21420,99,Inbound,1
2025-01-28,Red,stop_021,trip_09420,ARR,18000,100,Outbound,0
2025-01-29,Orange,stop_022,trip_09421,DEP,18180,101,Inbound,1
2025-01-30,Red,stop_023,trip_09422,ARR,18360,102,Outbound,0
2025-01-31,Orange,stop_024,trip_09423,DEP,18540,103,Inbound,1
2025-01-01,Red,stop_025,trip_09424,ARR,18720,104,Outbound,0
2025-01-02,Orange,stop_026,trip_09425,DEP,18900,105,Inbound,1
2025-01-03,Red,stop_027,trip_09426,ARR,19080,106,Outbound,0
2025-01-04,Orange,stop_028,trip_09427,DEP,19260,107,Inbound,1
2025-01-05,Red,stop_029,trip_09428,ARR,19440,108,Outbound,0
2025-01-06,Orange,stop_030,trip_09429,DEP,19620,109,Inbound,1
2025-01-07,Red,stop_031,trip_09430,ARR,19800,110,Outbound,0
2025-01-08,Orange,stop_032,trip_09431,DEP,19980,111,Inbound,1
2025-01-09,Red,stop_033,trip_09432,ARR,20160,112,Outbound,0
2025-01-10,Orange,stop_034,trip_09433,DEP,20340,113,Inbound,1
2025-01-11,Red,stop_035,trip_09434,ARR,20520,114,Outbound,0
2025-01-12,Orange,stop_036,trip_09435,DEP,20700,115,Inbound,1
2025-01-13,Red,stop_037,trip_09436,ARR,20880,116,Outbound,0
2025-01-14,Orange,stop_038,trip_09437,DEP,21060,117,Inbound,1
2025-01-15,Red,stop_039,trip_09438,ARR,21240,118,Outbound,0
2025-01-16,Orange,stop_040,trip_09439,DEP,21420,119,Inbound,1
2025-01-17,Red,stop_001,trip_09440,ARR,18000,120,Outbound,0
2025-01-18,Orange,stop_002,trip_09441,DEP,18180,121,Inbound,1
2025-01-19,Red,stop_003,trip_09442,ARR,18360,122,Outbound,0
2025-01-20,Orange,stop_004,trip_09443,DEP,18540,123,Inbound,1
2025-01-21,Red,stop_005,trip_09444,ARR,18720,124,Outbound,0
2025-01-22,Orange,stop_006,trip_09445,DEP,18900,125,Inbound,1
2025-01-23,Red,stop_007,trip_09446,ARR,19080,126,Outbound,0
2025-01-24,Orange,stop_008,trip_09447,DEP,19260,127,Inbound,1
2025-01-25,Red,stop_009,trip_09448,ARR,19440,128,Outbound,0
2025-01-26,Orange,stop_010,trip_09449,DEP,19620,129,Inbound,1
2025-01-27,Red,stop_011,trip_09450,ARR,19800,130,Outbound,0
2025-01-28,Orange,stop_012,trip_09451,DEP,19980,131,Inbound,1
2025-01-29,Red,stop_013,trip_09452,ARR,20160,132,Outbound,0
2025-01-30,Orange,stop_014,trip_09453,DEP,20340,133,Inbound,1
2025-01-31,Red,stop_015,trip_09454,ARR,20520,134,Outbound,0
2025-01-01,Orange,stop_016,trip_09455,DEP,20700,135,Inbound,1
2025-01-02,Red,stop_017,trip_09456,ARR,20880,136,Outbound,0
2025-01-03,Orange,stop_018,trip_09457,DEP,21060,137,Inbound,1
2025-01-04,Red,stop_019,trip_09458,ARR,21240,138,Outbound,0
2025-01-05,Orange,stop_020,trip_09459,DEP,21420,139,Inbound,1
2025-01-06,Red,stop_021,trip_09460,ARR,18000,140,Outbound,0
2025-01-07,Orange,stop_022,trip_09461,DEP,18180,141,Inbound,1
2025-01-08,Red,stop_023,trip_09462,ARR,18360,142,Outbound,0
2025-01-09,Orange,stop_024,trip_09463,DEP,18540,143,Inbound,1
2025-01-10,Red,stop_025,trip_09464,ARR,18720,144,Outbound,0
2025-01-11,Orange,stop_026,trip_09465,DEP,18900,145,Inbound,1
2025-01-12,Red,stop_027,trip_09466,ARR,19080,146,Outbound,0
2025-01-13,Orange,stop_028,trip_09467,DEP,19260,147,Inbound,1
2025-01-14,Red,stop_029,trip_09468,ARR,19440,148,Outbound,0
2025-01-15,Orange,stop_030,trip_09469,DEP,19620,149,Inbound,1
2025-01-16,Red,stop_031,trip_09470,ARR,19800,150,Outbound,0
2025-01-17,Orange,stop_032,trip_09471,DEP,19980,151,Inbound,1
2025-01-18,Red,stop_033,trip_09472,ARR,20160,152,Outbound,0
2025-01-19,Orange,stop_034,trip_09473,DEP,20340,153,Inbound,1
2025-01-20,Red,stop_035,trip_09474,ARR,20520,154,Outbound,0
2025-01-21,Orange,stop_036,trip_09475,DEP,20700,155,Inbound,1
2025-01-22,Red,stop_037,trip_09476,ARR,20880,156,Outbound,0
2025-01-23,Orange,stop_038,trip_09477,DEP,21060,157,Inbound,1
2025-01-24,Red,stop_039,trip_09478,ARR,21240,158,Outbound,0
2025-01-25,Orange,stop_040,trip_09479,DEP,21420,159,Inbound,1
2025-01-26,Red,stop_001,trip_09480,ARR,18000,160,Outbound,0
2025-01-27,Orange,stop_002,trip_09481,DEP,18180,161,Inbound,1
2025-01-28,Red,stop_003,trip_09482,ARR,18360,162,Outbound,0
2025-01-29,Orange,stop_004,trip_09483,DEP,18540,163,Inbound,1
2025-01-30,Red,stop_005,trip_09484,ARR,18720,164,Outbound,0
2025-01-31,Orange,stop_006,trip_09485,DEP,18900,165,Inbound,1
2025-01-01,Red,stop_007,trip_09486,ARR,19080,166,Outbound,0
2025-01-02,Orange,stop_008,trip_09487,DEP,19260,167,Inbound,1
2025-01-03,Red,stop_009,trip_09488,ARR,19440,168,Outbound,0
2025-01-04,Orange,stop_010,trip_09489,DEP,19620,169,Inbound,1
2025-01-05,Red,stop_011,trip_09490,ARR,19800,170,Outbound,0
2025-01-06,Orange,stop_012,trip_09491,DEP,19980,171,Inbound,1
2025-01-07,Red,stop_013,trip_09492,ARR,20160,172,Outbound,0
2025-01-08,Orange,stop_014,trip_09493,DEP,20340,173,Inbound,1
2025-01-09,Red,stop_015,trip_09494,ARR,20520,174,Outbound,0
2025-01-10,Orange,stop_016,trip_09495,DEP,20700,175,Inbound,1
2025-01-11,Red,stop_017,trip_09496,ARR,20880,176,Outbound,0
2025-01-12,Orange,stop_018,trip_09497,DEP,21060,177,Inbound,1
2025-01-13,Red,stop_019,trip_09498,ARR,21240,178,Outbound,0
2025-01-14,Orange,stop_020,trip_09499,DEP,21420,179,Inbound,1
2025-01-15,Red,stop_021,trip_09500,ARR,18000,180,Outbound,0
2025-01-16,Orange,stop_022,trip_09501,DEP,18180,181,Inbound,1
2025-01-17,Red,stop_023,trip_09502,ARR,18360,182,Outbound,0
2025-01-18,Orange,stop_024,trip_09503,DEP,18540,183,Inbound,1
2025-01-19,Red,stop_025,trip_09504,ARR,18720,184,Outbound,0
2025-01-20,Orange,stop_026,trip_09505,DEP,18900,185,Inbound,1
2025-01-21,Red,stop_027,trip_09506,ARR,19080,186,Outbound,0
2025-01-22,Orange,stop_028,trip_09507,DEP,19260,187,Inbound,1
2025-01-23,Red,stop_029,trip_09508,ARR,19440,188,Outbound,0
2025-01-24,Orange,stop_030,trip_09509,DEP,19620,189,Inbound,1
2025-01-25,Red,stop_031,trip_09510,ARR,19800,190,Outbound,0
2025-01-26,Orange,stop_032,trip_09511,DEP,19980,191,Inbound,1
2025-01-27,Red,stop_033,trip_09512,ARR,20160,192,Outbound,0
2025-01-28,Orange,stop_034,trip_09513,DEP,20340,193,Inbound,1
2025-01-29,Red,stop_035,trip_09514,ARR,20520,194,Outbound,0
2025-01-30,Orange,stop_036,trip_09515,DEP,20700,195,Inbound,1
2025-01-31,Red,stop_037,trip_09516,ARR,20880,196,Outbound,0
2025-01-01,Orange,stop_038,trip_09517,DEP,21060,197,Inbound,1
2025-01-02,Red,stop_039,trip_09518,ARR,21240,198,Outbound,0
2025-01-03,Orange,stop_040,trip_09519,DEP,21420,199,Inbound,1
2025-01-04,Red,stop_001,trip_09520,ARR,18000,200,Outbound,0
2025-01-05,Orange,stop_002,trip_09521,DEP,18180,201,Inbound,1
2025-01-06,Red,stop_003,trip_09522,ARR,18360,202,Outbound,0
2025-01-07,Orange,stop_004,trip_09523,DEP,18540,203,Inbound,1
2025-01-08,Red,stop_005,trip_09524,ARR,18720,204,Outbound,0
2025-01-09,Orange,stop_006,trip_09525,DEP,18900,205,Inbound,1
2025-01-10,Red,stop_007,trip_09526,ARR,19080,206,Outbound,0
2025-01-11,Orange,stop_008,trip_09527,DEP,19260,207,Inbound,1
2025-01-12,Red,stop_009,trip_09528,ARR,19440,208,Outbound,0
2025-01-13,Orange,stop_010,trip_09529,DEP,19620,209,Inbound,1
2025-01-14,Red,stop_011,trip_09530,ARR,19800,210,Outbound,0
2025-01-15,Orange,stop_012,trip_09531,DEP,19980,211,Inbound,1
2025-01-16,Red,stop_013,trip_09532,ARR,20160,212,Outbound,0
2025-01-17,Orange,stop_014,trip_09533,DEP,20340,213,Inbound,1
2025-01-18,Red,stop_015,trip_09534,ARR,20520,214,Outbound,0
2025-01-19,Orange,stop_016,trip_09535,DEP,20700,215,Inbound,1
2025-01-20,Red,stop_017,trip_09536,ARR,20880,216,Outbound,0
2025-01-21,Orange,stop_018,trip_09537,DEP,21060,217,Inbound,1
2025-01-22,Red,stop_019,trip_09538,ARR,21240,218,Outbound,0
2025-01-23,Orange,stop_020,trip_09539,DEP,21420,219,Inbound,1
2025-01-24,Red,stop_021,trip_09540,ARR,18000,220,Outbound,0
2025-01-25,Orange,stop_022,trip_09541,DEP,18180,221,Inbound,1
2025-01-26,Red,stop_023,trip_09542,ARR,18360,222,Outbound,0
2025-01-27,Orange,stop_024,trip_09543,DEP,18540,223,Inbound,1
2025-01-28,Red,stop_025,trip_09544,ARR,18720,224,Outbound,0
2025-01-29,Orange,stop_026,trip_09545,DEP,18900,225,Inbound,1
2025-01-30,Red,stop_027,trip_09546,ARR,19080,226,Outbound,0
2025-01-31,Orange,stop_028,trip_09547,DEP,19260,227,Inbound,1
2025-01-01,Red,stop_029,trip_09548,ARR,19440,228,Outbound,0
2025-01-02,Orange,stop_030,trip_09549,DEP,19620,229,Inbound,1
2025-01-03,Red,stop_031,trip_09550,ARR,19800,230,Outbound,0
2025-01-04,Orange,stop_032,trip_09551,DEP,19980,231,Inbound,1
2025-01-05,Red,stop_033,trip_09552,ARR,20160,232,Outbound,0
2025-01-06,Orange,stop_034,trip_09553,DEP,20340,233,Inbound,1
2025-01-07,Red,stop_035,trip_09554,ARR,20520,234,Outbound,0
2025-01-08,Orange,stop_036,trip_09555,DEP,20700,235,Inbound,1
2025-01-09,Red,stop_037,trip_09556,ARR,20880,236,Outbound,0
2025-01-10,Orange,stop_038,trip_09557,DEP,21060,237,Inbound,1
2025-01-11,Red,stop_039,trip_09558,ARR,21240,238,Outbound,0
2025-01-12,Orange,stop_040,trip_09559,DEP,21420,239,Inbound,1
2025-01-13,Red,stop_001,trip_09560,ARR,18000,240,Outbound,0
2025-01-14,Orange,stop_002,trip_09561,DEP,18180,241,Inbound,1
2025-01-15,Red,stop_003,trip_09562,ARR,18360,242,Outbound,0
2025-01-16,Orange,stop_004,trip_09563,DEP,18540,243,Inbound,1
2025-01-17,Red,stop_005,trip_09564,ARR,18720,244,Outbound,0
2025-01-18,Orange,stop_006,trip_09565,DEP,18900,245,Inbound,1
2025-01-19,Red,stop_007,trip_09566,ARR,19080,246,Outbound,0
2025-01-20,Orange,stop_008,trip_09567,DEP,19260,247,Inbound,1
2025-01-21,Red,stop_009,trip_09568,ARR,19440,248,Outbound,0
2025-01-22,Orange,stop_010,trip_09569,DEP,19620,249,Inbound,1
2025-01-23,Red,stop_011,trip_09570,ARR,19800,250,Outbound,0
2025-01-24,Orange,stop_012,trip_09571,DEP,19980,251,Inbound,1
2025-01-25,Red,stop_013,trip_09572,ARR,20160,252,Outbound,0
2025-01-26,Orange,stop_014,trip_09573,DEP,20340,253,Inbound,1
2025-01-27,Red,stop_015,trip_09574,ARR,20520,254,Outbound,0
2025-01-28,Orange,stop_016,trip_09575,DEP,20700,255,Inbound,1
2025-01-29,Red,stop_017,trip_09576,ARR,20880,256,Outbound,0
2025-01-30,Orange,stop_018,trip_09577,DEP,21060,257,Inbound,1
2025-01-31,Red,stop_019,trip_09578,ARR,21240,258,Outbound,0
2025-01-01,Orange,stop_020,trip_09579,DEP,21420,259,Inbound,1
2025-01-02,Red,stop_021,trip_09580,ARR,18000,260,Outbound,0
2025-01-03,Orange,stop_022,trip_09581,DEP,18180,261,Inbound,1
2025-01-04,Red,stop_023,trip_09582,ARR,18360,262,Outbound,0
2025-01-05,Orange,stop_024,trip_09583,DEP,18540,263,Inbound,1
2025-01-06,Red,stop_025,trip_09584,ARR,18720,264,Outbound,0
2025-01-07,Orange,stop_026,trip_09585,DEP,18900,265,Inbound,1
2025-01-08,Red,stop_027,trip_09586,ARR,19080,266,Outbound,0
2025-01-09,Orange,stop_028,trip_09587,DEP,19260,267,Inbound,1
2025-01-10,Red,stop_029,trip_09588,ARR,19440,268,Outbound,0
2025-01-11,Orange,stop_030,trip_09589,DEP,19620,269,Inbound,1
2025-01-12,Red,stop_031,trip_09590,ARR,19800,270,Outbound,0
2025-01-13,Orange,stop_032,trip_09591,DEP,19980,271,Inbound,1
2025-01-14,Red,stop_033,trip_09592,ARR,20160,272,Outbound,0
2025-01-15,Orange,stop_034,trip_09593,DEP,20340,273,Inbound,1
2025-01-16,Red,stop_035,trip_09594,ARR,20520,274,Outbound,0
2025-01-17,Orange,stop_036,trip_09595,DEP,20700,275,Inbound,1
2025-01-18,Red,stop_037,trip_09596,ARR,20880,276,Outbound,0
2025-01-19,Orange,stop_038,trip_09597,DEP,21060,277,Inbound,1
2025-01-20,Red,stop_039,trip_09598,ARR,21240,278,Outbound,0
2025-01-21,Orange,stop_040,trip_09599,DEP,21420,279,Inbound,1
2025-01-22,Red,stop_001,trip_09600,ARR,18000,-120,Outbound,0
2025-01-23,Orange,stop_002,trip_09601,DEP,18180,-119,Inbound,1
2025-01-24,Red,stop_003,trip_09602,ARR,18360,-118,Outbound,0
2025-01-25,Orange,stop_004,trip_09603,DEP,18540,-117,Inbound,1
2025-01-26,Red,stop_005,trip_09604,ARR,18720,-116,Outbound,0
2025-01-27,Orange,stop_006,trip_09605,DEP,18900,-115,Inbound,1
2025-01-28,Red,stop_007,trip_09606,ARR,19080,-114,Outbound,0
2025-01-29,Orange,stop_008,trip_09607,DEP,19260,-113,Inbound,1
2025-01-30,Red,stop_009,trip_09608,ARR,19440,-112,Outbound,0
2025-01-31,Orange,stop_010,trip_09609,DEP,19620,-111,Inbound,1
2025-01-01,Red,stop_011,trip_09610,ARR,19800,-110,Outbound,0
2025-01-02,Orange,stop_012,trip_09611,DEP,19980,-109,Inbound,1
2025-01-03,Red,stop_013,trip_09612,ARR,20160,-108,Outbound,0
2025-01-04,Orange,stop_014,trip_09613,DEP,20340,-107,Inbound,1
2025-01-05,Red,stop_015,trip_09614,ARR,20520,-106,Outbound,0
2025-01-06,Orange,stop_016,trip_09615,DEP,20700,-105,Inbound,1
2025-01-07,Red,stop_017,trip_09616,ARR,20880,-104,Outbound,0
2025-01-08,Orange,stop_018,trip_09617,DEP,21060,-103,Inbound,1
2025-01-09,Red,stop_019,trip_09618,ARR,21240,-102,Outbound,0
2025-01-10,Orange,stop_020,trip_09619,DEP,21420,-101,Inbound,1
2025-01-11,Red,stop_021,trip_09620,ARR,18000,-100,Outbound,0
2025-01-12,Orange,stop_022,trip_09621,DEP,18180,-99,Inbound,1
2025-01-13,Red,stop_023,trip_09622,ARR,18360,-98,Outbound,0
2025-01-14,Orange,stop_024,trip_09623,DEP,18540,-97,Inbound,1
2025-01-15,Red,stop_025,trip_09624,ARR,18720,-96,Outbound,0
2025-01-16,Orange,stop_026,trip_09625,DEP,18900,-95,Inbound,1
2025-01-17,Red,stop_027,trip_09626,ARR,19080,-94,Outbound,0
2025-01-18,Orange,stop_028,trip_09627,DEP,19260,-93,Inbound,1
2025-01-19,Red,stop_029,trip_09628,ARR,19440,-92,Outbound,0
2025-01-20,Orange,stop_030,trip_09629,DEP,19620,-91,Inbound,1
2025-01-21,Red,stop_031,trip_09630,ARR,19800,-90,Outbound,0
2025-01-22,Orange,stop_032,trip_09631,DEP,19980,-89,Inbound,1
2025-01-23,Red,stop_033,trip_09632,ARR,20160,-88,Outbound,0
2025-01-24,Orange,stop_034,trip_09633,DEP,20340,-87,Inbound,1
2025-01-25,Red,stop_035,trip_09634,ARR,20520,-86,Outbound,0
2025-01-26,Orange,stop_036,trip_09635,DEP,20700,-85,Inbound,1
2025-01-27,Red,stop_037,trip_09636,ARR,20880,-84,Outbound,0
2025-01-28,Orange,stop_038,trip_09637,DEP,21060,-83,Inbound,1
2025-01-29,Red,stop_039,trip_09638,ARR,21240,-82,Outbound,0
2025-01-30,Orange,stop_040,trip_09639,DEP,21420,-81,Inbound,1
2025-01-31,Red,stop_001,trip_09640,ARR,18000,-80,Outbound,0
2025-01-01,Orange,stop_002,trip_09641,DEP,18180,-79,Inbound,1
2025-01-02,Red,stop_003,trip_09642,ARR,18360,-78,Outbound,0
2025-01-03,Orange,stop_004,trip_09643,DEP,18540,-77,Inbound,1
2025-01-04,Red,stop_005,trip_09644,ARR,18720,-76,Outbound,0
2025-01-05,Orange,stop_006,trip_09645,DEP,18900,-75,Inbound,1
2025-01-06,Red,stop_007,trip_09646,ARR,19080,-74,Outbound,0
2025-01-07,Orange,stop_008,trip_09647,DEP,19260,-73,Inbound,1
2025-01-08,Red,stop_009,trip_09648,ARR,19440,-72,Outbound,0
2025-01-09,Orange,stop_010,trip_09649,DEP,19620,-71,Inbound,1
2025-01-10,Red,stop_011,trip_09650,ARR,19800,-70,Outbound,0
2025-01-11,Orange,stop_012,trip_09651,DEP,19980,-69,Inbound,1
2025-01-12,Red,stop_013,trip_09652,ARR,20160,-68,Outbound,0
2025-01-13,Orange,stop_014,trip_09653,DEP,20340,-67,Inbound,1
2025-01-14,Red,stop_015,trip_09654,ARR,20520,-66,Outbound,0
2025-01-15,Orange,stop_016,trip_09655,DEP,20700,-65,Inbound,1
2025-01-16,Red,stop_017,trip_09656,ARR,20880,-64,Outbound,0
2025-01-17,Orange,stop_018,trip_09657,DEP,21060,-63,Inbound,1
2025-01-18,Red,stop_019,trip_09658,ARR,21240,-62,Outbound,0
2025-01-19,Orange,stop_020,trip_09659,DEP,21420,-61,Inbound,1
2025-01-20,Red,stop_021,trip_09660,ARR,18000,-60,Outbound,0
2025-01-21,Orange,stop_022,trip_09661,DEP,18180,-59,Inbound,1
2025-01-22,Red,stop_023,trip_09662,ARR,18360,-58,Outbound,0
2025-01-23,Orange,stop_024,trip_09663,DEP,18540,-57,Inbound,1
2025-01-24,Red,stop_025,trip_09664,ARR,18720,-56,Outbound,0
2025-01-25,Orange,stop_026,trip_09665,DEP,18900,-55,Inbound,1
2025-01-26,Red,stop_027,trip_09666,ARR,19080,-54,Outbound,0
2025-01-27,Orange,stop_028,trip_09667,DEP,19260,-53,Inbound,1
2025-01-28,Red,stop_029,trip_09668,ARR,19440,-52,Outbound,0
2025-01-29,Orange,stop_030,trip_09669,DEP,19620,-51,Inbound,1
2025-01-30,Red,stop_031,trip_09670,ARR,19800,-50,Outbound,0
2025-01-31,Orange,stop_032,trip_09671,DEP,19980,-49,Inbound,1
2025-01-01,Red,stop_033,trip_09672,ARR,20160,-48,Outbound,0
2025-01-02,Orange,stop_034,trip_09673,DEP,20340,-47,Inbound,1
2025-01-03,Red,stop_035,trip_09674,ARR,20520,-46,Outbound,0
2025-01-04,Orange,stop_036,trip_09675,DEP,20700,-45,Inbound,1
2025-01-05,Red,stop_037,trip_09676,ARR,20880,-44,Outbound,0
2025-01-06,Orange,stop_038,trip_09677,DEP,21060,-43,Inbound,1
2025-01-07,Red,stop_039,trip_09678,ARR,21240,-42,Outbound,0
2025-01-08,Orange,stop_040,trip_09679,DEP,21420,-41,Inbound,1
2025-01-09,Red,stop_001,trip_09680,ARR,18000,-40,Outbound,0
2025-01-10,Orange,stop_002,trip_09681,DEP,18180,-39,Inbound,1
2025-01-11,Red,stop_003,trip_09682,ARR,18360,-38,Outbound,0
2025-01-12,Orange,stop_004,trip_09683,DEP,18540,-37,Inbound,1
2025-01-13,Red,stop_005,trip_09684,ARR,18720,-36,Outbound,0
2025-01-14,Orange,stop_006,trip_09685,DEP,18900,-35,Inbound,1
2025-01-15,Red,stop_007,trip_09686,ARR,19080,-34,Outbound,0
2025-01-16,Orange,stop_008,trip_09687,DEP,19260,-33,Inbound,1
2025-01-17,Red,stop_009,trip_09688,ARR,19440,-32,Outbound,0
2025-01-18,Orange,stop_010,trip_09689,DEP,19620,-31,Inbound,1
2025-01-19,Red,stop_011,trip_09690,ARR,19800,-30,Outbound,0
2025-01-20,Orange,stop_012,trip_09691,DEP,19980,-29,Inbound,1
2025-01-21,Red,stop_013,trip_09692,ARR,20160,-28,Outbound,0
2025-01-22,Orange,stop_014,trip_09693,DEP,20340,-27,Inbound,1
2025-01-23,Red,stop_015,trip_09694,ARR,20520,-26,Outbound,0
2025-01-24,Orange,stop_016,trip_09695,DEP,20700,-25,Inbound,1
2025-01-25,Red,stop_017,trip_09696,ARR,20880,-24,Outbound,0
2025-01-26,Orange,stop_018,trip_09697,DEP,21060,-23,Inbound,1
2025-01-27,Red,stop_019,trip_09698,ARR,21240,-22,Outbound,0
2025-01-28,Orange,stop_020,trip_09699,DEP,21420,-21,Inbound,1
2025-01-29,Red,stop_021,trip_09700,ARR,18000,-20,Outbound,0
2025-01-30,Orange,stop_022,trip_09701,DEP,18180,-19,Inbound,1
2025-01-31,Red,stop_023,trip_09702,ARR,18360,-18,Outbound,0
2025-01-01,Orange,stop_024,trip_09703,DEP,18540,-17,Inbound,1
2025-01-02,Red,stop_025,trip_09704,ARR,18720,-16,Outbound,0
2025-01-03,Orange,stop_026,trip_09705,DEP,18900,-15,Inbound,1
2025-01-04,Red,stop_027,trip_09706,ARR,19080,-14,Outbound,0
2025-01-05,Orange,stop_028,trip_09707,DEP,19260,-13,Inbound,1
2025-01-06,Red,stop_029,trip_09708,ARR,19440,-12,Outbound,0
2025-01-07,Orange,stop_030,trip_09709,DEP,19620,-11,Inbound,1
2025-01-08,Red,stop_031,trip_09710,ARR,19800,-10,Outbound,0
2025-01-09,Orange,stop_032,trip_09711,DEP,19980,-9,Inbound,1
2025-01-10,Red,stop_033,trip_09712,ARR,20160,-8,Outbound,0
2025-01-11,Orange,stop_034,trip_09713,DEP,20340,-7,Inbound,1
2025-01-12,Red,stop_035,trip_09714,ARR,20520,-6,Outbound,0
2025-01-13,Orange,stop_036,trip_09715,DEP,20700,-5,Inbound,1
2025-01-14,Red,stop_037,trip_09716,ARR,20880,-4,Outbound,0
2025-01-15,Orange,stop_038,trip_09717,DEP,21060,-3,Inbound,1
2025-01-16,Red,stop_039,trip_09718,ARR,21240,-2,Outbound,0
2025-01-17,Orange,stop_040,trip_09719,DEP,21420,-1,Inbound,1
2025-01-18,Red,stop_001,trip_09720,ARR,18000,0,Outbound,0
2025-01-19,Orange,stop_002,trip_09721,DEP,18180,1,Inbound,1
2025-01-20,Red,stop_003,trip_09722,ARR,18360,2,Outbound,0
2025-01-21,Orange,stop_004,trip_09723,DEP,18540,3,Inbound,1
2025-01-22,Red,stop_005,trip_09724,ARR,18720,4,Outbound,0
2025-01-23,Orange,stop_006,trip_09725,DEP,18900,5,Inbound,1
2025-01-24,Red,stop_007,trip_09726,ARR,19080,6,Outbound,0
2025-01-25,Orange,stop_008,trip_09727,DEP,19260,7,Inbound,1
2025-01-26,Red,stop_009,trip_09728,ARR,19440,8,Outbound,0
2025-01-27,Orange,stop_010,trip_09729,DEP,19620,9,Inbound,1
2025-01-28,Red,stop_011,trip_09730,ARR,19800,10,Outbound,0
2025-01-29,Orange,stop_012,trip_09731,DEP,19980,11,Inbound,1
2025-01-30,Red,stop_013,trip_09732,ARR,20160,12,Outbound,0
2025-01-31,Orange,stop_014,trip_09733,DEP,20340,13,Inbound,1
2025-01-01,Red,stop_015,trip_09734,ARR,20520,14,Outbound,0
2025-01-02,Orange,stop_016,trip_09735,DEP,20700,15,Inbound,1
2025-01-03,Red,stop_017,trip_09736,ARR,20880,16,Outbound,0
2025-01-04,Orange,stop_018,trip_09737,DEP,21060,17,Inbound,1
2025-01-05,Red,stop_019,trip_09738,ARR,21240,18,Outbound,0
2025-01-06,Orange,stop_020,trip_09739,DEP,21420,19,Inbound,1
2025-01-07,Red,stop_021,trip_09740,ARR,18000,20,Outbound,0
2025-01-08,Orange,stop_022,trip_09741,DEP,18180,21,Inbound,1
2025-01-09,Red,stop_023,trip_09742,ARR,18360,22,Outbound,0
2025-01-10,Orange,stop_024,trip_09743,DEP,18540,23,Inbound,1
2025-01-11,Red,stop_025,trip_09744,ARR,18720,24,Outbound,0
2025-01-12,Orange,stop_026,trip_09745,DEP,18900,25,Inbound,1
2025-01-13,Red,stop_027,trip_09746,ARR,19080,26,Outbound,0
2025-01-14,Orange,stop_028,trip_09747,DEP,19260,27,Inbound,1
2025-01-15,Red,stop_029,trip_09748,ARR,19440,28,Outbound,0
2025-01-16,Orange,stop_030,trip_09749,DEP,19620,29,Inbound,1
2025-01-17,Red,stop_031,trip_09750,ARR,19800,30,Outbound,0
2025-01-18,Orange,stop_032,trip_09751,DEP,19980,31,Inbound,1
2025-01-19,Red,stop_033,trip_09752,ARR,20160,32,Outbound,0
2025-01-20,Orange,stop_034,trip_09753,DEP,20340,33,Inbound,1
2025-01-21,Red,stop_035,trip_09754,ARR,20520,34,Outbound,0
2025-01-22,Orange,stop_036,trip_09755,DEP,20700,35,Inbound,1
2025-01-23,Red,stop_037,trip_09756,ARR,20880,36,Outbound,0
2025-01-24,Orange,stop_038,trip_09757,DEP,21060,37,Inbound,1
2025-01-25,Red,stop_039,trip_09758,ARR,21240,38,Outbound,0
2025-01-26,Orange,stop_040,trip_09759,DEP,21420,39,Inbound,1
2025-01-27,Red,stop_001,trip_09760,ARR,18000,40,Outbound,0
2025-01-28,Orange,stop_002,trip_09761,DEP,18180,41,Inbound,1
2025-01-29,Red,stop_003,trip_09762,ARR,18360,42,Outbound,0
2025-01-30,Orange,stop_004,trip_09763,DEP,18540,43,Inbound,1
2025-01-31,Red,stop_005,trip_09764,ARR,18720,44,Outbound,0
2025-01-01,Orange,stop_006,trip_09765,DEP,18900,45,Inbound,1
2025-01-02,Red,stop_007,trip_09766,ARR,19080,46,Outbound,0
2025-01-03,Orange,stop_008,trip_09767,DEP,19260,47,Inbound,1
2025-01-04,Red,stop_009,trip_09768,ARR,19440,48,Outbound,0
2025-01-05,Orange,stop_010,trip_09769,DEP,19620,49,Inbound,1
2025-01-06,Red,stop_011,trip_09770,ARR,19800,50,Outbound,0
2025-01-07,Orange,stop_012,trip_09771,DEP,19980,51,Inbound,1
2025-01-08,Red,stop_013,trip_09772,ARR,20160,52,Outbound,0
2025-01-09,Orange,stop_014,trip_09773,DEP,20340,53,Inbound,1
2025-01-10,Red,stop_015,trip_09774,ARR,20520,54,Outbound,0
2025-01-11,Orange,stop_016,trip_09775,DEP,20700,55,Inbound,1
2025-01-12,Red,stop_017,trip_09776,ARR,20880,56,Outbound,0
2025-01-13,Orange,stop_018,trip_09777,DEP,21060,57,Inbound,1
2025-01-14,Red,stop_019,trip_09778,ARR,21240,58,Outbound,0
2025-01-15,Orange,stop_020,trip_09779,DEP,21420,59,Inbound,1
2025-01-16,Red,stop_021,trip_09780,ARR,18000,60,Outbound,0
2025-01-17,Orange,stop_022,trip_09781,DEP,18180,61,Inbound,1
2025-01-18,Red,stop_023,trip_09782,ARR,18360,62,Outbound,0
2025-01-19,Orange,stop_024,trip_09783,DEP,18540,63,Inbound,1
2025-01-20,Red,stop_025,trip_09784,ARR,18720,64,Outbound,0
2025-01-21,Orange,stop_026,trip_09785,DEP,18900,65,Inbound,1
2025-01-22,Red,stop_027,trip_09786,ARR,19080,66,Outbound,0
2025-01-23,Orange,stop_028,trip_09787,DEP,19260,67,Inbound,1
2025-01-24,Red,stop_029,trip_09788,ARR,19440,68,Outbound,0
2025-01-25,Orange,stop_030,trip_09789,DEP,19620,69,Inbound,1
2025-01-26,Red,stop_031,trip_09790,ARR,19800,70,Outbound,0
2025-01-27,Orange,stop_032,trip_09791,DEP,19980,71,Inbound,1
2025-01-28,Red,stop_033,trip_09792,ARR,20160,72,Outbound,0
2025-01-29,Orange,stop_034,trip_09793,DEP,20340,73,Inbound,1
2025-01-30,Red,stop_035,trip_09794,ARR,20520,74,Outbound,0
2025-01-31,Orange,stop_036,trip_09795,DEP,20700,75,Inbound,1
2025-01-01,Red,stop_037,trip_09796,ARR,20880,76,Outbound,0
2025-01-02,Orange,stop_038,trip_09797,DEP,21060,77,Inbound,1
2025-01-03,Red,stop_039,trip_09798,ARR,21240,78,Outbound,0
2025-01-04,Orange,stop_040,trip_09799,DEP,21420,79,Inbound,1
2025-01-05,Red,stop_001,trip_09800,ARR,18000,80,Outbound,0
2025-01-06,Orange,stop_002,trip_09801,DEP,18180,81,Inbound,1
2025-01-07,Red,stop_003,trip_09802,ARR,18360,82,Outbound,0
2025-01-08,Orange,stop_004,trip_09803,DEP,18540,83,Inbound,1
2025-01-09,Red,stop_005,trip_09804,ARR,18720,84,Outbound,0
2025-01-10,Orange,stop_006,trip_09805,DEP,18900,85,Inbound,1
2025-01-11,Red,stop_007,trip_09806,ARR,19080,86,Outbound,0
2025-01-12,Orange,stop_008,trip_09807,DEP,19260,87,Inbound,1
2025-01-13,Red,stop_009,trip_09808,ARR,19440,88,Outbound,0
2025-01-14,Orange,stop_010,trip_09809,DEP,19620,89,Inbound,1
2025-01-15,Red,stop_011,trip_09810,ARR,19800,90,Outbound,0
2025-01-16,Orange,stop_012,trip_09811,DEP,19980,91,Inbound,1
2025-01-17,Red,stop_013,trip_09812,ARR,20160,92,Outbound,0
2025-01-18,Orange,stop_014,trip_09813,DEP,20340,93,Inbound,1
2025-01-19,Red,stop_015,trip_09814,ARR,20520,94,Outbound,0
2025-01-20,Orange,stop_016,trip_09815,DEP,20700,95,Inbound,1
2025-01-21,Red,stop_017,trip_09816,ARR,20880,96,Outbound,0
2025-01-22,Orange,stop_018,trip_09817,DEP,21060,97,Inbound,1
2025-01-23,Red,stop_019,trip_09818,ARR,21240,98,Outbound,0
2025-01-24,Orange,stop_020,trip_09819,DEP,21420,99,Inbound,1
2025-01-25,Red,stop_021,trip_09820,ARR,18000,100,Outbound,0
2025-01-26,Orange,stop_022,trip_09821,DEP,18180,101,Inbound,1
2025-01-27,Red,stop_023,trip_09822,ARR,18360,102,Outbound,0
2025-01-28,Orange,stop_024,trip_09823,DEP,18540,103,Inbound,1
2025-01-29,Red,stop_025,trip_09824,ARR,18720,104,Outbound,0
2025-01-30,Orange,stop_026,trip_09825,DEP,18900,105,Inbound,1
2025-01-31,Red,stop_027,trip_09826,ARR,19080,106,Outbound,0
2025-01-01,Orange,stop_028,trip_09827,DEP,19260,107,Inbound,1
2025-01-02,Red,stop_029,trip_09828,ARR,19440,108,Outbound,0
2025-01-03,Orange,stop_030,trip_09829,DEP,19620,109,Inbound,1
2025-01-04,Red,stop_031,trip_09830,ARR,19800,110,Outbound,0
2025-01-05,Orange,stop_032,trip_09831,DEP,19980,111,Inbound,1
2025-01-06,Red,stop_033,trip_09832,ARR,20160,112,Outbound,0
2025-01-07,Orange,stop_034,trip_09833,DEP,20340,113,Inbound,1
2025-01-08,Red,stop_035,trip_09834,ARR,20520,114,Outbound,0
2025-01-09,Orange,stop_036,trip_09835,DEP,20700,115,Inbound,1
2025-01-10,Red,stop_037,trip_09836,ARR,20880,116,Outbound,0
2025-01-11,Orange,stop_038,trip_09837,DEP,21060,117,Inbound,1
2025-01-12,Red,stop_039,trip_09838,ARR,21240,118,Outbound,0
2025-01-13,Orange,stop_040,trip_09839,DEP,21420,119,Inbound,1
2025-01-14,Red,stop_001,trip_09840,ARR,18000,120,Outbound,0
2025-01-15,Orange,stop_002,trip_09841,DEP,18180,121,Inbound,1
2025-01-16,Red,stop_003,trip_09842,ARR,18360,122,Outbound,0
2025-01-17,Orange,stop_004,trip_09843,DEP,18540,123,Inbound,1
2025-01-18,Red,stop_005,trip_09844,ARR,18720,124,Outbound,0
2025-01-19,Orange,stop_006,trip_09845,DEP,18900,125,Inbound,1
2025-01-20,Red,stop_007,trip_09846,ARR,19080,126,Outbound,0
2025-01-21,Orange,stop_008,trip_09847,DEP,19260,127,Inbound,1
2025-01-22,Red,stop_009,trip_09848,ARR,19440,128,Outbound,0
2025-01-23,Orange,stop_010,trip_09849,DEP,19620,129,Inbound,1
2025-01-24,Red,stop_011,trip_09850,ARR,19800,130,Outbound,0
2025-01-25,Orange,stop_012,trip_09851,DEP,19980,131,Inbound,1
2025-01-26,Red,stop_013,trip_09852,ARR,20160,132,Outbound,0
2025-01-27,Orange,stop_014,trip_09853,DEP,20340,133,Inbound,1
2025-01-28,Red,stop_015,trip_09854,ARR,20520,134,Outbound,0
2025-01-29,Orange,stop_016,trip_09855,DEP,20700,135,Inbound,1
2025-01-30,Red,stop_017,trip_09856,ARR,20880,136,Outbound,0
2025-01-31,Orange,stop_018,trip_09857,DEP,21060,137,Inbound,1
2025-01-01,Red,stop_019,trip_09858,ARR,21240,138,Outbound,0
2025-01-02,Orange,stop_020,trip_09859,DEP,21420,139,Inbound,1
2025-01-03,Red,stop_021,trip_09860,ARR,18000,140,Outbound,0
2025-01-04,Orange,stop_022,trip_09861,DEP,18180,141,Inbound,1
2025-01-05,Red,stop_023,trip_09862,ARR,18360,142,Outbound,0
2025-01-06,Orange,stop_024,trip_09863,DEP,18540,143,Inbound,1
2025-01-07,Red,stop_025,trip_09864,ARR,18720,144,Outbound,0
2025-01-08,Orange,stop_026,trip_09865,DEP,18900,145,Inbound,1
2025-01-09,Red,stop_027,trip_09866,ARR,19080,146,Outbound,0
2025-01-10,Orange,stop_028,trip_09867,DEP,19260,147,Inbound,1
2025-01-11,Red,stop_029,trip_09868,ARR,19440,148,Outbound,0
2025-01-12,Orange,stop_030,trip_09869,DEP,19620,149,Inbound,1
2025-01-13,Red,stop_031,trip_09870,ARR,19800,150,Outbound,0
2025-01-14,Orange,stop_032,trip_09871,DEP,19980,151,Inbound,1
2025-01-15,Red,stop_033,trip_09872,ARR,20160,152,Outbound,0
2025-01-16,Orange,stop_034,trip_09873,DEP,20340,153,Inbound,1
2025-01-17,Red,stop_035,trip_09874,ARR,20520,154,Outbound,0
2025-01-18,Orange,stop_036,trip_09875,DEP,20700,155,Inbound,1
2025-01-19,Red,stop_037,trip_09876,ARR,20880,156,Outbound,0
2025-01-20,Orange,stop_038,trip_09877,DEP,21060,157,Inbound,1
2025-01-21,Red,stop_039,trip_09878,ARR,21240,158,Outbound,0
2025-01-22,Orange,stop_040,trip_09879,DEP,21420,159,Inbound,1
2025-01-23,Red,stop_001,trip_09880,ARR,18000,160,Outbound,0
2025-01-24,Orange,stop_002,trip_09881,DEP,18180,161,Inbound,1
2025-01-25,Red,stop_003,trip_09882,ARR,18360,162,Outbound,0
2025-01-26,Orange,stop_004,trip_09883,DEP,18540,163,Inbound,1
2025-01-27,Red,stop_005,trip_09884,ARR,18720,164,Outbound,0
2025-01-28,Orange,stop_006,trip_09885,DEP,18900,165,Inbound,1
2025-01-29,Red,stop_007,trip_09886,ARR,19080,166,Outbound,0
2025-01-30,Orange,stop_008,trip_09887,DEP,19260,167,Inbound,1
2025-01-31,Red,stop_009,trip_09888,ARR,19440,168,Outbound,0
2025-01-01,Orange,stop_010,trip_09889,DEP,19620,169,Inbound,1
2025-01-02,Red,stop_011,trip_09890,ARR,19800,170,Outbound,0
2025-01-03,Orange,stop_012,trip_09891,DEP,19980,171,Inbound,1
2025-01-04,Red,stop_013,trip_09892,ARR,20160,172,Outbound,0
2025-01-05,Orange,stop_014,trip_09893,DEP,20340,173,Inbound,1
2025-01-06,Red,stop_015,trip_09894,ARR,20520,174,Outbound,0
2025-01-07,Orange,stop_016,trip_09895,DEP,20700,175,Inbound,1
2025-01-08,Red,stop_017,trip_09896,ARR,20880,176,Outbound,0
2025-01-09,Orange,stop_018,trip_09897,DEP,21060,177,Inbound,1
2025-01-10,Red,stop_019,trip_09898,ARR,21240,178,Outbound,0
2025-01-11,Orange,stop_020,trip_09899,DEP,21420,179,Inbound,1
2025-01-12,Red,stop_021,trip_09900,ARR,18000,180,Outbound,0
2025-01-13,Orange,stop_022,trip_09901,DEP,18180,181,Inbound,1
2025-01-14,Red,stop_023,trip_09902,ARR,18360,182,Outbound,0
2025-01-15,Orange,stop_024,trip_09903,DEP,18540,183,Inbound,1
2025-01-16,Red,stop_025,trip_09904,ARR,18720,184,Outbound,0
2025-01-17,Orange,stop_026,trip_09905,DEP,18900,185,Inbound,1
2025-01-18,Red,stop_027,trip_09906,ARR,19080,186,Outbound,0
2025-01-19,Orange,stop_028,trip_09907,DEP,19260,187,Inbound,1
2025-01-20,Red,stop_029,trip_09908,ARR,19440,188,Outbound,0
2025-01-21,Orange,stop_030,trip_09909,DEP,19620,189,Inbound,1
2025-01-22,Red,stop_031,trip_09910,ARR,19800,190,Outbound,0
2025-01-23,Orange,stop_032,trip_09911,DEP,19980,191,Inbound,1
2025-01-24,Red,stop_033,trip_09912,ARR,20160,192,Outbound,0
2025-01-25,Orange,stop_034,trip_09913,DEP,20340,193,Inbound,1
2025-01-26,Red,stop_035,trip_09914,ARR,20520,194,Outbound,0
2025-01-27,Orange,stop_036,trip_09915,DEP,20700,195,Inbound,1
2025-01-28,Red,stop_037,trip_09916,ARR,20880,196,Outbound,0
2025-01-29,Orange,stop_038,trip_09917,DEP,21060,197,Inbound,1
2025-01-30,Red,stop_039,trip_09918,ARR,21240,198,Outbound,0
2025-01-31,Orange,stop_040,trip_09919,DEP,21420,199,Inbound,1
2025-01-01,Red,stop_001,trip_09920,ARR,18000,200,Outbound,0
2025-01-02,Orange,stop_002,trip_09921,DEP,18180,201,Inbound,1
2025-01-03,Red,stop_003,trip_09922,ARR,18360,202,Outbound,0
2025-01-04,Orange,stop_004,trip_09923,DEP,18540,203,Inbound,1
2025-01-05,Red,stop_005,trip_09924,ARR,18720,204,Outbound,0
2025-01-06,Orange,stop_006,trip_09925,DEP,18900,205,Inbound,1
2025-01-07,Red,stop_007,trip_09926,ARR,19080,206,Outbound,0
2025-01-08,Orange,stop_008,trip_09927,DEP,19260,207,Inbound,1
2025-01-09,Red,stop_009,trip_09928,ARR,19440,208,Outbound,0
2025-01-10,Orange,stop_010,trip_09929,DEP,19620,209,Inbound,1
2025-01-11,Red,stop_011,trip_09930,ARR,19800,210,Outbound,0
2025-01-12,Orange,stop_012,trip_09931,DEP,19980,211,Inbound,1
2025-01-13,Red,stop_013,trip_09932,ARR,20160,212,Outbound,0
2025-01-14,Orange,stop_014,trip_09933,DEP,20340,213,Inbound,1
2025-01-15,Red,stop_015,trip_09934,ARR,20520,214,Outbound,0
2025-01-16,Orange,stop_016,trip_09935,DEP,20700,215,Inbound,1
2025-01-17,Red,stop_017,trip_09936,ARR,20880,216,Outbound,0
2025-01-18,Orange,stop_018,trip_09937,DEP,21060,217,Inbound,1
2025-01-19,Red,stop_019,trip_09938,ARR,21240,218,Outbound,0
2025-01-20,Orange,stop_020,trip_09939,DEP,21420,219,Inbound,1
2025-01-21,Red,stop_021,trip_09940,ARR,18000,220,Outbound,0
2025-01-22,Orange,stop_022,trip_09941,DEP,18180,221,Inbound,1
2025-01-23,Red,stop_023,trip_09942,ARR,18360,222,Outbound,0
2025-01-24,Orange,stop_024,trip_09943,DEP,18540,223,Inbound,1
2025-01-25,Red,stop_025,trip_09944,ARR,18720,224,Outbound,0
2025-01-26,Orange,stop_026,trip_09945,DEP,18900,225,Inbound,1
2025-01-27,Red,stop_027,trip_09946,ARR,19080,226,Outbound,0
2025-01-28,Orange,stop_028,trip_09947,DEP,19260,227,Inbound,1
2025-01-29,Red,stop_029,trip_09948,ARR,19440,228,Outbound,0
2025-01-30,Orange,stop_030,trip_09949,DEP,19620,229,Inbound,1
2025-01-31,Red,stop_031,trip_09950,ARR,19800,230,Outbound,0
2025-01-01,Orange,stop_032,trip_09951,DEP,19980,231,Inbound,1
2025-01-02,Red,stop_033,trip_09952,ARR,20160,232,Outbound,0
2025-01-03,Orange,stop_034,trip_09953,DEP,20340,233,Inbound,1
2025-01-04,Red,stop_035,trip_09954,ARR,20520,234,Outbound,0
2025-01-05,Orange,stop_036,trip_09955,DEP,20700,235,Inbound,1
2025-01-06,Red,stop_037,trip_09956,ARR,20880,236,Outbound,0
2025-01-07,Orange,stop_038,trip_09957,DEP,21060,237,Inbound,1
2025-01-08,Red,stop_039,trip_09958,ARR,21240,238,Outbound,0
2025-01-09,Orange,stop_040,trip_09959,DEP,21420,239,Inbound,1
2025-01-10,Red,stop_001,trip_09960,ARR,18000,240,Outbound,0
2025-01-11,Orange,stop_002,trip_09961,DEP,18180,241,Inbound,1
2025-01-12,Red,stop_003,trip_09962,ARR,18360,242,Outbound,0
2025-01-13,Orange,stop_004,trip_09963,DEP,18540,243,Inbound,1
2025-01-14,Red,stop_005,trip_09964,ARR,18720,244,Outbound,0
2025-01-15,Orange,stop_006,trip_09965,DEP,18900,245,Inbound,1
2025-01-16,Red,stop_007,trip_09966,ARR,19080,246,Outbound,0
2025-01-17,Orange,stop_008,trip_09967,DEP,19260,247,Inbound,1
2025-01-18,Red,stop_009,trip_09968,ARR,19440,248,Outbound,0
2025-01-19,Orange,stop_010,trip_09969,DEP,19620,249,Inbound,1
2025-01-20,Red,stop_011,trip_09970,ARR,19800,250,Outbound,0
2025-01-21,Orange,stop_012,trip_09971,DEP,19980,251,Inbound,1
2025-01-22,Red,stop_013,trip_09972,ARR,20160,252,Outbound,0
2025-01-23,Orange,stop_014,trip_09973,DEP,20340,253,Inbound,1
2025-01-24,Red,stop_015,trip_09974,ARR,20520,254,Outbound,0
2025-01-25,Orange,stop_016,trip_09975,DEP,20700,255,Inbound,1
2025-01-26,Red,stop_017,trip_09976,ARR,20880,256,Outbound,0
2025-01-27,Orange,stop_018,trip_09977,DEP,21060,257,Inbound,1
2025-01-28,Red,stop_019,trip_09978,ARR,21240,258,Outbound,0
2025-01-29,Orange,stop_020,trip_09979,DEP,21420,259,Inbound,1
2025-01-30,Red,stop_021,trip_09980,ARR,18000,260,Outbound,0
2025-01-31,Orange,stop_022,trip_09981,DEP,18180,261,Inbound,1
2025-01-01,Red,stop_023,trip_09982,ARR,18360,262,Outbound,0
2025-01-02,Orange,stop_024,trip_09983,DEP,18540,263,Inbound,1
2025-01-03,Red,stop_025,trip_09984,ARR,18720,264,Outbound,0
2025-01-04,Orange,stop_026,trip_09985,DEP,18900,265,Inbound,1
2025-01-05,Red,stop_027,trip_09986,ARR,19080,266,Outbound,0
2025-01-06,Orange,stop_028,trip_09987,DEP,19260,267,Inbound,1
2025-01-07,Red,stop_029,trip_09988,ARR,19440,268,Outbound,0
2025-01-08,Orange,stop_030,trip_09989,DEP,19620,269,Inbound,1
2025-01-09,Red,stop_031,trip_09990,ARR,19800,270,Outbound,0
2025-01-10,Orange,stop_032,trip_09991,DEP,19980,271,Inbound,1
2025-01-11,Red,stop_033,trip_09992,ARR,20160,272,Outbound,0
2025-01-12,Orange,stop_034,trip_09993,DEP,20340,273,Inbound,1
2025-01-13,Red,stop_035,trip_09994,ARR,20520,274,Outbound,0
2025-01-14,Orange,stop_036,trip_09995,DEP,20700,275,Inbound,1
2025-01-15,Red,stop_037,trip_09996,ARR,20880,276,Outbound,0
2025-01-16,Orange,stop_038,trip_09997,DEP,21060,277,Inbound,1
2025-01-17,Red,stop_039,trip_09998,ARR,21240,278,Outbound,0
2025-01-18,Orange,stop_040,trip_09999,DEP,21420,279,Inbound,1
