service_date,route_id,stop_id,trip_id,prev_trip_id,headway_trunk_sec,headway_branch_sec,benchmark_headway_sec,direction,direction_id
2025-01-01,Red,stop_001,trip_00000,trip_-0001,240,,300,Outbound,0
2025-01-02,Orange,stop_002,trip_00001,trip_00000,270,,300,Inbound,1
2025-01-03,Red,stop_003,trip_00002,trip_00001,300,,300,Outbound,0
2025-01-04,Orange,stop_004,trip_00003,trip_00002,330,,300,Inbound,1
2025-01-05,Red,stop_005,trip_00004,trip_00003,360,,300,Outbound,0
2025-01-06,Orange,stop_006,trip_00005,trip_00004,390,,300,Inbound,1
2025-01-07,Red,stop_007,trip_00006,trip_00005,420,,300,Outbound,0
2025-01-08,Orange,stop_008,trip_00007,trip_00006,450,,300,Inbound,1
2025-01-09,Red,stop_009,trip_00008,trip_00007,480,,300,Outbound,0
2025-01-10,Orange,stop_010,trip_00009,trip_00008,510,,300,Inbound,1
2025-01-11,Red,stop_011,trip_00010,trip_00009,540,,300,Outbound,0
2025-01-12,Orange,stop_012,trip_00011,trip_00010,570,,300,Inbound,1
2025-01-13,Red,stop_013,trip_00012,trip_00011,240,,300,Outbound,0
2025-01-14,Orange,stop_014,trip_00013,trip_00012,270,,300,Inbound,1
2025-01-15,Red,stop_015,trip_00014,trip_00013,300,,300,Outbound,0
2025-01-16,Orange,stop_016,trip_00015,trip_00014,330,,300,Inbound,1
2025-01-17,Red,stop_017,trip_00016,trip_00015,360,,300,Outbound,0
2025-01-18,Orange,stop_018,trip_00017,trip_00016,390,,300,Inbound,1
2025-01-19,Red,stop_019,trip_00018,trip_00017,420,,300,Outbound,0
2025-01-20,Orange,stop_020,trip_00019,trip_00018,450,,300,Inbound,1
2025-01-21,Red,stop_021,trip_00020,trip_00019,480,,300,Outbound,0
2025-01-22,Orange,stop_022,trip_00021,trip_00020,510,,300,Inbound,1
2025-01-23,Red,stop_023,trip_00022,trip_00021,540,,300,Outbound,0
2025-01-24,Orange,stop_024,trip_00023,trip_00022,570,,300,Inbound,1
2025-01-25,Red,stop_025,trip_00024,trip_00023,240,,300,Outbound,0
2025-01-26,Orange,stop_026,trip_00025,trip_00024,270,,300,Inbound,1
2025-01-27,Red,stop_027,trip_00026,trip_00025,300,,300,Outbound,0
2025-01-28,Orange,stop_028,trip_00027,trip_00026,330,,300,Inbound,1
2025-01-29,Red,stop_029,trip_00028,trip_00027,360,,300,Outbound,0
2025-01-30,Orange,stop_030,trip_00029,trip_00028,390,,300,Inbound,1
2025-01-31,Red,stop_031,trip_00030,trip_00029,420,,300,Outbound,0
2025-01-01,Orange,stop_032,trip_00031,trip_00030,450,,300,Inbound,1
2025-01-02,Red,stop_033,trip_00032,trip_00031,480,,300,Outbound,0
2025-01-03,Orange,stop_034,trip_00033,trip_00032,510,,300,Inbound,1
2025-01-04,Red,stop_035,trip_00034,trip_00033,540,,300,Outbound,0
2025-01-05,Orange,stop_001,trip_00035,trip_00034,570,,300,Inbound,1
2025-01-06,Red,stop_002,trip_00036,trip_00035,240,,300,Outbound,0
2025-01-07,Orange,stop_003,trip_00037,trip_00036,270,,300,Inbound,1
2025-01-08,Red,stop_004,trip_00038,trip_00037,300,,300,Outbound,0
2025-01-09,Orange,stop_005,trip_00039,trip_00038,330,,300,Inbound,1
2025-01-10,Red,stop_006,trip_00040,trip_00039,360,,300,Outbound,0
2025-01-11,Orange,stop_007,trip_00041,trip_00040,390,,300,Inbound,1
2025-01-12,Red,stop_008,trip_00042,trip_00041,420,,300,Outbound,0
2025-01-13,Orange,stop_009,trip_00043,trip_00042,450,,300,Inbound,1
2025-01-14,Red,stop_010,trip_00044,trip_00043,480,,300,Outbound,0
2025-01-15,Orange,stop_011,trip_00045,trip_00044,510,,300,Inbound,1
2025-01-16,Red,stop_012,trip_00046,trip_00045,540,,300,Outbound,0
2025-01-17,Orange,stop_013,trip_00047,trip_00046,570,,300,Inbound,1
2025-01-18,Red,stop_014,trip_00048,trip_00047,240,,300,Outbound,0
2025-01-19,Orange,stop_015,trip_00049,trip_00048,270,,300,Inbound,1
2025-01-20,Red,stop_016,trip_00050,trip_00049,300,,300,Outbound,0
2025-01-21,Orange,stop_017,trip_00051,trip_00050,330,,300,Inbound,1
2025-01-22,Red,stop_018,trip_00052,trip_00051,360,,300,Outbound,0
2025-01-23,Orange,stop_019,trip_00053,trip_00052,390,,300,Inbound,1
2025-01-24,Red,stop_020,trip_00054,trip_00053,420,,300,Outbound,0
2025-01-25,Orange,stop_021,trip_00055,trip_00054,450,,300,Inbound,1
2025-01-26,Red,stop_022,trip_00056,trip_00055,480,,300,Outbound,0
2025-01-27,Orange,stop_023,trip_00057,trip_00056,510,,300,Inbound,1
2025-01-28,Red,stop_024,trip_00058,trip_00057,540,,300,Outbound,0
2025-01-29,Orange,stop_025,trip_00059,trip_00058,570,,300,Inbound,1
2025-01-30,Red,stop_026,trip_00060,trip_00059,240,,300,Outbound,0
2025-01-31,Orange,stop_027,trip_00061,trip_00060,270,,300,Inbound,1
2025-01-01,Red,stop_028,trip_00062,trip_00061,300,,300,Outbound,0
2025-01-02,Orange,stop_029,trip_00063,trip_00062,330,,300,Inbound,1
2025-01-03,Red,stop_030,trip_00064,trip_00063,360,,300,Outbound,0
2025-01-04,Orange,stop_031,trip_00065,trip_00064,390,,300,Inbound,1
2025-01-05,Red,stop_032,trip_00066,trip_00065,420,,300,Outbound,0
2025-01-06,Orange,stop_033,trip_00067,trip_00066,450,,300,Inbound,1
2025-01-07,Red,stop_034,trip_00068,trip_00067,480,,300,Outbound,0
2025-01-08,Orange,stop_035,trip_00069,trip_00068,510,,300,Inbound,1
2025-01-09,Red,stop_001,trip_00070,trip_00069,540,,300,Outbound,0
2025-01-10,Orange,stop_002,trip_00071,trip_00070,570,,300,Inbound,1
2025-01-11,Red,stop_003,trip_00072,trip_00071,240,,300,Outbound,0
2025-01-12,Orange,stop_004,trip_00073,trip_00072,270,,300,Inbound,1
2025-01-13,Red,stop_005,trip_00074,trip_00073,300,,300,Outbound,0
2025-01-14,Orange,stop_006,trip_00075,trip_00074,330,,300,Inbound,1
2025-01-15,Red,stop_007,trip_00076,trip_00075,360,,300,Outbound,0
2025-01-16,Orange,stop_008,trip_00077,trip_00076,390,,300,Inbound,1
2025-01-17,Red,stop_009,trip_00078,trip_00077,420,,300,Outbound,0
2025-01-18,Orange,stop_010,trip_00079,trip_00078,450,,300,Inbound,1
2025-01-19,Red,stop_011,trip_00080,trip_00079,480,,300,Outbound,0
2025-01-20,Orange,stop_012,trip_00081,trip_00080,510,,300,Inbound,1
2025-01-21,Red,stop_013,trip_00082,trip_00081,540,,300,Outbound,0
2025-01-22,Orange,stop_014,trip_00083,trip_00082,570,,300,Inbound,1
2025-01-23,Red,stop_015,trip_00084,trip_00083,240,,300,Outbound,0
2025-01-24,Orange,stop_016,trip_00085,trip_00084,270,,300,Inbound,1
2025-01-25,Red,stop_017,trip_00086,trip_00085,300,,300,Outbound,0
2025-01-26,Orange,stop_018,trip_00087,trip_00086,330,,300,Inbound,1
2025-01-27,Red,stop_019,trip_00088,trip_00087,360,,300,Outbound,0
2025-01-28,Orange,stop_020,trip_00089,trip_00088,390,,300,Inbound,1
2025-01-29,Red,stop_021,trip_00090,trip_00089,420,,300,Outbound,0
2025-01-30,Orange,stop_022,trip_00091,trip_00090,450,,300,Inbound,1
2025-01-31,Red,stop_023,trip_00092,trip_00091,480,,300,Outbound,0
2025-01-01,Orange,stop_024,trip_00093,trip_00092,510,,300,Inbound,1
2025-01-02,Red,stop_025,trip_00094,trip_00093,540,,300,Outbound,0
2025-01-03,Orange,stop_026,trip_00095,trip_00094,570,,300,Inbound,1
2025-01-04,Red,stop_027,trip_00096,trip_00095,240,,300,Outbound,0
2025-01-05,Orange,stop_028,trip_00097,trip_00096,270,,300,Inbound,1
2025-01-06,Red,stop_029,trip_00098,trip_00097,300,,300,Outbound,0
2025-01-07,Orange,stop_030,trip_00099,trip_00098,330,,300,Inbound,1
2025-01-08,Red,stop_031,trip_00100,trip_00099,360,,300,Outbound,0
2025-01-09,Orange,stop_032,trip_00101,trip_00100,390,,300,Inbound,1
2025-01-10,Red,stop_033,trip_00102,trip_00101,420,,300,Outbound,0
2025-01-11,Orange,stop_034,trip_00103,trip_00102,450,,300,Inbound,1
2025-01-12,Red,stop_035,trip_00104,trip_00103,480,,300,Outbound,0
2025-01-13,Orange,stop_001,trip_00105,trip_00104,510,,300,Inbound,1
2025-01-14,Red,stop_002,trip_00106,trip_00105,540,,300,Outbound,0
2025-01-15,Orange,stop_003,trip_00107,trip_00106,570,,300,Inbound,1
2025-01-16,Red,stop_004,trip_00108,trip_00107,240,,300,Outbound,0
2025-01-17,Orange,stop_005,trip_00109,trip_00108,270,,300,Inbound,1
2025-01-18,Red,stop_006,trip_00110,trip_00109,300,,300,Outbound,0
2025-01-19,Orange,stop_007,trip_00111,trip_00110,330,,300,Inbound,1
2025-01-20,Red,stop_008,trip_00112,trip_00111,360,,300,Outbound,0
2025-01-21,Orange,stop_009,trip_00113,trip_00112,390,,300,Inbound,1
2025-01-22,Red,stop_010,trip_00114,trip_00113,420,,300,Outbound,0
2025-01-23,Orange,stop_011,trip_00115,trip_00114,450,,300,Inbound,1
2025-01-24,Red,stop_012,trip_00116,trip_00115,480,,300,Outbound,0
2025-01-25,Orange,stop_013,trip_00117,trip_00116,510,,300,Inbound,1
2025-01-26,Red,stop_014,trip_00118,trip_00117,540,,300,Outbound,0
2025-01-27,Orange,stop_015,trip_00119,trip_00118,570,,300,Inbound,1
2025-01-28,Red,stop_016,trip_00120,trip_00119,240,,300,Outbound,0
2025-01-29,Orange,stop_017,trip_00121,trip_00120,270,,300,Inbound,1
2025-01-30,Red,stop_018,trip_00122,trip_00121,300,,300,Outbound,0
2025-01-31,Orange,stop_019,trip_00123,trip_00122,330,,300,Inbound,1
2025-01-01,Red,stop_020,trip_00124,trip_00123,360,,300,Outbound,0
2025-01-02,Orange,stop_021,trip_00125,trip_00124,390,,300,Inbound,1
2025-01-03,Red,stop_022,trip_00126,trip_00125,420,,300,Outbound,0
2025-01-04,Orange,stop_023,trip_00127,trip_00126,450,,300,Inbound,1
2025-01-05,Red,stop_024,trip_00128,trip_00127,480,,300,Outbound,0
2025-01-06,Orange,stop_025,trip_00129,trip_00128,510,,300,Inbound,1
2025-01-07,Red,stop_026,trip_00130,trip_00129,540,,300,Outbound,0
2025-01-08,Orange,stop_027,trip_00131,trip_00130,570,,300,Inbound,1
2025-01-09,Red,stop_028,trip_00132,trip_00131,240,,300,Outbound,0
2025-01-10,Orange,stop_029,trip_00133,trip_00132,270,,300,Inbound,1
2025-01-11,Red,stop_030,trip_00134,trip_00133,300,,300,Outbound,0
2025-01-12,Orange,stop_031,trip_00135,trip_00134,330,,300,Inbound,1
2025-01-13,Red,stop_032,trip_00136,trip_00135,360,,300,Outbound,0
2025-01-14,Orange,stop_033,trip_00137,trip_00136,390,,300,Inbound,1
2025-01-15,Red,stop_034,trip_00138,trip_00137,420,,300,Outbound,0
2025-01-16,Orange,stop_035,trip_00139,trip_00138,450,,300,Inbound,1
2025-01-17,Red,stop_001,trip_00140,trip_00139,480,,300,Outbound,0
2025-01-18,Orange,stop_002,trip_00141,trip_00140,510,,300,Inbound,1
2025-01-19,Red,stop_003,trip_00142,trip_00141,540,,300,Outbound,0
2025-01-20,Orange,stop_004,trip_00143,trip_00142,570,,300,Inbound,1
2025-01-21,Red,stop_005,trip_00144,trip_00143,240,,300,Outbound,0
2025-01-22,Orange,stop_006,trip_00145,trip_00144,270,,300,Inbound,1
2025-01-23,Red,stop_007,trip_00146,trip_00145,300,,300,Outbound,0
2025-01-24,Orange,stop_008,trip_00147,trip_00146,330,,300,Inbound,1
2025-01-25,Red,stop_009,trip_00148,trip_00147,360,,300,Outbound,0
2025-01-26,Orange,stop_010,trip_00149,trip_00148,390,,300,Inbound,1
2025-01-27,Red,stop_011,trip_00150,trip_00149,420,,300,Outbound,0
2025-01-28,Orange,stop_012,trip_00151,trip_00150,450,,300,Inbound,1
2025-01-29,Red,stop_013,trip_00152,trip_00151,480,,300,Outbound,0
2025-01-30,Orange,stop_014,trip_00153,trip_00152,510,,300,Inbound,1
2025-01-31,Red,stop_015,trip_00154,trip_00153,540,,300,Outbound,0
2025-01-01,Orange,stop_016,trip_00155,trip_00154,570,,300,Inbound,1
2025-01-02,Red,stop_017,trip_00156,trip_00155,240,,300,Outbound,0
2025-01-03,Orange,stop_018,trip_00157,trip_00156,270,,300,Inbound,1
2025-01-04,Red,stop_019,trip_00158,trip_00157,300,,300,Outbound,0
2025-01-05,Orange,stop_020,trip_00159,trip_00158,330,,300,Inbound,1
2025-01-06,Red,stop_021,trip_00160,trip_00159,360,,300,Outbound,0
2025-01-07,Orange,stop_022,trip_00161,trip_00160,390,,300,Inbound,1
2025-01-08,Red,stop_023,trip_00162,trip_00161,420,,300,Outbound,0
2025-01-09,Orange,stop_024,trip_00163,trip_00162,450,,300,Inbound,1
2025-01-10,Red,stop_025,trip_00164,trip_00163,480,,300,Outbound,0
2025-01-11,Orange,stop_026,trip_00165,trip_00164,510,,300,Inbound,1
2025-01-12,Red,stop_027,trip_00166,trip_00165,540,,300,Outbound,0
2025-01-13,Orange,stop_028,trip_00167,trip_00166,570,,300,Inbound,1
2025-01-14,Red,stop_029,trip_00168,trip_00167,240,,300,Outbound,0
2025-01-15,Orange,stop_030,trip_00169,trip_00168,270,,300,Inbound,1
2025-01-16,Red,stop_031,trip_00170,trip_00169,300,,300,Outbound,0
2025-01-17,Orange,stop_032,trip_00171,trip_00170,330,,300,Inbound,1
2025-01-18,Red,stop_033,trip_00172,trip_00171,360,,300,Outbound,0
2025-01-19,Orange,stop_034,trip_00173,trip_00172,390,,300,Inbound,1
2025-01-20,Red,stop_035,trip_00174,trip_00173,420,,300,Outbound,0
2025-01-21,Orange,stop_001,trip_00175,trip_00174,450,,300,Inbound,1
2025-01-22,Red,stop_002,trip_00176,trip_00175,480,,300,Outbound,0
2025-01-23,Orange,stop_003,trip_00177,trip_00176,510,,300,Inbound,1
2025-01-24,Red,stop_004,trip_00178,trip_00177,540,,300,Outbound,0
2025-01-25,Orange,stop_005,trip_00179,trip_00178,570,,300,Inbound,1
2025-01-26,Red,stop_006,trip_00180,trip_00179,240,,300,Outbound,0
2025-01-27,Orange,stop_007,trip_00181,trip_00180,270,,300,Inbound,1
2025-01-28,Red,stop_008,trip_00182,trip_00181,300,,300,Outbound,0
2025-01-29,Orange,stop_009,trip_00183,trip_00182,330,,300,Inbound,1
2025-01-30,Red,stop_010,trip_00184,trip_00183,360,,300,Outbound,0
2025-01-31,Orange,stop_011,trip_00185,trip_00184,390,,300,Inbound,1
2025-01-01,Red,stop_012,trip_00186,trip_00185,420,,300,Outbound,0
2025-01-02,Orange,stop_013,trip_00187,trip_00186,450,,300,Inbound,1
2025-01-03,Red,stop_014,trip_00188,trip_00187,480,,300,Outbound,0
2025-01-04,Orange,stop_015,trip_00189,trip_00188,510,,300,Inbound,1
2025-01-05,Red,stop_016,trip_00190,trip_00189,540,,300,Outbound,0
2025-01-06,Orange,stop_017,trip_00191,trip_00190,570,,300,Inbound,1
2025-01-07,Red,stop_018,trip_00192,trip_00191,240,,300,Outbound,0
2025-01-08,Orange,stop_019,trip_00193,trip_00192,270,,300,Inbound,1
2025-01-09,Red,stop_020,trip_00194,trip_00193,300,,300,Outbound,0
2025-01-10,Orange,stop_021,trip_00195,trip_00194,330,,300,Inbound,1
2025-01-11,Red,stop_022,trip_00196,trip_00195,360,,300,Outbound,0
2025-01-12,Orange,stop_023,trip_00197,trip_00196,390,,300,Inbound,1
2025-01-13,Red,stop_024,trip_00198,trip_00197,420,,300,Outbound,0
2025-01-14,Orange,stop_025,trip_00199,trip_00198,450,,300,Inbound,1
2025-01-15,Red,stop_026,trip_00200,trip_00199,480,,300,Outbound,0
2025-01-16,Orange,stop_027,trip_00201,trip_00200,510,,300,Inbound,1
2025-01-17,Red,stop_028,trip_00202,trip_00201,540,,300,Outbound,0
2025-01-18,Orange,stop_029,trip_00203,trip_00202,570,,300,Inbound,1
2025-01-19,Red,stop_030,trip_00204,trip_00203,240,,300,Outbound,0
2025-01-20,Orange,stop_031,trip_00205,trip_00204,270,,300,Inbound,1
2025-01-21,Red,stop_032,trip_00206,trip_00205,300,,300,Outbound,0
2025-01-22,Orange,stop_033,trip_00207,trip_00206,330,,300,Inbound,1
2025-01-23,Red,stop_034,trip_00208,trip_00207,360,,300,Outbound,0
2025-01-24,Orange,stop_035,trip_00209,trip_00208,390,,300,Inbound,1
2025-01-25,Red,stop_001,trip_00210,trip_00209,420,,300,Outbound,0
2025-01-26,Orange,stop_002,trip_00211,trip_00210,450,,300,Inbound,1
2025-01-27,Red,stop_003,trip_00212,trip_00211,480,,300,Outbound,0
2025-01-28,Orange,stop_004,trip_00213,trip_00212,510,,300,Inbound,1
2025-01-29,Red,stop_005,trip_00214,trip_00213,540,,300,Outbound,0
2025-01-30,Orange,stop_006,trip_00215,trip_00214,570,,300,Inbound,1
2025-01-31,Red,stop_007,trip_00216,trip_00215,240,,300,Outbound,0
2025-01-01,Orange,stop_008,trip_00217,trip_00216,270,,300,Inbound,1
2025-01-02,Red,stop_009,trip_00218,trip_00217,300,,300,Outbound,0
2025-01-03,Orange,stop_010,trip_00219,trip_00218,330,,300,Inbound,1
2025-01-04,Red,stop_011,trip_00220,trip_00219,360,,300,Outbound,0
2025-01-05,Orange,stop_012,trip_00221,trip_00220,390,,300,Inbound,1
2025-01-06,Red,stop_013,trip_00222,trip_00221,420,,300,Outbound,0
2025-01-07,Orange,stop_014,trip_00223,trip_00222,450,,300,Inbound,1
2025-01-08,Red,stop_015,trip_00224,trip_00223,480,,300,Outbound,0
2025-01-09,Orange,stop_016,trip_00225,trip_00224,510,,300,Inbound,1
2025-01-10,Red,stop_017,trip_00226,trip_00225,540,,300,Outbound,0
2025-01-11,Orange,stop_018,trip_00227,trip_00226,570,,300,Inbound,1
2025-01-12,Red,stop_019,trip_00228,trip_00227,240,,300,Outbound,0
2025-01-13,Orange,stop_020,trip_00229,trip_00228,270,,300,Inbound,1
2025-01-14,Red,stop_021,trip_00230,trip_00229,300,,300,Outbound,0
2025-01-15,Orange,stop_022,trip_00231,trip_00230,330,,300,Inbound,1
2025-01-16,Red,stop_023,trip_00232,trip_00231,360,,300,Outbound,0
2025-01-17,Orange,stop_024,trip_00233,trip_00232,390,,300,Inbound,1
2025-01-18,Red,stop_025,trip_00234,trip_00233,420,,300,Outbound,0
2025-01-19,Orange,stop_026,trip_00235,trip_00234,450,,300,Inbound,1
2025-01-20,Red,stop_027,trip_00236,trip_00235,480,,300,Outbound,0
2025-01-21,Orange,stop_028,trip_00237,trip_00236,510,,300,Inbound,1
2025-01-22,Red,stop_029,trip_00238,trip_00237,540,,300,Outbound,0
2025-01-23,Orange,stop_030,trip_00239,trip_00238,570,,300,Inbound,1
2025-01-24,Red,stop_031,trip_00240,trip_00239,240,,300,Outbound,0
2025-01-25,Orange,stop_032,trip_00241,trip_00240,270,,300,Inbound,1
2025-01-26,Red,stop_033,trip_00242,trip_00241,300,,300,Outbound,0
2025-01-27,Orange,stop_034,trip_00243,trip_00242,330,,300,Inbound,1
2025-01-28,Red,stop_035,trip_00244,trip_00243,360,,300,Outbound,0
2025-01-29,Orange,stop_001,trip_00245,trip_00244,390,,300,Inbound,1
2025-01-30,Red,stop_002,trip_00246,trip_00245,420,,300,Outbound,0
2025-01-31,Orange,stop_003,trip_00247,trip_00246,450,,300,Inbound,1
2025-01-01,Red,stop_004,trip_00248,trip_00247,480,,300,Outbound,0
2025-01-02,Orange,stop_005,trip_00249,trip_00248,510,,300,Inbound,1
2025-01-03,Red,stop_006,trip_00250,trip_00249,540,,300,Outbound,0
2025-01-04,Orange,stop_007,trip_00251,trip_00250,570,,300,Inbound,1
2025-01-05,Red,stop_008,trip_00252,trip_00251,240,,300,Outbound,0
2025-01-06,Orange,stop_009,trip_00253,trip_00252,270,,300,Inbound,1
2025-01-07,Red,stop_010,trip_00254,trip_00253,300,,300,Outbound,0
2025-01-08,Orange,stop_011,trip_00255,trip_00254,330,,300,Inbound,1
2025-01-09,Red,stop_012,trip_00256,trip_00255,360,,300,Outbound,0
2025-01-10,Orange,stop_013,trip_00257,trip_00256,390,,300,Inbound,1
2025-01-11,Red,stop_014,trip_00258,trip_00257,420,,300,Outbound,0
2025-01-12,Orange,stop_015,trip_00259,trip_00258,450,,300,Inbound,1
2025-01-13,Red,stop_016,trip_00260,trip_00259,480,,300,Outbound,0
2025-01-14,Orange,stop_017,trip_00261,trip_00260,510,,300,Inbound,1
2025-01-15,Red,stop_018,trip_00262,trip_00261,540,,300,Outbound,0
2025-01-16,Orange,stop_019,trip_00263,trip_00262,570,,300,Inbound,1
2025-01-17,Red,stop_020,trip_00264,trip_00263,240,,300,Outbound,0
2025-01-18,Orange,stop_021,trip_00265,trip_00264,270,,300,Inbound,1
2025-01-19,Red,stop_022,trip_00266,trip_00265,300,,300,Outbound,0
2025-01-20,Orange,stop_023,trip_00267,trip_00266,330,,300,Inbound,1
2025-01-21,Red,stop_024,trip_00268,trip_00267,360,,300,Outbound,0
2025-01-22,Orange,stop_025,trip_00269,trip_00268,390,,300,Inbound,1
2025-01-23,Red,stop_026,trip_00270,trip_00269,420,,300,Outbound,0
2025-01-24,Orange,stop_027,trip_00271,trip_00270,450,,300,Inbound,1
2025-01-25,Red,stop_028,trip_00272,trip_00271,480,,300,Outbound,0
2025-01-26,Orange,stop_029,trip_00273,trip_00272,510,,300,Inbound,1
2025-01-27,Red,stop_030,trip_00274,trip_00273,540,,300,Outbound,0
2025-01-28,Orange,stop_031,trip_00275,trip_00274,570,,300,Inbound,1
2025-01-29,Red,stop_032,trip_00276,trip_00275,240,,300,Outbound,0
2025-01-30,Orange,stop_033,trip_00277,trip_00276,270,,300,Inbound,1
2025-01-31,Red,stop_034,trip_00278,trip_00277,300,,300,Outbound,0
2025-01-01,Orange,stop_035,trip_00279,trip_00278,330,,300,Inbound,1
2025-01-02,Red,stop_001,trip_00280,trip_00279,360,,300,Outbound,0
2025-01-03,Orange,stop_002,trip_00281,trip_00280,390,,300,Inbound,1
2025-01-04,Red,stop_003,trip_00282,trip_00281,420,,300,Outbound,0
2025-01-05,Orange,stop_004,trip_00283,trip_00282,450,,300,Inbound,1
2025-01-06,Red,stop_005,trip_00284,trip_00283,480,,300,Outbound,0
2025-01-07,Orange,stop_006,trip_00285,trip_00284,510,,300,Inbound,1
2025-01-08,Red,stop_007,trip_00286,trip_00285,540,,300,Outbound,0
2025-01-09,Orange,stop_008,trip_00287,trip_00286,570,,300,Inbound,1
2025-01-10,Red,stop_009,trip_00288,trip_00287,240,,300,Outbound,0
2025-01-11,Orange,stop_010,trip_00289,trip_00288,270,,300,Inbound,1
2025-01-12,Red,stop_011,trip_00290,trip_00289,300,,300,Outbound,0
2025-01-13,Orange,stop_012,trip_00291,trip_00290,330,,300,Inbound,1
2025-01-14,Red,stop_013,trip_00292,trip_00291,360,,300,Outbound,0
2025-01-15,Orange,stop_014,trip_00293,trip_00292,390,,300,Inbound,1
2025-01-16,Red,stop_015,trip_00294,trip_00293,420,,300,Outbound,0
2025-01-17,Orange,stop_016,trip_00295,trip_00294,450,,300,Inbound,1
2025-01-18,Red,stop_017,trip_00296,trip_00295,480,,300,Outbound,0
2025-01-19,Orange,stop_018,trip_00297,trip_00296,510,,300,Inbound,1
2025-01-20,Red,stop_019,trip_00298,trip_00297,540,,300,Outbound,0
2025-01-21,Orange,stop_020,trip_00299,trip_00298,570,,300,Inbound,1
2025-01-22,Red,stop_021,trip_00300,trip_00299,240,,300,Outbound,0
2025-01-23,Orange,stop_022,trip_00301,trip_00300,270,,300,Inbound,1
2025-01-24,Red,stop_023,trip_00302,trip_00301,300,,300,Outbound,0
2025-01-25,Orange,stop_024,trip_00303,trip_00302,330,,300,Inbound,1
2025-01-26,Red,stop_025,trip_00304,trip_00303,360,,300,Outbound,0
2025-01-27,Orange,stop_026,trip_00305,trip_00304,390,,300,Inbound,1
2025-01-28,Red,stop_027,trip_00306,trip_00305,420,,300,Outbound,0
2025-01-29,Orange,stop_028,trip_00307,trip_00306,450,,300,Inbound,1
2025-01-30,Red,stop_029,trip_00308,trip_00307,480,,300,Outbound,0
2025-01-31,Orange,stop_030,trip_00309,trip_00308,510,,300,Inbound,1
2025-01-01,Red,stop_031,trip_00310,trip_00309,540,,300,Outbound,0
2025-01-02,Orange,stop_032,trip_00311,trip_00310,570,,300,Inbound,1
2025-01-03,Red,stop_033,trip_00312,trip_00311,240,,300,Outbound,0
2025-01-04,Orange,stop_034,trip_00313,trip_00312,270,,300,Inbound,1
2025-01-05,Red,stop_035,trip_00314,trip_00313,300,,300,Outbound,0
2025-01-06,Orange,stop_001,trip_00315,trip_00314,330,,300,Inbound,1
2025-01-07,Red,stop_002,trip_00316,trip_00315,360,,300,Outbound,0
2025-01-08,Orange,stop_003,trip_00317,trip_00316,390,,300,Inbound,1
2025-01-09,Red,stop_004,trip_00318,trip_00317,420,,300,Outbound,0
2025-01-10,Orange,stop_005,trip_00319,trip_00318,450,,300,Inbound,1
2025-01-11,Red,stop_006,trip_00320,trip_00319,480,,300,Outbound,0
2025-01-12,Orange,stop_007,trip_00321,trip_00320,510,,300,Inbound,1
2025-01-13,Red,stop_008,trip_00322,trip_00321,540,,300,Outbound,0
2025-01-14,Orange,stop_009,trip_00323,trip_00322,570,,300,Inbound,1
2025-01-15,Red,stop_010,trip_00324,trip_00323,240,,300,Outbound,0
2025-01-16,Orange,stop_011,trip_00325,trip_00324,270,,300,Inbound,1
2025-01-17,Red,stop_012,trip_00326,trip_00325,300,,300,Outbound,0
2025-01-18,Orange,stop_013,trip_00327,trip_00326,330,,300,Inbound,1
2025-01-19,Red,stop_014,trip_00328,trip_00327,360,,300,Outbound,0
2025-01-20,Orange,stop_015,trip_00329,trip_00328,390,,300,Inbound,1
2025-01-21,Red,stop_016,trip_00330,trip_00329,420,,300,Outbound,0
2025-01-22,Orange,stop_017,trip_00331,trip_00330,450,,300,Inbound,1
2025-01-23,Red,stop_018,trip_00332,trip_00331,480,,300,Outbound,0
2025-01-24,Orange,stop_019,trip_00333,trip_00332,510,,300,Inbound,1
2025-01-25,Red,stop_020,trip_00334,trip_00333,540,,300,Outbound,0
2025-01-26,Orange,stop_021,trip_00335,trip_00334,570,,300,Inbound,1
2025-01-27,Red,stop_022,trip_00336,trip_00335,240,,300,Outbound,0
2025-01-28,Orange,stop_023,trip_00337,trip_00336,270,,300,Inbound,1
2025-01-29,Red,stop_024,trip_00338,trip_00337,300,,300,Outbound,0
2025-01-30,Orange,stop_025,trip_00339,trip_00338,330,,300,Inbound,1
2025-01-31,Red,stop_026,trip_00340,trip_00339,360,,300,Outbound,0
2025-01-01,Orange,stop_027,trip_00341,trip_00340,390,,300,Inbound,1
2025-01-02,Red,stop_028,trip_00342,trip_00341,420,,300,Outbound,0
2025-01-03,Orange,stop_029,trip_00343,trip_00342,450,,300,Inbound,1
2025-01-04,Red,stop_030,trip_00344,trip_00343,480,,300,Outbound,0
2025-01-05,Orange,stop_031,trip_00345,trip_00344,510,,300,Inbound,1
2025-01-06,Red,stop_032,trip_00346,trip_00345,540,,300,Outbound,0
2025-01-07,Orange,stop_033,trip_00347,trip_00346,570,,300,Inbound,1
2025-01-08,Red,stop_034,trip_00348,trip_00347,240,,300,Outbound,0
2025-01-09,Orange,stop_035,trip_00349,trip_00348,270,,300,Inbound,1
2025-01-10,Red,stop_001,trip_00350,trip_00349,300,,300,Outbound,0
2025-01-11,Orange,stop_002,trip_00351,trip_00350,330,,300,Inbound,1
2025-01-12,Red,stop_003,trip_00352,trip_00351,360,,300,Outbound,0
2025-01-13,Orange,stop_004,trip_00353,trip_00352,390,,300,Inbound,1
2025-01-14,Red,stop_005,trip_00354,trip_00353,420,,300,Outbound,0
2025-01-15,Orange,stop_006,trip_00355,trip_00354,450,,300,Inbound,1
2025-01-16,Red,stop_007,trip_00356,trip_00355,480,,300,Outbound,0
2025-01-17,Orange,stop_008,trip_00357,trip_00356,510,,300,Inbound,1
2025-01-18,Red,stop_009,trip_00358,trip_00357,540,,300,Outbound,0
2025-01-19,Orange,stop_010,trip_00359,trip_00358,570,,300,Inbound,1
2025-01-20,Red,stop_011,trip_00360,trip_00359,240,,300,Outbound,0
2025-01-21,Orange,stop_012,trip_00361,trip_00360,270,,300,Inbound,1
2025-01-22,Red,stop_013,trip_00362,trip_00361,300,,300,Outbound,0
2025-01-23,Orange,stop_014,trip_00363,trip_00362,330,,300,Inbound,1
2025-01-24,Red,stop_015,trip_00364,trip_00363,360,,300,Outbound,0
2025-01-25,Orange,stop_016,trip_00365,trip_00364,390,,300,Inbound,1
2025-01-26,Red,stop_017,trip_00366,trip_00365,420,,300,Outbound,0
2025-01-27,Orange,stop_018,trip_00367,trip_00366,450,,300,Inbound,1
2025-01-28,Red,stop_019,trip_00368,trip_00367,480,,300,Outbound,0
2025-01-29,Orange,stop_020,trip_00369,trip_00368,510,,300,Inbound,1
2025-01-30,Red,stop_021,trip_00370,trip_00369,540,,300,Outbound,0
2025-01-31,Orange,stop_022,trip_00371,trip_00370,570,,300,Inbound,1
2025-01-01,Red,stop_023,trip_00372,trip_00371,240,,300,Outbound,0
2025-01-02,Orange,stop_024,trip_00373,trip_00372,270,,300,Inbound,1
2025-01-03,Red,stop_025,trip_00374,trip_00373,300,,300,Outbound,0
2025-01-04,Orange,stop_026,trip_00375,trip_00374,330,,300,Inbound,1
2025-01-05,Red,stop_027,trip_00376,trip_00375,360,,300,Outbound,0
2025-01-06,Orange,stop_028,trip_00377,trip_00376,390,,300,Inbound,1
2025-01-07,Red,stop_029,trip_00378,trip_00377,420,,300,Outbound,0
2025-01-08,Orange,stop_030,trip_00379,trip_00378,450,,300,Inbound,1
2025-01-09,Red,stop_031,trip_00380,trip_00379,480,,300,Outbound,0
2025-01-10,Orange,stop_032,trip_00381,trip_00380,510,,300,Inbound,1
2025-01-11,Red,stop_033,trip_00382,trip_00381,540,,300,Outbound,0
2025-01-12,Orange,stop_034,trip_00383,trip_00382,570,,300,Inbound,1
2025-01-13,Red,stop_035,trip_00384,trip_00383,240,,300,Outbound,0
2025-01-14,Orange,stop_001,trip_00385,trip_00384,270,,300,Inbound,1
2025-01-15,Red,stop_002,trip_00386,trip_00385,300,,300,Outbound,0
2025-01-16,Orange,stop_003,trip_00387,trip_00386,330,,300,Inbound,1
2025-01-17,Red,stop_004,trip_00388,trip_00387,360,,300,Outbound,0
2025-01-18,Orange,stop_005,trip_00389,trip_00388,390,,300,Inbound,1
2025-01-19,Red,stop_006,trip_00390,trip_00389,420,,300,Outbound,0
2025-01-20,Orange,stop_007,trip_00391,trip_00390,450,,300,Inbound,1
2025-01-21,Red,stop_008,trip_00392,trip_00391,480,,300,Outbound,0
2025-01-22,Orange,stop_009,trip_00393,trip_00392,510,,300,Inbound,1
2025-01-23,Red,stop_010,trip_00394,trip_00393,540,,300,Outbound,0
2025-01-24,Orange,stop_011,trip_00395,trip_00394,570,,300,Inbound,1
2025-01-25,Red,stop_012,trip_00396,trip_00395,240,,300,Outbound,0
2025-01-26,Orange,stop_013,trip_00397,trip_00396,270,,300,Inbound,1
2025-01-27,Red,stop_014,trip_00398,trip_00397,300,,300,Outbound,0
2025-01-28,Orange,stop_015,trip_00399,trip_00398,330,,300,Inbound,1
2025-01-29,Red,stop_016,trip_00400,trip_00399,360,,300,Outbound,0
2025-01-30,Orange,stop_017,trip_00401,trip_00400,390,,300,Inbound,1
2025-01-31,Red,stop_018,trip_00402,trip_00401,420,,300,Outbound,0
2025-01-01,Orange,stop_019,trip_00403,trip_00402,450,,300,Inbound,1
2025-01-02,Red,stop_020,trip_00404,trip_00403,480,,300,Outbound,0
2025-01-03,Orange,stop_021,trip_00405,trip_00404,510,,300,Inbound,1
2025-01-04,Red,stop_022,trip_00406,trip_00405,540,,300,Outbound,0
2025-01-05,Orange,stop_023,trip_00407,trip_00406,570,,300,Inbound,1
2025-01-06,Red,stop_024,trip_00408,trip_00407,240,,300,Outbound,0
2025-01-07,Orange,stop_025,trip_00409,trip_00408,270,,300,Inbound,1
2025-01-08,Red,stop_026,trip_00410,trip_00409,300,,300,Outbound,0
2025-01-09,Orange,stop_027,trip_00411,trip_00410,330,,300,Inbound,1
2025-01-10,Red,stop_028,trip_00412,trip_00411,360,,300,Outbound,0
2025-01-11,Orange,stop_029,trip_00413,trip_00412,390,,300,Inbound,1
2025-01-12,Red,stop_030,trip_00414,trip_00413,420,,300,Outbound,0
2025-01-13,Orange,stop_031,trip_00415,trip_00414,450,,300,Inbound,1
2025-01-14,Red,stop_032,trip_00416,trip_00415,480,,300,Outbound,0
2025-01-15,Orange,stop_033,trip_00417,trip_00416,510,,300,Inbound,1
2025-01-16,Red,stop_034,trip_00418,trip_00417,540,,300,Outbound,0
2025-01-17,Orange,stop_035,trip_00419,trip_00418,570,,300,Inbound,1
2025-01-18,Red,stop_001,trip_00420,trip_00419,240,,300,Outbound,0
2025-01-19,Orange,stop_002,trip_00421,trip_00420,270,,300,Inbound,1
2025-01-20,Red,stop_003,trip_00422,trip_00421,300,,300,Outbound,0
2025-01-21,Orange,stop_004,trip_00423,trip_00422,330,,300,Inbound,1
2025-01-22,Red,stop_005,trip_00424,trip_00423,360,,300,Outbound,0
2025-01-23,Orange,stop_006,trip_00425,trip_00424,390,,300,Inbound,1
2025-01-24,Red,stop_007,trip_00426,trip_00425,420,,300,Outbound,0
2025-01-25,Orange,stop_008,trip_00427,trip_00426,450,,300,Inbound,1
2025-01-26,Red,stop_009,trip_00428,trip_00427,480,,300,Outbound,0
2025-01-27,Orange,stop_010,trip_00429,trip_00428,510,,300,Inbound,1
2025-01-28,Red,stop_011,trip_00430,trip_00429,540,,300,Outbound,0
2025-01-29,Orange,stop_012,trip_00431,trip_00430,570,,300,Inbound,1
2025-01-30,Red,stop_013,trip_00432,trip_00431,240,,300,Outbound,0
2025-01-31,Orange,stop_014,trip_00433,trip_00432,270,,300,Inbound,1
2025-01-01,Red,stop_015,trip_00434,trip_00433,300,,300,Outbound,0
2025-01-02,Orange,stop_016,trip_00435,trip_00434,330,,300,Inbound,1
2025-01-03,Red,stop_017,trip_00436,trip_00435,360,,300,Outbound,0
2025-01-04,Orange,stop_018,trip_00437,trip_00436,390,,300,Inbound,1
2025-01-05,Red,stop_019,trip_00438,trip_00437,420,,300,Outbound,0
2025-01-06,Orange,stop_020,trip_00439,trip_00438,450,,300,Inbound,1
2025-01-07,Red,stop_021,trip_00440,trip_00439,480,,300,Outbound,0
2025-01-08,Orange,stop_022,trip_00441,trip_00440,510,,300,Inbound,1
2025-01-09,Red,stop_023,trip_00442,trip_00441,540,,300,Outbound,0
2025-01-10,Orange,stop_024,trip_00443,trip_00442,570,,300,Inbound,1
2025-01-11,Red,stop_025,trip_00444,trip_00443,240,,300,Outbound,0
2025-01-12,Orange,stop_026,trip_00445,trip_00444,270,,300,Inbound,1
2025-01-13,Red,stop_027,trip_00446,trip_00445,300,,300,Outbound,0
2025-01-14,Orange,stop_028,trip_00447,trip_00446,330,,300,Inbound,1
2025-01-15,Red,stop_029,trip_00448,trip_00447,360,,300,Outbound,0
2025-01-16,Orange,stop_030,trip_00449,trip_00448,390,,300,Inbound,1
2025-01-17,Red,stop_031,trip_00450,trip_00449,420,,300,Outbound,0
2025-01-18,Orange,stop_032,trip_00451,trip_00450,450,,300,Inbound,1
2025-01-19,Red,stop_033,trip_00452,trip_00451,480,,300,Outbound,0
2025-01-20,Orange,stop_034,trip_00453,trip_00452,510,,300,Inbound,1
2025-01-21,Red,stop_035,trip_00454,trip_00453,540,,300,Outbound,0
2025-01-22,Orange,stop_001,trip_00455,trip_00454,570,,300,Inbound,1
2025-01-23,Red,stop_002,trip_00456,trip_00455,240,,300,Outbound,0
2025-01-24,Orange,stop_003,trip_00457,trip_00456,270,,300,Inbound,1
2025-01-25,Red,stop_004,trip_00458,trip_00457,300,,300,Outbound,0
2025-01-26,Orange,stop_005,trip_00459,trip_00458,330,,300,Inbound,1
2025-01-27,Red,stop_006,trip_00460,trip_00459,360,,300,Outbound,0
2025-01-28,Orange,stop_007,trip_00461,trip_00460,390,,300,Inbound,1
2025-01-29,Red,stop_008,trip_00462,trip_00461,420,,300,Outbound,0
2025-01-30,Orange,stop_009,trip_00463,trip_00462,450,,300,Inbound,1
2025-01-31,Red,stop_010,trip_00464,trip_00463,480,,300,Outbound,0
2025-01-01,Orange,stop_011,trip_00465,trip_00464,510,,300,Inbound,1
2025-01-02,Red,stop_012,trip_00466,trip_00465,540,,300,Outbound,0
2025-01-03,Orange,stop_013,trip_00467,trip_00466,570,,300,Inbound,1
2025-01-04,Red,stop_014,trip_00468,trip_00467,240,,300,Outbound,0
2025-01-05,Orange,stop_015,trip_00469,trip_00468,270,,300,Inbound,1
2025-01-06,Red,stop_016,trip_00470,trip_00469,300,,300,Outbound,0
2025-01-07,Orange,stop_017,trip_00471,trip_00470,330,,300,Inbound,1
2025-01-08,Red,stop_018,trip_00472,trip_00471,360,,300,Outbound,0
2025-01-09,Orange,stop_019,trip_00473,trip_00472,390,,300,Inbound,1
2025-01-10,Red,stop_020,trip_00474,trip_00473,420,,300,Outbound,0
2025-01-11,Orange,stop_021,trip_00475,trip_00474,450,,300,Inbound,1
2025-01-12,Red,stop_022,trip_00476,trip_00475,480,,300,Outbound,0
2025-01-13,Orange,stop_023,trip_00477,trip_00476,510,,300,Inbound,1
2025-01-14,Red,stop_024,trip_00478,trip_00477,540,,300,Outbound,0
2025-01-15,Orange,stop_025,trip_00479,trip_00478,570,,300,Inbound,1
2025-01-16,Red,stop_026,trip_00480,trip_00479,240,,300,Outbound,0
2025-01-17,Orange,stop_027,trip_00481,trip_00480,270,,300,Inbound,1
2025-01-18,Red,stop_028,trip_00482,trip_00481,300,,300,Outbound,0
2025-01-19,Orange,stop_029,trip_00483,trip_00482,330,,300,Inbound,1
2025-01-20,Red,stop_030,trip_00484,trip_00483,360,,300,Outbound,0
2025-01-21,Orange,stop_031,trip_00485,trip_00484,390,,300,Inbound,1
2025-01-22,Red,stop_032,trip_00486,trip_00485,420,,300,Outbound,0
2025-01-23,Orange,stop_033,trip_00487,trip_00486,450,,300,Inbound,1
2025-01-24,Red,stop_034,trip_00488,trip_00487,480,,300,Outbound,0
2025-01-25,Orange,stop_035,trip_00489,trip_00488,510,,300,Inbound,1
2025-01-26,Red,stop_001,trip_00490,trip_00489,540,,300,Outbound,0
2025-01-27,Orange,stop_002,trip_00491,trip_00490,570,,300,Inbound,1
2025-01-28,Red,stop_003,trip_00492,trip_00491,240,,300,Outbound,0
2025-01-29,Orange,stop_004,trip_00493,trip_00492,270,,300,Inbound,1
2025-01-30,Red,stop_005,trip_00494,trip_00493,300,,300,Outbound,0
2025-01-31,Orange,stop_006,trip_00495,trip_00494,330,,300,Inbound,1
2025-01-01,Red,stop_007,trip_00496,trip_00495,360,,300,Outbound,0
2025-01-02,Orange,stop_008,trip_00497,trip_00496,390,,300,Inbound,1
2025-01-03,Red,stop_009,trip_00498,trip_00497,420,,300,Outbound,0
2025-01-04,Orange,stop_010,trip_00499,trip_00498,450,,300,Inbound,1
2025-01-05,Red,stop_011,trip_00500,trip_00499,480,,300,Outbound,0
2025-01-06,Orange,stop_012,trip_00501,trip_00500,510,,300,Inbound,1
2025-01-07,Red,stop_013,trip_00502,trip_00501,540,,300,Outbound,0
2025-01-08,Orange,stop_014,trip_00503,trip_00502,570,,300,Inbound,1
2025-01-09,Red,stop_015,trip_00504,trip_00503,240,,300,Outbound,0
2025-01-10,Orange,stop_016,trip_00505,trip_00504,270,,300,Inbound,1
2025-01-11,Red,stop_017,trip_00506,trip_00505,300,,300,Outbound,0
2025-01-12,Orange,stop_018,trip_00507,trip_00506,330,,300,Inbound,1
2025-01-13,Red,stop_019,trip_00508,trip_00507,360,,300,Outbound,0
2025-01-14,Orange,stop_020,trip_00509,trip_00508,390,,300,Inbound,1
2025-01-15,Red,stop_021,trip_00510,trip_00509,420,,300,Outbound,0
2025-01-16,Orange,stop_022,trip_00511,trip_00510,450,,300,Inbound,1
2025-01-17,Red,stop_023,trip_00512,trip_00511,480,,300,Outbound,0
2025-01-18,Orange,stop_024,trip_00513,trip_00512,510,,300,Inbound,1
2025-01-19,Red,stop_025,trip_00514,trip_00513,540,,300,Outbound,0
2025-01-20,Orange,stop_026,trip_00515,trip_00514,570,,300,Inbound,1
2025-01-21,Red,stop_027,trip_00516,trip_00515,240,,300,Outbound,0
2025-01-22,Orange,stop_028,trip_00517,trip_00516,270,,300,Inbound,1
2025-01-23,Red,stop_029,trip_00518,trip_00517,300,,300,Outbound,0
2025-01-24,Orange,stop_030,trip_00519,trip_00518,330,,300,Inbound,1
2025-01-25,Red,stop_031,trip_00520,trip_00519,360,,300,Outbound,0
2025-01-26,Orange,stop_032,trip_00521,trip_00520,390,,300,Inbound,1
2025-01-27,Red,stop_033,trip_00522,trip_00521,420,,300,Outbound,0
2025-01-28,Orange,stop_034,trip_00523,trip_00522,450,,300,Inbound,1
2025-01-29,Red,stop_035,trip_00524,trip_00523,480,,300,Outbound,0
2025-01-30,Orange,stop_001,trip_00525,trip_00524,510,,300,Inbound,1
2025-01-31,Red,stop_002,trip_00526,trip_00525,540,,300,Outbound,0
2025-01-01,Orange,stop_003,trip_00527,trip_00526,570,,300,Inbound,1
2025-01-02,Red,stop_004,trip_00528,trip_00527,240,,300,Outbound,0
2025-01-03,Orange,stop_005,trip_00529,trip_00528,270,,300,Inbound,1
2025-01-04,Red,stop_006,trip_00530,trip_00529,300,,300,Outbound,0
2025-01-05,Orange,stop_007,trip_00531,trip_00530,330,,300,Inbound,1
2025-01-06,Red,stop_008,trip_00532,trip_00531,360,,300,Outbound,0
2025-01-07,Orange,stop_009,trip_00533,trip_00532,390,,300,Inbound,1
2025-01-08,Red,stop_010,trip_00534,trip_00533,420,,300,Outbound,0
2025-01-09,Orange,stop_011,trip_00535,trip_00534,450,,300,Inbound,1
2025-01-10,Red,stop_012,trip_00536,trip_00535,480,,300,Outbound,0
2025-01-11,Orange,stop_013,trip_00537,trip_00536,510,,300,Inbound,1
2025-01-12,Red,stop_014,trip_00538,trip_00537,540,,300,Outbound,0
2025-01-13,Orange,stop_015,trip_00539,trip_00538,570,,300,Inbound,1
2025-01-14,Red,stop_016,trip_00540,trip_00539,240,,300,Outbound,0
2025-01-15,Orange,stop_017,trip_00541,trip_00540,270,,300,Inbound,1
2025-01-16,Red,stop_018,trip_00542,trip_00541,300,,300,Outbound,0
2025-01-17,Orange,stop_019,trip_00543,trip_00542,330,,300,Inbound,1
2025-01-18,Red,stop_020,trip_00544,trip_00543,360,,300,Outbound,0
2025-01-19,Orange,stop_021,trip_00545,trip_00544,390,,300,Inbound,1
2025-01-20,Red,stop_022,trip_00546,trip_00545,420,,300,Outbound,0
2025-01-21,Orange,stop_023,trip_00547,trip_00546,450,,300,Inbound,1
2025-01-22,Red,stop_024,trip_00548,trip_00547,480,,300,Outbound,0
2025-01-23,Orange,stop_025,trip_00549,trip_00548,510,,300,Inbound,1
2025-01-24,Red,stop_026,trip_00550,trip_00549,540,,300,Outbound,0
2025-01-25,Orange,stop_027,trip_00551,trip_00550,570,,300,Inbound,1
2025-01-26,Red,stop_028,trip_00552,trip_00551,240,,300,Outbound,0
2025-01-27,Orange,stop_029,trip_00553,trip_00552,270,,300,Inbound,1
2025-01-28,Red,stop_030,trip_00554,trip_00553,300,,300,Outbound,0
2025-01-29,Orange,stop_031,trip_00555,trip_00554,330,,300,Inbound,1
2025-01-30,Red,stop_032,trip_00556,trip_00555,360,,300,Outbound,0
2025-01-31,Orange,stop_033,trip_00557,trip_00556,390,,300,Inbound,1
2025-01-01,Red,stop_034,trip_00558,trip_00557,420,,300,Outbound,0
2025-01-02,Orange,stop_035,trip_00559,trip_00558,450,,300,Inbound,1
2025-01-03,Red,stop_001,trip_00560,trip_00559,480,,300,Outbound,0
2025-01-04,Orange,stop_002,trip_00561,trip_00560,510,,300,Inbound,1
2025-01-05,Red,stop_003,trip_00562,trip_00561,540,,300,Outbound,0
2025-01-06,Orange,stop_004,trip_00563,trip_00562,570,,300,Inbound,1
2025-01-07,Red,stop_005,trip_00564,trip_00563,240,,300,Outbound,0
2025-01-08,Orange,stop_006,trip_00565,trip_00564,270,,300,Inbound,1
2025-01-09,Red,stop_007,trip_00566,trip_00565,300,,300,Outbound,0
2025-01-10,Orange,stop_008,trip_00567,trip_00566,330,,300,Inbound,1
2025-01-11,Red,stop_009,trip_00568,trip_00567,360,,300,Outbound,0
2025-01-12,Orange,stop_010,trip_00569,trip_00568,390,,300,Inbound,1
2025-01-13,Red,stop_011,trip_00570,trip_00569,420,,300,Outbound,0
2025-01-14,Orange,stop_012,trip_00571,trip_00570,450,,300,Inbound,1
2025-01-15,Red,stop_013,trip_00572,trip_00571,480,,300,Outbound,0
2025-01-16,Orange,stop_014,trip_00573,trip_00572,510,,300,Inbound,1
2025-01-17,Red,stop_015,trip_00574,trip_00573,540,,300,Outbound,0
2025-01-18,Orange,stop_016,trip_00575,trip_00574,570,,300,Inbound,1
2025-01-19,Red,stop_017,trip_00576,trip_00575,240,,300,Outbound,0
2025-01-20,Orange,stop_018,trip_00577,trip_00576,270,,300,Inbound,1
2025-01-21,Red,stop_019,trip_00578,trip_00577,300,,300,Outbound,0
2025-01-22,Orange,stop_020,trip_00579,trip_00578,330,,300,Inbound,1
2025-01-23,Red,stop_021,trip_00580,trip_00579,360,,300,Outbound,0
2025-01-24,Orange,stop_022,trip_00581,trip_00580,390,,300,Inbound,1
2025-01-25,Red,stop_023,trip_00582,trip_00581,420,,300,Outbound,0
2025-01-26,Orange,stop_024,trip_00583,trip_00582,450,,300,Inbound,1
2025-01-27,Red,stop_025,trip_00584,trip_00583,480,,300,Outbound,0
2025-01-28,Orange,stop_026,trip_00585,trip_00584,510,,300,Inbound,1
2025-01-29,Red,stop_027,trip_00586,trip_00585,540,,300,Outbound,0
2025-01-30,Orange,stop_028,trip_00587,trip_00586,570,,300,Inbound,1
2025-01-31,Red,stop_029,trip_00588,trip_00587,240,,300,Outbound,0
2025-01-01,Orange,stop_030,trip_00589,trip_00588,270,,300,Inbound,1
2025-01-02,Red,stop_031,trip_00590,trip_00589,300,,300,Outbound,0
2025-01-03,Orange,stop_032,trip_00591,trip_00590,330,,300,Inbound,1
2025-01-04,Red,stop_033,trip_00592,trip_00591,360,,300,Outbound,0
2025-01-05,Orange,stop_034,trip_00593,trip_00592,390,,300,Inbound,1
2025-01-06,Red,stop_035,trip_00594,trip_00593,420,,300,Outbound,0
2025-01-07,Orange,stop_001,trip_00595,trip_00594,450,,300,Inbound,1
2025-01-08,Red,stop_002,trip_00596,trip_00595,480,,300,Outbound,0
2025-01-09,Orange,stop_003,trip_00597,trip_00596,510,,300,Inbound,1
2025-01-10,Red,stop_004,trip_00598,trip_00597,540,,300,Outbound,0
2025-01-11,Orange,stop_005,trip_00599,trip_00598,570,,300,Inbound,1
2025-01-12,Red,stop_006,trip_00600,trip_00599,240,,300,Outbound,0
2025-01-13,Orange,stop_007,trip_00601,trip_00600,270,,300,Inbound,1
2025-01-14,Red,stop_008,trip_00602,trip_00601,300,,300,Outbound,0
2025-01-15,Orange,stop_009,trip_00603,trip_00602,330,,300,Inbound,1
2025-01-16,Red,stop_010,trip_00604,trip_00603,360,,300,Outbound,0
2025-01-17,Orange,stop_011,trip_00605,trip_00604,390,,300,Inbound,1
2025-01-18,Red,stop_012,trip_00606,trip_00605,420,,300,Outbound,0
2025-01-19,Orange,stop_013,trip_00607,trip_00606,450,,300,Inbound,1
2025-01-20,Red,stop_014,trip_00608,trip_00607,480,,300,Outbound,0
2025-01-21,Orange,stop_015,trip_00609,trip_00608,510,,300,Inbound,1
2025-01-22,Red,stop_016,trip_00610,trip_00609,540,,300,Outbound,0
2025-01-23,Orange,stop_017,trip_00611,trip_00610,570,,300,Inbound,1
2025-01-24,Red,stop_018,trip_00612,trip_00611,240,,300,Outbound,0
2025-01-25,Orange,stop_019,trip_00613,trip_00612,270,,300,Inbound,1
2025-01-26,Red,stop_020,trip_00614,trip_00613,300,,300,Outbound,0
2025-01-27,Orange,stop_021,trip_00615,trip_00614,330,,300,Inbound,1
2025-01-28,Red,stop_022,trip_00616,trip_00615,360,,300,Outbound,0
2025-01-29,Orange,stop_023,trip_00617,trip_00616,390,,300,Inbound,1
2025-01-30,Red,stop_024,trip_00618,trip_00617,420,,300,Outbound,0
2025-01-31,Orange,stop_025,trip_00619,trip_00618,450,,300,Inbound,1
2025-01-01,Red,stop_026,trip_00620,trip_00619,480,,300,Outbound,0
2025-01-02,Orange,stop_027,trip_00621,trip_00620,510,,300,Inbound,1
2025-01-03,Red,stop_028,trip_00622,trip_00621,540,,300,Outbound,0
2025-01-04,Orange,stop_029,trip_00623,trip_00622,570,,300,Inbound,1
2025-01-05,Red,stop_030,trip_00624,trip_00623,240,,300,Outbound,0
2025-01-06,Orange,stop_031,trip_00625,trip_00624,270,,300,Inbound,1
2025-01-07,Red,stop_032,trip_00626,trip_00625,300,,300,Outbound,0
2025-01-08,Orange,stop_033,trip_00627,trip_00626,330,,300,Inbound,1
2025-01-09,Red,stop_034,trip_00628,trip_00627,360,,300,Outbound,0
2025-01-10,Orange,stop_035,trip_00629,trip_00628,390,,300,Inbound,1
2025-01-11,Red,stop_001,trip_00630,trip_00629,420,,300,Outbound,0
2025-01-12,Orange,stop_002,trip_00631,trip_00630,450,,300,Inbound,1
2025-01-13,Red,stop_003,trip_00632,trip_00631,480,,300,Outbound,0
2025-01-14,Orange,stop_004,trip_00633,trip_00632,510,,300,Inbound,1
2025-01-15,Red,stop_005,trip_00634,trip_00633,540,,300,Outbound,0
2025-01-16,Orange,stop_006,trip_00635,trip_00634,570,,300,Inbound,1
2025-01-17,Red,stop_007,trip_00636,trip_00635,240,,300,Outbound,0
2025-01-18,Orange,stop_008,trip_00637,trip_00636,270,,300,Inbound,1
2025-01-19,Red,stop_009,trip_00638,trip_00637,300,,300,Outbound,0
2025-01-20,Orange,stop_010,trip_00639,trip_00638,330,,300,Inbound,1
2025-01-21,Red,stop_011,trip_00640,trip_00639,360,,300,Outbound,0
2025-01-22,Orange,stop_012,trip_00641,trip_00640,390,,300,Inbound,1
2025-01-23,Red,stop_013,trip_00642,trip_00641,420,,300,Outbound,0
2025-01-24,Orange,stop_014,trip_00643,trip_00642,450,,300,Inbound,1
2025-01-25,Red,stop_015,trip_00644,trip_00643,480,,300,Outbound,0
2025-01-26,Orange,stop_016,trip_00645,trip_00644,510,,300,Inbound,1
2025-01-27,Red,stop_017,trip_00646,trip_00645,540,,300,Outbound,0
2025-01-28,Orange,stop_018,trip_00647,trip_00646,570,,300,Inbound,1
2025-01-29,Red,stop_019,trip_00648,trip_00647,240,,300,Outbound,0
2025-01-30,Orange,stop_020,trip_00649,trip_00648,270,,300,Inbound,1
2025-01-31,Red,stop_021,trip_00650,trip_00649,300,,300,Outbound,0
2025-01-01,Orange,stop_022,trip_00651,trip_00650,330,,300,Inbound,1
2025-01-02,Red,stop_023,trip_00652,trip_00651,360,,300,Outbound,0
2025-01-03,Orange,stop_024,trip_00653,trip_00652,390,,300,Inbound,1
2025-01-04,Red,stop_025,trip_00654,trip_00653,420,,300,Outbound,0
2025-01-05,Orange,stop_026,trip_00655,trip_00654,450,,300,Inbound,1
2025-01-06,Red,stop_027,trip_00656,trip_00655,480,,300,Outbound,0
2025-01-07,Orange,stop_028,trip_00657,trip_00656,510,,300,Inbound,1
2025-01-08,Red,stop_029,trip_00658,trip_00657,540,,300,Outbound,0
2025-01-09,Orange,stop_030,trip_00659,trip_00658,570,,300,Inbound,1
2025-01-10,Red,stop_031,trip_00660,trip_00659,240,,300,Outbound,0
2025-01-11,Orange,stop_032,trip_00661,trip_00660,270,,300,Inbound,1
2025-01-12,Red,stop_033,trip_00662,trip_00661,300,,300,Outbound,0
2025-01-13,Orange,stop_034,trip_00663,trip_00662,330,,300,Inbound,1
2025-01-14,Red,stop_035,trip_00664,trip_00663,360,,300,Outbound,0
2025-01-15,Orange,stop_001,trip_00665,trip_00664,390,,300,Inbound,1
2025-01-16,Red,stop_002,trip_00666,trip_00665,420,,300,Outbound,0
2025-01-17,Orange,stop_003,trip_00667,trip_00666,450,,300,Inbound,1
2025-01-18,Red,stop_004,trip_00668,trip_00667,480,,300,Outbound,0
2025-01-19,Orange,stop_005,trip_00669,trip_00668,510,,300,Inbound,1
2025-01-20,Red,stop_006,trip_00670,trip_00669,540,,300,Outbound,0
2025-01-21,Orange,stop_007,trip_00671,trip_00670,570,,300,Inbound,1
2025-01-22,Red,stop_008,trip_00672,trip_00671,240,,300,Outbound,0
2025-01-23,Orange,stop_009,trip_00673,trip_00672,270,,300,Inbound,1
2025-01-24,Red,stop_010,trip_00674,trip_00673,300,,300,Outbound,0
2025-01-25,Orange,stop_011,trip_00675,trip_00674,330,,300,Inbound,1
2025-01-26,Red,stop_012,trip_00676,trip_00675,360,,300,Outbound,0
2025-01-27,Orange,stop_013,trip_00677,trip_00676,390,,300,Inbound,1
2025-01-28,Red,stop_014,trip_00678,trip_00677,420,,300,Outbound,0
2025-01-29,Orange,stop_015,trip_00679,trip_00678,450,,300,Inbound,1
2025-01-30,Red,stop_016,trip_00680,trip_00679,480,,300,Outbound,0
2025-01-31,Orange,stop_017,trip_00681,trip_00680,510,,300,Inbound,1
2025-01-01,Red,stop_018,trip_00682,trip_00681,540,,300,Outbound,0
2025-01-02,Orange,stop_019,trip_00683,trip_00682,570,,300,Inbound,1
2025-01-03,Red,stop_020,trip_00684,trip_00683,240,,300,Outbound,0
2025-01-04,Orange,stop_021,trip_00685,trip_00684,270,,300,Inbound,1
2025-01-05,Red,stop_022,trip_00686,trip_00685,300,,300,Outbound,0
2025-01-06,Orange,stop_023,trip_00687,trip_00686,330,,300,Inbound,1
2025-01-07,Red,stop_024,trip_00688,trip_00687,360,,300,Outbound,0
2025-01-08,Orange,stop_025,trip_00689,trip_00688,390,,300,Inbound,1
2025-01-09,Red,stop_026,trip_00690,trip_00689,420,,300,Outbound,0
2025-01-10,Orange,stop_027,trip_00691,trip_00690,450,,300,Inbound,1
2025-01-11,Red,stop_028,trip_00692,trip_00691,480,,300,Outbound,0
2025-01-12,Orange,stop_029,trip_00693,trip_00692,510,,300,Inbound,1
2025-01-13,Red,stop_030,trip_00694,trip_00693,540,,300,Outbound,0
2025-01-14,Orange,stop_031,trip_00695,trip_00694,570,,300,Inbound,1
2025-01-15,Red,stop_032,trip_00696,trip_00695,240,,300,Outbound,0
2025-01-16,Orange,stop_033,trip_00697,trip_00696,270,,300,Inbound,1
2025-01-17,Red,stop_034,trip_00698,trip_00697,300,,300,Outbound,0
2025-01-18,Orange,stop_035,trip_00699,trip_00698,330,,300,Inbound,1
2025-01-19,Red,stop_001,trip_00700,trip_00699,360,,300,Outbound,0
2025-01-20,Orange,stop_002,trip_00701,trip_00700,390,,300,Inbound,1
2025-01-21,Red,stop_003,trip_00702,trip_00701,420,,300,Outbound,0
2025-01-22,Orange,stop_004,trip_00703,trip_00702,450,,300,Inbound,1
2025-01-23,Red,stop_005,trip_00704,trip_00703,480,,300,Outbound,0
2025-01-24,Orange,stop_006,trip_00705,trip_00704,510,,300,Inbound,1
2025-01-25,Red,stop_007,trip_00706,trip_00705,540,,300,Outbound,0
2025-01-26,Orange,stop_008,trip_00707,trip_00706,570,,300,Inbound,1
2025-01-27,Red,stop_009,trip_00708,trip_00707,240,,300,Outbound,0
2025-01-28,Orange,stop_010,trip_00709,trip_00708,270,,300,Inbound,1
2025-01-29,Red,stop_011,trip_00710,trip_00709,300,,300,Outbound,0
2025-01-30,Orange,stop_012,trip_00711,trip_00710,330,,300,Inbound,1
2025-01-31,Red,stop_013,trip_00712,trip_00711,360,,300,Outbound,0
2025-01-01,Orange,stop_014,trip_00713,trip_00712,390,,300,Inbound,1
2025-01-02,Red,stop_015,trip_00714,trip_00713,420,,300,Outbound,0
2025-01-03,Orange,stop_016,trip_00715,trip_00714,450,,300,Inbound,1
2025-01-04,Red,stop_017,trip_00716,trip_00715,480,,300,Outbound,0
2025-01-05,Orange,stop_018,trip_00717,trip_00716,510,,300,Inbound,1
2025-01-06,Red,stop_019,trip_00718,trip_00717,540,,300,Outbound,0
2025-01-07,Orange,stop_020,trip_00719,trip_00718,570,,300,Inbound,1
2025-01-08,Red,stop_021,trip_00720,trip_00719,240,,300,Outbound,0
2025-01-09,Orange,stop_022,trip_00721,trip_00720,270,,300,Inbound,1
2025-01-10,Red,stop_023,trip_00722,trip_00721,300,,300,Outbound,0
2025-01-11,Orange,stop_024,trip_00723,trip_00722,330,,300,Inbound,1
2025-01-12,Red,stop_025,trip_00724,trip_00723,360,,300,Outbound,0
2025-01-13,Orange,stop_026,trip_00725,trip_00724,390,,300,Inbound,1
2025-01-14,Red,stop_027,trip_00726,trip_00725,420,,300,Outbound,0
2025-01-15,Orange,stop_028,trip_00727,trip_00726,450,,300,Inbound,1
2025-01-16,Red,stop_029,trip_00728,trip_00727,480,,300,Outbound,0
2025-01-17,Orange,stop_030,trip_00729,trip_00728,510,,300,Inbound,1
2025-01-18,Red,stop_031,trip_00730,trip_00729,540,,300,Outbound,0
2025-01-19,Orange,stop_032,trip_00731,trip_00730,570,,300,Inbound,1
2025-01-20,Red,stop_033,trip_00732,trip_00731,240,,300,Outbound,0
2025-01-21,Orange,stop_034,trip_00733,trip_00732,270,,300,Inbound,1
2025-01-22,Red,stop_035,trip_00734,trip_00733,300,,300,Outbound,0
2025-01-23,Orange,stop_001,trip_00735,trip_00734,330,,300,Inbound,1
2025-01-24,Red,stop_002,trip_00736,trip_00735,360,,300,Outbound,0
2025-01-25,Orange,stop_003,trip_00737,trip_00736,390,,300,Inbound,1
2025-01-26,Red,stop_004,trip_00738,trip_00737,420,,300,Outbound,0
2025-01-27,Orange,stop_005,trip_00739,trip_00738,450,,300,Inbound,1
2025-01-28,Red,stop_006,trip_00740,trip_00739,480,,300,Outbound,0
2025-01-29,Orange,stop_007,trip_00741,trip_00740,510,,300,Inbound,1
2025-01-30,Red,stop_008,trip_00742,trip_00741,540,,300,Outbound,0
2025-01-31,Orange,stop_009,trip_00743,trip_00742,570,,300,Inbound,1
2025-01-01,Red,stop_010,trip_00744,trip_00743,240,,300,Outbound,0
2025-01-02,Orange,stop_011,trip_00745,trip_00744,270,,300,Inbound,1
2025-01-03,Red,stop_012,trip_00746,trip_00745,300,,300,Outbound,0
2025-01-04,Orange,stop_013,trip_00747,trip_00746,330,,300,Inbound,1
2025-01-05,Red,stop_014,trip_00748,trip_00747,360,,300,Outbound,0
2025-01-06,Orange,stop_015,trip_00749,trip_00748,390,,300,Inbound,1
2025-01-07,Red,stop_016,trip_00750,trip_00749,420,,300,Outbound,0
2025-01-08,Orange,stop_017,trip_00751,trip_00750,450,,300,Inbound,1
2025-01-09,Red,stop_018,trip_00752,trip_00751,480,,300,Outbound,0
2025-01-10,Orange,stop_019,trip_00753,trip_00752,510,,300,Inbound,1
2025-01-11,Red,stop_020,trip_00754,trip_00753,540,,300,Outbound,0
2025-01-12,Orange,stop_021,trip_00755,trip_00754,570,,300,Inbound,1
2025-01-13,Red,stop_022,trip_00756,trip_00755,240,,300,Outbound,0
2025-01-14,Orange,stop_023,trip_00757,trip_00756,270,,300,Inbound,1
2025-01-15,Red,stop_024,trip_00758,trip_00757,300,,300,Outbound,0
2025-01-16,Orange,stop_025,trip_00759,trip_00758,330,,300,Inbound,1
2025-01-17,Red,stop_026,trip_00760,trip_00759,360,,300,Outbound,0
2025-01-18,Orange,stop_027,trip_00761,trip_00760,390,,300,Inbound,1
2025-01-19,Red,stop_028,trip_00762,trip_00761,420,,300,Outbound,0
2025-01-20,Orange,stop_029,trip_00763,trip_00762,450,,300,Inbound,1
2025-01-21,Red,stop_030,trip_00764,trip_00763,480,,300,Outbound,0
2025-01-22,Orange,stop_031,trip_00765,trip_00764,510,,300,Inbound,1
2025-01-23,Red,stop_032,trip_00766,trip_00765,540,,300,Outbound,0
2025-01-24,Orange,stop_033,trip_00767,trip_00766,570,,300,Inbound,1
2025-01-25,Red,stop_034,trip_00768,trip_00767,240,,300,Outbound,0
2025-01-26,Orange,stop_035,trip_00769,trip_00768,270,,300,Inbound,1
2025-01-27,Red,stop_001,trip_00770,trip_00769,300,,300,Outbound,0
2025-01-28,Orange,stop_002,trip_00771,trip_00770,330,,300,Inbound,1
2025-01-29,Red,stop_003,trip_00772,trip_00771,360,,300,Outbound,0
2025-01-30,Orange,stop_004,trip_00773,trip_00772,390,,300,Inbound,1
2025-01-31,Red,stop_005,trip_00774,trip_00773,420,,300,Outbound,0
2025-01-01,Orange,stop_006,trip_00775,trip_00774,450,,300,Inbound,1
2025-01-02,Red,stop_007,trip_00776,trip_00775,480,,300,Outbound,0
2025-01-03,Orange,stop_008,trip_00777,trip_00776,510,,300,Inbound,1
2025-01-04,Red,stop_009,trip_00778,trip_00777,540,,300,Outbound,0
2025-01-05,Orange,stop_010,trip_00779,trip_00778,570,,300,Inbound,1
2025-01-06,Red,stop_011,trip_00780,trip_00779,240,,300,Outbound,0
2025-01-07,Orange,stop_012,trip_00781,trip_00780,270,,300,Inbound,1
2025-01-08,Red,stop_013,trip_00782,trip_00781,300,,300,Outbound,0
2025-01-09,Orange,stop_014,trip_00783,trip_00782,330,,300,Inbound,1
2025-01-10,Red,stop_015,trip_00784,trip_00783,360,,300,Outbound,0
2025-01-11,Orange,stop_016,trip_00785,trip_00784,390,,300,Inbound,1
2025-01-12,Red,stop_017,trip_00786,trip_00785,420,,300,Outbound,0
2025-01-13,Orange,stop_018,trip_00787,trip_00786,450,,300,Inbound,1
2025-01-14,Red,stop_019,trip_00788,trip_00787,480,,300,Outbound,0
2025-01-15,Orange,stop_020,trip_00789,trip_00788,510,,300,Inbound,1
2025-01-16,Red,stop_021,trip_00790,trip_00789,540,,300,Outbound,0
2025-01-17,Orange,stop_022,trip_00791,trip_00790,570,,300,Inbound,1
2025-01-18,Red,stop_023,trip_00792,trip_00791,240,,300,Outbound,0
2025-01-19,Orange,stop_024,trip_00793,trip_00792,270,,300,Inbound,1
2025-01-20,Red,stop_025,trip_00794,trip_00793,300,,300,Outbound,0
2025-01-21,Orange,stop_026,trip_00795,trip_00794,330,,300,Inbound,1
2025-01-22,Red,stop_027,trip_00796,trip_00795,360,,300,Outbound,0
2025-01-23,Orange,stop_028,trip_00797,trip_00796,390,,300,Inbound,1
2025-01-24,Red,stop_029,trip_00798,trip_00797,420,,300,Outbound,0
2025-01-25,Orange,stop_030,trip_00799,trip_00798,450,,300,Inbound,1
2025-01-26,Red,stop_031,trip_00800,trip_00799,480,,300,Outbound,0
2025-01-27,Orange,stop_032,trip_00801,trip_00800,510,,300,Inbound,1
2025-01-28,Red,stop_033,trip_00802,trip_00801,540,,300,Outbound,0
2025-01-29,Orange,stop_034,trip_00803,trip_00802,570,,300,Inbound,1
2025-01-30,Red,stop_035,trip_00804,trip_00803,240,,300,Outbound,0
2025-01-31,Orange,stop_001,trip_00805,trip_00804,270,,300,Inbound,1
2025-01-01,Red,stop_002,trip_00806,trip_00805,300,,300,Outbound,0
2025-01-02,Orange,stop_003,trip_00807,trip_00806,330,,300,Inbound,1
2025-01-03,Red,stop_004,trip_00808,trip_00807,360,,300,Outbound,0
2025-01-04,Orange,stop_005,trip_00809,trip_00808,390,,300,Inbound,1
2025-01-05,Red,stop_006,trip_00810,trip_00809,420,,300,Outbound,0
2025-01-06,Orange,stop_007,trip_00811,trip_00810,450,,300,Inbound,1
2025-01-07,Red,stop_008,trip_00812,trip_00811,480,,300,Outbound,0
2025-01-08,Orange,stop_009,trip_00813,trip_00812,510,,300,Inbound,1
2025-01-09,Red,stop_010,trip_00814,trip_00813,540,,300,Outbound,0
2025-01-10,Orange,stop_011,trip_00815,trip_00814,570,,300,Inbound,1
2025-01-11,Red,stop_012,trip_00816,trip_00815,240,,300,Outbound,0
2025-01-12,Orange,stop_013,trip_00817,trip_00816,270,,300,Inbound,1
2025-01-13,Red,stop_014,trip_00818,trip_00817,300,,300,Outbound,0
2025-01-14,Orange,stop_015,trip_00819,trip_00818,330,,300,Inbound,1
2025-01-15,Red,stop_016,trip_00820,trip_00819,360,,300,Outbound,0
2025-01-16,Orange,stop_017,trip_00821,trip_00820,390,,300,Inbound,1
2025-01-17,Red,stop_018,trip_00822,trip_00821,420,,300,Outbound,0
2025-01-18,Orange,stop_019,trip_00823,trip_00822,450,,300,Inbound,1
2025-01-19,Red,stop_020,trip_00824,trip_00823,480,,300,Outbound,0
2025-01-20,Orange,stop_021,trip_00825,trip_00824,510,,300,Inbound,1
2025-01-21,Red,stop_022,trip_00826,trip_00825,540,,300,Outbound,0
2025-01-22,Orange,stop_023,trip_00827,trip_00826,570,,300,Inbound,1
2025-01-23,Red,stop_024,trip_00828,trip_00827,240,,300,Outbound,0
2025-01-24,Orange,stop_025,trip_00829,trip_00828,270,,300,Inbound,1
2025-01-25,Red,stop_026,trip_00830,trip_00829,300,,300,Outbound,0
2025-01-26,Orange,stop_027,trip_00831,trip_00830,330,,300,Inbound,1
2025-01-27,Red,stop_028,trip_00832,trip_00831,360,,300,Outbound,0
2025-01-28,Orange,stop_029,trip_00833,trip_00832,390,,300,Inbound,1
2025-01-29,Red,stop_030,trip_00834,trip_00833,420,,300,Outbound,0
2025-01-30,Orange,stop_031,trip_00835,trip_00834,450,,300,Inbound,1
2025-01-31,Red,stop_032,trip_00836,trip_00835,480,,300,Outbound,0
2025-01-01,Orange,stop_033,trip_00837,trip_00836,510,,300,Inbound,1
2025-01-02,Red,stop_034,trip_00838,trip_00837,540,,300,Outbound,0
2025-01-03,Orange,stop_035,trip_00839,trip_00838,570,,300,Inbound,1
2025-01-04,Red,stop_001,trip_00840,trip_00839,240,,300,Outbound,0
2025-01-05,Orange,stop_002,trip_00841,trip_00840,270,,300,Inbound,1
2025-01-06,Red,stop_003,trip_00842,trip_00841,300,,300,Outbound,0
2025-01-07,Orange,stop_004,trip_00843,trip_00842,330,,300,Inbound,1
2025-01-08,Red,stop_005,trip_00844,trip_00843,360,,300,Outbound,0
2025-01-09,Orange,stop_006,trip_00845,trip_00844,390,,300,Inbound,1
2025-01-10,Red,stop_007,trip_00846,trip_00845,420,,300,Outbound,0
2025-01-11,Orange,stop_008,trip_00847,trip_00846,450,,300,Inbound,1
2025-01-12,Red,stop_009,trip_00848,trip_00847,480,,300,Outbound,0
2025-01-13,Orange,stop_010,trip_00849,trip_00848,510,,300,Inbound,1
2025-01-14,Red,stop_011,trip_00850,trip_00849,540,,300,Outbound,0
2025-01-15,Orange,stop_012,trip_00851,trip_00850,570,,300,Inbound,1
2025-01-16,Red,stop_013,trip_00852,trip_00851,240,,300,Outbound,0
2025-01-17,Orange,stop_014,trip_00853,trip_00852,270,,300,Inbound,1
2025-01-18,Red,stop_015,trip_00854,trip_00853,300,,300,Outbound,0
2025-01-19,Orange,stop_016,trip_00855,trip_00854,330,,300,Inbound,1
2025-01-20,Red,stop_017,trip_00856,trip_00855,360,,300,Outbound,0
2025-01-21,Orange,stop_018,trip_00857,trip_00856,390,,300,Inbound,1
2025-01-22,Red,stop_019,trip_00858,trip_00857,420,,300,Outbound,0
2025-01-23,Orange,stop_020,trip_00859,trip_00858,450,,300,Inbound,1
2025-01-24,Red,stop_021,trip_00860,trip_00859,480,,300,Outbound,0
2025-01-25,Orange,stop_022,trip_00861,trip_00860,510,,300,Inbound,1
2025-01-26,Red,stop_023,trip_00862,trip_00861,540,,300,Outbound,0
2025-01-27,Orange,stop_024,trip_00863,trip_00862,570,,300,Inbound,1
2025-01-28,Red,stop_025,trip_00864,trip_00863,240,,300,Outbound,0
2025-01-29,Orange,stop_026,trip_00865,trip_00864,270,,300,Inbound,1
2025-01-30,Red,stop_027,trip_00866,trip_00865,300,,300,Outbound,0
2025-01-31,Orange,stop_028,trip_00867,trip_00866,330,,300,Inbound,1
2025-01-01,Red,stop_029,trip_00868,trip_00867,360,,300,Outbound,0
2025-01-02,Orange,stop_030,trip_00869,trip_00868,390,,300,Inbound,1
2025-01-03,Red,stop_031,trip_00870,trip_00869,420,,300,Outbound,0
2025-01-04,Orange,stop_032,trip_00871,trip_00870,450,,300,Inbound,1
2025-01-05,Red,stop_033,trip_00872,trip_00871,480,,300,Outbound,0
2025-01-06,Orange,stop_034,trip_00873,trip_00872,510,,300,Inbound,1
2025-01-07,Red,stop_035,trip_00874,trip_00873,540,,300,Outbound,0
2025-01-08,Orange,stop_001,trip_00875,trip_00874,570,,300,Inbound,1
2025-01-09,Red,stop_002,trip_00876,trip_00875,240,,300,Outbound,0
2025-01-10,Orange,stop_003,trip_00877,trip_00876,270,,300,Inbound,1
2025-01-11,Red,stop_004,trip_00878,trip_00877,300,,300,Outbound,0
2025-01-12,Orange,stop_005,trip_00879,trip_00878,330,,300,Inbound,1
2025-01-13,Red,stop_006,trip_00880,trip_00879,360,,300,Outbound,0
2025-01-14,Orange,stop_007,trip_00881,trip_00880,390,,300,Inbound,1
2025-01-15,Red,stop_008,trip_00882,trip_00881,420,,300,Outbound,0
2025-01-16,Orange,stop_009,trip_00883,trip_00882,450,,300,Inbound,1
2025-01-17,Red,stop_010,trip_00884,trip_00883,480,,300,Outbound,0
2025-01-18,Orange,stop_011,trip_00885,trip_00884,510,,300,Inbound,1
2025-01-19,Red,stop_012,trip_00886,trip_00885,540,,300,Outbound,0
2025-01-20,Orange,stop_013,trip_00887,trip_00886,570,,300,Inbound,1
2025-01-21,Red,stop_014,trip_00888,trip_00887,240,,300,Outbound,0
2025-01-22,Orange,stop_015,trip_00889,trip_00888,270,,300,Inbound,1
2025-01-23,Red,stop_016,trip_00890,trip_00889,300,,300,Outbound,0
2025-01-24,Orange,stop_017,trip_00891,trip_00890,330,,300,Inbound,1
2025-01-25,Red,stop_018,trip_00892,trip_00891,360,,300,Outbound,0
2025-01-26,Orange,stop_019,trip_00893,trip_00892,390,,300,Inbound,1
2025-01-27,Red,stop_020,trip_00894,trip_00893,420,,300,Outbound,0
2025-01-28,Orange,stop_021,trip_00895,trip_00894,450,,300,Inbound,1
2025-01-29,Red,stop_022,trip_00896,trip_00895,480,,300,Outbound,0
2025-01-30,Orange,stop_023,trip_00897,trip_00896,510,,300,Inbound,1
2025-01-31,Red,stop_024,trip_00898,trip_00897,540,,300,Outbound,0
2025-01-01,Orange,stop_025,trip_00899,trip_00898,570,,300,Inbound,1
2025-01-02,Red,stop_026,trip_00900,trip_00899,240,,300,Outbound,0
2025-01-03,Orange,stop_027,trip_00901,trip_00900,270,,300,Inbound,1
2025-01-04,Red,stop_028,trip_00902,trip_00901,300,,300,Outbound,0
2025-01-05,Orange,stop_029,trip_00903,trip_00902,330,,300,Inbound,1
2025-01-06,Red,stop_030,trip_00904,trip_00903,360,,300,Outbound,0
2025-01-07,Orange,stop_031,trip_00905,trip_00904,390,,300,Inbound,1
2025-01-08,Red,stop_032,trip_00906,trip_00905,420,,300,Outbound,0
2025-01-09,Orange,stop_033,trip_00907,trip_00906,450,,300,Inbound,1
2025-01-10,Red,stop_034,trip_00908,trip_00907,480,,300,Outbound,0
2025-01-11,Orange,stop_035,trip_00909,trip_00908,510,,300,Inbound,1
2025-01-12,Red,stop_001,trip_00910,trip_00909,540,,300,Outbound,0
2025-01-13,Orange,stop_002,trip_00911,trip_00910,570,,300,Inbound,1
2025-01-14,Red,stop_003,trip_00912,trip_00911,240,,300,Outbound,0
2025-01-15,Orange,stop_004,trip_00913,trip_00912,270,,300,Inbound,1
2025-01-16,Red,stop_005,trip_00914,trip_00913,300,,300,Outbound,0
2025-01-17,Orange,stop_006,trip_00915,trip_00914,330,,300,Inbound,1
2025-01-18,Red,stop_007,trip_00916,trip_00915,360,,300,Outbound,0
2025-01-19,Orange,stop_008,trip_00917,trip_00916,390,,300,Inbound,1
2025-01-20,Red,stop_009,trip_00918,trip_00917,420,,300,Outbound,0
2025-01-21,Orange,stop_010,trip_00919,trip_00918,450,,300,Inbound,1
2025-01-22,Red,stop_011,trip_00920,trip_00919,480,,300,Outbound,0
2025-01-23,Orange,stop_012,trip_00921,trip_00920,510,,300,Inbound,1
2025-01-24,Red,stop_013,trip_00922,trip_00921,540,,300,Outbound,0
2025-01-25,Orange,stop_014,trip_00923,trip_00922,570,,300,Inbound,1
2025-01-26,Red,stop_015,trip_00924,trip_00923,240,,300,Outbound,0
2025-01-27,Orange,stop_016,trip_00925,trip_00924,270,,300,Inbound,1
2025-01-28,Red,stop_017,trip_00926,trip_00925,300,,300,Outbound,0
2025-01-29,Orange,stop_018,trip_00927,trip_00926,330,,300,Inbound,1
2025-01-30,Red,stop_019,trip_00928,trip_00927,360,,300,Outbound,0
2025-01-31,Orange,stop_020,trip_00929,trip_00928,390,,300,Inbound,1
2025-01-01,Red,stop_021,trip_00930,trip_00929,420,,300,Outbound,0
2025-01-02,Orange,stop_022,trip_00931,trip_00930,450,,300,Inbound,1
2025-01-03,Red,stop_023,trip_00932,trip_00931,480,,300,Outbound,0
2025-01-04,Orange,stop_024,trip_00933,trip_00932,510,,300,Inbound,1
2025-01-05,Red,stop_025,trip_00934,trip_00933,540,,300,Outbound,0
2025-01-06,Orange,stop_026,trip_00935,trip_00934,570,,300,Inbound,1
2025-01-07,Red,stop_027,trip_00936,trip_00935,240,,300,Outbound,0
2025-01-08,Orange,stop_028,trip_00937,trip_00936,270,,300,Inbound,1
2025-01-09,Red,stop_029,trip_00938,trip_00937,300,,300,Outbound,0
2025-01-10,Orange,stop_030,trip_00939,trip_00938,330,,300,Inbound,1
2025-01-11,Red,stop_031,trip_00940,trip_00939,360,,300,Outbound,0
2025-01-12,Orange,stop_032,trip_00941,trip_00940,390,,300,Inbound,1
2025-01-13,Red,stop_033,trip_00942,trip_00941,420,,300,Outbound,0
2025-01-14,Orange,stop_034,trip_00943,trip_00942,450,,300,Inbound,1
2025-01-15,Red,stop_035,trip_00944,trip_00943,480,,300,Outbound,0
2025-01-16,Orange,stop_001,trip_00945,trip_00944,510,,300,Inbound,1
2025-01-17,Red,stop_002,trip_00946,trip_00945,540,,300,Outbound,0
2025-01-18,Orange,stop_003,trip_00947,trip_00946,570,,300,Inbound,1
2025-01-19,Red,stop_004,trip_00948,trip_00947,240,,300,Outbound,0
2025-01-20,Orange,stop_005,trip_00949,trip_00948,270,,300,Inbound,1
2025-01-21,Red,stop_006,trip_00950,trip_00949,300,,300,Outbound,0
2025-01-22,Orange,stop_007,trip_00951,trip_00950,330,,300,Inbound,1
2025-01-23,Red,stop_008,trip_00952,trip_00951,360,,300,Outbound,0
2025-01-24,Orange,stop_009,trip_00953,trip_00952,390,,300,Inbound,1
2025-01-25,Red,stop_010,trip_00954,trip_00953,420,,300,Outbound,0
2025-01-26,Orange,stop_011,trip_00955,trip_00954,450,,300,Inbound,1
2025-01-27,Red,stop_012,trip_00956,trip_00955,480,,300,Outbound,0
2025-01-28,Orange,stop_013,trip_00957,trip_00956,510,,300,Inbound,1
2025-01-29,Red,stop_014,trip_00958,trip_00957,540,,300,Outbound,0
2025-01-30,Orange,stop_015,trip_00959,trip_00958,570,,300,Inbound,1
2025-01-31,Red,stop_016,trip_00960,trip_00959,240,,300,Outbound,0
2025-01-01,Orange,stop_017,trip_00961,trip_00960,270,,300,Inbound,1
2025-01-02,Red,stop_018,trip_00962,trip_00961,300,,300,Outbound,0
2025-01-03,Orange,stop_019,trip_00963,trip_00962,330,,300,Inbound,1
2025-01-04,Red,stop_020,trip_00964,trip_00963,360,,300,Outbound,0
2025-01-05,Orange,stop_021,trip_00965,trip_00964,390,,300,Inbound,1
2025-01-06,Red,stop_022,trip_00966,trip_00965,420,,300,Outbound,0
2025-01-07,Orange,stop_023,trip_00967,trip_00966,450,,300,Inbound,1
2025-01-08,Red,stop_024,trip_00968,trip_00967,480,,300,Outbound,0
2025-01-09,Orange,stop_025,trip_00969,trip_00968,510,,300,Inbound,1
2025-01-10,Red,stop_026,trip_00970,trip_00969,540,,300,Outbound,0
2025-01-11,Orange,stop_027,trip_00971,trip_00970,570,,300,Inbound,1
2025-01-12,Red,stop_028,trip_00972,trip_00971,240,,300,Outbound,0
2025-01-13,Orange,stop_029,trip_00973,trip_00972,270,,300,Inbound,1
2025-01-14,Red,stop_030,trip_00974,trip_00973,300,,300,Outbound,0
2025-01-15,Orange,stop_031,trip_00975,trip_00974,330,,300,Inbound,1
2025-01-16,Red,stop_032,trip_00976,trip_00975,360,,300,Outbound,0
2025-01-17,Orange,stop_033,trip_00977,trip_00976,390,,300,Inbound,1
2025-01-18,Red,stop_034,trip_00978,trip_00977,420,,300,Outbound,0
2025-01-19,Orange,stop_035,trip_00979,trip_00978,450,,300,Inbound,1
2025-01-20,Red,stop_001,trip_00980,trip_00979,480,,300,Outbound,0
2025-01-21,Orange,stop_002,trip_00981,trip_00980,510,,300,Inbound,1
2025-01-22,Red,stop_003,trip_00982,trip_00981,540,,300,Outbound,0
2025-01-23,Orange,stop_004,trip_00983,trip_00982,570,,300,Inbound,1
2025-01-24,Red,stop_005,trip_00984,trip_00983,240,,300,Outbound,0
2025-01-25,Orange,stop_006,trip_00985,trip_00984,270,,300,Inbound,1
2025-01-26,Red,stop_007,trip_00986,trip_00985,300,,300,Outbound,0
2025-01-27,Orange,stop_008,trip_00987,trip_00986,330,,300,Inbound,1
2025-01-28,Red,stop_009,trip_00988,trip_00987,360,,300,Outbound,0
2025-01-29,Orange,stop_010,trip_00989,trip_00988,390,,300,Inbound,1
2025-01-30,Red,stop_011,trip_00990,trip_00989,420,,300,Outbound,0
2025-01-31,Orange,stop_012,trip_00991,trip_00990,450,,300,Inbound,1
2025-01-01,Red,stop_013,trip_00992,trip_00991,480,,300,Outbound,0
2025-01-02,Orange,stop_014,trip_00993,trip_00992,510,,300,Inbound,1
2025-01-03,Red,stop_015,trip_00994,trip_00993,540,,300,Outbound,0
2025-01-04,Orange,stop_016,trip_00995,trip_00994,570,,300,Inbound,1
2025-01-05,Red,stop_017,trip_00996,trip_00995,240,,300,Outbound,0
2025-01-06,Orange,stop_018,trip_00997,trip_00996,270,,300,Inbound,1
2025-01-07,Red,stop_019,trip_00998,trip_00997,300,,300,Outbound,0
2025-01-08,Orange,stop_020,trip_00999,trip_00998,330,,300,Inbound,1
2025-01-09,Red,stop_021,trip_01000,trip_00999,360,,300,Outbound,0
2025-01-10,Orange,stop_022,trip_01001,trip_01000,390,,300,Inbound,1
2025-01-11,Red,stop_023,trip_01002,trip_01001,420,,300,Outbound,0
2025-01-12,Orange,stop_024,trip_01003,trip_01002,450,,300,Inbound,1
2025-01-13,Red,stop_025,trip_01004,trip_01003,480,,300,Outbound,0
2025-01-14,Orange,stop_026,trip_01005,trip_01004,510,,300,Inbound,1
2025-01-15,Red,stop_027,trip_01006,trip_01005,540,,300,Outbound,0
2025-01-16,Orange,stop_028,trip_01007,trip_01006,570,,300,Inbound,1
2025-01-17,Red,stop_029,trip_01008,trip_01007,240,,300,Outbound,0
2025-01-18,Orange,stop_030,trip_01009,trip_01008,270,,300,Inbound,1
2025-01-19,Red,stop_031,trip_01010,trip_01009,300,,300,Outbound,0
2025-01-20,Orange,stop_032,trip_01011,trip_01010,330,,300,Inbound,1
2025-01-21,Red,stop_033,trip_01012,trip_01011,360,,300,Outbound,0
2025-01-22,Orange,stop_034,trip_01013,trip_01012,390,,300,Inbound,1
2025-01-23,Red,stop_035,trip_01014,trip_01013,420,,300,Outbound,0
2025-01-24,Orange,stop_001,trip_01015,trip_01014,450,,300,Inbound,1
2025-01-25,Red,stop_002,trip_01016,trip_01015,480,,300,Outbound,0
2025-01-26,Orange,stop_003,trip_01017,trip_01016,510,,300,Inbound,1
2025-01-27,Red,stop_004,trip_01018,trip_01017,540,,300,Outbound,0
2025-01-28,Orange,stop_005,trip_01019,trip_01018,570,,300,Inbound,1
2025-01-29,Red,stop_006,trip_01020,trip_01019,240,,300,Outbound,0
2025-01-30,Orange,stop_007,trip_01021,trip_01020,270,,300,Inbound,1
2025-01-31,Red,stop_008,trip_01022,trip_01021,300,,300,Outbound,0
2025-01-01,Orange,stop_009,trip_01023,trip_01022,330,,300,Inbound,1
2025-01-02,Red,stop_010,trip_01024,trip_01023,360,,300,Outbound,0
2025-01-03,Orange,stop_011,trip_01025,trip_01024,390,,300,Inbound,1
2025-01-04,Red,stop_012,trip_01026,trip_01025,420,,300,Outbound,0
2025-01-05,Orange,stop_013,trip_01027,trip_01026,450,,300,Inbound,1
2025-01-06,Red,stop_014,trip_01028,trip_01027,480,,300,Outbound,0
2025-01-07,Orange,stop_015,trip_01029,trip_01028,510,,300,Inbound,1
2025-01-08,Red,stop_016,trip_01030,trip_01029,540,,300,Outbound,0
2025-01-09,Orange,stop_017,trip_01031,trip_01030,570,,300,Inbound,1
2025-01-10,Red,stop_018,trip_01032,trip_01031,240,,300,Outbound,0
2025-01-11,Orange,stop_019,trip_01033,trip_01032,270,,300,Inbound,1
2025-01-12,Red,stop_020,trip_01034,trip_01033,300,,300,Outbound,0
2025-01-13,Orange,stop_021,trip_01035,trip_01034,330,,300,Inbound,1
2025-01-14,Red,stop_022,trip_01036,trip_01035,360,,300,Outbound,0
2025-01-15,Orange,stop_023,trip_01037,trip_01036,390,,300,Inbound,1
2025-01-16,Red,stop_024,trip_01038,trip_01037,420,,300,Outbound,0
2025-01-17,Orange,stop_025,trip_01039,trip_01038,450,,300,Inbound,1
2025-01-18,Red,stop_026,trip_01040,trip_01039,480,,300,Outbound,0
2025-01-19,Orange,stop_027,trip_01041,trip_01040,510,,300,Inbound,1
2025-01-20,Red,stop_028,trip_01042,trip_01041,540,,300,Outbound,0
2025-01-21,Orange,stop_029,trip_01043,trip_01042,570,,300,Inbound,1
2025-01-22,Red,stop_030,trip_01044,trip_01043,240,,300,Outbound,0
2025-01-23,Orange,stop_031,trip_01045,trip_01044,270,,300,Inbound,1
2025-01-24,Red,stop_032,trip_01046,trip_01045,300,,300,Outbound,0
2025-01-25,Orange,stop_033,trip_01047,trip_01046,330,,300,Inbound,1
2025-01-26,Red,stop_034,trip_01048,trip_01047,360,,300,Outbound,0
2025-01-27,Orange,stop_035,trip_01049,trip_01048,390,,300,Inbound,1
2025-01-28,Red,stop_001,trip_01050,trip_01049,420,,300,Outbound,0
2025-01-29,Orange,stop_002,trip_01051,trip_01050,450,,300,Inbound,1
2025-01-30,Red,stop_003,trip_01052,trip_01051,480,,300,Outbound,0
2025-01-31,Orange,stop_004,trip_01053,trip_01052,510,,300,Inbound,1
2025-01-01,Red,stop_005,trip_01054,trip_01053,540,,300,Outbound,0
2025-01-02,Orange,stop_006,trip_01055,trip_01054,570,,300,Inbound,1
2025-01-03,Red,stop_007,trip_01056,trip_01055,240,,300,Outbound,0
2025-01-04,Orange,stop_008,trip_01057,trip_01056,270,,300,Inbound,1
2025-01-05,Red,stop_009,trip_01058,trip_01057,300,,300,Outbound,0
2025-01-06,Orange,stop_010,trip_01059,trip_01058,330,,300,Inbound,1
2025-01-07,Red,stop_011,trip_01060,trip_01059,360,,300,Outbound,0
2025-01-08,Orange,stop_012,trip_01061,trip_01060,390,,300,Inbound,1
2025-01-09,Red,stop_013,trip_01062,trip_01061,420,,300,Outbound,0
2025-01-10,Orange,stop_014,trip_01063,trip_01062,450,,300,Inbound,1
2025-01-11,Red,stop_015,trip_01064,trip_01063,480,,300,Outbound,0
2025-01-12,Orange,stop_016,trip_01065,trip_01064,510,,300,Inbound,1
2025-01-13,Red,stop_017,trip_01066,trip_01065,540,,300,Outbound,0
2025-01-14,Orange,stop_018,trip_01067,trip_01066,570,,300,Inbound,1
2025-01-15,Red,stop_019,trip_01068,trip_01067,240,,300,Outbound,0
2025-01-16,Orange,stop_020,trip_01069,trip_01068,270,,300,Inbound,1
2025-01-17,Red,stop_021,trip_01070,trip_01069,300,,300,Outbound,0
2025-01-18,Orange,stop_022,trip_01071,trip_01070,330,,300,Inbound,1
2025-01-19,Red,stop_023,trip_01072,trip_01071,360,,300,Outbound,0
2025-01-20,Orange,stop_024,trip_01073,trip_01072,390,,300,Inbound,1
2025-01-21,Red,stop_025,trip_01074,trip_01073,420,,300,Outbound,0
2025-01-22,Orange,stop_026,trip_01075,trip_01074,450,,300,Inbound,1
2025-01-23,Red,stop_027,trip_01076,trip_01075,480,,300,Outbound,0
2025-01-24,Orange,stop_028,trip_01077,trip_01076,510,,300,Inbound,1
2025-01-25,Red,stop_029,trip_01078,trip_01077,540,,300,Outbound,0
2025-01-26,Orange,stop_030,trip_01079,trip_01078,570,,300,Inbound,1
2025-01-27,Red,stop_031,trip_01080,trip_01079,240,,300,Outbound,0
2025-01-28,Orange,stop_032,trip_01081,trip_01080,270,,300,Inbound,1
2025-01-29,Red,stop_033,trip_01082,trip_01081,300,,300,Outbound,0
2025-01-30,Orange,stop_034,trip_01083,trip_01082,330,,300,Inbound,1
2025-01-31,Red,stop_035,trip_01084,trip_01083,360,,300,Outbound,0
2025-01-01,Orange,stop_001,trip_01085,trip_01084,390,,300,Inbound,1
2025-01-02,Red,stop_002,trip_01086,trip_01085,420,,300,Outbound,0
2025-01-03,Orange,stop_003,trip_01087,trip_01086,450,,300,Inbound,1
2025-01-04,Red,stop_004,trip_01088,trip_01087,480,,300,Outbound,0
2025-01-05,Orange,stop_005,trip_01089,trip_01088,510,,300,Inbound,1
2025-01-06,Red,stop_006,trip_01090,trip_01089,540,,300,Outbound,0
2025-01-07,Orange,stop_007,trip_01091,trip_01090,570,,300,Inbound,1
2025-01-08,Red,stop_008,trip_01092,trip_01091,240,,300,Outbound,0
2025-01-09,Orange,stop_009,trip_01093,trip_01092,270,,300,Inbound,1
2025-01-10,Red,stop_010,trip_01094,trip_01093,300,,300,Outbound,0
2025-01-11,Orange,stop_011,trip_01095,trip_01094,330,,300,Inbound,1
2025-01-12,Red,stop_012,trip_01096,trip_01095,360,,300,Outbound,0
2025-01-13,Orange,stop_013,trip_01097,trip_01096,390,,300,Inbound,1
2025-01-14,Red,stop_014,trip_01098,trip_01097,420,,300,Outbound,0
2025-01-15,Orange,stop_015,trip_01099,trip_01098,450,,300,Inbound,1
2025-01-16,Red,stop_016,trip_01100,trip_01099,480,,300,Outbound,0
2025-01-17,Orange,stop_017,trip_01101,trip_01100,510,,300,Inbound,1
2025-01-18,Red,stop_018,trip_01102,trip_01101,540,,300,Outbound,0
2025-01-19,Orange,stop_019,trip_01103,trip_01102,570,,300,Inbound,1
2025-01-20,Red,stop_020,trip_01104,trip_01103,240,,300,Outbound,0
2025-01-21,Orange,stop_021,trip_01105,trip_01104,270,,300,Inbound,1
2025-01-22,Red,stop_022,trip_01106,trip_01105,300,,300,Outbound,0
2025-01-23,Orange,stop_023,trip_01107,trip_01106,330,,300,Inbound,1
2025-01-24,Red,stop_024,trip_01108,trip_01107,360,,300,Outbound,0
2025-01-25,Orange,stop_025,trip_01109,trip_01108,390,,300,Inbound,1
2025-01-26,Red,stop_026,trip_01110,trip_01109,420,,300,Outbound,0
2025-01-27,Orange,stop_027,trip_01111,trip_01110,450,,300,Inbound,1
2025-01-28,Red,stop_028,trip_01112,trip_01111,480,,300,Outbound,0
2025-01-29,Orange,stop_029,trip_01113,trip_01112,510,,300,Inbound,1
2025-01-30,Red,stop_030,trip_01114,trip_01113,540,,300,Outbound,0
2025-01-31,Orange,stop_031,trip_01115,trip_01114,570,,300,Inbound,1
2025-01-01,Red,stop_032,trip_01116,trip_01115,240,,300,Outbound,0
2025-01-02,Orange,stop_033,trip_01117,trip_01116,270,,300,Inbound,1
2025-01-03,Red,stop_034,trip_01118,trip_01117,300,,300,Outbound,0
2025-01-04,Orange,stop_035,trip_01119,trip_01118,330,,300,Inbound,1
2025-01-05,Red,stop_001,trip_01120,trip_01119,360,,300,Outbound,0
2025-01-06,Orange,stop_002,trip_01121,trip_01120,390,,300,Inbound,1
2025-01-07,Red,stop_003,trip_01122,trip_01121,420,,300,Outbound,0
2025-01-08,Orange,stop_004,trip_01123,trip_01122,450,,300,Inbound,1
2025-01-09,Red,stop_005,trip_01124,trip_01123,480,,300,Outbound,0
2025-01-10,Orange,stop_006,trip_01125,trip_01124,510,,300,Inbound,1
2025-01-11,Red,stop_007,trip_01126,trip_01125,540,,300,Outbound,0
2025-01-12,Orange,stop_008,trip_01127,trip_01126,570,,300,Inbound,1
2025-01-13,Red,stop_009,trip_01128,trip_01127,240,,300,Outbound,0
2025-01-14,Orange,stop_010,trip_01129,trip_01128,270,,300,Inbound,1
2025-01-15,Red,stop_011,trip_01130,trip_01129,300,,300,Outbound,0
2025-01-16,Orange,stop_012,trip_01131,trip_01130,330,,300,Inbound,1
2025-01-17,Red,stop_013,trip_01132,trip_01131,360,,300,Outbound,0
2025-01-18,Orange,stop_014,trip_01133,trip_01132,390,,300,Inbound,1
2025-01-19,Red,stop_015,trip_01134,trip_01133,420,,300,Outbound,0
2025-01-20,Orange,stop_016,trip_01135,trip_01134,450,,300,Inbound,1
2025-01-21,Red,stop_017,trip_01136,trip_01135,480,,300,Outbound,0
2025-01-22,Orange,stop_018,trip_01137,trip_01136,510,,300,Inbound,1
2025-01-23,Red,stop_019,trip_01138,trip_01137,540,,300,Outbound,0
2025-01-24,Orange,stop_020,trip_01139,trip_01138,570,,300,Inbound,1
2025-01-25,Red,stop_021,trip_01140,trip_01139,240,,300,Outbound,0
2025-01-26,Orange,stop_022,trip_01141,trip_01140,270,,300,Inbound,1
2025-01-27,Red,stop_023,trip_01142,trip_01141,300,,300,Outbound,0
2025-01-28,Orange,stop_024,trip_01143,trip_01142,330,,300,Inbound,1
2025-01-29,Red,stop_025,trip_01144,trip_01143,360,,300,Outbound,0
2025-01-30,Orange,stop_026,trip_01145,trip_01144,390,,300,Inbound,1
2025-01-31,Red,stop_027,trip_01146,trip_01145,420,,300,Outbound,0
2025-01-01,Orange,stop_028,trip_01147,trip_01146,450,,300,Inbound,1
2025-01-02,Red,stop_029,trip_01148,trip_01147,480,,300,Outbound,0
2025-01-03,Orange,stop_030,trip_01149,trip_01148,510,,300,Inbound,1
2025-01-04,Red,stop_031,trip_01150,trip_01149,540,,300,Outbound,0
2025-01-05,Orange,stop_032,trip_01151,trip_01150,570,,300,Inbound,1
2025-01-06,Red,stop_033,trip_01152,trip_01151,240,,300,Outbound,0
2025-01-07,Orange,stop_034,trip_01153,trip_01152,270,,300,Inbound,1
2025-01-08,Red,stop_035,trip_01154,trip_01153,300,,300,Outbound,0
2025-01-09,Orange,stop_001,trip_01155,trip_01154,330,,300,Inbound,1
2025-01-10,Red,stop_002,trip_01156,trip_01155,360,,300,Outbound,0
2025-01-11,Orange,stop_003,trip_01157,trip_01156,390,,300,Inbound,1
2025-01-12,Red,stop_004,trip_01158,trip_01157,420,,300,Outbound,0
2025-01-13,Orange,stop_005,trip_01159,trip_01158,450,,300,Inbound,1
2025-01-14,Red,stop_006,trip_01160,trip_01159,480,,300,Outbound,0
2025-01-15,Orange,stop_007,trip_01161,trip_01160,510,,300,Inbound,1
2025-01-16,Red,stop_008,trip_01162,trip_01161,540,,300,Outbound,0
2025-01-17,Orange,stop_009,trip_01163,trip_01162,570,,300,Inbound,1
2025-01-18,Red,stop_010,trip_01164,trip_01163,240,,300,Outbound,0
2025-01-19,Orange,stop_011,trip_01165,trip_01164,270,,300,Inbound,1
2025-01-20,Red,stop_012,trip_01166,trip_01165,300,,300,Outbound,0
2025-01-21,Orange,stop_013,trip_01167,trip_01166,330,,300,Inbound,1
2025-01-22,Red,stop_014,trip_01168,trip_01167,360,,300,Outbound,0
2025-01-23,Orange,stop_015,trip_01169,trip_01168,390,,300,Inbound,1
2025-01-24,Red,stop_016,trip_01170,trip_01169,420,,300,Outbound,0
2025-01-25,Orange,stop_017,trip_01171,trip_01170,450,,300,Inbound,1
2025-01-26,Red,stop_018,trip_01172,trip_01171,480,,300,Outbound,0
2025-01-27,Orange,stop_019,trip_01173,trip_01172,510,,300,Inbound,1
2025-01-28,Red,stop_020,trip_01174,trip_01173,540,,300,Outbound,0
2025-01-29,Orange,stop_021,trip_01175,trip_01174,570,,300,Inbound,1
2025-01-30,Red,stop_022,trip_01176,trip_01175,240,,300,Outbound,0
2025-01-31,Orange,stop_023,trip_01177,trip_01176,270,,300,Inbound,1
2025-01-01,Red,stop_024,trip_01178,trip_01177,300,,300,Outbound,0
2025-01-02,Orange,stop_025,trip_01179,trip_01178,330,,300,Inbound,1
2025-01-03,Red,stop_026,trip_01180,trip_01179,360,,300,Outbound,0
2025-01-04,Orange,stop_027,trip_01181,trip_01180,390,,300,Inbound,1
2025-01-05,Red,stop_028,trip_01182,trip_01181,420,,300,Outbound,0
2025-01-06,Orange,stop_029,trip_01183,trip_01182,450,,300,Inbound,1
2025-01-07,Red,stop_030,trip_01184,trip_01183,480,,300,Outbound,0
2025-01-08,Orange,stop_031,trip_01185,trip_01184,510,,300,Inbound,1
2025-01-09,Red,stop_032,trip_01186,trip_01185,540,,300,Outbound,0
2025-01-10,Orange,stop_033,trip_01187,trip_01186,570,,300,Inbound,1
2025-01-11,Red,stop_034,trip_01188,trip_01187,240,,300,Outbound,0
2025-01-12,Orange,stop_035,trip_01189,trip_01188,270,,300,Inbound,1
2025-01-13,Red,stop_001,trip_01190,trip_01189,300,,300,Outbound,0
2025-01-14,Orange,stop_002,trip_01191,trip_01190,330,,300,Inbound,1
2025-01-15,Red,stop_003,trip_01192,trip_01191,360,,300,Outbound,0
2025-01-16,Orange,stop_004,trip_01193,trip_01192,390,,300,Inbound,1
2025-01-17,Red,stop_005,trip_01194,trip_01193,420,,300,Outbound,0
2025-01-18,Orange,stop_006,trip_01195,trip_01194,450,,300,Inbound,1
2025-01-19,Red,stop_007,trip_01196,trip_01195,480,,300,Outbound,0
2025-01-20,Orange,stop_008,trip_01197,trip_01196,510,,300,Inbound,1
2025-01-21,Red,stop_009,trip_01198,trip_01197,540,,300,Outbound,0
2025-01-22,Orange,stop_010,trip_01199,trip_01198,570,,300,Inbound,1
2025-01-23,Red,stop_011,trip_01200,trip_01199,240,,300,Outbound,0
2025-01-24,Orange,stop_012,trip_01201,trip_01200,270,,300,Inbound,1
2025-01-25,Red,stop_013,trip_01202,trip_01201,300,,300,Outbound,0
2025-01-26,Orange,stop_014,trip_01203,trip_01202,330,,300,Inbound,1
2025-01-27,Red,stop_015,trip_01204,trip_01203,360,,300,Outbound,0
2025-01-28,Orange,stop_016,trip_01205,trip_01204,390,,300,Inbound,1
2025-01-29,Red,stop_017,trip_01206,trip_01205,420,,300,Outbound,0
2025-01-30,Orange,stop_018,trip_01207,trip_01206,450,,300,Inbound,1
2025-01-31,Red,stop_019,trip_01208,trip_01207,480,,300,Outbound,0
2025-01-01,Orange,stop_020,trip_01209,trip_01208,510,,300,Inbound,1
2025-01-02,Red,stop_021,trip_01210,trip_01209,540,,300,Outbound,0
2025-01-03,Orange,stop_022,trip_01211,trip_01210,570,,300,Inbound,1
2025-01-04,Red,stop_023,trip_01212,trip_01211,240,,300,Outbound,0
2025-01-05,Orange,stop_024,trip_01213,trip_01212,270,,300,Inbound,1
2025-01-06,Red,stop_025,trip_01214,trip_01213,300,,300,Outbound,0
2025-01-07,Orange,stop_026,trip_01215,trip_01214,330,,300,Inbound,1
2025-01-08,Red,stop_027,trip_01216,trip_01215,360,,300,Outbound,0
2025-01-09,Orange,stop_028,trip_01217,trip_01216,390,,300,Inbound,1
2025-01-10,Red,stop_029,trip_01218,trip_01217,420,,300,Outbound,0
2025-01-11,Orange,stop_030,trip_01219,trip_01218,450,,300,Inbound,1
2025-01-12,Red,stop_031,trip_01220,trip_01219,480,,300,Outbound,0
2025-01-13,Orange,stop_032,trip_01221,trip_01220,510,,300,Inbound,1
2025-01-14,Red,stop_033,trip_01222,trip_01221,540,,300,Outbound,0
2025-01-15,Orange,stop_034,trip_01223,trip_01222,570,,300,Inbound,1
2025-01-16,Red,stop_035,trip_01224,trip_01223,240,,300,Outbound,0
2025-01-17,Orange,stop_001,trip_01225,trip_01224,270,,300,Inbound,1
2025-01-18,Red,stop_002,trip_01226,trip_01225,300,,300,Outbound,0
2025-01-19,Orange,stop_003,trip_01227,trip_01226,330,,300,Inbound,1
2025-01-20,Red,stop_004,trip_01228,trip_01227,360,,300,Outbound,0
2025-01-21,Orange,stop_005,trip_01229,trip_01228,390,,300,Inbound,1
2025-01-22,Red,stop_006,trip_01230,trip_01229,420,,300,Outbound,0
2025-01-23,Orange,stop_007,trip_01231,trip_01230,450,,300,Inbound,1
2025-01-24,Red,stop_008,trip_01232,trip_01231,480,,300,Outbound,0
2025-01-25,Orange,stop_009,trip_01233,trip_01232,510,,300,Inbound,1
2025-01-26,Red,stop_010,trip_01234,trip_01233,540,,300,Outbound,0
2025-01-27,Orange,stop_011,trip_01235,trip_01234,570,,300,Inbound,1
2025-01-28,Red,stop_012,trip_01236,trip_01235,240,,300,Outbound,0
2025-01-29,Orange,stop_013,trip_01237,trip_01236,270,,300,Inbound,1
2025-01-30,Red,stop_014,trip_01238,trip_01237,300,,300,Outbound,0
2025-01-31,Orange,stop_015,trip_01239,trip_01238,330,,300,Inbound,1
2025-01-01,Red,stop_016,trip_01240,trip_01239,360,,300,Outbound,0
2025-01-02,Orange,stop_017,trip_01241,trip_01240,390,,300,Inbound,1
2025-01-03,Red,stop_018,trip_01242,trip_01241,420,,300,Outbound,0
2025-01-04,Orange,stop_019,trip_01243,trip_01242,450,,300,Inbound,1
2025-01-05,Red,stop_020,trip_01244,trip_01243,480,,300,Outbound,0
2025-01-06,Orange,stop_021,trip_01245,trip_01244,510,,300,Inbound,1
2025-01-07,Red,stop_022,trip_01246,trip_01245,540,,300,Outbound,0
2025-01-08,Orange,stop_023,trip_01247,trip_01246,570,,300,Inbound,1
2025-01-09,Red,stop_024,trip_01248,trip_01247,240,,300,Outbound,0
2025-01-10,Orange,stop_025,trip_01249,trip_01248,270,,300,Inbound,1
2025-01-11,Red,stop_026,trip_01250,trip_01249,300,,300,Outbound,0
2025-01-12,Orange,stop_027,trip_01251,trip_01250,330,,300,Inbound,1
2025-01-13,Red,stop_028,trip_01252,trip_01251,360,,300,Outbound,0
2025-01-14,Orange,stop_029,trip_01253,trip_01252,390,,300,Inbound,1
2025-01-15,Red,stop_030,trip_01254,trip_01253,420,,300,Outbound,0
2025-01-16,Orange,stop_031,trip_01255,trip_01254,450,,300,Inbound,1
2025-01-17,Red,stop_032,trip_01256,trip_01255,480,,300,Outbound,0
2025-01-18,Orange,stop_033,trip_01257,trip_01256,510,,300,Inbound,1
2025-01-19,Red,stop_034,trip_01258,trip_01257,540,,300,Outbound,0
2025-01-20,Orange,stop_035,trip_01259,trip_01258,570,,300,Inbound,1
2025-01-21,Red,stop_001,trip_01260,trip_01259,240,,300,Outbound,0
2025-01-22,Orange,stop_002,trip_01261,trip_01260,270,,300,Inbound,1
2025-01-23,Red,stop_003,trip_01262,trip_01261,300,,300,Outbound,0
2025-01-24,Orange,stop_004,trip_01263,trip_01262,330,,300,Inbound,1
2025-01-25,Red,stop_005,trip_01264,trip_01263,360,,300,Outbound,0
2025-01-26,Orange,stop_006,trip_01265,trip_01264,390,,300,Inbound,1
2025-01-27,Red,stop_007,trip_01266,trip_01265,420,,300,Outbound,0
2025-01-28,Orange,stop_008,trip_01267,trip_01266,450,,300,Inbound,1
2025-01-29,Red,stop_009,trip_01268,trip_01267,480,,300,Outbound,0
2025-01-30,Orange,stop_010,trip_01269,trip_01268,510,,300,Inbound,1
2025-01-31,Red,stop_011,trip_01270,trip_01269,540,,300,Outbound,0
2025-01-01,Orange,stop_012,trip_01271,trip_01270,570,,300,Inbound,1
2025-01-02,Red,stop_013,trip_01272,trip_01271,240,,300,Outbound,0
2025-01-03,Orange,stop_014,trip_01273,trip_01272,270,,300,Inbound,1
2025-01-04,Red,stop_015,trip_01274,trip_01273,300,,300,Outbound,0
2025-01-05,Orange,stop_016,trip_01275,trip_01274,330,,300,Inbound,1
2025-01-06,Red,stop_017,trip_01276,trip_01275,360,,300,Outbound,0
2025-01-07,Orange,stop_018,trip_01277,trip_01276,390,,300,Inbound,1
2025-01-08,Red,stop_019,trip_01278,trip_01277,420,,300,Outbound,0
2025-01-09,Orange,stop_020,trip_01279,trip_01278,450,,300,Inbound,1
2025-01-10,Red,stop_021,trip_01280,trip_01279,480,,300,Outbound,0
2025-01-11,Orange,stop_022,trip_01281,trip_01280,510,,300,Inbound,1
2025-01-12,Red,stop_023,trip_01282,trip_01281,540,,300,Outbound,0
2025-01-13,Orange,stop_024,trip_01283,trip_01282,570,,300,Inbound,1
2025-01-14,Red,stop_025,trip_01284,trip_01283,240,,300,Outbound,0
2025-01-15,Orange,stop_026,trip_01285,trip_01284,270,,300,Inbound,1
2025-01-16,Red,stop_027,trip_01286,trip_01285,300,,300,Outbound,0
2025-01-17,Orange,stop_028,trip_01287,trip_01286,330,,300,Inbound,1
2025-01-18,Red,stop_029,trip_01288,trip_01287,360,,300,Outbound,0
2025-01-19,Orange,stop_030,trip_01289,trip_01288,390,,300,Inbound,1
2025-01-20,Red,stop_031,trip_01290,trip_01289,420,,300,Outbound,0
2025-01-21,Orange,stop_032,trip_01291,trip_01290,450,,300,Inbound,1
2025-01-22,Red,stop_033,trip_01292,trip_01291,480,,300,Outbound,0
2025-01-23,Orange,stop_034,trip_01293,trip_01292,510,,300,Inbound,1
2025-01-24,Red,stop_035,trip_01294,trip_01293,540,,300,Outbound,0
2025-01-25,Orange,stop_001,trip_01295,trip_01294,570,,300,Inbound,1
2025-01-26,Red,stop_002,trip_01296,trip_01295,240,,300,Outbound,0
2025-01-27,Orange,stop_003,trip_01297,trip_01296,270,,300,Inbound,1
2025-01-28,Red,stop_004,trip_01298,trip_01297,300,,300,Outbound,0
2025-01-29,Orange,stop_005,trip_01299,trip_01298,330,,300,Inbound,1
2025-01-30,Red,stop_006,trip_01300,trip_01299,360,,300,Outbound,0
2025-01-31,Orange,stop_007,trip_01301,trip_01300,390,,300,Inbound,1
2025-01-01,Red,stop_008,trip_01302,trip_01301,420,,300,Outbound,0
2025-01-02,Orange,stop_009,trip_01303,trip_01302,450,,300,Inbound,1
2025-01-03,Red,stop_010,trip_01304,trip_01303,480,,300,Outbound,0
2025-01-04,Orange,stop_011,trip_01305,trip_01304,510,,300,Inbound,1
2025-01-05,Red,stop_012,trip_01306,trip_01305,540,,300,Outbound,0
2025-01-06,Orange,stop_013,trip_01307,trip_01306,570,,300,Inbound,1
2025-01-07,Red,stop_014,trip_01308,trip_01307,240,,300,Outbound,0
2025-01-08,Orange,stop_015,trip_01309,trip_01308,270,,300,Inbound,1
2025-01-09,Red,stop_016,trip_01310,trip_01309,300,,300,Outbound,0
2025-01-10,Orange,stop_017,trip_01311,trip_01310,330,,300,Inbound,1
2025-01-11,Red,stop_018,trip_01312,trip_01311,360,,300,Outbound,0
2025-01-12,Orange,stop_019,trip_01313,trip_01312,390,,300,Inbound,1
2025-01-13,Red,stop_020,trip_01314,trip_01313,420,,300,Outbound,0
2025-01-14,Orange,stop_021,trip_01315,trip_01314,450,,300,Inbound,1
2025-01-15,Red,stop_022,trip_01316,trip_01315,480,,300,Outbound,0
2025-01-16,Orange,stop_023,trip_01317,trip_01316,510,,300,Inbound,1
2025-01-17,Red,stop_024,trip_01318,trip_01317,540,,300,Outbound,0
2025-01-18,Orange,stop_025,trip_01319,trip_01318,570,,300,Inbound,1
2025-01-19,Red,stop_026,trip_01320,trip_01319,240,,300,Outbound,0
2025-01-20,Orange,stop_027,trip_01321,trip_01320,270,,300,Inbound,1
2025-01-21,Red,stop_028,trip_01322,trip_01321,300,,300,Outbound,0
2025-01-22,Orange,stop_029,trip_01323,trip_01322,330,,300,Inbound,1
2025-01-23,Red,stop_030,trip_01324,trip_01323,360,,300,Outbound,0
2025-01-24,Orange,stop_031,trip_01325,trip_01324,390,,300,Inbound,1
2025-01-25,Red,stop_032,trip_01326,trip_01325,420,,300,Outbound,0
2025-01-26,Orange,stop_033,trip_01327,trip_01326,450,,300,Inbound,1
2025-01-27,Red,stop_034,trip_01328,trip_01327,480,,300,Outbound,0
2025-01-28,Orange,stop_035,trip_01329,trip_01328,510,,300,Inbound,1
2025-01-29,Red,stop_001,trip_01330,trip_01329,540,,300,Outbound,0
2025-01-30,Orange,stop_002,trip_01331,trip_01330,570,,300,Inbound,1
2025-01-31,Red,stop_003,trip_01332,trip_01331,240,,300,Outbound,0
2025-01-01,Orange,stop_004,trip_01333,trip_01332,270,,300,Inbound,1
2025-01-02,Red,stop_005,trip_01334,trip_01333,300,,300,Outbound,0
2025-01-03,Orange,stop_006,trip_01335,trip_01334,330,,300,Inbound,1
2025-01-04,Red,stop_007,trip_01336,trip_01335,360,,300,Outbound,0
2025-01-05,Orange,stop_008,trip_01337,trip_01336,390,,300,Inbound,1
2025-01-06,Red,stop_009,trip_01338,trip_01337,420,,300,Outbound,0
2025-01-07,Orange,stop_010,trip_01339,trip_01338,450,,300,Inbound,1
2025-01-08,Red,stop_011,trip_01340,trip_01339,480,,300,Outbound,0
2025-01-09,Orange,stop_012,trip_01341,trip_01340,510,,300,Inbound,1
2025-01-10,Red,stop_013,trip_01342,trip_01341,540,,300,Outbound,0
2025-01-11,Orange,stop_014,trip_01343,trip_01342,570,,300,Inbound,1
2025-01-12,Red,stop_015,trip_01344,trip_01343,240,,300,Outbound,0
2025-01-13,Orange,stop_016,trip_01345,trip_01344,270,,300,Inbound,1
2025-01-14,Red,stop_017,trip_01346,trip_01345,300,,300,Outbound,0
2025-01-15,Orange,stop_018,trip_01347,trip_01346,330,,300,Inbound,1
2025-01-16,Red,stop_019,trip_01348,trip_01347,360,,300,Outbound,0
2025-01-17,Orange,stop_020,trip_01349,trip_01348,390,,300,Inbound,1
2025-01-18,Red,stop_021,trip_01350,trip_01349,420,,300,Outbound,0
2025-01-19,Orange,stop_022,trip_01351,trip_01350,450,,300,Inbound,1
2025-01-20,Red,stop_023,trip_01352,trip_01351,480,,300,Outbound,0
2025-01-21,Orange,stop_024,trip_01353,trip_01352,510,,300,Inbound,1
2025-01-22,Red,stop_025,trip_01354,trip_01353,540,,300,Outbound,0
2025-01-23,Orange,stop_026,trip_01355,trip_01354,570,,300,Inbound,1
2025-01-24,Red,stop_027,trip_01356,trip_01355,240,,300,Outbound,0
2025-01-25,Orange,stop_028,trip_01357,trip_01356,270,,300,Inbound,1
2025-01-26,Red,stop_029,trip_01358,trip_01357,300,,300,Outbound,0
2025-01-27,Orange,stop_030,trip_01359,trip_01358,330,,300,Inbound,1
2025-01-28,Red,stop_031,trip_01360,trip_01359,360,,300,Outbound,0
2025-01-29,Orange,stop_032,trip_01361,trip_01360,390,,300,Inbound,1
2025-01-30,Red,stop_033,trip_01362,trip_01361,420,,300,Outbound,0
2025-01-31,Orange,stop_034,trip_01363,trip_01362,450,,300,Inbound,1
2025-01-01,Red,stop_035,trip_01364,trip_01363,480,,300,Outbound,0
2025-01-02,Orange,stop_001,trip_01365,trip_01364,510,,300,Inbound,1
2025-01-03,Red,stop_002,trip_01366,trip_01365,540,,300,Outbound,0
2025-01-04,Orange,stop_003,trip_01367,trip_01366,570,,300,Inbound,1
2025-01-05,Red,stop_004,trip_01368,trip_01367,240,,300,Outbound,0
2025-01-06,Orange,stop_005,trip_01369,trip_01368,270,,300,Inbound,1
2025-01-07,Red,stop_006,trip_01370,trip_01369,300,,300,Outbound,0
2025-01-08,Orange,stop_007,trip_01371,trip_01370,330,,300,Inbound,1
2025-01-09,Red,stop_008,trip_01372,trip_01371,360,,300,Outbound,0
2025-01-10,Orange,stop_009,trip_01373,trip_01372,390,,300,Inbound,1
2025-01-11,Red,stop_010,trip_01374,trip_01373,420,,300,Outbound,0
2025-01-12,Orange,stop_011,trip_01375,trip_01374,450,,300,Inbound,1
2025-01-13,Red,stop_012,trip_01376,trip_01375,480,,300,Outbound,0
2025-01-14,Orange,stop_013,trip_01377,trip_01376,510,,300,Inbound,1
2025-01-15,Red,stop_014,trip_01378,trip_01377,540,,300,Outbound,0
2025-01-16,Orange,stop_015,trip_01379,trip_01378,570,,300,Inbound,1
2025-01-17,Red,stop_016,trip_01380,trip_01379,240,,300,Outbound,0
2025-01-18,Orange,stop_017,trip_01381,trip_01380,270,,300,Inbound,1
2025-01-19,Red,stop_018,trip_01382,trip_01381,300,,300,Outbound,0
2025-01-20,Orange,stop_019,trip_01383,trip_01382,330,,300,Inbound,1
2025-01-21,Red,stop_020,trip_01384,trip_01383,360,,300,Outbound,0
2025-01-22,Orange,stop_021,trip_01385,trip_01384,390,,300,Inbound,1
2025-01-23,Red,stop_022,trip_01386,trip_01385,420,,300,Outbound,0
2025-01-24,Orange,stop_023,trip_01387,trip_01386,450,,300,Inbound,1
2025-01-25,Red,stop_024,trip_01388,trip_01387,480,,300,Outbound,0
2025-01-26,Orange,stop_025,trip_01389,trip_01388,510,,300,Inbound,1
2025-01-27,Red,stop_026,trip_01390,trip_01389,540,,300,Outbound,0
2025-01-28,Orange,stop_027,trip_01391,trip_01390,570,,300,Inbound,1
2025-01-29,Red,stop_028,trip_01392,trip_01391,240,,300,Outbound,0
2025-01-30,Orange,stop_029,trip_01393,trip_01392,270,,300,Inbound,1
2025-01-31,Red,stop_030,trip_01394,trip_01393,300,,300,Outbound,0
2025-01-01,Orange,stop_031,trip_01395,trip_01394,330,,300,Inbound,1
2025-01-02,Red,stop_032,trip_01396,trip_01395,360,,300,Outbound,0
2025-01-03,Orange,stop_033,trip_01397,trip_01396,390,,300,Inbound,1
2025-01-04,Red,stop_034,trip_01398,trip_01397,420,,300,Outbound,0
2025-01-05,Orange,stop_035,trip_01399,trip_01398,450,,300,Inbound,1
2025-01-06,Red,stop_001,trip_01400,trip_01399,480,,300,Outbound,0
2025-01-07,Orange,stop_002,trip_01401,trip_01400,510,,300,Inbound,1
2025-01-08,Red,stop_003,trip_01402,trip_01401,540,,300,Outbound,0
2025-01-09,Orange,stop_004,trip_01403,trip_01402,570,,300,Inbound,1
2025-01-10,Red,stop_005,trip_01404,trip_01403,240,,300,Outbound,0
2025-01-11,Orange,stop_006,trip_01405,trip_01404,270,,300,Inbound,1
2025-01-12,Red,stop_007,trip_01406,trip_01405,300,,300,Outbound,0
2025-01-13,Orange,stop_008,trip_01407,trip_01406,330,,300,Inbound,1
2025-01-14,Red,stop_009,trip_01408,trip_01407,360,,300,Outbound,0
2025-01-15,Orange,stop_010,trip_01409,trip_01408,390,,300,Inbound,1
2025-01-16,Red,stop_011,trip_01410,trip_01409,420,,300,Outbound,0
2025-01-17,Orange,stop_012,trip_01411,trip_01410,450,,300,Inbound,1
2025-01-18,Red,stop_013,trip_01412,trip_01411,480,,300,Outbound,0
2025-01-19,Orange,stop_014,trip_01413,trip_01412,510,,300,Inbound,1
2025-01-20,Red,stop_015,trip_01414,trip_01413,540,,300,Outbound,0
2025-01-21,Orange,stop_016,trip_01415,trip_01414,570,,300,Inbound,1
2025-01-22,Red,stop_017,trip_01416,trip_01415,240,,300,Outbound,0
2025-01-23,Orange,stop_018,trip_01417,trip_01416,270,,300,Inbound,1
2025-01-24,Red,stop_019,trip_01418,trip_01417,300,,300,Outbound,0
2025-01-25,Orange,stop_020,trip_01419,trip_01418,330,,300,Inbound,1
2025-01-26,Red,stop_021,trip_01420,trip_01419,360,,300,Outbound,0
2025-01-27,Orange,stop_022,trip_01421,trip_01420,390,,300,Inbound,1
2025-01-28,Red,stop_023,trip_01422,trip_01421,420,,300,Outbound,0
2025-01-29,Orange,stop_024,trip_01423,trip_01422,450,,300,Inbound,1
2025-01-30,Red,stop_025,trip_01424,trip_01423,480,,300,Outbound,0
2025-01-31,Orange,stop_026,trip_01425,trip_01424,510,,300,Inbound,1
2025-01-01,Red,stop_027,trip_01426,trip_01425,540,,300,Outbound,0
2025-01-02,Orange,stop_028,trip_01427,trip_01426,570,,300,Inbound,1
2025-01-03,Red,stop_029,trip_01428,trip_01427,240,,300,Outbound,0
2025-01-04,Orange,stop_030,trip_01429,trip_01428,270,,300,Inbound,1
2025-01-05,Red,stop_031,trip_01430,trip_01429,300,,300,Outbound,0
2025-01-06,Orange,stop_032,trip_01431,trip_01430,330,,300,Inbound,1
2025-01-07,Red,stop_033,trip_01432,trip_01431,360,,300,Outbound,0
2025-01-08,Orange,stop_034,trip_01433,trip_01432,390,,300,Inbound,1
2025-01-09,Red,stop_035,trip_01434,trip_01433,420,,300,Outbound,0
2025-01-10,Orange,stop_001,trip_01435,trip_01434,450,,300,Inbound,1
2025-01-11,Red,stop_002,trip_01436,trip_01435,480,,300,Outbound,0
2025-01-12,Orange,stop_003,trip_01437,trip_01436,510,,300,Inbound,1
2025-01-13,Red,stop_004,trip_01438,trip_01437,540,,300,Outbound,0
2025-01-14,Orange,stop_005,trip_01439,trip_01438,570,,300,Inbound,1
2025-01-15,Red,stop_006,trip_01440,trip_01439,240,,300,Outbound,0
2025-01-16,Orange,stop_007,trip_01441,trip_01440,270,,300,Inbound,1
2025-01-17,Red,stop_008,trip_01442,trip_01441,300,,300,Outbound,0
2025-01-18,Orange,stop_009,trip_01443,trip_01442,330,,300,Inbound,1
2025-01-19,Red,stop_010,trip_01444,trip_01443,360,,300,Outbound,0
2025-01-20,Orange,stop_011,trip_01445,trip_01444,390,,300,Inbound,1
2025-01-21,Red,stop_012,trip_01446,trip_01445,420,,300,Outbound,0
2025-01-22,Orange,stop_013,trip_01447,trip_01446,450,,300,Inbound,1
2025-01-23,Red,stop_014,trip_01448,trip_01447,480,,300,Outbound,0
2025-01-24,Orange,stop_015,trip_01449,trip_01448,510,,300,Inbound,1
2025-01-25,Red,stop_016,trip_01450,trip_01449,540,,300,Outbound,0
2025-01-26,Orange,stop_017,trip_01451,trip_01450,570,,300,Inbound,1
2025-01-27,Red,stop_018,trip_01452,trip_01451,240,,300,Outbound,0
2025-01-28,Orange,stop_019,trip_01453,trip_01452,270,,300,Inbound,1
2025-01-29,Red,stop_020,trip_01454,trip_01453,300,,300,Outbound,0
2025-01-30,Orange,stop_021,trip_01455,trip_01454,330,,300,Inbound,1
2025-01-31,Red,stop_022,trip_01456,trip_01455,360,,300,Outbound,0
2025-01-01,Orange,stop_023,trip_01457,trip_01456,390,,300,Inbound,1
2025-01-02,Red,stop_024,trip_01458,trip_01457,420,,300,Outbound,0
2025-01-03,Orange,stop_025,trip_01459,trip_01458,450,,300,Inbound,1
2025-01-04,Red,stop_026,trip_01460,trip_01459,480,,300,Outbound,0
2025-01-05,Orange,stop_027,trip_01461,trip_01460,510,,300,Inbound,1
2025-01-06,Red,stop_028,trip_01462,trip_01461,540,,300,Outbound,0
2025-01-07,Orange,stop_029,trip_01463,trip_01462,570,,300,Inbound,1
2025-01-08,Red,stop_030,trip_01464,trip_01463,240,,300,Outbound,0
2025-01-09,Orange,stop_031,trip_01465,trip_01464,270,,300,Inbound,1
2025-01-10,Red,stop_032,trip_01466,trip_01465,300,,300,Outbound,0
2025-01-11,Orange,stop_033,trip_01467,trip_01466,330,,300,Inbound,1
2025-01-12,Red,stop_034,trip_01468,trip_01467,360,,300,Outbound,0
2025-01-13,Orange,stop_035,trip_01469,trip_01468,390,,300,Inbound,1
2025-01-14,Red,stop_001,trip_01470,trip_01469,420,,300,Outbound,0
2025-01-15,Orange,stop_002,trip_01471,trip_01470,450,,300,Inbound,1
2025-01-16,Red,stop_003,trip_01472,trip_01471,480,,300,Outbound,0
2025-01-17,Orange,stop_004,trip_01473,trip_01472,510,,300,Inbound,1
2025-01-18,Red,stop_005,trip_01474,trip_01473,540,,300,Outbound,0
2025-01-19,Orange,stop_006,trip_01475,trip_01474,570,,300,Inbound,1
2025-01-20,Red,stop_007,trip_01476,trip_01475,240,,300,Outbound,0
2025-01-21,Orange,stop_008,trip_01477,trip_01476,270,,300,Inbound,1
2025-01-22,Red,stop_009,trip_01478,trip_01477,300,,300,Outbound,0
2025-01-23,Orange,stop_010,trip_01479,trip_01478,330,,300,Inbound,1
2025-01-24,Red,stop_011,trip_01480,trip_01479,360,,300,Outbound,0
2025-01-25,Orange,stop_012,trip_01481,trip_01480,390,,300,Inbound,1
2025-01-26,Red,stop_013,trip_01482,trip_01481,420,,300,Outbound,0
2025-01-27,Orange,stop_014,trip_01483,trip_01482,450,,300,Inbound,1
2025-01-28,Red,stop_015,trip_01484,trip_01483,480,,300,Outbound,0
2025-01-29,Orange,stop_016,trip_01485,trip_01484,510,,300,Inbound,1
2025-01-30,Red,stop_017,trip_01486,trip_01485,540,,300,Outbound,0
2025-01-31,Orange,stop_018,trip_01487,trip_01486,570,,300,Inbound,1
2025-01-01,Red,stop_019,trip_01488,trip_01487,240,,300,Outbound,0
2025-01-02,Orange,stop_020,trip_01489,trip_01488,270,,300,Inbound,1
2025-01-03,Red,stop_021,trip_01490,trip_01489,300,,300,Outbound,0
2025-01-04,Orange,stop_022,trip_01491,trip_01490,330,,300,Inbound,1
2025-01-05,Red,stop_023,trip_01492,trip_01491,360,,300,Outbound,0
2025-01-06,Orange,stop_024,trip_01493,trip_01492,390,,300,Inbound,1
2025-01-07,Red,stop_025,trip_01494,trip_01493,420,,300,Outbound,0
2025-01-08,Orange,stop_026,trip_01495,trip_01494,450,,300,Inbound,1
2025-01-09,Red,stop_027,trip_01496,trip_01495,480,,300,Outbound,0
2025-01-10,Orange,stop_028,trip_01497,trip_01496,510,,300,Inbound,1
2025-01-11,Red,stop_029,trip_01498,trip_01497,540,,300,Outbound,0
2025-01-12,Orange,stop_030,trip_01499,trip_01498,570,,300,Inbound,1
2025-01-13,Red,stop_031,trip_01500,trip_01499,240,,300,Outbound,0
2025-01-14,Orange,stop_032,trip_01501,trip_01500,270,,300,Inbound,1
2025-01-15,Red,stop_033,trip_01502,trip_01501,300,,300,Outbound,0
2025-01-16,Orange,stop_034,trip_01503,trip_01502,330,,300,Inbound,1
2025-01-17,Red,stop_035,trip_01504,trip_01503,360,,300,Outbound,0
2025-01-18,Orange,stop_001,trip_01505,trip_01504,390,,300,Inbound,1
2025-01-19,Red,stop_002,trip_01506,trip_01505,420,,300,Outbound,0
2025-01-20,Orange,stop_003,trip_01507,trip_01506,450,,300,Inbound,1
2025-01-21,Red,stop_004,trip_01508,trip_01507,480,,300,Outbound,0
2025-01-22,Orange,stop_005,trip_01509,trip_01508,510,,300,Inbound,1
2025-01-23,Red,stop_006,trip_01510,trip_01509,540,,300,Outbound,0
2025-01-24,Orange,stop_007,trip_01511,trip_01510,570,,300,Inbound,1
2025-01-25,Red,stop_008,trip_01512,trip_01511,240,,300,Outbound,0
2025-01-26,Orange,stop_009,trip_01513,trip_01512,270,,300,Inbound,1
2025-01-27,Red,stop_010,trip_01514,trip_01513,300,,300,Outbound,0
2025-01-28,Orange,stop_011,trip_01515,trip_01514,330,,300,Inbound,1
2025-01-29,Red,stop_012,trip_01516,trip_01515,360,,300,Outbound,0
2025-01-30,Orange,stop_013,trip_01517,trip_01516,390,,300,Inbound,1
2025-01-31,Red,stop_014,trip_01518,trip_01517,420,,300,Outbound,0
2025-01-01,Orange,stop_015,trip_01519,trip_01518,450,,300,Inbound,1
2025-01-02,Red,stop_016,trip_01520,trip_01519,480,,300,Outbound,0
2025-01-03,Orange,stop_017,trip_01521,trip_01520,510,,300,Inbound,1
2025-01-04,Red,stop_018,trip_01522,trip_01521,540,,300,Outbound,0
2025-01-05,Orange,stop_019,trip_01523,trip_01522,570,,300,Inbound,1
2025-01-06,Red,stop_020,trip_01524,trip_01523,240,,300,Outbound,0
2025-01-07,Orange,stop_021,trip_01525,trip_01524,270,,300,Inbound,1
2025-01-08,Red,stop_022,trip_01526,trip_01525,300,,300,Outbound,0
2025-01-09,Orange,stop_023,trip_01527,trip_01526,330,,300,Inbound,1
2025-01-10,Red,stop_024,trip_01528,trip_01527,360,,300,Outbound,0
2025-01-11,Orange,stop_025,trip_01529,trip_01528,390,,300,Inbound,1
2025-01-12,Red,stop_026,trip_01530,trip_01529,420,,300,Outbound,0
2025-01-13,Orange,stop_027,trip_01531,trip_01530,450,,300,Inbound,1
2025-01-14,Red,stop_028,trip_01532,trip_01531,480,,300,Outbound,0
2025-01-15,Orange,stop_029,trip_01533,trip_01532,510,,300,Inbound,1
2025-01-16,Red,stop_030,trip_01534,trip_01533,540,,300,Outbound,0
2025-01-17,Orange,stop_031,trip_01535,trip_01534,570,,300,Inbound,1
2025-01-18,Red,stop_032,trip_01536,trip_01535,240,,300,Outbound,0
2025-01-19,Orange,stop_033,trip_01537,trip_01536,270,,300,Inbound,1
2025-01-20,Red,stop_034,trip_01538,trip_01537,300,,300,Outbound,0
2025-01-21,Orange,stop_035,trip_01539,trip_01538,330,,300,Inbound,1
2025-01-22,Red,stop_001,trip_01540,trip_01539,360,,300,Outbound,0
2025-01-23,Orange,stop_002,trip_01541,trip_01540,390,,300,Inbound,1
2025-01-24,Red,stop_003,trip_01542,trip_01541,420,,300,Outbound,0
2025-01-25,Orange,stop_004,trip_01543,trip_01542,450,,300,Inbound,1
2025-01-26,Red,stop_005,trip_01544,trip_01543,480,,300,Outbound,0
2025-01-27,Orange,stop_006,trip_01545,trip_01544,510,,300,Inbound,1
2025-01-28,Red,stop_007,trip_01546,trip_01545,540,,300,Outbound,0
2025-01-29,Orange,stop_008,trip_01547,trip_01546,570,,300,Inbound,1
2025-01-30,Red,stop_009,trip_01548,trip_01547,240,,300,Outbound,0
2025-01-31,Orange,stop_010,trip_01549,trip_01548,270,,300,Inbound,1
2025-01-01,Red,stop_011,trip_01550,trip_01549,300,,300,Outbound,0
2025-01-02,Orange,stop_012,trip_01551,trip_01550,330,,300,Inbound,1
2025-01-03,Red,stop_013,trip_01552,trip_01551,360,,300,Outbound,0
2025-01-04,Orange,stop_014,trip_01553,trip_01552,390,,300,Inbound,1
2025-01-05,Red,stop_015,trip_01554,trip_01553,420,,300,Outbound,0
2025-01-06,Orange,stop_016,trip_01555,trip_01554,450,,300,Inbound,1
2025-01-07,Red,stop_017,trip_01556,trip_01555,480,,300,Outbound,0
2025-01-08,Orange,stop_018,trip_01557,trip_01556,510,,300,Inbound,1
2025-01-09,Red,stop_019,trip_01558,trip_01557,540,,300,Outbound,0
2025-01-10,Orange,stop_020,trip_01559,trip_01558,570,,300,Inbound,1
2025-01-11,Red,stop_021,trip_01560,trip_01559,240,,300,Outbound,0
2025-01-12,Orange,stop_022,trip_01561,trip_01560,270,,300,Inbound,1
2025-01-13,Red,stop_023,trip_01562,trip_01561,300,,300,Outbound,0
2025-01-14,Orange,stop_024,trip_01563,trip_01562,330,,300,Inbound,1
2025-01-15,Red,stop_025,trip_01564,trip_01563,360,,300,Outbound,0
2025-01-16,Orange,stop_026,trip_01565,trip_01564,390,,300,Inbound,1
2025-01-17,Red,stop_027,trip_01566,trip_01565,420,,300,Outbound,0
2025-01-18,Orange,stop_028,trip_01567,trip_01566,450,,300,Inbound,1
2025-01-19,Red,stop_029,trip_01568,trip_01567,480,,300,Outbound,0
2025-01-20,Orange,stop_030,trip_01569,trip_01568,510,,300,Inbound,1
2025-01-21,Red,stop_031,trip_01570,trip_01569,540,,300,Outbound,0
2025-01-22,Orange,stop_032,trip_01571,trip_01570,570,,300,Inbound,1
2025-01-23,Red,stop_033,trip_01572,trip_01571,240,,300,Outbound,0
2025-01-24,Orange,stop_034,trip_01573,trip_01572,270,,300,Inbound,1
2025-01-25,Red,stop_035,trip_01574,trip_01573,300,,300,Outbound,0
2025-01-26,Orange,stop_001,trip_01575,trip_01574,330,,300,Inbound,1
2025-01-27,Red,stop_002,trip_01576,trip_01575,360,,300,Outbound,0
2025-01-28,Orange,stop_003,trip_01577,trip_01576,390,,300,Inbound,1
2025-01-29,Red,stop_004,trip_01578,trip_01577,420,,300,Outbound,0
2025-01-30,Orange,stop_005,trip_01579,trip_01578,450,,300,Inbound,1
2025-01-31,Red,stop_006,trip_01580,trip_01579,480,,300,Outbound,0
2025-01-01,Orange,stop_007,trip_01581,trip_01580,510,,300,Inbound,1
2025-01-02,Red,stop_008,trip_01582,trip_01581,540,,300,Outbound,0
2025-01-03,Orange,stop_009,trip_01583,trip_01582,570,,300,Inbound,1
2025-01-04,Red,stop_010,trip_01584,trip_01583,240,,300,Outbound,0
2025-01-05,Orange,stop_011,trip_01585,trip_01584,270,,300,Inbound,1
2025-01-06,Red,stop_012,trip_01586,trip_01585,300,,300,Outbound,0
2025-01-07,Orange,stop_013,trip_01587,trip_01586,330,,300,Inbound,1
2025-01-08,Red,stop_014,trip_01588,trip_01587,360,,300,Outbound,0
2025-01-09,Orange,stop_015,trip_01589,trip_01588,390,,300,Inbound,1
2025-01-10,Red,stop_016,trip_01590,trip_01589,420,,300,Outbound,0
2025-01-11,Orange,stop_017,trip_01591,trip_01590,450,,300,Inbound,1
2025-01-12,Red,stop_018,trip_01592,trip_01591,480,,300,Outbound,0
2025-01-13,Orange,stop_019,trip_01593,trip_01592,510,,300,Inbound,1
2025-01-14,Red,stop_020,trip_01594,trip_01593,540,,300,Outbound,0
2025-01-15,Orange,stop_021,trip_01595,trip_01594,570,,300,Inbound,1
2025-01-16,Red,stop_022,trip_01596,trip_01595,240,,300,Outbound,0
2025-01-17,Orange,stop_023,trip_01597,trip_01596,270,,300,Inbound,1
2025-01-18,Red,stop_024,trip_01598,trip_01597,300,,300,Outbound,0
2025-01-19,Orange,stop_025,trip_01599,trip_01598,330,,300,Inbound,1
2025-01-20,Red,stop_026,trip_01600,trip_01599,360,,300,Outbound,0
2025-01-21,Orange,stop_027,trip_01601,trip_01600,390,,300,Inbound,1
2025-01-22,Red,stop_028,trip_01602,trip_01601,420,,300,Outbound,0
2025-01-23,Orange,stop_029,trip_01603,trip_01602,450,,300,Inbound,1
2025-01-24,Red,stop_030,trip_01604,trip_01603,480,,300,Outbound,0
2025-01-25,Orange,stop_031,trip_01605,trip_01604,510,,300,Inbound,1
2025-01-26,Red,stop_032,trip_01606,trip_01605,540,,300,Outbound,0
2025-01-27,Orange,stop_033,trip_01607,trip_01606,570,,300,Inbound,1
2025-01-28,Red,stop_034,trip_01608,trip_01607,240,,300,Outbound,0
2025-01-29,Orange,stop_035,trip_01609,trip_01608,270,,300,Inbound,1
2025-01-30,Red,stop_001,trip_01610,trip_01609,300,,300,Outbound,0
2025-01-31,Orange,stop_002,trip_01611,trip_01610,330,,300,Inbound,1
2025-01-01,Red,stop_003,trip_01612,trip_01611,360,,300,Outbound,0
2025-01-02,Orange,stop_004,trip_01613,trip_01612,390,,300,Inbound,1
2025-01-03,Red,stop_005,trip_01614,trip_01613,420,,300,Outbound,0
2025-01-04,Orange,stop_006,trip_01615,trip_01614,450,,300,Inbound,1
2025-01-05,Red,stop_007,trip_01616,trip_01615,480,,300,Outbound,0
2025-01-06,Orange,stop_008,trip_01617,trip_01616,510,,300,Inbound,1
2025-01-07,Red,stop_009,trip_01618,trip_01617,540,,300,Outbound,0
2025-01-08,Orange,stop_010,trip_01619,trip_01618,570,,300,Inbound,1
2025-01-09,Red,stop_011,trip_01620,trip_01619,240,,300,Outbound,0
2025-01-10,Orange,stop_012,trip_01621,trip_01620,270,,300,Inbound,1
2025-01-11,Red,stop_013,trip_01622,trip_01621,300,,300,Outbound,0
2025-01-12,Orange,stop_014,trip_01623,trip_01622,330,,300,Inbound,1
2025-01-13,Red,stop_015,trip_01624,trip_01623,360,,300,Outbound,0
2025-01-14,Orange,stop_016,trip_01625,trip_01624,390,,300,Inbound,1
2025-01-15,Red,stop_017,trip_01626,trip_01625,420,,300,Outbound,0
2025-01-16,Orange,stop_018,trip_01627,trip_01626,450,,300,Inbound,1
2025-01-17,Red,stop_019,trip_01628,trip_01627,480,,300,Outbound,0
2025-01-18,Orange,stop_020,trip_01629,trip_01628,510,,300,Inbound,1
2025-01-19,Red,stop_021,trip_01630,trip_01629,540,,300,Outbound,0
2025-01-20,Orange,stop_022,trip_01631,trip_01630,570,,300,Inbound,1
2025-01-21,Red,stop_023,trip_01632,trip_01631,240,,300,Outbound,0
2025-01-22,Orange,stop_024,trip_01633,trip_01632,270,,300,Inbound,1
2025-01-23,Red,stop_025,trip_01634,trip_01633,300,,300,Outbound,0
2025-01-24,Orange,stop_026,trip_01635,trip_01634,330,,300,Inbound,1
2025-01-25,Red,stop_027,trip_01636,trip_01635,360,,300,Outbound,0
2025-01-26,Orange,stop_028,trip_01637,trip_01636,390,,300,Inbound,1
2025-01-27,Red,stop_029,trip_01638,trip_01637,420,,300,Outbound,0
2025-01-28,Orange,stop_030,trip_01639,trip_01638,450,,300,Inbound,1
2025-01-29,Red,stop_031,trip_01640,trip_01639,480,,300,Outbound,0
2025-01-30,Orange,stop_032,trip_01641,trip_01640,510,,300,Inbound,1
2025-01-31,Red,stop_033,trip_01642,trip_01641,540,,300,Outbound,0
2025-01-01,Orange,stop_034,trip_01643,trip_01642,570,,300,Inbound,1
2025-01-02,Red,stop_035,trip_01644,trip_01643,240,,300,Outbound,0
2025-01-03,Orange,stop_001,trip_01645,trip_01644,270,,300,Inbound,1
2025-01-04,Red,stop_002,trip_01646,trip_01645,300,,300,Outbound,0
2025-01-05,Orange,stop_003,trip_01647,trip_01646,330,,300,Inbound,1
2025-01-06,Red,stop_004,trip_01648,trip_01647,360,,300,Outbound,0
2025-01-07,Orange,stop_005,trip_01649,trip_01648,390,,300,Inbound,1
2025-01-08,Red,stop_006,trip_01650,trip_01649,420,,300,Outbound,0
2025-01-09,Orange,stop_007,trip_01651,trip_01650,450,,300,Inbound,1
2025-01-10,Red,stop_008,trip_01652,trip_01651,480,,300,Outbound,0
2025-01-11,Orange,stop_009,trip_01653,trip_01652,510,,300,Inbound,1
2025-01-12,Red,stop_010,trip_01654,trip_01653,540,,300,Outbound,0
2025-01-13,Orange,stop_011,trip_01655,trip_01654,570,,300,Inbound,1
2025-01-14,Red,stop_012,trip_01656,trip_01655,240,,300,Outbound,0
2025-01-15,Orange,stop_013,trip_01657,trip_01656,270,,300,Inbound,1
2025-01-16,Red,stop_014,trip_01658,trip_01657,300,,300,Outbound,0
2025-01-17,Orange,stop_015,trip_01659,trip_01658,330,,300,Inbound,1
2025-01-18,Red,stop_016,trip_01660,trip_01659,360,,300,Outbound,0
2025-01-19,Orange,stop_017,trip_01661,trip_01660,390,,300,Inbound,1
2025-01-20,Red,stop_018,trip_01662,trip_01661,420,,300,Outbound,0
2025-01-21,Orange,stop_019,trip_01663,trip_01662,450,,300,Inbound,1
2025-01-22,Red,stop_020,trip_01664,trip_01663,480,,300,Outbound,0
2025-01-23,Orange,stop_021,trip_01665,trip_01664,510,,300,Inbound,1
2025-01-24,Red,stop_022,trip_01666,trip_01665,540,,300,Outbound,0
2025-01-25,Orange,stop_023,trip_01667,trip_01666,570,,300,Inbound,1
2025-01-26,Red,stop_024,trip_01668,trip_01667,240,,300,Outbound,0
2025-01-27,Orange,stop_025,trip_01669,trip_01668,270,,300,Inbound,1
2025-01-28,Red,stop_026,trip_01670,trip_01669,300,,300,Outbound,0
2025-01-29,Orange,stop_027,trip_01671,trip_01670,330,,300,Inbound,1
2025-01-30,Red,stop_028,trip_01672,trip_01671,360,,300,Outbound,0
2025-01-31,Orange,stop_029,trip_01673,trip_01672,390,,300,Inbound,1
2025-01-01,Red,stop_030,trip_01674,trip_01673,420,,300,Outbound,0
2025-01-02,Orange,stop_031,trip_01675,trip_01674,450,,300,Inbound,1
2025-01-03,Red,stop_032,trip_01676,trip_01675,480,,300,Outbound,0
2025-01-04,Orange,stop_033,trip_01677,trip_01676,510,,300,Inbound,1
2025-01-05,Red,stop_034,trip_01678,trip_01677,540,,300,Outbound,0
2025-01-06,Orange,stop_035,trip_01679,trip_01678,570,,300,Inbound,1
2025-01-07,Red,stop_001,trip_01680,trip_01679,240,,300,Outbound,0
2025-01-08,Orange,stop_002,trip_01681,trip_01680,270,,300,Inbound,1
2025-01-09,Red,stop_003,trip_01682,trip_01681,300,,300,Outbound,0
2025-01-10,Orange,stop_004,trip_01683,trip_01682,330,,300,Inbound,1
2025-01-11,Red,stop_005,trip_01684,trip_01683,360,,300,Outbound,0
2025-01-12,Orange,stop_006,trip_01685,trip_01684,390,,300,Inbound,1
2025-01-13,Red,stop_007,trip_01686,trip_01685,420,,300,Outbound,0
2025-01-14,Orange,stop_008,trip_01687,trip_01686,450,,300,Inbound,1
2025-01-15,Red,stop_009,trip_01688,trip_01687,480,,300,Outbound,0
2025-01-16,Orange,stop_010,trip_01689,trip_01688,510,,300,Inbound,1
2025-01-17,Red,stop_011,trip_01690,trip_01689,540,,300,Outbound,0
2025-01-18,Orange,stop_012,trip_01691,trip_01690,570,,300,Inbound,1
2025-01-19,Red,stop_013,trip_01692,trip_01691,240,,300,Outbound,0
2025-01-20,Orange,stop_014,trip_01693,trip_01692,270,,300,Inbound,1
2025-01-21,Red,stop_015,trip_01694,trip_01693,300,,300,Outbound,0
2025-01-22,Orange,stop_016,trip_01695,trip_01694,330,,300,Inbound,1
2025-01-23,Red,stop_017,trip_01696,trip_01695,360,,300,Outbound,0
2025-01-24,Orange,stop_018,trip_01697,trip_01696,390,,300,Inbound,1
2025-01-25,Red,stop_019,trip_01698,trip_01697,420,,300,Outbound,0
2025-01-26,Orange,stop_020,trip_01699,trip_01698,450,,300,Inbound,1
2025-01-27,Red,stop_021,trip_01700,trip_01699,480,,300,Outbound,0
2025-01-28,Orange,stop_022,trip_01701,trip_01700,510,,300,Inbound,1
2025-01-29,Red,stop_023,trip_01702,trip_01701,540,,300,Outbound,0
2025-01-30,Orange,stop_024,trip_01703,trip_01702,570,,300,Inbound,1
2025-01-31,Red,stop_025,trip_01704,trip_01703,240,,300,Outbound,0
2025-01-01,Orange,stop_026,trip_01705,trip_01704,270,,300,Inbound,1
2025-01-02,Red,stop_027,trip_01706,trip_01705,300,,300,Outbound,0
2025-01-03,Orange,stop_028,trip_01707,trip_01706,330,,300,Inbound,1
2025-01-04,Red,stop_029,trip_01708,trip_01707,360,,300,Outbound,0
2025-01-05,Orange,stop_030,trip_01709,trip_01708,390,,300,Inbound,1
2025-01-06,Red,stop_031,trip_01710,trip_01709,420,,300,Outbound,0
2025-01-07,Orange,stop_032,trip_01711,trip_01710,450,,300,Inbound,1
2025-01-08,Red,stop_033,trip_01712,trip_01711,480,,300,Outbound,0
2025-01-09,Orange,stop_034,trip_01713,trip_01712,510,,300,Inbound,1
2025-01-10,Red,stop_035,trip_01714,trip_01713,540,,300,Outbound,0
2025-01-11,Orange,stop_001,trip_01715,trip_01714,570,,300,Inbound,1
2025-01-12,Red,stop_002,trip_01716,trip_01715,240,,300,Outbound,0
2025-01-13,Orange,stop_003,trip_01717,trip_01716,270,,300,Inbound,1
2025-01-14,Red,stop_004,trip_01718,trip_01717,300,,300,Outbound,0
2025-01-15,Orange,stop_005,trip_01719,trip_01718,330,,300,Inbound,1
2025-01-16,Red,stop_006,trip_01720,trip_01719,360,,300,Outbound,0
2025-01-17,Orange,stop_007,trip_01721,trip_01720,390,,300,Inbound,1
2025-01-18,Red,stop_008,trip_01722,trip_01721,420,,300,Outbound,0
2025-01-19,Orange,stop_009,trip_01723,trip_01722,450,,300,Inbound,1
2025-01-20,Red,stop_010,trip_01724,trip_01723,480,,300,Outbound,0
2025-01-21,Orange,stop_011,trip_01725,trip_01724,510,,300,Inbound,1
2025-01-22,Red,stop_012,trip_01726,trip_01725,540,,300,Outbound,0
2025-01-23,Orange,stop_013,trip_01727,trip_01726,570,,300,Inbound,1
2025-01-24,Red,stop_014,trip_01728,trip_01727,240,,300,Outbound,0
2025-01-25,Orange,stop_015,trip_01729,trip_01728,270,,300,Inbound,1
2025-01-26,Red,stop_016,trip_01730,trip_01729,300,,300,Outbound,0
2025-01-27,Orange,stop_017,trip_01731,trip_01730,330,,300,Inbound,1
2025-01-28,Red,stop_018,trip_01732,trip_01731,360,,300,Outbound,0
2025-01-29,Orange,stop_019,trip_01733,trip_01732,390,,300,Inbound,1
2025-01-30,Red,stop_020,trip_01734,trip_01733,420,,300,Outbound,0
2025-01-31,Orange,stop_021,trip_01735,trip_01734,450,,300,Inbound,1
2025-01-01,Red,stop_022,trip_01736,trip_01735,480,,300,Outbound,0
2025-01-02,Orange,stop_023,trip_01737,trip_01736,510,,300,Inbound,1
2025-01-03,Red,stop_024,trip_01738,trip_01737,540,,300,Outbound,0
2025-01-04,Orange,stop_025,trip_01739,trip_01738,570,,300,Inbound,1
2025-01-05,Red,stop_026,trip_01740,trip_01739,240,,300,Outbound,0
2025-01-06,Orange,stop_027,trip_01741,trip_01740,270,,300,Inbound,1
2025-01-07,Red,stop_028,trip_01742,trip_01741,300,,300,Outbound,0
2025-01-08,Orange,stop_029,trip_01743,trip_01742,330,,300,Inbound,1
2025-01-09,Red,stop_030,trip_01744,trip_01743,360,,300,Outbound,0
2025-01-10,Orange,stop_031,trip_01745,trip_01744,390,,300,Inbound,1
2025-01-11,Red,stop_032,trip_01746,trip_01745,420,,300,Outbound,0
2025-01-12,Orange,stop_033,trip_01747,trip_01746,450,,300,Inbound,1
2025-01-13,Red,stop_034,trip_01748,trip_01747,480,,300,Outbound,0
2025-01-14,Orange,stop_035,trip_01749,trip_01748,510,,300,Inbound,1
2025-01-15,Red,stop_001,trip_01750,trip_01749,540,,300,Outbound,0
2025-01-16,Orange,stop_002,trip_01751,trip_01750,570,,300,Inbound,1
2025-01-17,Red,stop_003,trip_01752,trip_01751,240,,300,Outbound,0
2025-01-18,Orange,stop_004,trip_01753,trip_01752,270,,300,Inbound,1
2025-01-19,Red,stop_005,trip_01754,trip_01753,300,,300,Outbound,0
2025-01-20,Orange,stop_006,trip_01755,trip_01754,330,,300,Inbound,1
2025-01-21,Red,stop_007,trip_01756,trip_01755,360,,300,Outbound,0
2025-01-22,Orange,stop_008,trip_01757,trip_01756,390,,300,Inbound,1
2025-01-23,Red,stop_009,trip_01758,trip_01757,420,,300,Outbound,0
2025-01-24,Orange,stop_010,trip_01759,trip_01758,450,,300,Inbound,1
2025-01-25,Red,stop_011,trip_01760,trip_01759,480,,300,Outbound,0
2025-01-26,Orange,stop_012,trip_01761,trip_01760,510,,300,Inbound,1
2025-01-27,Red,stop_013,trip_01762,trip_01761,540,,300,Outbound,0
2025-01-28,Orange,stop_014,trip_01763,trip_01762,570,,300,Inbound,1
2025-01-29,Red,stop_015,trip_01764,trip_01763,240,,300,Outbound,0
2025-01-30,Orange,stop_016,trip_01765,trip_01764,270,,300,Inbound,1
2025-01-31,Red,stop_017,trip_01766,trip_01765,300,,300,Outbound,0
2025-01-01,Orange,stop_018,trip_01767,trip_01766,330,,300,Inbound,1
2025-01-02,Red,stop_019,trip_01768,trip_01767,360,,300,Outbound,0
2025-01-03,Orange,stop_020,trip_01769,trip_01768,390,,300,Inbound,1
2025-01-04,Red,stop_021,trip_01770,trip_01769,420,,300,Outbound,0
2025-01-05,Orange,stop_022,trip_01771,trip_01770,450,,300,Inbound,1
2025-01-06,Red,stop_023,trip_01772,trip_01771,480,,300,Outbound,0
2025-01-07,Orange,stop_024,trip_01773,trip_01772,510,,300,Inbound,1
2025-01-08,Red,stop_025,trip_01774,trip_01773,540,,300,Outbound,0
2025-01-09,Orange,stop_026,trip_01775,trip_01774,570,,300,Inbound,1
2025-01-10,Red,stop_027,trip_01776,trip_01775,240,,300,Outbound,0
2025-01-11,Orange,stop_028,trip_01777,trip_01776,270,,300,Inbound,1
2025-01-12,Red,stop_029,trip_01778,trip_01777,300,,300,Outbound,0
2025-01-13,Orange,stop_030,trip_01779,trip_01778,330,,300,Inbound,1
2025-01-14,Red,stop_031,trip_01780,trip_01779,360,,300,Outbound,0
2025-01-15,Orange,stop_032,trip_01781,trip_01780,390,,300,Inbound,1
2025-01-16,Red,stop_033,trip_01782,trip_01781,420,,300,Outbound,0
2025-01-17,Orange,stop_034,trip_01783,trip_01782,450,,300,Inbound,1
2025-01-18,Red,stop_035,trip_01784,trip_01783,480,,300,Outbound,0
2025-01-19,Orange,stop_001,trip_01785,trip_01784,510,,300,Inbound,1
2025-01-20,Red,stop_002,trip_01786,trip_01785,540,,300,Outbound,0
2025-01-21,Orange,stop_003,trip_01787,trip_01786,570,,300,Inbound,1
2025-01-22,Red,stop_004,trip_01788,trip_01787,240,,300,Outbound,0
2025-01-23,Orange,stop_005,trip_01789,trip_01788,270,,300,Inbound,1
2025-01-24,Red,stop_006,trip_01790,trip_01789,300,,300,Outbound,0
2025-01-25,Orange,stop_007,trip_01791,trip_01790,330,,300,Inbound,1
2025-01-26,Red,stop_008,trip_01792,trip_01791,360,,300,Outbound,0
2025-01-27,Orange,stop_009,trip_01793,trip_01792,390,,300,Inbound,1
2025-01-28,Red,stop_010,trip_01794,trip_01793,420,,300,Outbound,0
2025-01-29,Orange,stop_011,trip_01795,trip_01794,450,,300,Inbound,1
2025-01-30,Red,stop_012,trip_01796,trip_01795,480,,300,Outbound,0
2025-01-31,Orange,stop_013,trip_01797,trip_01796,510,,300,Inbound,1
2025-01-01,Red,stop_014,trip_01798,trip_01797,540,,300,Outbound,0
2025-01-02,Orange,stop_015,trip_01799,trip_01798,570,,300,Inbound,1
2025-01-03,Red,stop_016,trip_01800,trip_01799,240,,300,Outbound,0
2025-01-04,Orange,stop_017,trip_01801,trip_01800,270,,300,Inbound,1
2025-01-05,Red,stop_018,trip_01802,trip_01801,300,,300,Outbound,0
2025-01-06,Orange,stop_019,trip_01803,trip_01802,330,,300,Inbound,1
2025-01-07,Red,stop_020,trip_01804,trip_01803,360,,300,Outbound,0
2025-01-08,Orange,stop_021,trip_01805,trip_01804,390,,300,Inbound,1
2025-01-09,Red,stop_022,trip_01806,trip_01805,420,,300,Outbound,0
2025-01-10,Orange,stop_023,trip_01807,trip_01806,450,,300,Inbound,1
2025-01-11,Red,stop_024,trip_01808,trip_01807,480,,300,Outbound,0
2025-01-12,Orange,stop_025,trip_01809,trip_01808,510,,300,Inbound,1
2025-01-13,Red,stop_026,trip_01810,trip_01809,540,,300,Outbound,0
2025-01-14,Orange,stop_027,trip_01811,trip_01810,570,,300,Inbound,1
2025-01-15,Red,stop_028,trip_01812,trip_01811,240,,300,Outbound,0
2025-01-16,Orange,stop_029,trip_01813,trip_01812,270,,300,Inbound,1
2025-01-17,Red,stop_030,trip_01814,trip_01813,300,,300,Outbound,0
2025-01-18,Orange,stop_031,trip_01815,trip_01814,330,,300,Inbound,1
2025-01-19,Red,stop_032,trip_01816,trip_01815,360,,300,Outbound,0
2025-01-20,Orange,stop_033,trip_01817,trip_01816,390,,300,Inbound,1
2025-01-21,Red,stop_034,trip_01818,trip_01817,420,,300,Outbound,0
2025-01-22,Orange,stop_035,trip_01819,trip_01818,450,,300,Inbound,1
2025-01-23,Red,stop_001,trip_01820,trip_01819,480,,300,Outbound,0
2025-01-24,Orange,stop_002,trip_01821,trip_01820,510,,300,Inbound,1
2025-01-25,Red,stop_003,trip_01822,trip_01821,540,,300,Outbound,0
2025-01-26,Orange,stop_004,trip_01823,trip_01822,570,,300,Inbound,1
2025-01-27,Red,stop_005,trip_01824,trip_01823,240,,300,Outbound,0
2025-01-28,Orange,stop_006,trip_01825,trip_01824,270,,300,Inbound,1
2025-01-29,Red,stop_007,trip_01826,trip_01825,300,,300,Outbound,0
2025-01-30,Orange,stop_008,trip_01827,trip_01826,330,,300,Inbound,1
2025-01-31,Red,stop_009,trip_01828,trip_01827,360,,300,Outbound,0
2025-01-01,Orange,stop_010,trip_01829,trip_01828,390,,300,Inbound,1
2025-01-02,Red,stop_011,trip_01830,trip_01829,420,,300,Outbound,0
2025-01-03,Orange,stop_012,trip_01831,trip_01830,450,,300,Inbound,1
2025-01-04,Red,stop_013,trip_01832,trip_01831,480,,300,Outbound,0
2025-01-05,Orange,stop_014,trip_01833,trip_01832,510,,300,Inbound,1
2025-01-06,Red,stop_015,trip_01834,trip_01833,540,,300,Outbound,0
2025-01-07,Orange,stop_016,trip_01835,trip_01834,570,,300,Inbound,1
2025-01-08,Red,stop_017,trip_01836,trip_01835,240,,300,Outbound,0
2025-01-09,Orange,stop_018,trip_01837,trip_01836,270,,300,Inbound,1
2025-01-10,Red,stop_019,trip_01838,trip_01837,300,,300,Outbound,0
2025-01-11,Orange,stop_020,trip_01839,trip_01838,330,,300,Inbound,1
2025-01-12,Red,stop_021,trip_01840,trip_01839,360,,300,Outbound,0
2025-01-13,Orange,stop_022,trip_01841,trip_01840,390,,300,Inbound,1
2025-01-14,Red,stop_023,trip_01842,trip_01841,420,,300,Outbound,0
2025-01-15,Orange,stop_024,trip_01843,trip_01842,450,,300,Inbound,1
2025-01-16,Red,stop_025,trip_01844,trip_01843,480,,300,Outbound,0
2025-01-17,Orange,stop_026,trip_01845,trip_01844,510,,300,Inbound,1
2025-01-18,Red,stop_027,trip_01846,trip_01845,540,,300,Outbound,0
2025-01-19,Orange,stop_028,trip_01847,trip_01846,570,,300,Inbound,1
2025-01-20,Red,stop_029,trip_01848,trip_01847,240,,300,Outbound,0
2025-01-21,Orange,stop_030,trip_01849,trip_01848,270,,300,Inbound,1
2025-01-22,Red,stop_031,trip_01850,trip_01849,300,,300,Outbound,0
2025-01-23,Orange,stop_032,trip_01851,trip_01850,330,,300,Inbound,1
2025-01-24,Red,stop_033,trip_01852,trip_01851,360,,300,Outbound,0
2025-01-25,Orange,stop_034,trip_01853,trip_01852,390,,300,Inbound,1
2025-01-26,Red,stop_035,trip_01854,trip_01853,420,,300,Outbound,0
2025-01-27,Orange,stop_001,trip_01855,trip_01854,450,,300,Inbound,1
2025-01-28,Red,stop_002,trip_01856,trip_01855,480,,300,Outbound,0
2025-01-29,Orange,stop_003,trip_01857,trip_01856,510,,300,Inbound,1
2025-01-30,Red,stop_004,trip_01858,trip_01857,540,,300,Outbound,0
2025-01-31,Orange,stop_005,trip_01859,trip_01858,570,,300,Inbound,1
2025-01-01,Red,stop_006,trip_01860,trip_01859,240,,300,Outbound,0
2025-01-02,Orange,stop_007,trip_01861,trip_01860,270,,300,Inbound,1
2025-01-03,Red,stop_008,trip_01862,trip_01861,300,,300,Outbound,0
2025-01-04,Orange,stop_009,trip_01863,trip_01862,330,,300,Inbound,1
2025-01-05,Red,stop_010,trip_01864,trip_01863,360,,300,Outbound,0
2025-01-06,Orange,stop_011,trip_01865,trip_01864,390,,300,Inbound,1
2025-01-07,Red,stop_012,trip_01866,trip_01865,420,,300,Outbound,0
2025-01-08,Orange,stop_013,trip_01867,trip_01866,450,,300,Inbound,1
2025-01-09,Red,stop_014,trip_01868,trip_01867,480,,300,Outbound,0
2025-01-10,Orange,stop_015,trip_01869,trip_01868,510,,300,Inbound,1
2025-01-11,Red,stop_016,trip_01870,trip_01869,540,,300,Outbound,0
2025-01-12,Orange,stop_017,trip_01871,trip_01870,570,,300,Inbound,1
2025-01-13,Red,stop_018,trip_01872,trip_01871,240,,300,Outbound,0
2025-01-14,Orange,stop_019,trip_01873,trip_01872,270,,300,Inbound,1
2025-01-15,Red,stop_020,trip_01874,trip_01873,300,,300,Outbound,0
2025-01-16,Orange,stop_021,trip_01875,trip_01874,330,,300,Inbound,1
2025-01-17,Red,stop_022,trip_01876,trip_01875,360,,300,Outbound,0
2025-01-18,Orange,stop_023,trip_01877,trip_01876,390,,300,Inbound,1
2025-01-19,Red,stop_024,trip_01878,trip_01877,420,,300,Outbound,0
2025-01-20,Orange,stop_025,trip_01879,trip_01878,450,,300,Inbound,1
2025-01-21,Red,stop_026,trip_01880,trip_01879,480,,300,Outbound,0
2025-01-22,Orange,stop_027,trip_01881,trip_01880,510,,300,Inbound,1
2025-01-23,Red,stop_028,trip_01882,trip_01881,540,,300,Outbound,0
2025-01-24,Orange,stop_029,trip_01883,trip_01882,570,,300,Inbound,1
2025-01-25,Red,stop_030,trip_01884,trip_01883,240,,300,Outbound,0
2025-01-26,Orange,stop_031,trip_01885,trip_01884,270,,300,Inbound,1
2025-01-27,Red,stop_032,trip_01886,trip_01885,300,,300,Outbound,0
2025-01-28,Orange,stop_033,trip_01887,trip_01886,330,,300,Inbound,1
2025-01-29,Red,stop_034,trip_01888,trip_01887,360,,300,Outbound,0
2025-01-30,Orange,stop_035,trip_01889,trip_01888,390,,300,Inbound,1
2025-01-31,Red,stop_001,trip_01890,trip_01889,420,,300,Outbound,0
2025-01-01,Orange,stop_002,trip_01891,trip_01890,450,,300,Inbound,1
2025-01-02,Red,stop_003,trip_01892,trip_01891,480,,300,Outbound,0
2025-01-03,Orange,stop_004,trip_01893,trip_01892,510,,300,Inbound,1
2025-01-04,Red,stop_005,trip_01894,trip_01893,540,,300,Outbound,0
2025-01-05,Orange,stop_006,trip_01895,trip_01894,570,,300,Inbound,1
2025-01-06,Red,stop_007,trip_01896,trip_01895,240,,300,Outbound,0
2025-01-07,Orange,stop_008,trip_01897,trip_01896,270,,300,Inbound,1
2025-01-08,Red,stop_009,trip_01898,trip_01897,300,,300,Outbound,0
2025-01-09,Orange,stop_010,trip_01899,trip_01898,330,,300,Inbound,1
2025-01-10,Red,stop_011,trip_01900,trip_01899,360,,300,Outbound,0
2025-01-11,Orange,stop_012,trip_01901,trip_01900,390,,300,Inbound,1
2025-01-12,Red,stop_013,trip_01902,trip_01901,420,,300,Outbound,0
2025-01-13,Orange,stop_014,trip_01903,trip_01902,450,,300,Inbound,1
2025-01-14,Red,stop_015,trip_01904,trip_01903,480,,300,Outbound,0
2025-01-15,Orange,stop_016,trip_01905,trip_01904,510,,300,Inbound,1
2025-01-16,Red,stop_017,trip_01906,trip_01905,540,,300,Outbound,0
2025-01-17,Orange,stop_018,trip_01907,trip_01906,570,,300,Inbound,1
2025-01-18,Red,stop_019,trip_01908,trip_01907,240,,300,Outbound,0
2025-01-19,Orange,stop_020,trip_01909,trip_01908,270,,300,Inbound,1
2025-01-20,Red,stop_021,trip_01910,trip_01909,300,,300,Outbound,0
2025-01-21,Orange,stop_022,trip_01911,trip_01910,330,,300,Inbound,1
2025-01-22,Red,stop_023,trip_01912,trip_01911,360,,300,Outbound,0
2025-01-23,Orange,stop_024,trip_01913,trip_01912,390,,300,Inbound,1
2025-01-24,Red,stop_025,trip_01914,trip_01913,420,,300,Outbound,0
2025-01-25,Orange,stop_026,trip_01915,trip_01914,450,,300,Inbound,1
2025-01-26,Red,stop_027,trip_01916,trip_01915,480,,300,Outbound,0
2025-01-27,Orange,stop_028,trip_01917,trip_01916,510,,300,Inbound,1
2025-01-28,Red,stop_029,trip_01918,trip_01917,540,,300,Outbound,0
2025-01-29,Orange,stop_030,trip_01919,trip_01918,570,,300,Inbound,1
2025-01-30,Red,stop_031,trip_01920,trip_01919,240,,300,Outbound,0
2025-01-31,Orange,stop_032,trip_01921,trip_01920,270,,300,Inbound,1
2025-01-01,Red,stop_033,trip_01922,trip_01921,300,,300,Outbound,0
2025-01-02,Orange,stop_034,trip_01923,trip_01922,330,,300,Inbound,1
2025-01-03,Red,stop_035,trip_01924,trip_01923,360,,300,Outbound,0
2025-01-04,Orange,stop_001,trip_01925,trip_01924,390,,300,Inbound,1
2025-01-05,Red,stop_002,trip_01926,trip_01925,420,,300,Outbound,0
2025-01-06,Orange,stop_003,trip_01927,trip_01926,450,,300,Inbound,1
2025-01-07,Red,stop_004,trip_01928,trip_01927,480,,300,Outbound,0
2025-01-08,Orange,stop_005,trip_01929,trip_01928,510,,300,Inbound,1
2025-01-09,Red,stop_006,trip_01930,trip_01929,540,,300,Outbound,0
2025-01-10,Orange,stop_007,trip_01931,trip_01930,570,,300,Inbound,1
2025-01-11,Red,stop_008,trip_01932,trip_01931,240,,300,Outbound,0
2025-01-12,Orange,stop_009,trip_01933,trip_01932,270,,300,Inbound,1
2025-01-13,Red,stop_010,trip_01934,trip_01933,300,,300,Outbound,0
2025-01-14,Orange,stop_011,trip_01935,trip_01934,330,,300,Inbound,1
2025-01-15,Red,stop_012,trip_01936,trip_01935,360,,300,Outbound,0
2025-01-16,Orange,stop_013,trip_01937,trip_01936,390,,300,Inbound,1
2025-01-17,Red,stop_014,trip_01938,trip_01937,420,,300,Outbound,0
2025-01-18,Orange,stop_015,trip_01939,trip_01938,450,,300,Inbound,1
2025-01-19,Red,stop_016,trip_01940,trip_01939,480,,300,Outbound,0
2025-01-20,Orange,stop_017,trip_01941,trip_01940,510,,300,Inbound,1
2025-01-21,Red,stop_018,trip_01942,trip_01941,540,,300,Outbound,0
2025-01-22,Orange,stop_019,trip_01943,trip_01942,570,,300,Inbound,1
2025-01-23,Red,stop_020,trip_01944,trip_01943,240,,300,Outbound,0
2025-01-24,Orange,stop_021,trip_01945,trip_01944,270,,300,Inbound,1
2025-01-25,Red,stop_022,trip_01946,trip_01945,300,,300,Outbound,0
2025-01-26,Orange,stop_023,trip_01947,trip_01946,330,,300,Inbound,1
2025-01-27,Red,stop_024,trip_01948,trip_01947,360,,300,Outbound,0
2025-01-28,Orange,stop_025,trip_01949,trip_01948,390,,300,Inbound,1
2025-01-29,Red,stop_026,trip_01950,trip_01949,420,,300,Outbound,0
2025-01-30,Orange,stop_027,trip_01951,trip_01950,450,,300,Inbound,1
2025-01-31,Red,stop_028,trip_01952,trip_01951,480,,300,Outbound,0
2025-01-01,Orange,stop_029,trip_01953,trip_01952,510,,300,Inbound,1
2025-01-02,Red,stop_030,trip_01954,trip_01953,540,,300,Outbound,0
2025-01-03,Orange,stop_031,trip_01955,trip_01954,570,,300,Inbound,1
2025-01-04,Red,stop_032,trip_01956,trip_01955,240,,300,Outbound,0
2025-01-05,Orange,stop_033,trip_01957,trip_01956,270,,300,Inbound,1
2025-01-06,Red,stop_034,trip_01958,trip_01957,300,,300,Outbound,0
2025-01-07,Orange,stop_035,trip_01959,trip_01958,330,,300,Inbound,1
2025-01-08,Red,stop_001,trip_01960,trip_01959,360,,300,Outbound,0
2025-01-09,Orange,stop_002,trip_01961,trip_01960,390,,300,Inbound,1
2025-01-10,Red,stop_003,trip_01962,trip_01961,420,,300,Outbound,0
2025-01-11,Orange,stop_004,trip_01963,trip_01962,450,,300,Inbound,1
2025-01-12,Red,stop_005,trip_01964,trip_01963,480,,300,Outbound,0
2025-01-13,Orange,stop_006,trip_01965,trip_01964,510,,300,Inbound,1
2025-01-14,Red,stop_007,trip_01966,trip_01965,540,,300,Outbound,0
2025-01-15,Orange,stop_008,trip_01967,trip_01966,570,,300,Inbound,1
2025-01-16,Red,stop_009,trip_01968,trip_01967,240,,300,Outbound,0
2025-01-17,Orange,stop_010,trip_01969,trip_01968,270,,300,Inbound,1
2025-01-18,Red,stop_011,trip_01970,trip_01969,300,,300,Outbound,0
2025-01-19,Orange,stop_012,trip_01971,trip_01970,330,,300,Inbound,1
2025-01-20,Red,stop_013,trip_01972,trip_01971,360,,300,Outbound,0
2025-01-21,Orange,stop_014,trip_01973,trip_01972,390,,300,Inbound,1
2025-01-22,Red,stop_015,trip_01974,trip_01973,420,,300,Outbound,0
2025-01-23,Orange,stop_016,trip_01975,trip_01974,450,,300,Inbound,1
2025-01-24,Red,stop_017,trip_01976,trip_01975,480,,300,Outbound,0
2025-01-25,Orange,stop_018,trip_01977,trip_01976,510,,300,Inbound,1
2025-01-26,Red,stop_019,trip_01978,trip_01977,540,,300,Outbound,0
2025-01-27,Orange,stop_020,trip_01979,trip_01978,570,,300,Inbound,1
2025-01-28,Red,stop_021,trip_01980,trip_01979,240,,300,Outbound,0
2025-01-29,Orange,stop_022,trip_01981,trip_01980,270,,300,Inbound,1
2025-01-30,Red,stop_023,trip_01982,trip_01981,300,,300,Outbound,0
2025-01-31,Orange,stop_024,trip_01983,trip_01982,330,,300,Inbound,1
2025-01-01,Red,stop_025,trip_01984,trip_01983,360,,300,Outbound,0
2025-01-02,Orange,stop_026,trip_01985,trip_01984,390,,300,Inbound,1
2025-01-03,Red,stop_027,trip_01986,trip_01985,420,,300,Outbound,0
2025-01-04,Orange,stop_028,trip_01987,trip_01986,450,,300,Inbound,1
2025-01-05,Red,stop_029,trip_01988,trip_01987,480,,300,Outbound,0
2025-01-06,Orange,stop_030,trip_01989,trip_01988,510,,300,Inbound,1
2025-01-07,Red,stop_031,trip_01990,trip_01989,540,,300,Outbound,0
2025-01-08,Orange,stop_032,trip_01991,trip_01990,570,,300,Inbound,1
2025-01-09,Red,stop_033,trip_01992,trip_01991,240,,300,Outbound,0
2025-01-10,Orange,stop_034,trip_01993,trip_01992,270,,300,Inbound,1
2025-01-11,Red,stop_035,trip_01994,trip_01993,300,,300,Outbound,0
2025-01-12,Orange,stop_001,trip_01995,trip_01994,330,,300,Inbound,1
2025-01-13,Red,stop_002,trip_01996,trip_01995,360,,300,Outbound,0
2025-01-14,Orange,stop_003,trip_01997,trip_01996,390,,300,Inbound,1
2025-01-15,Red,stop_004,trip_01998,trip_01997,420,,300,Outbound,0
2025-01-16,Orange,stop_005,trip_01999,trip_01998,450,,300,Inbound,1
2025-01-17,Red,stop_006,trip_02000,trip_01999,480,,300,Outbound,0
2025-01-18,Orange,stop_007,trip_02001,trip_02000,510,,300,Inbound,1
2025-01-19,Red,stop_008,trip_02002,trip_02001,540,,300,Outbound,0
2025-01-20,Orange,stop_009,trip_02003,trip_02002,570,,300,Inbound,1
2025-01-21,Red,stop_010,trip_02004,trip_02003,240,,300,Outbound,0
2025-01-22,Orange,stop_011,trip_02005,trip_02004,270,,300,Inbound,1
2025-01-23,Red,stop_012,trip_02006,trip_02005,300,,300,Outbound,0
2025-01-24,Orange,stop_013,trip_02007,trip_02006,330,,300,Inbound,1
2025-01-25,Red,stop_014,trip_02008,trip_02007,360,,300,Outbound,0
2025-01-26,Orange,stop_015,trip_02009,trip_02008,390,,300,Inbound,1
2025-01-27,Red,stop_016,trip_02010,trip_02009,420,,300,Outbound,0
2025-01-28,Orange,stop_017,trip_02011,trip_02010,450,,300,Inbound,1
2025-01-29,Red,stop_018,trip_02012,trip_02011,480,,300,Outbound,0
2025-01-30,Orange,stop_019,trip_02013,trip_02012,510,,300,Inbound,1
2025-01-31,Red,stop_020,trip_02014,trip_02013,540,,300,Outbound,0
2025-01-01,Orange,stop_021,trip_02015,trip_02014,570,,300,Inbound,1
2025-01-02,Red,stop_022,trip_02016,trip_02015,240,,300,Outbound,0
2025-01-03,Orange,stop_023,trip_02017,trip_02016,270,,300,Inbound,1
2025-01-04,Red,stop_024,trip_02018,trip_02017,300,,300,Outbound,0
2025-01-05,Orange,stop_025,trip_02019,trip_02018,330,,300,Inbound,1
2025-01-06,Red,stop_026,trip_02020,trip_02019,360,,300,Outbound,0
2025-01-07,Orange,stop_027,trip_02021,trip_02020,390,,300,Inbound,1
2025-01-08,Red,stop_028,trip_02022,trip_02021,420,,300,Outbound,0
2025-01-09,Orange,stop_029,trip_02023,trip_02022,450,,300,Inbound,1
2025-01-10,Red,stop_030,trip_02024,trip_02023,480,,300,Outbound,0
2025-01-11,Orange,stop_031,trip_02025,trip_02024,510,,300,Inbound,1
2025-01-12,Red,stop_032,trip_02026,trip_02025,540,,300,Outbound,0
2025-01-13,Orange,stop_033,trip_02027,trip_02026,570,,300,Inbound,1
2025-01-14,Red,stop_034,trip_02028,trip_02027,240,,300,Outbound,0
2025-01-15,Orange,stop_035,trip_02029,trip_02028,270,,300,Inbound,1
2025-01-16,Red,stop_001,trip_02030,trip_02029,300,,300,Outbound,0
2025-01-17,Orange,stop_002,trip_02031,trip_02030,330,,300,Inbound,1
2025-01-18,Red,stop_003,trip_02032,trip_02031,360,,300,Outbound,0
2025-01-19,Orange,stop_004,trip_02033,trip_02032,390,,300,Inbound,1
2025-01-20,Red,stop_005,trip_02034,trip_02033,420,,300,Outbound,0
2025-01-21,Orange,stop_006,trip_02035,trip_02034,450,,300,Inbound,1
2025-01-22,Red,stop_007,trip_02036,trip_02035,480,,300,Outbound,0
2025-01-23,Orange,stop_008,trip_02037,trip_02036,510,,300,Inbound,1
2025-01-24,Red,stop_009,trip_02038,trip_02037,540,,300,Outbound,0
2025-01-25,Orange,stop_010,trip_02039,trip_02038,570,,300,Inbound,1
2025-01-26,Red,stop_011,trip_02040,trip_02039,240,,300,Outbound,0
2025-01-27,Orange,stop_012,trip_02041,trip_02040,270,,300,Inbound,1
2025-01-28,Red,stop_013,trip_02042,trip_02041,300,,300,Outbound,0
2025-01-29,Orange,stop_014,trip_02043,trip_02042,330,,300,Inbound,1
2025-01-30,Red,stop_015,trip_02044,trip_02043,360,,300,Outbound,0
2025-01-31,Orange,stop_016,trip_02045,trip_02044,390,,300,Inbound,1
2025-01-01,Red,stop_017,trip_02046,trip_02045,420,,300,Outbound,0
2025-01-02,Orange,stop_018,trip_02047,trip_02046,450,,300,Inbound,1
2025-01-03,Red,stop_019,trip_02048,trip_02047,480,,300,Outbound,0
2025-01-04,Orange,stop_020,trip_02049,trip_02048,510,,300,Inbound,1
2025-01-05,Red,stop_021,trip_02050,trip_02049,540,,300,Outbound,0
2025-01-06,Orange,stop_022,trip_02051,trip_02050,570,,300,Inbound,1
2025-01-07,Red,stop_023,trip_02052,trip_02051,240,,300,Outbound,0
2025-01-08,Orange,stop_024,trip_02053,trip_02052,270,,300,Inbound,1
2025-01-09,Red,stop_025,trip_02054,trip_02053,300,,300,Outbound,0
2025-01-10,Orange,stop_026,trip_02055,trip_02054,330,,300,Inbound,1
2025-01-11,Red,stop_027,trip_02056,trip_02055,360,,300,Outbound,0
2025-01-12,Orange,stop_028,trip_02057,trip_02056,390,,300,Inbound,1
2025-01-13,Red,stop_029,trip_02058,trip_02057,420,,300,Outbound,0
2025-01-14,Orange,stop_030,trip_02059,trip_02058,450,,300,Inbound,1
2025-01-15,Red,stop_031,trip_02060,trip_02059,480,,300,Outbound,0
2025-01-16,Orange,stop_032,trip_02061,trip_02060,510,,300,Inbound,1
2025-01-17,Red,stop_033,trip_02062,trip_02061,540,,300,Outbound,0
2025-01-18,Orange,stop_034,trip_02063,trip_02062,570,,300,Inbound,1
2025-01-19,Red,stop_035,trip_02064,trip_02063,240,,300,Outbound,0
2025-01-20,Orange,stop_001,trip_02065,trip_02064,270,,300,Inbound,1
2025-01-21,Red,stop_002,trip_02066,trip_02065,300,,300,Outbound,0
2025-01-22,Orange,stop_003,trip_02067,trip_02066,330,,300,Inbound,1
2025-01-23,Red,stop_004,trip_02068,trip_02067,360,,300,Outbound,0
2025-01-24,Orange,stop_005,trip_02069,trip_02068,390,,300,Inbound,1
2025-01-25,Red,stop_006,trip_02070,trip_02069,420,,300,Outbound,0
2025-01-26,Orange,stop_007,trip_02071,trip_02070,450,,300,Inbound,1
2025-01-27,Red,stop_008,trip_02072,trip_02071,480,,300,Outbound,0
2025-01-28,Orange,stop_009,trip_02073,trip_02072,510,,300,Inbound,1
2025-01-29,Red,stop_010,trip_02074,trip_02073,540,,300,Outbound,0
2025-01-30,Orange,stop_011,trip_02075,trip_02074,570,,300,Inbound,1
2025-01-31,Red,stop_012,trip_02076,trip_02075,240,,300,Outbound,0
2025-01-01,Orange,stop_013,trip_02077,trip_02076,270,,300,Inbound,1
2025-01-02,Red,stop_014,trip_02078,trip_02077,300,,300,Outbound,0
2025-01-03,Orange,stop_015,trip_02079,trip_02078,330,,300,Inbound,1
2025-01-04,Red,stop_016,trip_02080,trip_02079,360,,300,Outbound,0
2025-01-05,Orange,stop_017,trip_02081,trip_02080,390,,300,Inbound,1
2025-01-06,Red,stop_018,trip_02082,trip_02081,420,,300,Outbound,0
2025-01-07,Orange,stop_019,trip_02083,trip_02082,450,,300,Inbound,1
2025-01-08,Red,stop_020,trip_02084,trip_02083,480,,300,Outbound,0
2025-01-09,Orange,stop_021,trip_02085,trip_02084,510,,300,Inbound,1
2025-01-10,Red,stop_022,trip_02086,trip_02085,540,,300,Outbound,0
2025-01-11,Orange,stop_023,trip_02087,trip_02086,570,,300,Inbound,1
2025-01-12,Red,stop_024,trip_02088,trip_02087,240,,300,Outbound,0
2025-01-13,Orange,stop_025,trip_02089,trip_02088,270,,300,Inbound,1
2025-01-14,Red,stop_026,trip_02090,trip_02089,300,,300,Outbound,0
2025-01-15,Orange,stop_027,trip_02091,trip_02090,330,,300,Inbound,1
2025-01-16,Red,stop_028,trip_02092,trip_02091,360,,300,Outbound,0
2025-01-17,Orange,stop_029,trip_02093,trip_02092,390,,300,Inbound,1
2025-01-18,Red,stop_030,trip_02094,trip_02093,420,,300,Outbound,0
2025-01-19,Orange,stop_031,trip_02095,trip_02094,450,,300,Inbound,1
2025-01-20,Red,stop_032,trip_02096,trip_02095,480,,300,Outbound,0
2025-01-21,Orange,stop_033,trip_02097,trip_02096,510,,300,Inbound,1
2025-01-22,Red,stop_034,trip_02098,trip_02097,540,,300,Outbound,0
2025-01-23,Orange,stop_035,trip_02099,trip_02098,570,,300,Inbound,1
2025-01-24,Red,stop_001,trip_02100,trip_02099,240,,300,Outbound,0
2025-01-25,Orange,stop_002,trip_02101,trip_02100,270,,300,Inbound,1
2025-01-26,Red,stop_003,trip_02102,trip_02101,300,,300,Outbound,0
2025-01-27,Orange,stop_004,trip_02103,trip_02102,330,,300,Inbound,1
2025-01-28,Red,stop_005,trip_02104,trip_02103,360,,300,Outbound,0
2025-01-29,Orange,stop_006,trip_02105,trip_02104,390,,300,Inbound,1
2025-01-30,Red,stop_007,trip_02106,trip_02105,420,,300,Outbound,0
2025-01-31,Orange,stop_008,trip_02107,trip_02106,450,,300,Inbound,1
2025-01-01,Red,stop_009,trip_02108,trip_02107,480,,300,Outbound,0
2025-01-02,Orange,stop_010,trip_02109,trip_02108,510,,300,Inbound,1
2025-01-03,Red,stop_011,trip_02110,trip_02109,540,,300,Outbound,0
2025-01-04,Orange,stop_012,trip_02111,trip_02110,570,,300,Inbound,1
2025-01-05,Red,stop_013,trip_02112,trip_02111,240,,300,Outbound,0
2025-01-06,Orange,stop_014,trip_02113,trip_02112,270,,300,Inbound,1
2025-01-07,Red,stop_015,trip_02114,trip_02113,300,,300,Outbound,0
2025-01-08,Orange,stop_016,trip_02115,trip_02114,330,,300,Inbound,1
2025-01-09,Red,stop_017,trip_02116,trip_02115,360,,300,Outbound,0
2025-01-10,Orange,stop_018,trip_02117,trip_02116,390,,300,Inbound,1
2025-01-11,Red,stop_019,trip_02118,trip_02117,420,,300,Outbound,0
2025-01-12,Orange,stop_020,trip_02119,trip_02118,450,,300,Inbound,1
2025-01-13,Red,stop_021,trip_02120,trip_02119,480,,300,Outbound,0
2025-01-14,Orange,stop_022,trip_02121,trip_02120,510,,300,Inbound,1
2025-01-15,Red,stop_023,trip_02122,trip_02121,540,,300,Outbound,0
2025-01-16,Orange,stop_024,trip_02123,trip_02122,570,,300,Inbound,1
2025-01-17,Red,stop_025,trip_02124,trip_02123,240,,300,Outbound,0
2025-01-18,Orange,stop_026,trip_02125,trip_02124,270,,300,Inbound,1
2025-01-19,Red,stop_027,trip_02126,trip_02125,300,,300,Outbound,0
2025-01-20,Orange,stop_028,trip_02127,trip_02126,330,,300,Inbound,1
2025-01-21,Red,stop_029,trip_02128,trip_02127,360,,300,Outbound,0
2025-01-22,Orange,stop_030,trip_02129,trip_02128,390,,300,Inbound,1
2025-01-23,Red,stop_031,trip_02130,trip_02129,420,,300,Outbound,0
2025-01-24,Orange,stop_032,trip_02131,trip_02130,450,,300,Inbound,1
2025-01-25,Red,stop_033,trip_02132,trip_02131,480,,300,Outbound,0
2025-01-26,Orange,stop_034,trip_02133,trip_02132,510,,300,Inbound,1
2025-01-27,Red,stop_035,trip_02134,trip_02133,540,,300,Outbound,0
2025-01-28,Orange,stop_001,trip_02135,trip_02134,570,,300,Inbound,1
2025-01-29,Red,stop_002,trip_02136,trip_02135,240,,300,Outbound,0
2025-01-30,Orange,stop_003,trip_02137,trip_02136,270,,300,Inbound,1
2025-01-31,Red,stop_004,trip_02138,trip_02137,300,,300,Outbound,0
2025-01-01,Orange,stop_005,trip_02139,trip_02138,330,,300,Inbound,1
2025-01-02,Red,stop_006,trip_02140,trip_02139,360,,300,Outbound,0
2025-01-03,Orange,stop_007,trip_02141,trip_02140,390,,300,Inbound,1
2025-01-04,Red,stop_008,trip_02142,trip_02141,420,,300,Outbound,0
2025-01-05,Orange,stop_009,trip_02143,trip_02142,450,,300,Inbound,1
2025-01-06,Red,stop_010,trip_02144,trip_02143,480,,300,Outbound,0
2025-01-07,Orange,stop_011,trip_02145,trip_02144,510,,300,Inbound,1
2025-01-08,Red,stop_012,trip_02146,trip_02145,540,,300,Outbound,0
2025-01-09,Orange,stop_013,trip_02147,trip_02146,570,,300,Inbound,1
2025-01-10,Red,stop_014,trip_02148,trip_02147,240,,300,Outbound,0
2025-01-11,Orange,stop_015,trip_02149,trip_02148,270,,300,Inbound,1
2025-01-12,Red,stop_016,trip_02150,trip_02149,300,,300,Outbound,0
2025-01-13,Orange,stop_017,trip_02151,trip_02150,330,,300,Inbound,1
2025-01-14,Red,stop_018,trip_02152,trip_02151,360,,300,Outbound,0
2025-01-15,Orange,stop_019,trip_02153,trip_02152,390,,300,Inbound,1
2025-01-16,Red,stop_020,trip_02154,trip_02153,420,,300,Outbound,0
2025-01-17,Orange,stop_021,trip_02155,trip_02154,450,,300,Inbound,1
2025-01-18,Red,stop_022,trip_02156,trip_02155,480,,300,Outbound,0
2025-01-19,Orange,stop_023,trip_02157,trip_02156,510,,300,Inbound,1
2025-01-20,Red,stop_024,trip_02158,trip_02157,540,,300,Outbound,0
2025-01-21,Orange,stop_025,trip_02159,trip_02158,570,,300,Inbound,1
2025-01-22,Red,stop_026,trip_02160,trip_02159,240,,300,Outbound,0
2025-01-23,Orange,stop_027,trip_02161,trip_02160,270,,300,Inbound,1
2025-01-24,Red,stop_028,trip_02162,trip_02161,300,,300,Outbound,0
2025-01-25,Orange,stop_029,trip_02163,trip_02162,330,,300,Inbound,1
2025-01-26,Red,stop_030,trip_02164,trip_02163,360,,300,Outbound,0
2025-01-27,Orange,stop_031,trip_02165,trip_02164,390,,300,Inbound,1
2025-01-28,Red,stop_032,trip_02166,trip_02165,420,,300,Outbound,0
2025-01-29,Orange,stop_033,trip_02167,trip_02166,450,,300,Inbound,1
2025-01-30,Red,stop_034,trip_02168,trip_02167,480,,300,Outbound,0
2025-01-31,Orange,stop_035,trip_02169,trip_02168,510,,300,Inbound,1
2025-01-01,Red,stop_001,trip_02170,trip_02169,540,,300,Outbound,0
2025-01-02,Orange,stop_002,trip_02171,trip_02170,570,,300,Inbound,1
2025-01-03,Red,stop_003,trip_02172,trip_02171,240,,300,Outbound,0
2025-01-04,Orange,stop_004,trip_02173,trip_02172,270,,300,Inbound,1
2025-01-05,Red,stop_005,trip_02174,trip_02173,300,,300,Outbound,0
2025-01-06,Orange,stop_006,trip_02175,trip_02174,330,,300,Inbound,1
2025-01-07,Red,stop_007,trip_02176,trip_02175,360,,300,Outbound,0
2025-01-08,Orange,stop_008,trip_02177,trip_02176,390,,300,Inbound,1
2025-01-09,Red,stop_009,trip_02178,trip_02177,420,,300,Outbound,0
2025-01-10,Orange,stop_010,trip_02179,trip_02178,450,,300,Inbound,1
2025-01-11,Red,stop_011,trip_02180,trip_02179,480,,300,Outbound,0
2025-01-12,Orange,stop_012,trip_02181,trip_02180,510,,300,Inbound,1
2025-01-13,Red,stop_013,trip_02182,trip_02181,540,,300,Outbound,0
2025-01-14,Orange,stop_014,trip_02183,trip_02182,570,,300,Inbound,1
2025-01-15,Red,stop_015,trip_02184,trip_02183,240,,300,Outbound,0
2025-01-16,Orange,stop_016,trip_02185,trip_02184,270,,300,Inbound,1
2025-01-17,Red,stop_017,trip_02186,trip_02185,300,,300,Outbound,0
2025-01-18,Orange,stop_018,trip_02187,trip_02186,330,,300,Inbound,1
2025-01-19,Red,stop_019,trip_02188,trip_02187,360,,300,Outbound,0
2025-01-20,Orange,stop_020,trip_02189,trip_02188,390,,300,Inbound,1
2025-01-21,Red,stop_021,trip_02190,trip_02189,420,,300,Outbound,0
2025-01-22,Orange,stop_022,trip_02191,trip_02190,450,,300,Inbound,1
2025-01-23,Red,stop_023,trip_02192,trip_02191,480,,300,Outbound,0
2025-01-24,Orange,stop_024,trip_02193,trip_02192,510,,300,Inbound,1
2025-01-25,Red,stop_025,trip_02194,trip_02193,540,,300,Outbound,0
2025-01-26,Orange,stop_026,trip_02195,trip_02194,570,,300,Inbound,1
2025-01-27,Red,stop_027,trip_02196,trip_02195,240,,300,Outbound,0
2025-01-28,Orange,stop_028,trip_02197,trip_02196,270,,300,Inbound,1
2025-01-29,Red,stop_029,trip_02198,trip_02197,300,,300,Outbound,0
2025-01-30,Orange,stop_030,trip_02199,trip_02198,330,,300,Inbound,1
2025-01-31,Red,stop_031,trip_02200,trip_02199,360,,300,Outbound,0
2025-01-01,Orange,stop_032,trip_02201,trip_02200,390,,300,Inbound,1
2025-01-02,Red,stop_033,trip_02202,trip_02201,420,,300,Outbound,0
2025-01-03,Orange,stop_034,trip_02203,trip_02202,450,,300,Inbound,1
2025-01-04,Red,stop_035,trip_02204,trip_02203,480,,300,Outbound,0
2025-01-05,Orange,stop_001,trip_02205,trip_02204,510,,300,Inbound,1
2025-01-06,Red,stop_002,trip_02206,trip_02205,540,,300,Outbound,0
2025-01-07,Orange,stop_003,trip_02207,trip_02206,570,,300,Inbound,1
2025-01-08,Red,stop_004,trip_02208,trip_02207,240,,300,Outbound,0
2025-01-09,Orange,stop_005,trip_02209,trip_02208,270,,300,Inbound,1
2025-01-10,Red,stop_006,trip_02210,trip_02209,300,,300,Outbound,0
2025-01-11,Orange,stop_007,trip_02211,trip_02210,330,,300,Inbound,1
2025-01-12,Red,stop_008,trip_02212,trip_02211,360,,300,Outbound,0
2025-01-13,Orange,stop_009,trip_02213,trip_02212,390,,300,Inbound,1
2025-01-14,Red,stop_010,trip_02214,trip_02213,420,,300,Outbound,0
2025-01-15,Orange,stop_011,trip_02215,trip_02214,450,,300,Inbound,1
2025-01-16,Red,stop_012,trip_02216,trip_02215,480,,300,Outbound,0
2025-01-17,Orange,stop_013,trip_02217,trip_02216,510,,300,Inbound,1
2025-01-18,Red,stop_014,trip_02218,trip_02217,540,,300,Outbound,0
2025-01-19,Orange,stop_015,trip_02219,trip_02218,570,,300,Inbound,1
2025-01-20,Red,stop_016,trip_02220,trip_02219,240,,300,Outbound,0
2025-01-21,Orange,stop_017,trip_02221,trip_02220,270,,300,Inbound,1
2025-01-22,Red,stop_018,trip_02222,trip_02221,300,,300,Outbound,0
2025-01-23,Orange,stop_019,trip_02223,trip_02222,330,,300,Inbound,1
2025-01-24,Red,stop_020,trip_02224,trip_02223,360,,300,Outbound,0
2025-01-25,Orange,stop_021,trip_02225,trip_02224,390,,300,Inbound,1
2025-01-26,Red,stop_022,trip_02226,trip_02225,420,,300,Outbound,0
2025-01-27,Orange,stop_023,trip_02227,trip_02226,450,,300,Inbound,1
2025-01-28,Red,stop_024,trip_02228,trip_02227,480,,300,Outbound,0
2025-01-29,Orange,stop_025,trip_02229,trip_02228,510,,300,Inbound,1
2025-01-30,Red,stop_026,trip_02230,trip_02229,540,,300,Outbound,0
2025-01-31,Orange,stop_027,trip_02231,trip_02230,570,,300,Inbound,1
2025-01-01,Red,stop_028,trip_02232,trip_02231,240,,300,Outbound,0
2025-01-02,Orange,stop_029,trip_02233,trip_02232,270,,300,Inbound,1
2025-01-03,Red,stop_030,trip_02234,trip_02233,300,,300,Outbound,0
2025-01-04,Orange,stop_031,trip_02235,trip_02234,330,,300,Inbound,1
2025-01-05,Red,stop_032,trip_02236,trip_02235,360,,300,Outbound,0
2025-01-06,Orange,stop_033,trip_02237,trip_02236,390,,300,Inbound,1
2025-01-07,Red,stop_034,trip_02238,trip_02237,420,,300,Outbound,0
2025-01-08,Orange,stop_035,trip_02239,trip_02238,450,,300,Inbound,1
2025-01-09,Red,stop_001,trip_02240,trip_02239,480,,300,Outbound,0
2025-01-10,Orange,stop_002,trip_02241,trip_02240,510,,300,Inbound,1
2025-01-11,Red,stop_003,trip_02242,trip_02241,540,,300,Outbound,0
2025-01-12,Orange,stop_004,trip_02243,trip_02242,570,,300,Inbound,1
2025-01-13,Red,stop_005,trip_02244,trip_02243,240,,300,Outbound,0
2025-01-14,Orange,stop_006,trip_02245,trip_02244,270,,300,Inbound,1
2025-01-15,Red,stop_007,trip_02246,trip_02245,300,,300,Outbound,0
2025-01-16,Orange,stop_008,trip_02247,trip_02246,330,,300,Inbound,1
2025-01-17,Red,stop_009,trip_02248,trip_02247,360,,300,Outbound,0
2025-01-18,Orange,stop_010,trip_02249,trip_02248,390,,300,Inbound,1
2025-01-19,Red,stop_011,trip_02250,trip_02249,420,,300,Outbound,0
2025-01-20,Orange,stop_012,trip_02251,trip_02250,450,,300,Inbound,1
2025-01-21,Red,stop_013,trip_02252,trip_02251,480,,300,Outbound,0
2025-01-22,Orange,stop_014,trip_02253,trip_02252,510,,300,Inbound,1
2025-01-23,Red,stop_015,trip_02254,trip_02253,540,,300,Outbound,0
2025-01-24,Orange,stop_016,trip_02255,trip_02254,570,,300,Inbound,1
2025-01-25,Red,stop_017,trip_02256,trip_02255,240,,300,Outbound,0
2025-01-26,Orange,stop_018,trip_02257,trip_02256,270,,300,Inbound,1
2025-01-27,Red,stop_019,trip_02258,trip_02257,300,,300,Outbound,0
2025-01-28,Orange,stop_020,trip_02259,trip_02258,330,,300,Inbound,1
2025-01-29,Red,stop_021,trip_02260,trip_02259,360,,300,Outbound,0
2025-01-30,Orange,stop_022,trip_02261,trip_02260,390,,300,Inbound,1
2025-01-31,Red,stop_023,trip_02262,trip_02261,420,,300,Outbound,0
2025-01-01,Orange,stop_024,trip_02263,trip_02262,450,,300,Inbound,1
2025-01-02,Red,stop_025,trip_02264,trip_02263,480,,300,Outbound,0
2025-01-03,Orange,stop_026,trip_02265,trip_02264,510,,300,Inbound,1
2025-01-04,Red,stop_027,trip_02266,trip_02265,540,,300,Outbound,0
2025-01-05,Orange,stop_028,trip_02267,trip_02266,570,,300,Inbound,1
2025-01-06,Red,stop_029,trip_02268,trip_02267,240,,300,Outbound,0
2025-01-07,Orange,stop_030,trip_02269,trip_02268,270,,300,Inbound,1
2025-01-08,Red,stop_031,trip_02270,trip_02269,300,,300,Outbound,0
2025-01-09,Orange,stop_032,trip_02271,trip_02270,330,,300,Inbound,1
2025-01-10,Red,stop_033,trip_02272,trip_02271,360,,300,Outbound,0
2025-01-11,Orange,stop_034,trip_02273,trip_02272,390,,300,Inbound,1
2025-01-12,Red,stop_035,trip_02274,trip_02273,420,,300,Outbound,0
2025-01-13,Orange,stop_001,trip_02275,trip_02274,450,,300,Inbound,1
2025-01-14,Red,stop_002,trip_02276,trip_02275,480,,300,Outbound,0
2025-01-15,Orange,stop_003,trip_02277,trip_02276,510,,300,Inbound,1
2025-01-16,Red,stop_004,trip_02278,trip_02277,540,,300,Outbound,0
2025-01-17,Orange,stop_005,trip_02279,trip_02278,570,,300,Inbound,1
2025-01-18,Red,stop_006,trip_02280,trip_02279,240,,300,Outbound,0
2025-01-19,Orange,stop_007,trip_02281,trip_02280,270,,300,Inbound,1
2025-01-20,Red,stop_008,trip_02282,trip_02281,300,,300,Outbound,0
2025-01-21,Orange,stop_009,trip_02283,trip_02282,330,,300,Inbound,1
2025-01-22,Red,stop_010,trip_02284,trip_02283,360,,300,Outbound,0
2025-01-23,Orange,stop_011,trip_02285,trip_02284,390,,300,Inbound,1
2025-01-24,Red,stop_012,trip_02286,trip_02285,420,,300,Outbound,0
2025-01-25,Orange,stop_013,trip_02287,trip_02286,450,,300,Inbound,1
2025-01-26,Red,stop_014,trip_02288,trip_02287,480,,300,Outbound,0
2025-01-27,Orange,stop_015,trip_02289,trip_02288,510,,300,Inbound,1
2025-01-28,Red,stop_016,trip_02290,trip_02289,540,,300,Outbound,0
2025-01-29,Orange,stop_017,trip_02291,trip_02290,570,,300,Inbound,1
2025-01-30,Red,stop_018,trip_02292,trip_02291,240,,300,Outbound,0
2025-01-31,Orange,stop_019,trip_02293,trip_02292,270,,300,Inbound,1
2025-01-01,Red,stop_020,trip_02294,trip_02293,300,,300,Outbound,0
2025-01-02,Orange,stop_021,trip_02295,trip_02294,330,,300,Inbound,1
2025-01-03,Red,stop_022,trip_02296,trip_02295,360,,300,Outbound,0
2025-01-04,Orange,stop_023,trip_02297,trip_02296,390,,300,Inbound,1
2025-01-05,Red,stop_024,trip_02298,trip_02297,420,,300,Outbound,0
2025-01-06,Orange,stop_025,trip_02299,trip_02298,450,,300,Inbound,1
2025-01-07,Red,stop_026,trip_02300,trip_02299,480,,300,Outbound,0
2025-01-08,Orange,stop_027,trip_02301,trip_02300,510,,300,Inbound,1
2025-01-09,Red,stop_028,trip_02302,trip_02301,540,,300,Outbound,0
2025-01-10,Orange,stop_029,trip_02303,trip_02302,570,,300,Inbound,1
2025-01-11,Red,stop_030,trip_02304,trip_02303,240,,300,Outbound,0
2025-01-12,Orange,stop_031,trip_02305,trip_02304,270,,300,Inbound,1
2025-01-13,Red,stop_032,trip_02306,trip_02305,300,,300,Outbound,0
2025-01-14,Orange,stop_033,trip_02307,trip_02306,330,,300,Inbound,1
2025-01-15,Red,stop_034,trip_02308,trip_02307,360,,300,Outbound,0
2025-01-16,Orange,stop_035,trip_02309,trip_02308,390,,300,Inbound,1
2025-01-17,Red,stop_001,trip_02310,trip_02309,420,,300,Outbound,0
2025-01-18,Orange,stop_002,trip_02311,trip_02310,450,,300,Inbound,1
2025-01-19,Red,stop_003,trip_02312,trip_02311,480,,300,Outbound,0
2025-01-20,Orange,stop_004,trip_02313,trip_02312,510,,300,Inbound,1
2025-01-21,Red,stop_005,trip_02314,trip_02313,540,,300,Outbound,0
2025-01-22,Orange,stop_006,trip_02315,trip_02314,570,,300,Inbound,1
2025-01-23,Red,stop_007,trip_02316,trip_02315,240,,300,Outbound,0
2025-01-24,Orange,stop_008,trip_02317,trip_02316,270,,300,Inbound,1
2025-01-25,Red,stop_009,trip_02318,trip_02317,300,,300,Outbound,0
2025-01-26,Orange,stop_010,trip_02319,trip_02318,330,,300,Inbound,1
2025-01-27,Red,stop_011,trip_02320,trip_02319,360,,300,Outbound,0
2025-01-28,Orange,stop_012,trip_02321,trip_02320,390,,300,Inbound,1
2025-01-29,Red,stop_013,trip_02322,trip_02321,420,,300,Outbound,0
2025-01-30,Orange,stop_014,trip_02323,trip_02322,450,,300,Inbound,1
2025-01-31,Red,stop_015,trip_02324,trip_02323,480,,300,Outbound,0
2025-01-01,Orange,stop_016,trip_02325,trip_02324,510,,300,Inbound,1
2025-01-02,Red,stop_017,trip_02326,trip_02325,540,,300,Outbound,0
2025-01-03,Orange,stop_018,trip_02327,trip_02326,570,,300,Inbound,1
2025-01-04,Red,stop_019,trip_02328,trip_02327,240,,300,Outbound,0
2025-01-05,Orange,stop_020,trip_02329,trip_02328,270,,300,Inbound,1
2025-01-06,Red,stop_021,trip_02330,trip_02329,300,,300,Outbound,0
2025-01-07,Orange,stop_022,trip_02331,trip_02330,330,,300,Inbound,1
2025-01-08,Red,stop_023,trip_02332,trip_02331,360,,300,Outbound,0
2025-01-09,Orange,stop_024,trip_02333,trip_02332,390,,300,Inbound,1
2025-01-10,Red,stop_025,trip_02334,trip_02333,420,,300,Outbound,0
2025-01-11,Orange,stop_026,trip_02335,trip_02334,450,,300,Inbound,1
2025-01-12,Red,stop_027,trip_02336,trip_02335,480,,300,Outbound,0
2025-01-13,Orange,stop_028,trip_02337,trip_02336,510,,300,Inbound,1
2025-01-14,Red,stop_029,trip_02338,trip_02337,540,,300,Outbound,0
2025-01-15,Orange,stop_030,trip_02339,trip_02338,570,,300,Inbound,1
2025-01-16,Red,stop_031,trip_02340,trip_02339,240,,300,Outbound,0
2025-01-17,Orange,stop_032,trip_02341,trip_02340,270,,300,Inbound,1
2025-01-18,Red,stop_033,trip_02342,trip_02341,300,,300,Outbound,0
2025-01-19,Orange,stop_034,trip_02343,trip_02342,330,,300,Inbound,1
2025-01-20,Red,stop_035,trip_02344,trip_02343,360,,300,Outbound,0
2025-01-21,Orange,stop_001,trip_02345,trip_02344,390,,300,Inbound,1
2025-01-22,Red,stop_002,trip_02346,trip_02345,420,,300,Outbound,0
2025-01-23,Orange,stop_003,trip_02347,trip_02346,450,,300,Inbound,1
2025-01-24,Red,stop_004,trip_02348,trip_02347,480,,300,Outbound,0
2025-01-25,Orange,stop_005,trip_02349,trip_02348,510,,300,Inbound,1
2025-01-26,Red,stop_006,trip_02350,trip_02349,540,,300,Outbound,0
2025-01-27,Orange,stop_007,trip_02351,trip_02350,570,,300,Inbound,1
2025-01-28,Red,stop_008,trip_02352,trip_02351,240,,300,Outbound,0
2025-01-29,Orange,stop_009,trip_02353,trip_02352,270,,300,Inbound,1
2025-01-30,Red,stop_010,trip_02354,trip_02353,300,,300,Outbound,0
2025-01-31,Orange,stop_011,trip_02355,trip_02354,330,,300,Inbound,1
2025-01-01,Red,stop_012,trip_02356,trip_02355,360,,300,Outbound,0
2025-01-02,Orange,stop_013,trip_02357,trip_02356,390,,300,Inbound,1
2025-01-03,Red,stop_014,trip_02358,trip_02357,420,,300,Outbound,0
2025-01-04,Orange,stop_015,trip_02359,trip_02358,450,,300,Inbound,1
2025-01-05,Red,stop_016,trip_02360,trip_02359,480,,300,Outbound,0
2025-01-06,Orange,stop_017,trip_02361,trip_02360,510,,300,Inbound,1
2025-01-07,Red,stop_018,trip_02362,trip_02361,540,,300,Outbound,0
2025-01-08,Orange,stop_019,trip_02363,trip_02362,570,,300,Inbound,1
2025-01-09,Red,stop_020,trip_02364,trip_02363,240,,300,Outbound,0
2025-01-10,Orange,stop_021,trip_02365,trip_02364,270,,300,Inbound,1
2025-01-11,Red,stop_022,trip_02366,trip_02365,300,,300,Outbound,0
2025-01-12,Orange,stop_023,trip_02367,trip_02366,330,,300,Inbound,1
2025-01-13,Red,stop_024,trip_02368,trip_02367,360,,300,Outbound,0
2025-01-14,Orange,stop_025,trip_02369,trip_02368,390,,300,Inbound,1
2025-01-15,Red,stop_026,trip_02370,trip_02369,420,,300,Outbound,0
2025-01-16,Orange,stop_027,trip_02371,trip_02370,450,,300,Inbound,1
2025-01-17,Red,stop_028,trip_02372,trip_02371,480,,300,Outbound,0
2025-01-18,Orange,stop_029,trip_02373,trip_02372,510,,300,Inbound,1
2025-01-19,Red,stop_030,trip_02374,trip_02373,540,,300,Outbound,0
2025-01-20,Orange,stop_031,trip_02375,trip_02374,570,,300,Inbound,1
2025-01-21,Red,stop_032,trip_02376,trip_02375,240,,300,Outbound,0
2025-01-22,Orange,stop_033,trip_02377,trip_02376,270,,300,Inbound,1
2025-01-23,Red,stop_034,trip_02378,trip_02377,300,,300,Outbound,0
2025-01-24,Orange,stop_035,trip_02379,trip_02378,330,,300,Inbound,1
2025-01-25,Red,stop_001,trip_02380,trip_02379,360,,300,Outbound,0
2025-01-26,Orange,stop_002,trip_02381,trip_02380,390,,300,Inbound,1
2025-01-27,Red,stop_003,trip_02382,trip_02381,420,,300,Outbound,0
2025-01-28,Orange,stop_004,trip_02383,trip_02382,450,,300,Inbound,1
2025-01-29,Red,stop_005,trip_02384,trip_02383,480,,300,Outbound,0
2025-01-30,Orange,stop_006,trip_02385,trip_02384,510,,300,Inbound,1
2025-01-31,Red,stop_007,trip_02386,trip_02385,540,,300,Outbound,0
2025-01-01,Orange,stop_008,trip_02387,trip_02386,570,,300,Inbound,1
2025-01-02,Red,stop_009,trip_02388,trip_02387,240,,300,Outbound,0
2025-01-03,Orange,stop_010,trip_02389,trip_02388,270,,300,Inbound,1
2025-01-04,Red,stop_011,trip_02390,trip_02389,300,,300,Outbound,0
2025-01-05,Orange,stop_012,trip_02391,trip_02390,330,,300,Inbound,1
2025-01-06,Red,stop_013,trip_02392,trip_02391,360,,300,Outbound,0
2025-01-07,Orange,stop_014,trip_02393,trip_02392,390,,300,Inbound,1
2025-01-08,Red,stop_015,trip_02394,trip_02393,420,,300,Outbound,0
2025-01-09,Orange,stop_016,trip_02395,trip_02394,450,,300,Inbound,1
2025-01-10,Red,stop_017,trip_02396,trip_02395,480,,300,Outbound,0
2025-01-11,Orange,stop_018,trip_02397,trip_02396,510,,300,Inbound,1
2025-01-12,Red,stop_019,trip_02398,trip_02397,540,,300,Outbound,0
2025-01-13,Orange,stop_020,trip_02399,trip_02398,570,,300,Inbound,1
2025-01-14,Red,stop_021,trip_02400,trip_02399,240,,300,Outbound,0
2025-01-15,Orange,stop_022,trip_02401,trip_02400,270,,300,Inbound,1
2025-01-16,Red,stop_023,trip_02402,trip_02401,300,,300,Outbound,0
2025-01-17,Orange,stop_024,trip_02403,trip_02402,330,,300,Inbound,1
2025-01-18,Red,stop_025,trip_02404,trip_02403,360,,300,Outbound,0
2025-01-19,Orange,stop_026,trip_02405,trip_02404,390,,300,Inbound,1
2025-01-20,Red,stop_027,trip_02406,trip_02405,420,,300,Outbound,0
2025-01-21,Orange,stop_028,trip_02407,trip_02406,450,,300,Inbound,1
2025-01-22,Red,stop_029,trip_02408,trip_02407,480,,300,Outbound,0
2025-01-23,Orange,stop_030,trip_02409,trip_02408,510,,300,Inbound,1
2025-01-24,Red,stop_031,trip_02410,trip_02409,540,,300,Outbound,0
2025-01-25,Orange,stop_032,trip_02411,trip_02410,570,,300,Inbound,1
2025-01-26,Red,stop_033,trip_02412,trip_02411,240,,300,Outbound,0
2025-01-27,Orange,stop_034,trip_02413,trip_02412,270,,300,Inbound,1
2025-01-28,Red,stop_035,trip_02414,trip_02413,300,,300,Outbound,0
2025-01-29,Orange,stop_001,trip_02415,trip_02414,330,,300,Inbound,1
2025-01-30,Red,stop_002,trip_02416,trip_02415,360,,300,Outbound,0
2025-01-31,Orange,stop_003,trip_02417,trip_02416,390,,300,Inbound,1
2025-01-01,Red,stop_004,trip_02418,trip_02417,420,,300,Outbound,0
2025-01-02,Orange,stop_005,trip_02419,trip_02418,450,,300,Inbound,1
2025-01-03,Red,stop_006,trip_02420,trip_02419,480,,300,Outbound,0
2025-01-04,Orange,stop_007,trip_02421,trip_02420,510,,300,Inbound,1
2025-01-05,Red,stop_008,trip_02422,trip_02421,540,,300,Outbound,0
2025-01-06,Orange,stop_009,trip_02423,trip_02422,570,,300,Inbound,1
2025-01-07,Red,stop_010,trip_02424,trip_02423,240,,300,Outbound,0
2025-01-08,Orange,stop_011,trip_02425,trip_02424,270,,300,Inbound,1
2025-01-09,Red,stop_012,trip_02426,trip_02425,300,,300,Outbound,0
2025-01-10,Orange,stop_013,trip_02427,trip_02426,330,,300,Inbound,1
2025-01-11,Red,stop_014,trip_02428,trip_02427,360,,300,Outbound,0
2025-01-12,Orange,stop_015,trip_02429,trip_02428,390,,300,Inbound,1
2025-01-13,Red,stop_016,trip_02430,trip_02429,420,,300,Outbound,0
2025-01-14,Orange,stop_017,trip_02431,trip_02430,450,,300,Inbound,1
2025-01-15,Red,stop_018,trip_02432,trip_02431,480,,300,Outbound,0
2025-01-16,Orange,stop_019,trip_02433,trip_02432,510,,300,Inbound,1
2025-01-17,Red,stop_020,trip_02434,trip_02433,540,,300,Outbound,0
2025-01-18,Orange,stop_021,trip_02435,trip_02434,570,,300,Inbound,1
2025-01-19,Red,stop_022,trip_02436,trip_02435,240,,300,Outbound,0
2025-01-20,Orange,stop_023,trip_02437,trip_02436,270,,300,Inbound,1
2025-01-21,Red,stop_024,trip_02438,trip_02437,300,,300,Outbound,0
2025-01-22,Orange,stop_025,trip_02439,trip_02438,330,,300,Inbound,1
2025-01-23,Red,stop_026,trip_02440,trip_02439,360,,300,Outbound,0
2025-01-24,Orange,stop_027,trip_02441,trip_02440,390,,300,Inbound,1
2025-01-25,Red,stop_028,trip_02442,trip_02441,420,,300,Outbound,0
2025-01-26,Orange,stop_029,trip_02443,trip_02442,450,,300,Inbound,1
2025-01-27,Red,stop_030,trip_02444,trip_02443,480,,300,Outbound,0
2025-01-28,Orange,stop_031,trip_02445,trip_02444,510,,300,Inbound,1
2025-01-29,Red,stop_032,trip_02446,trip_02445,540,,300,Outbound,0
2025-01-30,Orange,stop_033,trip_02447,trip_02446,570,,300,Inbound,1
2025-01-31,Red,stop_034,trip_02448,trip_02447,240,,300,Outbound,0
2025-01-01,Orange,stop_035,trip_02449,trip_02448,270,,300,Inbound,1
2025-01-02,Red,stop_001,trip_02450,trip_02449,300,,300,Outbound,0
2025-01-03,Orange,stop_002,trip_02451,trip_02450,330,,300,Inbound,1
2025-01-04,Red,stop_003,trip_02452,trip_02451,360,,300,Outbound,0
2025-01-05,Orange,stop_004,trip_02453,trip_02452,390,,300,Inbound,1
2025-01-06,Red,stop_005,trip_02454,trip_02453,420,,300,Outbound,0
2025-01-07,Orange,stop_006,trip_02455,trip_02454,450,,300,Inbound,1
2025-01-08,Red,stop_007,trip_02456,trip_02455,480,,300,Outbound,0
2025-01-09,Orange,stop_008,trip_02457,trip_02456,510,,300,Inbound,1
2025-01-10,Red,stop_009,trip_02458,trip_02457,540,,300,Outbound,0
2025-01-11,Orange,stop_010,trip_02459,trip_02458,570,,300,Inbound,1
2025-01-12,Red,stop_011,trip_02460,trip_02459,240,,300,Outbound,0
2025-01-13,Orange,stop_012,trip_02461,trip_02460,270,,300,Inbound,1
2025-01-14,Red,stop_013,trip_02462,trip_02461,300,,300,Outbound,0
2025-01-15,Orange,stop_014,trip_02463,trip_02462,330,,300,Inbound,1
2025-01-16,Red,stop_015,trip_02464,trip_02463,360,,300,Outbound,0
2025-01-17,Orange,stop_016,trip_02465,trip_02464,390,,300,Inbound,1
2025-01-18,Red,stop_017,trip_02466,trip_02465,420,,300,Outbound,0
2025-01-19,Orange,stop_018,trip_02467,trip_02466,450,,300,Inbound,1
2025-01-20,Red,stop_019,trip_02468,trip_02467,480,,300,Outbound,0
2025-01-21,Orange,stop_020,trip_02469,trip_02468,510,,300,Inbound,1
2025-01-22,Red,stop_021,trip_02470,trip_02469,540,,300,Outbound,0
2025-01-23,Orange,stop_022,trip_02471,trip_02470,570,,300,Inbound,1
2025-01-24,Red,stop_023,trip_02472,trip_02471,240,,300,Outbound,0
2025-01-25,Orange,stop_024,trip_02473,trip_02472,270,,300,Inbound,1
2025-01-26,Red,stop_025,trip_02474,trip_02473,300,,300,Outbound,0
2025-01-27,Orange,stop_026,trip_02475,trip_02474,330,,300,Inbound,1
2025-01-28,Red,stop_027,trip_02476,trip_02475,360,,300,Outbound,0
2025-01-29,Orange,stop_028,trip_02477,trip_02476,390,,300,Inbound,1
2025-01-30,Red,stop_029,trip_02478,trip_02477,420,,300,Outbound,0
2025-01-31,Orange,stop_030,trip_02479,trip_02478,450,,300,Inbound,1
2025-01-01,Red,stop_031,trip_02480,trip_02479,480,,300,Outbound,0
2025-01-02,Orange,stop_032,trip_02481,trip_02480,510,,300,Inbound,1
2025-01-03,Red,stop_033,trip_02482,trip_02481,540,,300,Outbound,0
2025-01-04,Orange,stop_034,trip_02483,trip_02482,570,,300,Inbound,1
2025-01-05,Red,stop_035,trip_02484,trip_02483,240,,300,Outbound,0
2025-01-06,Orange,stop_001,trip_02485,trip_02484,270,,300,Inbound,1
2025-01-07,Red,stop_002,trip_02486,trip_02485,300,,300,Outbound,0
2025-01-08,Orange,stop_003,trip_02487,trip_02486,330,,300,Inbound,1
2025-01-09,Red,stop_004,trip_02488,trip_02487,360,,300,Outbound,0
2025-01-10,Orange,stop_005,trip_02489,trip_02488,390,,300,Inbound,1
2025-01-11,Red,stop_006,trip_02490,trip_02489,420,,300,Outbound,0
2025-01-12,Orange,stop_007,trip_02491,trip_02490,450,,300,Inbound,1
2025-01-13,Red,stop_008,trip_02492,trip_02491,480,,300,Outbound,0
2025-01-14,Orange,stop_009,trip_02493,trip_02492,510,,300,Inbound,1
2025-01-15,Red,stop_010,trip_02494,trip_02493,540,,300,Outbound,0
2025-01-16,Orange,stop_011,trip_02495,trip_02494,570,,300,Inbound,1
2025-01-17,Red,stop_012,trip_02496,trip_02495,240,,300,Outbound,0
2025-01-18,Orange,stop_013,trip_02497,trip_02496,270,,300,Inbound,1
2025-01-19,Red,stop_014,trip_02498,trip_02497,300,,300,Outbound,0
2025-01-20,Orange,stop_015,trip_02499,trip_02498,330,,300,Inbound,1
2025-01-21,Red,stop_016,trip_02500,trip_02499,360,,300,Outbound,0
2025-01-22,Orange,stop_017,trip_02501,trip_02500,390,,300,Inbound,1
2025-01-23,Red,stop_018,trip_02502,trip_02501,420,,300,Outbound,0
2025-01-24,Orange,stop_019,trip_02503,trip_02502,450,,300,Inbound,1
2025-01-25,Red,stop_020,trip_02504,trip_02503,480,,300,Outbound,0
2025-01-26,Orange,stop_021,trip_02505,trip_02504,510,,300,Inbound,1
2025-01-27,Red,stop_022,trip_02506,trip_02505,540,,300,Outbound,0
2025-01-28,Orange,stop_023,trip_02507,trip_02506,570,,300,Inbound,1
2025-01-29,Red,stop_024,trip_02508,trip_02507,240,,300,Outbound,0
2025-01-30,Orange,stop_025,trip_02509,trip_02508,270,,300,Inbound,1
2025-01-31,Red,stop_026,trip_02510,trip_02509,300,,300,Outbound,0
2025-01-01,Orange,stop_027,trip_02511,trip_02510,330,,300,Inbound,1
2025-01-02,Red,stop_028,trip_02512,trip_02511,360,,300,Outbound,0
2025-01-03,Orange,stop_029,trip_02513,trip_02512,390,,300,Inbound,1
2025-01-04,Red,stop_030,trip_02514,trip_02513,420,,300,Outbound,0
2025-01-05,Orange,stop_031,trip_02515,trip_02514,450,,300,Inbound,1
2025-01-06,Red,stop_032,trip_02516,trip_02515,480,,300,Outbound,0
2025-01-07,Orange,stop_033,trip_02517,trip_02516,510,,300,Inbound,1
2025-01-08,Red,stop_034,trip_02518,trip_02517,540,,300,Outbound,0
2025-01-09,Orange,stop_035,trip_02519,trip_02518,570,,300,Inbound,1
2025-01-10,Red,stop_001,trip_02520,trip_02519,240,,300,Outbound,0
2025-01-11,Orange,stop_002,trip_02521,trip_02520,270,,300,Inbound,1
2025-01-12,Red,stop_003,trip_02522,trip_02521,300,,300,Outbound,0
2025-01-13,Orange,stop_004,trip_02523,trip_02522,330,,300,Inbound,1
2025-01-14,Red,stop_005,trip_02524,trip_02523,360,,300,Outbound,0
2025-01-15,Orange,stop_006,trip_02525,trip_02524,390,,300,Inbound,1
2025-01-16,Red,stop_007,trip_02526,trip_02525,420,,300,Outbound,0
2025-01-17,Orange,stop_008,trip_02527,trip_02526,450,,300,Inbound,1
2025-01-18,Red,stop_009,trip_02528,trip_02527,480,,300,Outbound,0
2025-01-19,Orange,stop_010,trip_02529,trip_02528,510,,300,Inbound,1
2025-01-20,Red,stop_011,trip_02530,trip_02529,540,,300,Outbound,0
2025-01-21,Orange,stop_012,trip_02531,trip_02530,570,,300,Inbound,1
2025-01-22,Red,stop_013,trip_02532,trip_02531,240,,300,Outbound,0
2025-01-23,Orange,stop_014,trip_02533,trip_02532,270,,300,Inbound,1
2025-01-24,Red,stop_015,trip_02534,trip_02533,300,,300,Outbound,0
2025-01-25,Orange,stop_016,trip_02535,trip_02534,330,,300,Inbound,1
2025-01-26,Red,stop_017,trip_02536,trip_02535,360,,300,Outbound,0
2025-01-27,Orange,stop_018,trip_02537,trip_02536,390,,300,Inbound,1
2025-01-28,Red,stop_019,trip_02538,trip_02537,420,,300,Outbound,0
2025-01-29,Orange,stop_020,trip_02539,trip_02538,450,,300,Inbound,1
2025-01-30,Red,stop_021,trip_02540,trip_02539,480,,300,Outbound,0
2025-01-31,Orange,stop_022,trip_02541,trip_02540,510,,300,Inbound,1
2025-01-01,Red,stop_023,trip_02542,trip_02541,540,,300,Outbound,0
2025-01-02,Orange,stop_024,trip_02543,trip_02542,570,,300,Inbound,1
2025-01-03,Red,stop_025,trip_02544,trip_02543,240,,300,Outbound,0
2025-01-04,Orange,stop_026,trip_02545,trip_02544,270,,300,Inbound,1
2025-01-05,Red,stop_027,trip_02546,trip_02545,300,,300,Outbound,0
2025-01-06,Orange,stop_028,trip_02547,trip_02546,330,,300,Inbound,1
2025-01-07,Red,stop_029,trip_02548,trip_02547,360,,300,Outbound,0
2025-01-08,Orange,stop_030,trip_02549,trip_02548,390,,300,Inbound,1
2025-01-09,Red,stop_031,trip_02550,trip_02549,420,,300,Outbound,0
2025-01-10,Orange,stop_032,trip_02551,trip_02550,450,,300,Inbound,1
2025-01-11,Red,stop_033,trip_02552,trip_02551,480,,300,Outbound,0
2025-01-12,Orange,stop_034,trip_02553,trip_02552,510,,300,Inbound,1
2025-01-13,Red,stop_035,trip_02554,trip_02553,540,,300,Outbound,0
2025-01-14,Orange,stop_001,trip_02555,trip_02554,570,,300,Inbound,1
2025-01-15,Red,stop_002,trip_02556,trip_02555,240,,300,Outbound,0
2025-01-16,Orange,stop_003,trip_02557,trip_02556,270,,300,Inbound,1
2025-01-17,Red,stop_004,trip_02558,trip_02557,300,,300,Outbound,0
2025-01-18,Orange,stop_005,trip_02559,trip_02558,330,,300,Inbound,1
2025-01-19,Red,stop_006,trip_02560,trip_02559,360,,300,Outbound,0
2025-01-20,Orange,stop_007,trip_02561,trip_02560,390,,300,Inbound,1
2025-01-21,Red,stop_008,trip_02562,trip_02561,420,,300,Outbound,0
2025-01-22,Orange,stop_009,trip_02563,trip_02562,450,,300,Inbound,1
2025-01-23,Red,stop_010,trip_02564,trip_02563,480,,300,Outbound,0
2025-01-24,Orange,stop_011,trip_02565,trip_02564,510,,300,Inbound,1
2025-01-25,Red,stop_012,trip_02566,trip_02565,540,,300,Outbound,0
2025-01-26,Orange,stop_013,trip_02567,trip_02566,570,,300,Inbound,1
2025-01-27,Red,stop_014,trip_02568,trip_02567,240,,300,Outbound,0
2025-01-28,Orange,stop_015,trip_02569,trip_02568,270,,300,Inbound,1
2025-01-29,Red,stop_016,trip_02570,trip_02569,300,,300,Outbound,0
2025-01-30,Orange,stop_017,trip_02571,trip_02570,330,,300,Inbound,1
2025-01-31,Red,stop_018,trip_02572,trip_02571,360,,300,Outbound,0
2025-01-01,Orange,stop_019,trip_02573,trip_02572,390,,300,Inbound,1
2025-01-02,Red,stop_020,trip_02574,trip_02573,420,,300,Outbound,0
2025-01-03,Orange,stop_021,trip_02575,trip_02574,450,,300,Inbound,1
2025-01-04,Red,stop_022,trip_02576,trip_02575,480,,300,Outbound,0
2025-01-05,Orange,stop_023,trip_02577,trip_02576,510,,300,Inbound,1
2025-01-06,Red,stop_024,trip_02578,trip_02577,540,,300,Outbound,0
2025-01-07,Orange,stop_025,trip_02579,trip_02578,570,,300,Inbound,1
2025-01-08,Red,stop_026,trip_02580,trip_02579,240,,300,Outbound,0
2025-01-09,Orange,stop_027,trip_02581,trip_02580,270,,300,Inbound,1
2025-01-10,Red,stop_028,trip_02582,trip_02581,300,,300,Outbound,0
2025-01-11,Orange,stop_029,trip_02583,trip_02582,330,,300,Inbound,1
2025-01-12,Red,stop_030,trip_02584,trip_02583,360,,300,Outbound,0
2025-01-13,Orange,stop_031,trip_02585,trip_02584,390,,300,Inbound,1
2025-01-14,Red,stop_032,trip_02586,trip_02585,420,,300,Outbound,0
2025-01-15,Orange,stop_033,trip_02587,trip_02586,450,,300,Inbound,1
2025-01-16,Red,stop_034,trip_02588,trip_02587,480,,300,Outbound,0
2025-01-17,Orange,stop_035,trip_02589,trip_02588,510,,300,Inbound,1
2025-01-18,Red,stop_001,trip_02590,trip_02589,540,,300,Outbound,0
2025-01-19,Orange,stop_002,trip_02591,trip_02590,570,,300,Inbound,1
2025-01-20,Red,stop_003,trip_02592,trip_02591,240,,300,Outbound,0
2025-01-21,Orange,stop_004,trip_02593,trip_02592,270,,300,Inbound,1
2025-01-22,Red,stop_005,trip_02594,trip_02593,300,,300,Outbound,0
2025-01-23,Orange,stop_006,trip_02595,trip_02594,330,,300,Inbound,1
2025-01-24,Red,stop_007,trip_02596,trip_02595,360,,300,Outbound,0
2025-01-25,Orange,stop_008,trip_02597,trip_02596,390,,300,Inbound,1
2025-01-26,Red,stop_009,trip_02598,trip_02597,420,,300,Outbound,0
2025-01-27,Orange,stop_010,trip_02599,trip_02598,450,,300,Inbound,1
2025-01-28,Red,stop_011,trip_02600,trip_02599,480,,300,Outbound,0
2025-01-29,Orange,stop_012,trip_02601,trip_02600,510,,300,Inbound,1
2025-01-30,Red,stop_013,trip_02602,trip_02601,540,,300,Outbound,0
2025-01-31,Orange,stop_014,trip_02603,trip_02602,570,,300,Inbound,1
2025-01-01,Red,stop_015,trip_02604,trip_02603,240,,300,Outbound,0
2025-01-02,Orange,stop_016,trip_02605,trip_02604,270,,300,Inbound,1
2025-01-03,Red,stop_017,trip_02606,trip_02605,300,,300,Outbound,0
2025-01-04,Orange,stop_018,trip_02607,trip_02606,330,,300,Inbound,1
2025-01-05,Red,stop_019,trip_02608,trip_02607,360,,300,Outbound,0
2025-01-06,Orange,stop_020,trip_02609,trip_02608,390,,300,Inbound,1
2025-01-07,Red,stop_021,trip_02610,trip_02609,420,,300,Outbound,0
2025-01-08,Orange,stop_022,trip_02611,trip_02610,450,,300,Inbound,1
2025-01-09,Red,stop_023,trip_02612,trip_02611,480,,300,Outbound,0
2025-01-10,Orange,stop_024,trip_02613,trip_02612,510,,300,Inbound,1
2025-01-11,Red,stop_025,trip_02614,trip_02613,540,,300,Outbound,0
2025-01-12,Orange,stop_026,trip_02615,trip_02614,570,,300,Inbound,1
2025-01-13,Red,stop_027,trip_02616,trip_02615,240,,300,Outbound,0
2025-01-14,Orange,stop_028,trip_02617,trip_02616,270,,300,Inbound,1
2025-01-15,Red,stop_029,trip_02618,trip_02617,300,,300,Outbound,0
2025-01-16,Orange,stop_030,trip_02619,trip_02618,330,,300,Inbound,1
2025-01-17,Red,stop_031,trip_02620,trip_02619,360,,300,Outbound,0
2025-01-18,Orange,stop_032,trip_02621,trip_02620,390,,300,Inbound,1
2025-01-19,Red,stop_033,trip_02622,trip_02621,420,,300,Outbound,0
2025-01-20,Orange,stop_034,trip_02623,trip_02622,450,,300,Inbound,1
2025-01-21,Red,stop_035,trip_02624,trip_02623,480,,300,Outbound,0
2025-01-22,Orange,stop_001,trip_02625,trip_02624,510,,300,Inbound,1
2025-01-23,Red,stop_002,trip_02626,trip_02625,540,,300,Outbound,0
2025-01-24,Orange,stop_003,trip_02627,trip_02626,570,,300,Inbound,1
2025-01-25,Red,stop_004,trip_02628,trip_02627,240,,300,Outbound,0
2025-01-26,Orange,stop_005,trip_02629,trip_02628,270,,300,Inbound,1
2025-01-27,Red,stop_006,trip_02630,trip_02629,300,,300,Outbound,0
2025-01-28,Orange,stop_007,trip_02631,trip_02630,330,,300,Inbound,1
2025-01-29,Red,stop_008,trip_02632,trip_02631,360,,300,Outbound,0
2025-01-30,Orange,stop_009,trip_02633,trip_02632,390,,300,Inbound,1
2025-01-31,Red,stop_010,trip_02634,trip_02633,420,,300,Outbound,0
2025-01-01,Orange,stop_011,trip_02635,trip_02634,450,,300,Inbound,1
2025-01-02,Red,stop_012,trip_02636,trip_02635,480,,300,Outbound,0
2025-01-03,Orange,stop_013,trip_02637,trip_02636,510,,300,Inbound,1
2025-01-04,Red,stop_014,trip_02638,trip_02637,540,,300,Outbound,0
2025-01-05,Orange,stop_015,trip_02639,trip_02638,570,,300,Inbound,1
2025-01-06,Red,stop_016,trip_02640,trip_02639,240,,300,Outbound,0
2025-01-07,Orange,stop_017,trip_02641,trip_02640,270,,300,Inbound,1
2025-01-08,Red,stop_018,trip_02642,trip_02641,300,,300,Outbound,0
2025-01-09,Orange,stop_019,trip_02643,trip_02642,330,,300,Inbound,1
2025-01-10,Red,stop_020,trip_02644,trip_02643,360,,300,Outbound,0
2025-01-11,Orange,stop_021,trip_02645,trip_02644,390,,300,Inbound,1
2025-01-12,Red,stop_022,trip_02646,trip_02645,420,,300,Outbound,0
2025-01-13,Orange,stop_023,trip_02647,trip_02646,450,,300,Inbound,1
2025-01-14,Red,stop_024,trip_02648,trip_02647,480,,300,Outbound,0
2025-01-15,Orange,stop_025,trip_02649,trip_02648,510,,300,Inbound,1
2025-01-16,Red,stop_026,trip_02650,trip_02649,540,,300,Outbound,0
2025-01-17,Orange,stop_027,trip_02651,trip_02650,570,,300,Inbound,1
2025-01-18,Red,stop_028,trip_02652,trip_02651,240,,300,Outbound,0
2025-01-19,Orange,stop_029,trip_02653,trip_02652,270,,300,Inbound,1
2025-01-20,Red,stop_030,trip_02654,trip_02653,300,,300,Outbound,0
2025-01-21,Orange,stop_031,trip_02655,trip_02654,330,,300,Inbound,1
2025-01-22,Red,stop_032,trip_02656,trip_02655,360,,300,Outbound,0
2025-01-23,Orange,stop_033,trip_02657,trip_02656,390,,300,Inbound,1
2025-01-24,Red,stop_034,trip_02658,trip_02657,420,,300,Outbound,0
2025-01-25,Orange,stop_035,trip_02659,trip_02658,450,,300,Inbound,1
2025-01-26,Red,stop_001,trip_02660,trip_02659,480,,300,Outbound,0
2025-01-27,Orange,stop_002,trip_02661,trip_02660,510,,300,Inbound,1
2025-01-28,Red,stop_003,trip_02662,trip_02661,540,,300,Outbound,0
2025-01-29,Orange,stop_004,trip_02663,trip_02662,570,,300,Inbound,1
2025-01-30,Red,stop_005,trip_02664,trip_02663,240,,300,Outbound,0
2025-01-31,Orange,stop_006,trip_02665,trip_02664,270,,300,Inbound,1
2025-01-01,Red,stop_007,trip_02666,trip_02665,300,,300,Outbound,0
2025-01-02,Orange,stop_008,trip_02667,trip_02666,330,,300,Inbound,1
2025-01-03,Red,stop_009,trip_02668,trip_02667,360,,300,Outbound,0
2025-01-04,Orange,stop_010,trip_02669,trip_02668,390,,300,Inbound,1
2025-01-05,Red,stop_011,trip_02670,trip_02669,420,,300,Outbound,0
2025-01-06,Orange,stop_012,trip_02671,trip_02670,450,,300,Inbound,1
2025-01-07,Red,stop_013,trip_02672,trip_02671,480,,300,Outbound,0
2025-01-08,Orange,stop_014,trip_02673,trip_02672,510,,300,Inbound,1
2025-01-09,Red,stop_015,trip_02674,trip_02673,540,,300,Outbound,0
2025-01-10,Orange,stop_016,trip_02675,trip_02674,570,,300,Inbound,1
2025-01-11,Red,stop_017,trip_02676,trip_02675,240,,300,Outbound,0
2025-01-12,Orange,stop_018,trip_02677,trip_02676,270,,300,Inbound,1
2025-01-13,Red,stop_019,trip_02678,trip_02677,300,,300,Outbound,0
2025-01-14,Orange,stop_020,trip_02679,trip_02678,330,,300,Inbound,1
2025-01-15,Red,stop_021,trip_02680,trip_02679,360,,300,Outbound,0
2025-01-16,Orange,stop_022,trip_02681,trip_02680,390,,300,Inbound,1
2025-01-17,Red,stop_023,trip_02682,trip_02681,420,,300,Outbound,0
2025-01-18,Orange,stop_024,trip_02683,trip_02682,450,,300,Inbound,1
2025-01-19,Red,stop_025,trip_02684,trip_02683,480,,300,Outbound,0
2025-01-20,Orange,stop_026,trip_02685,trip_02684,510,,300,Inbound,1
2025-01-21,Red,stop_027,trip_02686,trip_02685,540,,300,Outbound,0
2025-01-22,Orange,stop_028,trip_02687,trip_02686,570,,300,Inbound,1
2025-01-23,Red,stop_029,trip_02688,trip_02687,240,,300,Outbound,0
2025-01-24,Orange,stop_030,trip_02689,trip_02688,270,,300,Inbound,1
2025-01-25,Red,stop_031,trip_02690,trip_02689,300,,300,Outbound,0
2025-01-26,Orange,stop_032,trip_02691,trip_02690,330,,300,Inbound,1
2025-01-27,Red,stop_033,trip_02692,trip_02691,360,,300,Outbound,0
2025-01-28,Orange,stop_034,trip_02693,trip_02692,390,,300,Inbound,1
2025-01-29,Red,stop_035,trip_02694,trip_02693,420,,300,Outbound,0
2025-01-30,Orange,stop_001,trip_02695,trip_02694,450,,300,Inbound,1
2025-01-31,Red,stop_002,trip_02696,trip_02695,480,,300,Outbound,0
2025-01-01,Orange,stop_003,trip_02697,trip_02696,510,,300,Inbound,1
2025-01-02,Red,stop_004,trip_02698,trip_02697,540,,300,Outbound,0
2025-01-03,Orange,stop_005,trip_02699,trip_02698,570,,300,Inbound,1
2025-01-04,Red,stop_006,trip_02700,trip_02699,240,,300,Outbound,0
2025-01-05,Orange,stop_007,trip_02701,trip_02700,270,,300,Inbound,1
2025-01-06,Red,stop_008,trip_02702,trip_02701,300,,300,Outbound,0
2025-01-07,Orange,stop_009,trip_02703,trip_02702,330,,300,Inbound,1
2025-01-08,Red,stop_010,trip_02704,trip_02703,360,,300,Outbound,0
2025-01-09,Orange,stop_011,trip_02705,trip_02704,390,,300,Inbound,1
2025-01-10,Red,stop_012,trip_02706,trip_02705,420,,300,Outbound,0
2025-01-11,Orange,stop_013,trip_02707,trip_02706,450,,300,Inbound,1
2025-01-12,Red,stop_014,trip_02708,trip_02707,480,,300,Outbound,0
2025-01-13,Orange,stop_015,trip_02709,trip_02708,510,,300,Inbound,1
2025-01-14,Red,stop_016,trip_02710,trip_02709,540,,300,Outbound,0
2025-01-15,Orange,stop_017,trip_02711,trip_02710,570,,300,Inbound,1
2025-01-16,Red,stop_018,trip_02712,trip_02711,240,,300,Outbound,0
2025-01-17,Orange,stop_019,trip_02713,trip_02712,270,,300,Inbound,1
2025-01-18,Red,stop_020,trip_02714,trip_02713,300,,300,Outbound,0
2025-01-19,Orange,stop_021,trip_02715,trip_02714,330,,300,Inbound,1
2025-01-20,Red,stop_022,trip_02716,trip_02715,360,,300,Outbound,0
2025-01-21,Orange,stop_023,trip_02717,trip_02716,390,,300,Inbound,1
2025-01-22,Red,stop_024,trip_02718,trip_02717,420,,300,Outbound,0
2025-01-23,Orange,stop_025,trip_02719,trip_02718,450,,300,Inbound,1
2025-01-24,Red,stop_026,trip_02720,trip_02719,480,,300,Outbound,0
2025-01-25,Orange,stop_027,trip_02721,trip_02720,510,,300,Inbound,1
2025-01-26,Red,stop_028,trip_02722,trip_02721,540,,300,Outbound,0
2025-01-27,Orange,stop_029,trip_02723,trip_02722,570,,300,Inbound,1
2025-01-28,Red,stop_030,trip_02724,trip_02723,240,,300,Outbound,0
2025-01-29,Orange,stop_031,trip_02725,trip_02724,270,,300,Inbound,1
2025-01-30,Red,stop_032,trip_02726,trip_02725,300,,300,Outbound,0
2025-01-31,Orange,stop_033,trip_02727,trip_02726,330,,300,Inbound,1
2025-01-01,Red,stop_034,trip_02728,trip_02727,360,,300,Outbound,0
2025-01-02,Orange,stop_035,trip_02729,trip_02728,390,,300,Inbound,1
2025-01-03,Red,stop_001,trip_02730,trip_02729,420,,300,Outbound,0
2025-01-04,Orange,stop_002,trip_02731,trip_02730,450,,300,Inbound,1
2025-01-05,Red,stop_003,trip_02732,trip_02731,480,,300,Outbound,0
2025-01-06,Orange,stop_004,trip_02733,trip_02732,510,,300,Inbound,1
2025-01-07,Red,stop_005,trip_02734,trip_02733,540,,300,Outbound,0
2025-01-08,Orange,stop_006,trip_02735,trip_02734,570,,300,Inbound,1
2025-01-09,Red,stop_007,trip_02736,trip_02735,240,,300,Outbound,0
2025-01-10,Orange,stop_008,trip_02737,trip_02736,270,,300,Inbound,1
2025-01-11,Red,stop_009,trip_02738,trip_02737,300,,300,Outbound,0
2025-01-12,Orange,stop_010,trip_02739,trip_02738,330,,300,Inbound,1
2025-01-13,Red,stop_011,trip_02740,trip_02739,360,,300,Outbound,0
2025-01-14,Orange,stop_012,trip_02741,trip_02740,390,,300,Inbound,1
2025-01-15,Red,stop_013,trip_02742,trip_02741,420,,300,Outbound,0
2025-01-16,Orange,stop_014,trip_02743,trip_02742,450,,300,Inbound,1
2025-01-17,Red,stop_015,trip_02744,trip_02743,480,,300,Outbound,0
2025-01-18,Orange,stop_016,trip_02745,trip_02744,510,,300,Inbound,1
2025-01-19,Red,stop_017,trip_02746,trip_02745,540,,300,Outbound,0
2025-01-20,Orange,stop_018,trip_02747,trip_02746,570,,300,Inbound,1
2025-01-21,Red,stop_019,trip_02748,trip_02747,240,,300,Outbound,0
2025-01-22,Orange,stop_020,trip_02749,trip_02748,270,,300,Inbound,1
2025-01-23,Red,stop_021,trip_02750,trip_02749,300,,300,Outbound,0
2025-01-24,Orange,stop_022,trip_02751,trip_02750,330,,300,Inbound,1
2025-01-25,Red,stop_023,trip_02752,trip_02751,360,,300,Outbound,0
2025-01-26,Orange,stop_024,trip_02753,trip_02752,390,,300,Inbound,1
2025-01-27,Red,stop_025,trip_02754,trip_02753,420,,300,Outbound,0
2025-01-28,Orange,stop_026,trip_02755,trip_02754,450,,300,Inbound,1
2025-01-29,Red,stop_027,trip_02756,trip_02755,480,,300,Outbound,0
2025-01-30,Orange,stop_028,trip_02757,trip_02756,510,,300,Inbound,1
2025-01-31,Red,stop_029,trip_02758,trip_02757,540,,300,Outbound,0
2025-01-01,Orange,stop_030,trip_02759,trip_02758,570,,300,Inbound,1
2025-01-02,Red,stop_031,trip_02760,trip_02759,240,,300,Outbound,0
2025-01-03,Orange,stop_032,trip_02761,trip_02760,270,,300,Inbound,1
2025-01-04,Red,stop_033,trip_02762,trip_02761,300,,300,Outbound,0
2025-01-05,Orange,stop_034,trip_02763,trip_02762,330,,300,Inbound,1
2025-01-06,Red,stop_035,trip_02764,trip_02763,360,,300,Outbound,0
2025-01-07,Orange,stop_001,trip_02765,trip_02764,390,,300,Inbound,1
2025-01-08,Red,stop_002,trip_02766,trip_02765,420,,300,Outbound,0
2025-01-09,Orange,stop_003,trip_02767,trip_02766,450,,300,Inbound,1
2025-01-10,Red,stop_004,trip_02768,trip_02767,480,,300,Outbound,0
2025-01-11,Orange,stop_005,trip_02769,trip_02768,510,,300,Inbound,1
2025-01-12,Red,stop_006,trip_02770,trip_02769,540,,300,Outbound,0
2025-01-13,Orange,stop_007,trip_02771,trip_02770,570,,300,Inbound,1
2025-01-14,Red,stop_008,trip_02772,trip_02771,240,,300,Outbound,0
2025-01-15,Orange,stop_009,trip_02773,trip_02772,270,,300,Inbound,1
2025-01-16,Red,stop_010,trip_02774,trip_02773,300,,300,Outbound,0
2025-01-17,Orange,stop_011,trip_02775,trip_02774,330,,300,Inbound,1
2025-01-18,Red,stop_012,trip_02776,trip_02775,360,,300,Outbound,0
2025-01-19,Orange,stop_013,trip_02777,trip_02776,390,,300,Inbound,1
2025-01-20,Red,stop_014,trip_02778,trip_02777,420,,300,Outbound,0
2025-01-21,Orange,stop_015,trip_02779,trip_02778,450,,300,Inbound,1
2025-01-22,Red,stop_016,trip_02780,trip_02779,480,,300,Outbound,0
2025-01-23,Orange,stop_017,trip_02781,trip_02780,510,,300,Inbound,1
2025-01-24,Red,stop_018,trip_02782,trip_02781,540,,300,Outbound,0
2025-01-25,Orange,stop_019,trip_02783,trip_02782,570,,300,Inbound,1
2025-01-26,Red,stop_020,trip_02784,trip_02783,240,,300,Outbound,0
2025-01-27,Orange,stop_021,trip_02785,trip_02784,270,,300,Inbound,1
2025-01-28,Red,stop_022,trip_02786,trip_02785,300,,300,Outbound,0
2025-01-29,Orange,stop_023,trip_02787,trip_02786,330,,300,Inbound,1
2025-01-30,Red,stop_024,trip_02788,trip_02787,360,,300,Outbound,0
2025-01-31,Orange,stop_025,trip_02789,trip_02788,390,,300,Inbound,1
2025-01-01,Red,stop_026,trip_02790,trip_02789,420,,300,Outbound,0
2025-01-02,Orange,stop_027,trip_02791,trip_02790,450,,300,Inbound,1
2025-01-03,Red,stop_028,trip_02792,trip_02791,480,,300,Outbound,0
2025-01-04,Orange,stop_029,trip_02793,trip_02792,510,,300,Inbound,1
2025-01-05,Red,stop_030,trip_02794,trip_02793,540,,300,Outbound,0
2025-01-06,Orange,stop_031,trip_02795,trip_02794,570,,300,Inbound,1
2025-01-07,Red,stop_032,trip_02796,trip_02795,240,,300,Outbound,0
2025-01-08,Orange,stop_033,trip_02797,trip_02796,270,,300,Inbound,1
2025-01-09,Red,stop_034,trip_02798,trip_02797,300,,300,Outbound,0
2025-01-10,Orange,stop_035,trip_02799,trip_02798,330,,300,Inbound,1
2025-01-11,Red,stop_001,trip_02800,trip_02799,360,,300,Outbound,0
2025-01-12,Orange,stop_002,trip_02801,trip_02800,390,,300,Inbound,1
2025-01-13,Red,stop_003,trip_02802,trip_02801,420,,300,Outbound,0
2025-01-14,Orange,stop_004,trip_02803,trip_02802,450,,300,Inbound,1
2025-01-15,Red,stop_005,trip_02804,trip_02803,480,,300,Outbound,0
2025-01-16,Orange,stop_006,trip_02805,trip_02804,510,,300,Inbound,1
2025-01-17,Red,stop_007,trip_02806,trip_02805,540,,300,Outbound,0
2025-01-18,Orange,stop_008,trip_02807,trip_02806,570,,300,Inbound,1
2025-01-19,Red,stop_009,trip_02808,trip_02807,240,,300,Outbound,0
2025-01-20,Orange,stop_010,trip_02809,trip_02808,270,,300,Inbound,1
2025-01-21,Red,stop_011,trip_02810,trip_02809,300,,300,Outbound,0
2025-01-22,Orange,stop_012,trip_02811,trip_02810,330,,300,Inbound,1
2025-01-23,Red,stop_013,trip_02812,trip_02811,360,,300,Outbound,0
2025-01-24,Orange,stop_014,trip_02813,trip_02812,390,,300,Inbound,1
2025-01-25,Red,stop_015,trip_02814,trip_02813,420,,300,Outbound,0
2025-01-26,Orange,stop_016,trip_02815,trip_02814,450,,300,Inbound,1
2025-01-27,Red,stop_017,trip_02816,trip_02815,480,,300,Outbound,0
2025-01-28,Orange,stop_018,trip_02817,trip_02816,510,,300,Inbound,1
2025-01-29,Red,stop_019,trip_02818,trip_02817,540,,300,Outbound,0
2025-01-30,Orange,stop_020,trip_02819,trip_02818,570,,300,Inbound,1
2025-01-31,Red,stop_021,trip_02820,trip_02819,240,,300,Outbound,0
2025-01-01,Orange,stop_022,trip_02821,trip_02820,270,,300,Inbound,1
2025-01-02,Red,stop_023,trip_02822,trip_02821,300,,300,Outbound,0
2025-01-03,Orange,stop_024,trip_02823,trip_02822,330,,300,Inbound,1
2025-01-04,Red,stop_025,trip_02824,trip_02823,360,,300,Outbound,0
2025-01-05,Orange,stop_026,trip_02825,trip_02824,390,,300,Inbound,1
2025-01-06,Red,stop_027,trip_02826,trip_02825,420,,300,Outbound,0
2025-01-07,Orange,stop_028,trip_02827,trip_02826,450,,300,Inbound,1
2025-01-08,Red,stop_029,trip_02828,trip_02827,480,,300,Outbound,0
2025-01-09,Orange,stop_030,trip_02829,trip_02828,510,,300,Inbound,1
2025-01-10,Red,stop_031,trip_02830,trip_02829,540,,300,Outbound,0
2025-01-11,Orange,stop_032,trip_02831,trip_02830,570,,300,Inbound,1
2025-01-12,Red,stop_033,trip_02832,trip_02831,240,,300,Outbound,0
2025-01-13,Orange,stop_034,trip_02833,trip_02832,270,,300,Inbound,1
2025-01-14,Red,stop_035,trip_02834,trip_02833,300,,300,Outbound,0
2025-01-15,Orange,stop_001,trip_02835,trip_02834,330,,300,Inbound,1
2025-01-16,Red,stop_002,trip_02836,trip_02835,360,,300,Outbound,0
2025-01-17,Orange,stop_003,trip_02837,trip_02836,390,,300,Inbound,1
2025-01-18,Red,stop_004,trip_02838,trip_02837,420,,300,Outbound,0
2025-01-19,Orange,stop_005,trip_02839,trip_02838,450,,300,Inbound,1
2025-01-20,Red,stop_006,trip_02840,trip_02839,480,,300,Outbound,0
2025-01-21,Orange,stop_007,trip_02841,trip_02840,510,,300,Inbound,1
2025-01-22,Red,stop_008,trip_02842,trip_02841,540,,300,Outbound,0
2025-01-23,Orange,stop_009,trip_02843,trip_02842,570,,300,Inbound,1
2025-01-24,Red,stop_010,trip_02844,trip_02843,240,,300,Outbound,0
2025-01-25,Orange,stop_011,trip_02845,trip_02844,270,,300,Inbound,1
2025-01-26,Red,stop_012,trip_02846,trip_02845,300,,300,Outbound,0
2025-01-27,Orange,stop_013,trip_02847,trip_02846,330,,300,Inbound,1
2025-01-28,Red,stop_014,trip_02848,trip_02847,360,,300,Outbound,0
2025-01-29,Orange,stop_015,trip_02849,trip_02848,390,,300,Inbound,1
2025-01-30,Red,stop_016,trip_02850,trip_02849,420,,300,Outbound,0
2025-01-31,Orange,stop_017,trip_02851,trip_02850,450,,300,Inbound,1
2025-01-01,Red,stop_018,trip_02852,trip_02851,480,,300,Outbound,0
2025-01-02,Orange,stop_019,trip_02853,trip_02852,510,,300,Inbound,1
2025-01-03,Red,stop_020,trip_02854,trip_02853,540,,300,Outbound,0
2025-01-04,Orange,stop_021,trip_02855,trip_02854,570,,300,Inbound,1
2025-01-05,Red,stop_022,trip_02856,trip_02855,240,,300,Outbound,0
2025-01-06,Orange,stop_023,trip_02857,trip_02856,270,,300,Inbound,1
2025-01-07,Red,stop_024,trip_02858,trip_02857,300,,300,Outbound,0
2025-01-08,Orange,stop_025,trip_02859,trip_02858,330,,300,Inbound,1
2025-01-09,Red,stop_026,trip_02860,trip_02859,360,,300,Outbound,0
2025-01-10,Orange,stop_027,trip_02861,trip_02860,390,,300,Inbound,1
2025-01-11,Red,stop_028,trip_02862,trip_02861,420,,300,Outbound,0
2025-01-12,Orange,stop_029,trip_02863,trip_02862,450,,300,Inbound,1
2025-01-13,Red,stop_030,trip_02864,trip_02863,480,,300,Outbound,0
2025-01-14,Orange,stop_031,trip_02865,trip_02864,510,,300,Inbound,1
2025-01-15,Red,stop_032,trip_02866,trip_02865,540,,300,Outbound,0
2025-01-16,Orange,stop_033,trip_02867,trip_02866,570,,300,Inbound,1
2025-01-17,Red,stop_034,trip_02868,trip_02867,240,,300,Outbound,0
2025-01-18,Orange,stop_035,trip_02869,trip_02868,270,,300,Inbound,1
2025-01-19,Red,stop_001,trip_02870,trip_02869,300,,300,Outbound,0
2025-01-20,Orange,stop_002,trip_02871,trip_02870,330,,300,Inbound,1
2025-01-21,Red,stop_003,trip_02872,trip_02871,360,,300,Outbound,0
2025-01-22,Orange,stop_004,trip_02873,trip_02872,390,,300,Inbound,1
2025-01-23,Red,stop_005,trip_02874,trip_02873,420,,300,Outbound,0
2025-01-24,Orange,stop_006,trip_02875,trip_02874,450,,300,Inbound,1
2025-01-25,Red,stop_007,trip_02876,trip_02875,480,,300,Outbound,0
2025-01-26,Orange,stop_008,trip_02877,trip_02876,510,,300,Inbound,1
2025-01-27,Red,stop_009,trip_02878,trip_02877,540,,300,Outbound,0
2025-01-28,Orange,stop_010,trip_02879,trip_02878,570,,300,Inbound,1
2025-01-29,Red,stop_011,trip_02880,trip_02879,240,,300,Outbound,0
2025-01-30,Orange,stop_012,trip_02881,trip_02880,270,,300,Inbound,1
2025-01-31,Red,stop_013,trip_02882,trip_02881,300,,300,Outbound,0
2025-01-01,Orange,stop_014,trip_02883,trip_02882,330,,300,Inbound,1
2025-01-02,Red,stop_015,trip_02884,trip_02883,360,,300,Outbound,0
2025-01-03,Orange,stop_016,trip_02885,trip_02884,390,,300,Inbound,1
2025-01-04,Red,stop_017,trip_02886,trip_02885,420,,300,Outbound,0
2025-01-05,Orange,stop_018,trip_02887,trip_02886,450,,300,Inbound,1
2025-01-06,Red,stop_019,trip_02888,trip_02887,480,,300,Outbound,0
2025-01-07,Orange,stop_020,trip_02889,trip_02888,510,,300,Inbound,1
2025-01-08,Red,stop_021,trip_02890,trip_02889,540,,300,Outbound,0
2025-01-09,Orange,stop_022,trip_02891,trip_02890,570,,300,Inbound,1
2025-01-10,Red,stop_023,trip_02892,trip_02891,240,,300,Outbound,0
2025-01-11,Orange,stop_024,trip_02893,trip_02892,270,,300,Inbound,1
2025-01-12,Red,stop_025,trip_02894,trip_02893,300,,300,Outbound,0
2025-01-13,Orange,stop_026,trip_02895,trip_02894,330,,300,Inbound,1
2025-01-14,Red,stop_027,trip_02896,trip_02895,360,,300,Outbound,0
2025-01-15,Orange,stop_028,trip_02897,trip_02896,390,,300,Inbound,1
2025-01-16,Red,stop_029,trip_02898,trip_02897,420,,300,Outbound,0
2025-01-17,Orange,stop_030,trip_02899,trip_02898,450,,300,Inbound,1
2025-01-18,Red,stop_031,trip_02900,trip_02899,480,,300,Outbound,0
2025-01-19,Orange,stop_032,trip_02901,trip_02900,510,,300,Inbound,1
2025-01-20,Red,stop_033,trip_02902,trip_02901,540,,300,Outbound,0
2025-01-21,Orange,stop_034,trip_02903,trip_02902,570,,300,Inbound,1
2025-01-22,Red,stop_035,trip_02904,trip_02903,240,,300,Outbound,0
2025-01-23,Orange,stop_001,trip_02905,trip_02904,270,,300,Inbound,1
2025-01-24,Red,stop_002,trip_02906,trip_02905,300,,300,Outbound,0
2025-01-25,Orange,stop_003,trip_02907,trip_02906,330,,300,Inbound,1
2025-01-26,Red,stop_004,trip_02908,trip_02907,360,,300,Outbound,0
2025-01-27,Orange,stop_005,trip_02909,trip_02908,390,,300,Inbound,1
2025-01-28,Red,stop_006,trip_02910,trip_02909,420,,300,Outbound,0
2025-01-29,Orange,stop_007,trip_02911,trip_02910,450,,300,Inbound,1
2025-01-30,Red,stop_008,trip_02912,trip_02911,480,,300,Outbound,0
2025-01-31,Orange,stop_009,trip_02913,trip_02912,510,,300,Inbound,1
2025-01-01,Red,stop_010,trip_02914,trip_02913,540,,300,Outbound,0
2025-01-02,Orange,stop_011,trip_02915,trip_02914,570,,300,Inbound,1
2025-01-03,Red,stop_012,trip_02916,trip_02915,240,,300,Outbound,0
2025-01-04,Orange,stop_013,trip_02917,trip_02916,270,,300,Inbound,1
2025-01-05,Red,stop_014,trip_02918,trip_02917,300,,300,Outbound,0
2025-01-06,Orange,stop_015,trip_02919,trip_02918,330,,300,Inbound,1
2025-01-07,Red,stop_016,trip_02920,trip_02919,360,,300,Outbound,0
2025-01-08,Orange,stop_017,trip_02921,trip_02920,390,,300,Inbound,1
2025-01-09,Red,stop_018,trip_02922,trip_02921,420,,300,Outbound,0
2025-01-10,Orange,stop_019,trip_02923,trip_02922,450,,300,Inbound,1
2025-01-11,Red,stop_020,trip_02924,trip_02923,480,,300,Outbound,0
2025-01-12,Orange,stop_021,trip_02925,trip_02924,510,,300,Inbound,1
2025-01-13,Red,stop_022,trip_02926,trip_02925,540,,300,Outbound,0
2025-01-14,Orange,stop_023,trip_02927,trip_02926,570,,300,Inbound,1
2025-01-15,Red,stop_024,trip_02928,trip_02927,240,,300,Outbound,0
2025-01-16,Orange,stop_025,trip_02929,trip_02928,270,,300,Inbound,1
2025-01-17,Red,stop_026,trip_02930,trip_02929,300,,300,Outbound,0
2025-01-18,Orange,stop_027,trip_02931,trip_02930,330,,300,Inbound,1
2025-01-19,Red,stop_028,trip_02932,trip_02931,360,,300,Outbound,0
2025-01-20,Orange,stop_029,trip_02933,trip_02932,390,,300,Inbound,1
2025-01-21,Red,stop_030,trip_02934,trip_02933,420,,300,Outbound,0
2025-01-22,Orange,stop_031,trip_02935,trip_02934,450,,300,Inbound,1
2025-01-23,Red,stop_032,trip_02936,trip_02935,480,,300,Outbound,0
2025-01-24,Orange,stop_033,trip_02937,trip_02936,510,,300,Inbound,1
2025-01-25,Red,stop_034,trip_02938,trip_02937,540,,300,Outbound,0
2025-01-26,Orange,stop_035,trip_02939,trip_02938,570,,300,Inbound,1
2025-01-27,Red,stop_001,trip_02940,trip_02939,240,,300,Outbound,0
2025-01-28,Orange,stop_002,trip_02941,trip_02940,270,,300,Inbound,1
2025-01-29,Red,stop_003,trip_02942,trip_02941,300,,300,Outbound,0
2025-01-30,Orange,stop_004,trip_02943,trip_02942,330,,300,Inbound,1
2025-01-31,Red,stop_005,trip_02944,trip_02943,360,,300,Outbound,0
2025-01-01,Orange,stop_006,trip_02945,trip_02944,390,,300,Inbound,1
2025-01-02,Red,stop_007,trip_02946,trip_02945,420,,300,Outbound,0
2025-01-03,Orange,stop_008,trip_02947,trip_02946,450,,300,Inbound,1
2025-01-04,Red,stop_009,trip_02948,trip_02947,480,,300,Outbound,0
2025-01-05,Orange,stop_010,trip_02949,trip_02948,510,,300,Inbound,1
2025-01-06,Red,stop_011,trip_02950,trip_02949,540,,300,Outbound,0
2025-01-07,Orange,stop_012,trip_02951,trip_02950,570,,300,Inbound,1
2025-01-08,Red,stop_013,trip_02952,trip_02951,240,,300,Outbound,0
2025-01-09,Orange,stop_014,trip_02953,trip_02952,270,,300,Inbound,1
2025-01-10,Red,stop_015,trip_02954,trip_02953,300,,300,Outbound,0
2025-01-11,Orange,stop_016,trip_02955,trip_02954,330,,300,Inbound,1
2025-01-12,Red,stop_017,trip_02956,trip_02955,360,,300,Outbound,0
2025-01-13,Orange,stop_018,trip_02957,trip_02956,390,,300,Inbound,1
2025-01-14,Red,stop_019,trip_02958,trip_02957,420,,300,Outbound,0
2025-01-15,Orange,stop_020,trip_02959,trip_02958,450,,300,Inbound,1
2025-01-16,Red,stop_021,trip_02960,trip_02959,480,,300,Outbound,0
2025-01-17,Orange,stop_022,trip_02961,trip_02960,510,,300,Inbound,1
2025-01-18,Red,stop_023,trip_02962,trip_02961,540,,300,Outbound,0
2025-01-19,Orange,stop_024,trip_02963,trip_02962,570,,300,Inbound,1
2025-01-20,Red,stop_025,trip_02964,trip_02963,240,,300,Outbound,0
2025-01-21,Orange,stop_026,trip_02965,trip_02964,270,,300,Inbound,1
2025-01-22,Red,stop_027,trip_02966,trip_02965,300,,300,Outbound,0
2025-01-23,Orange,stop_028,trip_02967,trip_02966,330,,300,Inbound,1
2025-01-24,Red,stop_029,trip_02968,trip_02967,360,,300,Outbound,0
2025-01-25,Orange,stop_030,trip_02969,trip_02968,390,,300,Inbound,1
2025-01-26,Red,stop_031,trip_02970,trip_02969,420,,300,Outbound,0
2025-01-27,Orange,stop_032,trip_02971,trip_02970,450,,300,Inbound,1
2025-01-28,Red,stop_033,trip_02972,trip_02971,480,,300,Outbound,0
2025-01-29,Orange,stop_034,trip_02973,trip_02972,510,,300,Inbound,1
2025-01-30,Red,stop_035,trip_02974,trip_02973,540,,300,Outbound,0
2025-01-31,Orange,stop_001,trip_02975,trip_02974,570,,300,Inbound,1
2025-01-01,Red,stop_002,trip_02976,trip_02975,240,,300,Outbound,0
2025-01-02,Orange,stop_003,trip_02977,trip_02976,270,,300,Inbound,1
2025-01-03,Red,stop_004,trip_02978,trip_02977,300,,300,Outbound,0
2025-01-04,Orange,stop_005,trip_02979,trip_02978,330,,300,Inbound,1
2025-01-05,Red,stop_006,trip_02980,trip_02979,360,,300,Outbound,0
2025-01-06,Orange,stop_007,trip_02981,trip_02980,390,,300,Inbound,1
2025-01-07,Red,stop_008,trip_02982,trip_02981,420,,300,Outbound,0
2025-01-08,Orange,stop_009,trip_02983,trip_02982,450,,300,Inbound,1
2025-01-09,Red,stop_010,trip_02984,trip_02983,480,,300,Outbound,0
2025-01-10,Orange,stop_011,trip_02985,trip_02984,510,,300,Inbound,1
2025-01-11,Red,stop_012,trip_02986,trip_02985,540,,300,Outbound,0
2025-01-12,Orange,stop_013,trip_02987,trip_02986,570,,300,Inbound,1
2025-01-13,Red,stop_014,trip_02988,trip_02987,240,,300,Outbound,0
2025-01-14,Orange,stop_015,trip_02989,trip_02988,270,,300,Inbound,1
2025-01-15,Red,stop_016,trip_02990,trip_02989,300,,300,Outbound,0
2025-01-16,Orange,stop_017,trip_02991,trip_02990,330,,300,Inbound,1
2025-01-17,Red,stop_018,trip_02992,trip_02991,360,,300,Outbound,0
2025-01-18,Orange,stop_019,trip_02993,trip_02992,390,,300,Inbound,1
2025-01-19,Red,stop_020,trip_02994,trip_02993,420,,300,Outbound,0
2025-01-20,Orange,stop_021,trip_02995,trip_02994,450,,300,Inbound,1
2025-01-21,Red,stop_022,trip_02996,trip_02995,480,,300,Outbound,0
2025-01-22,Orange,stop_023,trip_02997,trip_02996,510,,300,Inbound,1
2025-01-23,Red,stop_024,trip_02998,trip_02997,540,,300,Outbound,0
2025-01-24,Orange,stop_025,trip_02999,trip_02998,570,,300,Inbound,1
2025-01-25,Red,stop_026,trip_03000,trip_02999,240,,300,Outbound,0
2025-01-26,Orange,stop_027,trip_03001,trip_03000,270,,300,Inbound,1
2025-01-27,Red,stop_028,trip_03002,trip_03001,300,,300,Outbound,0
2025-01-28,Orange,stop_029,trip_03003,trip_03002,330,,300,Inbound,1
2025-01-29,Red,stop_030,trip_03004,trip_03003,360,,300,Outbound,0
2025-01-30,Orange,stop_031,trip_03005,trip_03004,390,,300,Inbound,1
2025-01-31,Red,stop_032,trip_03006,trip_03005,420,,300,Outbound,0
2025-01-01,Orange,stop_033,trip_03007,trip_03006,450,,300,Inbound,1
2025-01-02,Red,stop_034,trip_03008,trip_03007,480,,300,Outbound,0
2025-01-03,Orange,stop_035,trip_03009,trip_03008,510,,300,Inbound,1
2025-01-04,Red,stop_001,trip_03010,trip_03009,540,,300,Outbound,0
2025-01-05,Orange,stop_002,trip_03011,trip_03010,570,,300,Inbound,1
2025-01-06,Red,stop_003,trip_03012,trip_03011,240,,300,Outbound,0
2025-01-07,Orange,stop_004,trip_03013,trip_03012,270,,300,Inbound,1
2025-01-08,Red,stop_005,trip_03014,trip_03013,300,,300,Outbound,0
2025-01-09,Orange,stop_006,trip_03015,trip_03014,330,,300,Inbound,1
2025-01-10,Red,stop_007,trip_03016,trip_03015,360,,300,Outbound,0
2025-01-11,Orange,stop_008,trip_03017,trip_03016,390,,300,Inbound,1
2025-01-12,Red,stop_009,trip_03018,trip_03017,420,,300,Outbound,0
2025-01-13,Orange,stop_010,trip_03019,trip_03018,450,,300,Inbound,1
2025-01-14,Red,stop_011,trip_03020,trip_03019,480,,300,Outbound,0
2025-01-15,Orange,stop_012,trip_03021,trip_03020,510,,300,Inbound,1
2025-01-16,Red,stop_013,trip_03022,trip_03021,540,,300,Outbound,0
2025-01-17,Orange,stop_014,trip_03023,trip_03022,570,,300,Inbound,1
2025-01-18,Red,stop_015,trip_03024,trip_03023,240,,300,Outbound,0
2025-01-19,Orange,stop_016,trip_03025,trip_03024,270,,300,Inbound,1
2025-01-20,Red,stop_017,trip_03026,trip_03025,300,,300,Outbound,0
2025-01-21,Orange,stop_018,trip_03027,trip_03026,330,,300,Inbound,1
2025-01-22,Red,stop_019,trip_03028,trip_03027,360,,300,Outbound,0
2025-01-23,Orange,stop_020,trip_03029,trip_03028,390,,300,Inbound,1
2025-01-24,Red,stop_021,trip_03030,trip_03029,420,,300,Outbound,0
2025-01-25,Orange,stop_022,trip_03031,trip_03030,450,,300,Inbound,1
2025-01-26,Red,stop_023,trip_03032,trip_03031,480,,300,Outbound,0
2025-01-27,Orange,stop_024,trip_03033,trip_03032,510,,300,Inbound,1
2025-01-28,Red,stop_025,trip_03034,trip_03033,540,,300,Outbound,0
2025-01-29,Orange,stop_026,trip_03035,trip_03034,570,,300,Inbound,1
2025-01-30,Red,stop_027,trip_03036,trip_03035,240,,300,Outbound,0
2025-01-31,Orange,stop_028,trip_03037,trip_03036,270,,300,Inbound,1
2025-01-01,Red,stop_029,trip_03038,trip_03037,300,,300,Outbound,0
2025-01-02,Orange,stop_030,trip_03039,trip_03038,330,,300,Inbound,1
2025-01-03,Red,stop_031,trip_03040,trip_03039,360,,300,Outbound,0
2025-01-04,Orange,stop_032,trip_03041,trip_03040,390,,300,Inbound,1
2025-01-05,Red,stop_033,trip_03042,trip_03041,420,,300,Outbound,0
2025-01-06,Orange,stop_034,trip_03043,trip_03042,450,,300,Inbound,1
2025-01-07,Red,stop_035,trip_03044,trip_03043,480,,300,Outbound,0
2025-01-08,Orange,stop_001,trip_03045,trip_03044,510,,300,Inbound,1
2025-01-09,Red,stop_002,trip_03046,trip_03045,540,,300,Outbound,0
2025-01-10,Orange,stop_003,trip_03047,trip_03046,570,,300,Inbound,1
2025-01-11,Red,stop_004,trip_03048,trip_03047,240,,300,Outbound,0
2025-01-12,Orange,stop_005,trip_03049,trip_03048,270,,300,Inbound,1
2025-01-13,Red,stop_006,trip_03050,trip_03049,300,,300,Outbound,0
2025-01-14,Orange,stop_007,trip_03051,trip_03050,330,,300,Inbound,1
2025-01-15,Red,stop_008,trip_03052,trip_03051,360,,300,Outbound,0
2025-01-16,Orange,stop_009,trip_03053,trip_03052,390,,300,Inbound,1
2025-01-17,Red,stop_010,trip_03054,trip_03053,420,,300,Outbound,0
2025-01-18,Orange,stop_011,trip_03055,trip_03054,450,,300,Inbound,1
2025-01-19,Red,stop_012,trip_03056,trip_03055,480,,300,Outbound,0
2025-01-20,Orange,stop_013,trip_03057,trip_03056,510,,300,Inbound,1
2025-01-21,Red,stop_014,trip_03058,trip_03057,540,,300,Outbound,0
2025-01-22,Orange,stop_015,trip_03059,trip_03058,570,,300,Inbound,1
2025-01-23,Red,stop_016,trip_03060,trip_03059,240,,300,Outbound,0
2025-01-24,Orange,stop_017,trip_03061,trip_03060,270,,300,Inbound,1
2025-01-25,Red,stop_018,trip_03062,trip_03061,300,,300,Outbound,0
2025-01-26,Orange,stop_019,trip_03063,trip_03062,330,,300,Inbound,1
2025-01-27,Red,stop_020,trip_03064,trip_03063,360,,300,Outbound,0
2025-01-28,Orange,stop_021,trip_03065,trip_03064,390,,300,Inbound,1
2025-01-29,Red,stop_022,trip_03066,trip_03065,420,,300,Outbound,0
2025-01-30,Orange,stop_023,trip_03067,trip_03066,450,,300,Inbound,1
2025-01-31,Red,stop_024,trip_03068,trip_03067,480,,300,Outbound,0
2025-01-01,Orange,stop_025,trip_03069,trip_03068,510,,300,Inbound,1
2025-01-02,Red,stop_026,trip_03070,trip_03069,540,,300,Outbound,0
2025-01-03,Orange,stop_027,trip_03071,trip_03070,570,,300,Inbound,1
2025-01-04,Red,stop_028,trip_03072,trip_03071,240,,300,Outbound,0
2025-01-05,Orange,stop_029,trip_03073,trip_03072,270,,300,Inbound,1
2025-01-06,Red,stop_030,trip_03074,trip_03073,300,,300,Outbound,0
2025-01-07,Orange,stop_031,trip_03075,trip_03074,330,,300,Inbound,1
2025-01-08,Red,stop_032,trip_03076,trip_03075,360,,300,Outbound,0
2025-01-09,Orange,stop_033,trip_03077,trip_03076,390,,300,Inbound,1
2025-01-10,Red,stop_034,trip_03078,trip_03077,420,,300,Outbound,0
2025-01-11,Orange,stop_035,trip_03079,trip_03078,450,,300,Inbound,1
2025-01-12,Red,stop_001,trip_03080,trip_03079,480,,300,Outbound,0
2025-01-13,Orange,stop_002,trip_03081,trip_03080,510,,300,Inbound,1
2025-01-14,Red,stop_003,trip_03082,trip_03081,540,,300,Outbound,0
2025-01-15,Orange,stop_004,trip_03083,trip_03082,570,,300,Inbound,1
2025-01-16,Red,stop_005,trip_03084,trip_03083,240,,300,Outbound,0
2025-01-17,Orange,stop_006,trip_03085,trip_03084,270,,300,Inbound,1
2025-01-18,Red,stop_007,trip_03086,trip_03085,300,,300,Outbound,0
2025-01-19,Orange,stop_008,trip_03087,trip_03086,330,,300,Inbound,1
2025-01-20,Red,stop_009,trip_03088,trip_03087,360,,300,Outbound,0
2025-01-21,Orange,stop_010,trip_03089,trip_03088,390,,300,Inbound,1
2025-01-22,Red,stop_011,trip_03090,trip_03089,420,,300,Outbound,0
2025-01-23,Orange,stop_012,trip_03091,trip_03090,450,,300,Inbound,1
2025-01-24,Red,stop_013,trip_03092,trip_03091,480,,300,Outbound,0
2025-01-25,Orange,stop_014,trip_03093,trip_03092,510,,300,Inbound,1
2025-01-26,Red,stop_015,trip_03094,trip_03093,540,,300,Outbound,0
2025-01-27,Orange,stop_016,trip_03095,trip_03094,570,,300,Inbound,1
2025-01-28,Red,stop_017,trip_03096,trip_03095,240,,300,Outbound,0
2025-01-29,Orange,stop_018,trip_03097,trip_03096,270,,300,Inbound,1
2025-01-30,Red,stop_019,trip_03098,trip_03097,300,,300,Outbound,0
2025-01-31,Orange,stop_020,trip_03099,trip_03098,330,,300,Inbound,1
2025-01-01,Red,stop_021,trip_03100,trip_03099,360,,300,Outbound,0
2025-01-02,Orange,stop_022,trip_03101,trip_03100,390,,300,Inbound,1
2025-01-03,Red,stop_023,trip_03102,trip_03101,420,,300,Outbound,0
2025-01-04,Orange,stop_024,trip_03103,trip_03102,450,,300,Inbound,1
2025-01-05,Red,stop_025,trip_03104,trip_03103,480,,300,Outbound,0
2025-01-06,Orange,stop_026,trip_03105,trip_03104,510,,300,Inbound,1
2025-01-07,Red,stop_027,trip_03106,trip_03105,540,,300,Outbound,0
2025-01-08,Orange,stop_028,trip_03107,trip_03106,570,,300,Inbound,1
2025-01-09,Red,stop_029,trip_03108,trip_03107,240,,300,Outbound,0
2025-01-10,Orange,stop_030,trip_03109,trip_03108,270,,300,Inbound,1
2025-01-11,Red,stop_031,trip_03110,trip_03109,300,,300,Outbound,0
2025-01-12,Orange,stop_032,trip_03111,trip_03110,330,,300,Inbound,1
2025-01-13,Red,stop_033,trip_03112,trip_03111,360,,300,Outbound,0
2025-01-14,Orange,stop_034,trip_03113,trip_03112,390,,300,Inbound,1
2025-01-15,Red,stop_035,trip_03114,trip_03113,420,,300,Outbound,0
2025-01-16,Orange,stop_001,trip_03115,trip_03114,450,,300,Inbound,1
2025-01-17,Red,stop_002,trip_03116,trip_03115,480,,300,Outbound,0
2025-01-18,Orange,stop_003,trip_03117,trip_03116,510,,300,Inbound,1
2025-01-19,Red,stop_004,trip_03118,trip_03117,540,,300,Outbound,0
2025-01-20,Orange,stop_005,trip_03119,trip_03118,570,,300,Inbound,1
2025-01-21,Red,stop_006,trip_03120,trip_03119,240,,300,Outbound,0
2025-01-22,Orange,stop_007,trip_03121,trip_03120,270,,300,Inbound,1
2025-01-23,Red,stop_008,trip_03122,trip_03121,300,,300,Outbound,0
2025-01-24,Orange,stop_009,trip_03123,trip_03122,330,,300,Inbound,1
2025-01-25,Red,stop_010,trip_03124,trip_03123,360,,300,Outbound,0
2025-01-26,Orange,stop_011,trip_03125,trip_03124,390,,300,Inbound,1
2025-01-27,Red,stop_012,trip_03126,trip_03125,420,,300,Outbound,0
2025-01-28,Orange,stop_013,trip_03127,trip_03126,450,,300,Inbound,1
2025-01-29,Red,stop_014,trip_03128,trip_03127,480,,300,Outbound,0
2025-01-30,Orange,stop_015,trip_03129,trip_03128,510,,300,Inbound,1
2025-01-31,Red,stop_016,trip_03130,trip_03129,540,,300,Outbound,0
2025-01-01,Orange,stop_017,trip_03131,trip_03130,570,,300,Inbound,1
2025-01-02,Red,stop_018,trip_03132,trip_03131,240,,300,Outbound,0
2025-01-03,Orange,stop_019,trip_03133,trip_03132,270,,300,Inbound,1
2025-01-04,Red,stop_020,trip_03134,trip_03133,300,,300,Outbound,0
2025-01-05,Orange,stop_021,trip_03135,trip_03134,330,,300,Inbound,1
2025-01-06,Red,stop_022,trip_03136,trip_03135,360,,300,Outbound,0
2025-01-07,Orange,stop_023,trip_03137,trip_03136,390,,300,Inbound,1
2025-01-08,Red,stop_024,trip_03138,trip_03137,420,,300,Outbound,0
2025-01-09,Orange,stop_025,trip_03139,trip_03138,450,,300,Inbound,1
2025-01-10,Red,stop_026,trip_03140,trip_03139,480,,300,Outbound,0
2025-01-11,Orange,stop_027,trip_03141,trip_03140,510,,300,Inbound,1
2025-01-12,Red,stop_028,trip_03142,trip_03141,540,,300,Outbound,0
2025-01-13,Orange,stop_029,trip_03143,trip_03142,570,,300,Inbound,1
2025-01-14,Red,stop_030,trip_03144,trip_03143,240,,300,Outbound,0
2025-01-15,Orange,stop_031,trip_03145,trip_03144,270,,300,Inbound,1
2025-01-16,Red,stop_032,trip_03146,trip_03145,300,,300,Outbound,0
2025-01-17,Orange,stop_033,trip_03147,trip_03146,330,,300,Inbound,1
2025-01-18,Red,stop_034,trip_03148,trip_03147,360,,300,Outbound,0
2025-01-19,Orange,stop_035,trip_03149,trip_03148,390,,300,Inbound,1
2025-01-20,Red,stop_001,trip_03150,trip_03149,420,,300,Outbound,0
2025-01-21,Orange,stop_002,trip_03151,trip_03150,450,,300,Inbound,1
2025-01-22,Red,stop_003,trip_03152,trip_03151,480,,300,Outbound,0
2025-01-23,Orange,stop_004,trip_03153,trip_03152,510,,300,Inbound,1
2025-01-24,Red,stop_005,trip_03154,trip_03153,540,,300,Outbound,0
2025-01-25,Orange,stop_006,trip_03155,trip_03154,570,,300,Inbound,1
2025-01-26,Red,stop_007,trip_03156,trip_03155,240,,300,Outbound,0
2025-01-27,Orange,stop_008,trip_03157,trip_03156,270,,300,Inbound,1
2025-01-28,Red,stop_009,trip_03158,trip_03157,300,,300,Outbound,0
2025-01-29,Orange,stop_010,trip_03159,trip_03158,330,,300,Inbound,1
2025-01-30,Red,stop_011,trip_03160,trip_03159,360,,300,Outbound,0
2025-01-31,Orange,stop_012,trip_03161,trip_03160,390,,300,Inbound,1
2025-01-01,Red,stop_013,trip_03162,trip_03161,420,,300,Outbound,0
2025-01-02,Orange,stop_014,trip_03163,trip_03162,450,,300,Inbound,1
2025-01-03,Red,stop_015,trip_03164,trip_03163,480,,300,Outbound,0
2025-01-04,Orange,stop_016,trip_03165,trip_03164,510,,300,Inbound,1
2025-01-05,Red,stop_017,trip_03166,trip_03165,540,,300,Outbound,0
2025-01-06,Orange,stop_018,trip_03167,trip_03166,570,,300,Inbound,1
2025-01-07,Red,stop_019,trip_03168,trip_03167,240,,300,Outbound,0
2025-01-08,Orange,stop_020,trip_03169,trip_03168,270,,300,Inbound,1
2025-01-09,Red,stop_021,trip_03170,trip_03169,300,,300,Outbound,0
2025-01-10,Orange,stop_022,trip_03171,trip_03170,330,,300,Inbound,1
2025-01-11,Red,stop_023,trip_03172,trip_03171,360,,300,Outbound,0
2025-01-12,Orange,stop_024,trip_03173,trip_03172,390,,300,Inbound,1
2025-01-13,Red,stop_025,trip_03174,trip_03173,420,,300,Outbound,0
2025-01-14,Orange,stop_026,trip_03175,trip_03174,450,,300,Inbound,1
2025-01-15,Red,stop_027,trip_03176,trip_03175,480,,300,Outbound,0
2025-01-16,Orange,stop_028,trip_03177,trip_03176,510,,300,Inbound,1
2025-01-17,Red,stop_029,trip_03178,trip_03177,540,,300,Outbound,0
2025-01-18,Orange,stop_030,trip_03179,trip_03178,570,,300,Inbound,1
2025-01-19,Red,stop_031,trip_03180,trip_03179,240,,300,Outbound,0
2025-01-20,Orange,stop_032,trip_03181,trip_03180,270,,300,Inbound,1
2025-01-21,Red,stop_033,trip_03182,trip_03181,300,,300,Outbound,0
2025-01-22,Orange,stop_034,trip_03183,trip_03182,330,,300,Inbound,1
2025-01-23,Red,stop_035,trip_03184,trip_03183,360,,300,Outbound,0
2025-01-24,Orange,stop_001,trip_03185,trip_03184,390,,300,Inbound,1
2025-01-25,Red,stop_002,trip_03186,trip_03185,420,,300,Outbound,0
2025-01-26,Orange,stop_003,trip_03187,trip_03186,450,,300,Inbound,1
2025-01-27,Red,stop_004,trip_03188,trip_03187,480,,300,Outbound,0
2025-01-28,Orange,stop_005,trip_03189,trip_03188,510,,300,Inbound,1
2025-01-29,Red,stop_006,trip_03190,trip_03189,540,,300,Outbound,0
2025-01-30,Orange,stop_007,trip_03191,trip_03190,570,,300,Inbound,1
2025-01-31,Red,stop_008,trip_03192,trip_03191,240,,300,Outbound,0
2025-01-01,Orange,stop_009,trip_03193,trip_03192,270,,300,Inbound,1
2025-01-02,Red,stop_010,trip_03194,trip_03193,300,,300,Outbound,0
2025-01-03,Orange,stop_011,trip_03195,trip_03194,330,,300,Inbound,1
2025-01-04,Red,stop_012,trip_03196,trip_03195,360,,300,Outbound,0
2025-01-05,Orange,stop_013,trip_03197,trip_03196,390,,300,Inbound,1
2025-01-06,Red,stop_014,trip_03198,trip_03197,420,,300,Outbound,0
2025-01-07,Orange,stop_015,trip_03199,trip_03198,450,,300,Inbound,1
2025-01-08,Red,stop_016,trip_03200,trip_03199,480,,300,Outbound,0
2025-01-09,Orange,stop_017,trip_03201,trip_03200,510,,300,Inbound,1
2025-01-10,Red,stop_018,trip_03202,trip_03201,540,,300,Outbound,0
2025-01-11,Orange,stop_019,trip_03203,trip_03202,570,,300,Inbound,1
2025-01-12,Red,stop_020,trip_03204,trip_03203,240,,300,Outbound,0
2025-01-13,Orange,stop_021,trip_03205,trip_03204,270,,300,Inbound,1
2025-01-14,Red,stop_022,trip_03206,trip_03205,300,,300,Outbound,0
2025-01-15,Orange,stop_023,trip_03207,trip_03206,330,,300,Inbound,1
2025-01-16,Red,stop_024,trip_03208,trip_03207,360,,300,Outbound,0
2025-01-17,Orange,stop_025,trip_03209,trip_03208,390,,300,Inbound,1
2025-01-18,Red,stop_026,trip_03210,trip_03209,420,,300,Outbound,0
2025-01-19,Orange,stop_027,trip_03211,trip_03210,450,,300,Inbound,1
2025-01-20,Red,stop_028,trip_03212,trip_03211,480,,300,Outbound,0
2025-01-21,Orange,stop_029,trip_03213,trip_03212,510,,300,Inbound,1
2025-01-22,Red,stop_030,trip_03214,trip_03213,540,,300,Outbound,0
2025-01-23,Orange,stop_031,trip_03215,trip_03214,570,,300,Inbound,1
2025-01-24,Red,stop_032,trip_03216,trip_03215,240,,300,Outbound,0
2025-01-25,Orange,stop_033,trip_03217,trip_03216,270,,300,Inbound,1
2025-01-26,Red,stop_034,trip_03218,trip_03217,300,,300,Outbound,0
2025-01-27,Orange,stop_035,trip_03219,trip_03218,330,,300,Inbound,1
2025-01-28,Red,stop_001,trip_03220,trip_03219,360,,300,Outbound,0
2025-01-29,Orange,stop_002,trip_03221,trip_03220,390,,300,Inbound,1
2025-01-30,Red,stop_003,trip_03222,trip_03221,420,,300,Outbound,0
2025-01-31,Orange,stop_004,trip_03223,trip_03222,450,,300,Inbound,1
2025-01-01,Red,stop_005,trip_03224,trip_03223,480,,300,Outbound,0
2025-01-02,Orange,stop_006,trip_03225,trip_03224,510,,300,Inbound,1
2025-01-03,Red,stop_007,trip_03226,trip_03225,540,,300,Outbound,0
2025-01-04,Orange,stop_008,trip_03227,trip_03226,570,,300,Inbound,1
2025-01-05,Red,stop_009,trip_03228,trip_03227,240,,300,Outbound,0
2025-01-06,Orange,stop_010,trip_03229,trip_03228,270,,300,Inbound,1
2025-01-07,Red,stop_011,trip_03230,trip_03229,300,,300,Outbound,0
2025-01-08,Orange,stop_012,trip_03231,trip_03230,330,,300,Inbound,1
2025-01-09,Red,stop_013,trip_03232,trip_03231,360,,300,Outbound,0
2025-01-10,Orange,stop_014,trip_03233,trip_03232,390,,300,Inbound,1
2025-01-11,Red,stop_015,trip_03234,trip_03233,420,,300,Outbound,0
2025-01-12,Orange,stop_016,trip_03235,trip_03234,450,,300,Inbound,1
2025-01-13,Red,stop_017,trip_03236,trip_03235,480,,300,Outbound,0
2025-01-14,Orange,stop_018,trip_03237,trip_03236,510,,300,Inbound,1
2025-01-15,Red,stop_019,trip_03238,trip_03237,540,,300,Outbound,0
2025-01-16,Orange,stop_020,trip_03239,trip_03238,570,,300,Inbound,1
2025-01-17,Red,stop_021,trip_03240,trip_03239,240,,300,Outbound,0
2025-01-18,Orange,stop_022,trip_03241,trip_03240,270,,300,Inbound,1
2025-01-19,Red,stop_023,trip_03242,trip_03241,300,,300,Outbound,0
2025-01-20,Orange,stop_024,trip_03243,trip_03242,330,,300,Inbound,1
2025-01-21,Red,stop_025,trip_03244,trip_03243,360,,300,Outbound,0
2025-01-22,Orange,stop_026,trip_03245,trip_03244,390,,300,Inbound,1
2025-01-23,Red,stop_027,trip_03246,trip_03245,420,,300,Outbound,0
2025-01-24,Orange,stop_028,trip_03247,trip_03246,450,,300,Inbound,1
2025-01-25,Red,stop_029,trip_03248,trip_03247,480,,300,Outbound,0
2025-01-26,Orange,stop_030,trip_03249,trip_03248,510,,300,Inbound,1
2025-01-27,Red,stop_031,trip_03250,trip_03249,540,,300,Outbound,0
2025-01-28,Orange,stop_032,trip_03251,trip_03250,570,,300,Inbound,1
2025-01-29,Red,stop_033,trip_03252,trip_03251,240,,300,Outbound,0
2025-01-30,Orange,stop_034,trip_03253,trip_03252,270,,300,Inbound,1
2025-01-31,Red,stop_035,trip_03254,trip_03253,300,,300,Outbound,0
2025-01-01,Orange,stop_001,trip_03255,trip_03254,330,,300,Inbound,1
2025-01-02,Red,stop_002,trip_03256,trip_03255,360,,300,Outbound,0
2025-01-03,Orange,stop_003,trip_03257,trip_03256,390,,300,Inbound,1
2025-01-04,Red,stop_004,trip_03258,trip_03257,420,,300,Outbound,0
2025-01-05,Orange,stop_005,trip_03259,trip_03258,450,,300,Inbound,1
2025-01-06,Red,stop_006,trip_03260,trip_03259,480,,300,Outbound,0
2025-01-07,Orange,stop_007,trip_03261,trip_03260,510,,300,Inbound,1
2025-01-08,Red,stop_008,trip_03262,trip_03261,540,,300,Outbound,0
2025-01-09,Orange,stop_009,trip_03263,trip_03262,570,,300,Inbound,1
2025-01-10,Red,stop_010,trip_03264,trip_03263,240,,300,Outbound,0
2025-01-11,Orange,stop_011,trip_03265,trip_03264,270,,300,Inbound,1
2025-01-12,Red,stop_012,trip_03266,trip_03265,300,,300,Outbound,0
2025-01-13,Orange,stop_013,trip_03267,trip_03266,330,,300,Inbound,1
2025-01-14,Red,stop_014,trip_03268,trip_03267,360,,300,Outbound,0
2025-01-15,Orange,stop_015,trip_03269,trip_03268,390,,300,Inbound,1
2025-01-16,Red,stop_016,trip_03270,trip_03269,420,,300,Outbound,0
2025-01-17,Orange,stop_017,trip_03271,trip_03270,450,,300,Inbound,1
2025-01-18,Red,stop_018,trip_03272,trip_03271,480,,300,Outbound,0
2025-01-19,Orange,stop_019,trip_03273,trip_03272,510,,300,Inbound,1
2025-01-20,Red,stop_020,trip_03274,trip_03273,540,,300,Outbound,0
2025-01-21,Orange,stop_021,trip_03275,trip_03274,570,,300,Inbound,1
2025-01-22,Red,stop_022,trip_03276,trip_03275,240,,300,Outbound,0
2025-01-23,Orange,stop_023,trip_03277,trip_03276,270,,300,Inbound,1
2025-01-24,Red,stop_024,trip_03278,trip_03277,300,,300,Outbound,0
2025-01-25,Orange,stop_025,trip_03279,trip_03278,330,,300,Inbound,1
2025-01-26,Red,stop_026,trip_03280,trip_03279,360,,300,Outbound,0
2025-01-27,Orange,stop_027,trip_03281,trip_03280,390,,300,Inbound,1
2025-01-28,Red,stop_028,trip_03282,trip_03281,420,,300,Outbound,0
2025-01-29,Orange,stop_029,trip_03283,trip_03282,450,,300,Inbound,1
2025-01-30,Red,stop_030,trip_03284,trip_03283,480,,300,Outbound,0
2025-01-31,Orange,stop_031,trip_03285,trip_03284,510,,300,Inbound,1
2025-01-01,Red,stop_032,trip_03286,trip_03285,540,,300,Outbound,0
2025-01-02,Orange,stop_033,trip_03287,trip_03286,570,,300,Inbound,1
2025-01-03,Red,stop_034,trip_03288,trip_03287,240,,300,Outbound,0
2025-01-04,Orange,stop_035,trip_03289,trip_03288,270,,300,Inbound,1
2025-01-05,Red,stop_001,trip_03290,trip_03289,300,,300,Outbound,0
2025-01-06,Orange,stop_002,trip_03291,trip_03290,330,,300,Inbound,1
2025-01-07,Red,stop_003,trip_03292,trip_03291,360,,300,Outbound,0
2025-01-08,Orange,stop_004,trip_03293,trip_03292,390,,300,Inbound,1
2025-01-09,Red,stop_005,trip_03294,trip_03293,420,,300,Outbound,0
2025-01-10,Orange,stop_006,trip_03295,trip_03294,450,,300,Inbound,1
2025-01-11,Red,stop_007,trip_03296,trip_03295,480,,300,Outbound,0
2025-01-12,Orange,stop_008,trip_03297,trip_03296,510,,300,Inbound,1
2025-01-13,Red,stop_009,trip_03298,trip_03297,540,,300,Outbound,0
2025-01-14,Orange,stop_010,trip_03299,trip_03298,570,,300,Inbound,1
2025-01-15,Red,stop_011,trip_03300,trip_03299,240,,300,Outbound,0
2025-01-16,Orange,stop_012,trip_03301,trip_03300,270,,300,Inbound,1
2025-01-17,Red,stop_013,trip_03302,trip_03301,300,,300,Outbound,0
2025-01-18,Orange,stop_014,trip_03303,trip_03302,330,,300,Inbound,1
2025-01-19,Red,stop_015,trip_03304,trip_03303,360,,300,Outbound,0
2025-01-20,Orange,stop_016,trip_03305,trip_03304,390,,300,Inbound,1
2025-01-21,Red,stop_017,trip_03306,trip_03305,420,,300,Outbound,0
2025-01-22,Orange,stop_018,trip_03307,trip_03306,450,,300,Inbound,1
2025-01-23,Red,stop_019,trip_03308,trip_03307,480,,300,Outbound,0
2025-01-24,Orange,stop_020,trip_03309,trip_03308,510,,300,Inbound,1
2025-01-25,Red,stop_021,trip_03310,trip_03309,540,,300,Outbound,0
2025-01-26,Orange,stop_022,trip_03311,trip_03310,570,,300,Inbound,1
2025-01-27,Red,stop_023,trip_03312,trip_03311,240,,300,Outbound,0
2025-01-28,Orange,stop_024,trip_03313,trip_03312,270,,300,Inbound,1
2025-01-29,Red,stop_025,trip_03314,trip_03313,300,,300,Outbound,0
2025-01-30,Orange,stop_026,trip_03315,trip_03314,330,,300,Inbound,1
2025-01-31,Red,stop_027,trip_03316,trip_03315,360,,300,Outbound,0
2025-01-01,Orange,stop_028,trip_03317,trip_03316,390,,300,Inbound,1
2025-01-02,Red,stop_029,trip_03318,trip_03317,420,,300,Outbound,0
2025-01-03,Orange,stop_030,trip_03319,trip_03318,450,,300,Inbound,1
2025-01-04,Red,stop_031,trip_03320,trip_03319,480,,300,Outbound,0
2025-01-05,Orange,stop_032,trip_03321,trip_03320,510,,300,Inbound,1
2025-01-06,Red,stop_033,trip_03322,trip_03321,540,,300,Outbound,0
2025-01-07,Orange,stop_034,trip_03323,trip_03322,570,,300,Inbound,1
2025-01-08,Red,stop_035,trip_03324,trip_03323,240,,300,Outbound,0
2025-01-09,Orange,stop_001,trip_03325,trip_03324,270,,300,Inbound,1
2025-01-10,Red,stop_002,trip_03326,trip_03325,300,,300,Outbound,0
2025-01-11,Orange,stop_003,trip_03327,trip_03326,330,,300,Inbound,1
2025-01-12,Red,stop_004,trip_03328,trip_03327,360,,300,Outbound,0
2025-01-13,Orange,stop_005,trip_03329,trip_03328,390,,300,Inbound,1
2025-01-14,Red,stop_006,trip_03330,trip_03329,420,,300,Outbound,0
2025-01-15,Orange,stop_007,trip_03331,trip_03330,450,,300,Inbound,1
2025-01-16,Red,stop_008,trip_03332,trip_03331,480,,300,Outbound,0
2025-01-17,Orange,stop_009,trip_03333,trip_03332,510,,300,Inbound,1
2025-01-18,Red,stop_010,trip_03334,trip_03333,540,,300,Outbound,0
2025-01-19,Orange,stop_011,trip_03335,trip_03334,570,,300,Inbound,1
2025-01-20,Red,stop_012,trip_03336,trip_03335,240,,300,Outbound,0
2025-01-21,Orange,stop_013,trip_03337,trip_03336,270,,300,Inbound,1
2025-01-22,Red,stop_014,trip_03338,trip_03337,300,,300,Outbound,0
2025-01-23,Orange,stop_015,trip_03339,trip_03338,330,,300,Inbound,1
2025-01-24,Red,stop_016,trip_03340,trip_03339,360,,300,Outbound,0
2025-01-25,Orange,stop_017,trip_03341,trip_03340,390,,300,Inbound,1
2025-01-26,Red,stop_018,trip_03342,trip_03341,420,,300,Outbound,0
2025-01-27,Orange,stop_019,trip_03343,trip_03342,450,,300,Inbound,1
2025-01-28,Red,stop_020,trip_03344,trip_03343,480,,300,Outbound,0
2025-01-29,Orange,stop_021,trip_03345,trip_03344,510,,300,Inbound,1
2025-01-30,Red,stop_022,trip_03346,trip_03345,540,,300,Outbound,0
2025-01-31,Orange,stop_023,trip_03347,trip_03346,570,,300,Inbound,1
2025-01-01,Red,stop_024,trip_03348,trip_03347,240,,300,Outbound,0
2025-01-02,Orange,stop_025,trip_03349,trip_03348,270,,300,Inbound,1
2025-01-03,Red,stop_026,trip_03350,trip_03349,300,,300,Outbound,0
2025-01-04,Orange,stop_027,trip_03351,trip_03350,330,,300,Inbound,1
2025-01-05,Red,stop_028,trip_03352,trip_03351,360,,300,Outbound,0
2025-01-06,Orange,stop_029,trip_03353,trip_03352,390,,300,Inbound,1
2025-01-07,Red,stop_030,trip_03354,trip_03353,420,,300,Outbound,0
2025-01-08,Orange,stop_031,trip_03355,trip_03354,450,,300,Inbound,1
2025-01-09,Red,stop_032,trip_03356,trip_03355,480,,300,Outbound,0
2025-01-10,Orange,stop_033,trip_03357,trip_03356,510,,300,Inbound,1
2025-01-11,Red,stop_034,trip_03358,trip_03357,540,,300,Outbound,0
2025-01-12,Orange,stop_035,trip_03359,trip_03358,570,,300,Inbound,1
2025-01-13,Red,stop_001,trip_03360,trip_03359,240,,300,Outbound,0
2025-01-14,Orange,stop_002,trip_03361,trip_03360,270,,300,Inbound,1
2025-01-15,Red,stop_003,trip_03362,trip_03361,300,,300,Outbound,0
2025-01-16,Orange,stop_004,trip_03363,trip_03362,330,,300,Inbound,1
2025-01-17,Red,stop_005,trip_03364,trip_03363,360,,300,Outbound,0
2025-01-18,Orange,stop_006,trip_03365,trip_03364,390,,300,Inbound,1
2025-01-19,Red,stop_007,trip_03366,trip_03365,420,,300,Outbound,0
2025-01-20,Orange,stop_008,trip_03367,trip_03366,450,,300,Inbound,1
2025-01-21,Red,stop_009,trip_03368,trip_03367,480,,300,Outbound,0
2025-01-22,Orange,stop_010,trip_03369,trip_03368,510,,300,Inbound,1
2025-01-23,Red,stop_011,trip_03370,trip_03369,540,,300,Outbound,0
2025-01-24,Orange,stop_012,trip_03371,trip_03370,570,,300,Inbound,1
2025-01-25,Red,stop_013,trip_03372,trip_03371,240,,300,Outbound,0
2025-01-26,Orange,stop_014,trip_03373,trip_03372,270,,300,Inbound,1
2025-01-27,Red,stop_015,trip_03374,trip_03373,300,,300,Outbound,0
2025-01-28,Orange,stop_016,trip_03375,trip_03374,330,,300,Inbound,1
2025-01-29,Red,stop_017,trip_03376,trip_03375,360,,300,Outbound,0
2025-01-30,Orange,stop_018,trip_03377,trip_03376,390,,300,Inbound,1
2025-01-31,Red,stop_019,trip_03378,trip_03377,420,,300,Outbound,0
2025-01-01,Orange,stop_020,trip_03379,trip_03378,450,,300,Inbound,1
2025-01-02,Red,stop_021,trip_03380,trip_03379,480,,300,Outbound,0
2025-01-03,Orange,stop_022,trip_03381,trip_03380,510,,300,Inbound,1
2025-01-04,Red,stop_023,trip_03382,trip_03381,540,,300,Outbound,0
2025-01-05,Orange,stop_024,trip_03383,trip_03382,570,,300,Inbound,1
2025-01-06,Red,stop_025,trip_03384,trip_03383,240,,300,Outbound,0
2025-01-07,Orange,stop_026,trip_03385,trip_03384,270,,300,Inbound,1
2025-01-08,Red,stop_027,trip_03386,trip_03385,300,,300,Outbound,0
2025-01-09,Orange,stop_028,trip_03387,trip_03386,330,,300,Inbound,1
2025-01-10,Red,stop_029,trip_03388,trip_03387,360,,300,Outbound,0
2025-01-11,Orange,stop_030,trip_03389,trip_03388,390,,300,Inbound,1
2025-01-12,Red,stop_031,trip_03390,trip_03389,420,,300,Outbound,0
2025-01-13,Orange,stop_032,trip_03391,trip_03390,450,,300,Inbound,1
2025-01-14,Red,stop_033,trip_03392,trip_03391,480,,300,Outbound,0
2025-01-15,Orange,stop_034,trip_03393,trip_03392,510,,300,Inbound,1
2025-01-16,Red,stop_035,trip_03394,trip_03393,540,,300,Outbound,0
2025-01-17,Orange,stop_001,trip_03395,trip_03394,570,,300,Inbound,1
2025-01-18,Red,stop_002,trip_03396,trip_03395,240,,300,Outbound,0
2025-01-19,Orange,stop_003,trip_03397,trip_03396,270,,300,Inbound,1
2025-01-20,Red,stop_004,trip_03398,trip_03397,300,,300,Outbound,0
2025-01-21,Orange,stop_005,trip_03399,trip_03398,330,,300,Inbound,1
2025-01-22,Red,stop_006,trip_03400,trip_03399,360,,300,Outbound,0
2025-01-23,Orange,stop_007,trip_03401,trip_03400,390,,300,Inbound,1
2025-01-24,Red,stop_008,trip_03402,trip_03401,420,,300,Outbound,0
2025-01-25,Orange,stop_009,trip_03403,trip_03402,450,,300,Inbound,1
2025-01-26,Red,stop_010,trip_03404,trip_03403,480,,300,Outbound,0
2025-01-27,Orange,stop_011,trip_03405,trip_03404,510,,300,Inbound,1
2025-01-28,Red,stop_012,trip_03406,trip_03405,540,,300,Outbound,0
2025-01-29,Orange,stop_013,trip_03407,trip_03406,570,,300,Inbound,1
2025-01-30,Red,stop_014,trip_03408,trip_03407,240,,300,Outbound,0
2025-01-31,Orange,stop_015,trip_03409,trip_03408,270,,300,Inbound,1
2025-01-01,Red,stop_016,trip_03410,trip_03409,300,,300,Outbound,0
2025-01-02,Orange,stop_017,trip_03411,trip_03410,330,,300,Inbound,1
2025-01-03,Red,stop_018,trip_03412,trip_03411,360,,300,Outbound,0
2025-01-04,Orange,stop_019,trip_03413,trip_03412,390,,300,Inbound,1
2025-01-05,Red,stop_020,trip_03414,trip_03413,420,,300,Outbound,0
2025-01-06,Orange,stop_021,trip_03415,trip_03414,450,,300,Inbound,1
2025-01-07,Red,stop_022,trip_03416,trip_03415,480,,300,Outbound,0
2025-01-08,Orange,stop_023,trip_03417,trip_03416,510,,300,Inbound,1
2025-01-09,Red,stop_024,trip_03418,trip_03417,540,,300,Outbound,0
2025-01-10,Orange,stop_025,trip_03419,trip_03418,570,,300,Inbound,1
2025-01-11,Red,stop_026,trip_03420,trip_03419,240,,300,Outbound,0
2025-01-12,Orange,stop_027,trip_03421,trip_03420,270,,300,Inbound,1
2025-01-13,Red,stop_028,trip_03422,trip_03421,300,,300,Outbound,0
2025-01-14,Orange,stop_029,trip_03423,trip_03422,330,,300,Inbound,1
2025-01-15,Red,stop_030,trip_03424,trip_03423,360,,300,Outbound,0
2025-01-16,Orange,stop_031,trip_03425,trip_03424,390,,300,Inbound,1
2025-01-17,Red,stop_032,trip_03426,trip_03425,420,,300,Outbound,0
2025-01-18,Orange,stop_033,trip_03427,trip_03426,450,,300,Inbound,1
2025-01-19,Red,stop_034,trip_03428,trip_03427,480,,300,Outbound,0
2025-01-20,Orange,stop_035,trip_03429,trip_03428,510,,300,Inbound,1
2025-01-21,Red,stop_001,trip_03430,trip_03429,540,,300,Outbound,0
2025-01-22,Orange,stop_002,trip_03431,trip_03430,570,,300,Inbound,1
2025-01-23,Red,stop_003,trip_03432,trip_03431,240,,300,Outbound,0
2025-01-24,Orange,stop_004,trip_03433,trip_03432,270,,300,Inbound,1
2025-01-25,Red,stop_005,trip_03434,trip_03433,300,,300,Outbound,0
2025-01-26,Orange,stop_006,trip_03435,trip_03434,330,,300,Inbound,1
2025-01-27,Red,stop_007,trip_03436,trip_03435,360,,300,Outbound,0
2025-01-28,Orange,stop_008,trip_03437,trip_03436,390,,300,Inbound,1
2025-01-29,Red,stop_009,trip_03438,trip_03437,420,,300,Outbound,0
2025-01-30,Orange,stop_010,trip_03439,trip_03438,450,,300,Inbound,1
2025-01-31,Red,stop_011,trip_03440,trip_03439,480,,300,Outbound,0
2025-01-01,Orange,stop_012,trip_03441,trip_03440,510,,300,Inbound,1
2025-01-02,Red,stop_013,trip_03442,trip_03441,540,,300,Outbound,0
2025-01-03,Orange,stop_014,trip_03443,trip_03442,570,,300,Inbound,1
2025-01-04,Red,stop_015,trip_03444,trip_03443,240,,300,Outbound,0
2025-01-05,Orange,stop_016,trip_03445,trip_03444,270,,300,Inbound,1
2025-01-06,Red,stop_017,trip_03446,trip_03445,300,,300,Outbound,0
2025-01-07,Orange,stop_018,trip_03447,trip_03446,330,,300,Inbound,1
2025-01-08,Red,stop_019,trip_03448,trip_03447,360,,300,Outbound,0
2025-01-09,Orange,stop_020,trip_03449,trip_03448,390,,300,Inbound,1
2025-01-10,Red,stop_021,trip_03450,trip_03449,420,,300,Outbound,0
2025-01-11,Orange,stop_022,trip_03451,trip_03450,450,,300,Inbound,1
2025-01-12,Red,stop_023,trip_03452,trip_03451,480,,300,Outbound,0
2025-01-13,Orange,stop_024,trip_03453,trip_03452,510,,300,Inbound,1
2025-01-14,Red,stop_025,trip_03454,trip_03453,540,,300,Outbound,0
2025-01-15,Orange,stop_026,trip_03455,trip_03454,570,,300,Inbound,1
2025-01-16,Red,stop_027,trip_03456,trip_03455,240,,300,Outbound,0
2025-01-17,Orange,stop_028,trip_03457,trip_03456,270,,300,Inbound,1
2025-01-18,Red,stop_029,trip_03458,trip_03457,300,,300,Outbound,0
2025-01-19,Orange,stop_030,trip_03459,trip_03458,330,,300,Inbound,1
2025-01-20,Red,stop_031,trip_03460,trip_03459,360,,300,Outbound,0
2025-01-21,Orange,stop_032,trip_03461,trip_03460,390,,300,Inbound,1
2025-01-22,Red,stop_033,trip_03462,trip_03461,420,,300,Outbound,0
2025-01-23,Orange,stop_034,trip_03463,trip_03462,450,,300,Inbound,1
2025-01-24,Red,stop_035,trip_03464,trip_03463,480,,300,Outbound,0
2025-01-25,Orange,stop_001,trip_03465,trip_03464,510,,300,Inbound,1
2025-01-26,Red,stop_002,trip_03466,trip_03465,540,,300,Outbound,0
2025-01-27,Orange,stop_003,trip_03467,trip_03466,570,,300,Inbound,1
2025-01-28,Red,stop_004,trip_03468,trip_03467,240,,300,Outbound,0
2025-01-29,Orange,stop_005,trip_03469,trip_03468,270,,300,Inbound,1
2025-01-30,Red,stop_006,trip_03470,trip_03469,300,,300,Outbound,0
2025-01-31,Orange,stop_007,trip_03471,trip_03470,330,,300,Inbound,1
2025-01-01,Red,stop_008,trip_03472,trip_03471,360,,300,Outbound,0
2025-01-02,Orange,stop_009,trip_03473,trip_03472,390,,300,Inbound,1
2025-01-03,Red,stop_010,trip_03474,trip_03473,420,,300,Outbound,0
2025-01-04,Orange,stop_011,trip_03475,trip_03474,450,,300,Inbound,1
2025-01-05,Red,stop_012,trip_03476,trip_03475,480,,300,Outbound,0
2025-01-06,Orange,stop_013,trip_03477,trip_03476,510,,300,Inbound,1
2025-01-07,Red,stop_014,trip_03478,trip_03477,540,,300,Outbound,0
2025-01-08,Orange,stop_015,trip_03479,trip_03478,570,,300,Inbound,1
2025-01-09,Red,stop_016,trip_03480,trip_03479,240,,300,Outbound,0
2025-01-10,Orange,stop_017,trip_03481,trip_03480,270,,300,Inbound,1
2025-01-11,Red,stop_018,trip_03482,trip_03481,300,,300,Outbound,0
2025-01-12,Orange,stop_019,trip_03483,trip_03482,330,,300,Inbound,1
2025-01-13,Red,stop_020,trip_03484,trip_03483,360,,300,Outbound,0
2025-01-14,Orange,stop_021,trip_03485,trip_03484,390,,300,Inbound,1
2025-01-15,Red,stop_022,trip_03486,trip_03485,420,,300,Outbound,0
2025-01-16,Orange,stop_023,trip_03487,trip_03486,450,,300,Inbound,1
2025-01-17,Red,stop_024,trip_03488,trip_03487,480,,300,Outbound,0
2025-01-18,Orange,stop_025,trip_03489,trip_03488,510,,300,Inbound,1
2025-01-19,Red,stop_026,trip_03490,trip_03489,540,,300,Outbound,0
2025-01-20,Orange,stop_027,trip_03491,trip_03490,570,,300,Inbound,1
2025-01-21,Red,stop_028,trip_03492,trip_03491,240,,300,Outbound,0
2025-01-22,Orange,stop_029,trip_03493,trip_03492,270,,300,Inbound,1
2025-01-23,Red,stop_030,trip_03494,trip_03493,300,,300,Outbound,0
2025-01-24,Orange,stop_031,trip_03495,trip_03494,330,,300,Inbound,1
2025-01-25,Red,stop_032,trip_03496,trip_03495,360,,300,Outbound,0
2025-01-26,Orange,stop_033,trip_03497,trip_03496,390,,300,Inbound,1
2025-01-27,Red,stop_034,trip_03498,trip_03497,420,,300,Outbound,0
2025-01-28,Orange,stop_035,trip_03499,trip_03498,450,,300,Inbound,1
2025-01-29,Red,stop_001,trip_03500,trip_03499,480,,300,Outbound,0
2025-01-30,Orange,stop_002,trip_03501,trip_03500,510,,300,Inbound,1
2025-01-31,Red,stop_003,trip_03502,trip_03501,540,,300,Outbound,0
2025-01-01,Orange,stop_004,trip_03503,trip_03502,570,,300,Inbound,1
2025-01-02,Red,stop_005,trip_03504,trip_03503,240,,300,Outbound,0
2025-01-03,Orange,stop_006,trip_03505,trip_03504,270,,300,Inbound,1
2025-01-04,Red,stop_007,trip_03506,trip_03505,300,,300,Outbound,0
2025-01-05,Orange,stop_008,trip_03507,trip_03506,330,,300,Inbound,1
2025-01-06,Red,stop_009,trip_03508,trip_03507,360,,300,Outbound,0
2025-01-07,Orange,stop_010,trip_03509,trip_03508,390,,300,Inbound,1
2025-01-08,Red,stop_011,trip_03510,trip_03509,420,,300,Outbound,0
2025-01-09,Orange,stop_012,trip_03511,trip_03510,450,,300,Inbound,1
2025-01-10,Red,stop_013,trip_03512,trip_03511,480,,300,Outbound,0
2025-01-11,Orange,stop_014,trip_03513,trip_03512,510,,300,Inbound,1
2025-01-12,Red,stop_015,trip_03514,trip_03513,540,,300,Outbound,0
2025-01-13,Orange,stop_016,trip_03515,trip_03514,570,,300,Inbound,1
2025-01-14,Red,stop_017,trip_03516,trip_03515,240,,300,Outbound,0
2025-01-15,Orange,stop_018,trip_03517,trip_03516,270,,300,Inbound,1
2025-01-16,Red,stop_019,trip_03518,trip_03517,300,,300,Outbound,0
2025-01-17,Orange,stop_020,trip_03519,trip_03518,330,,300,Inbound,1
2025-01-18,Red,stop_021,trip_03520,trip_03519,360,,300,Outbound,0
2025-01-19,Orange,stop_022,trip_03521,trip_03520,390,,300,Inbound,1
2025-01-20,Red,stop_023,trip_03522,trip_03521,420,,300,Outbound,0
2025-01-21,Orange,stop_024,trip_03523,trip_03522,450,,300,Inbound,1
2025-01-22,Red,stop_025,trip_03524,trip_03523,480,,300,Outbound,0
2025-01-23,Orange,stop_026,trip_03525,trip_03524,510,,300,Inbound,1
2025-01-24,Red,stop_027,trip_03526,trip_03525,540,,300,Outbound,0
2025-01-25,Orange,stop_028,trip_03527,trip_03526,570,,300,Inbound,1
2025-01-26,Red,stop_029,trip_03528,trip_03527,240,,300,Outbound,0
2025-01-27,Orange,stop_030,trip_03529,trip_03528,270,,300,Inbound,1
2025-01-28,Red,stop_031,trip_03530,trip_03529,300,,300,Outbound,0
2025-01-29,Orange,stop_032,trip_03531,trip_03530,330,,300,Inbound,1
2025-01-30,Red,stop_033,trip_03532,trip_03531,360,,300,Outbound,0
2025-01-31,Orange,stop_034,trip_03533,trip_03532,390,,300,Inbound,1
2025-01-01,Red,stop_035,trip_03534,trip_03533,420,,300,Outbound,0
2025-01-02,Orange,stop_001,trip_03535,trip_03534,450,,300,Inbound,1
2025-01-03,Red,stop_002,trip_03536,trip_03535,480,,300,Outbound,0
2025-01-04,Orange,stop_003,trip_03537,trip_03536,510,,300,Inbound,1
2025-01-05,Red,stop_004,trip_03538,trip_03537,540,,300,Outbound,0
2025-01-06,Orange,stop_005,trip_03539,trip_03538,570,,300,Inbound,1
2025-01-07,Red,stop_006,trip_03540,trip_03539,240,,300,Outbound,0
2025-01-08,Orange,stop_007,trip_03541,trip_03540,270,,300,Inbound,1
2025-01-09,Red,stop_008,trip_03542,trip_03541,300,,300,Outbound,0
2025-01-10,Orange,stop_009,trip_03543,trip_03542,330,,300,Inbound,1
2025-01-11,Red,stop_010,trip_03544,trip_03543,360,,300,Outbound,0
2025-01-12,Orange,stop_011,trip_03545,trip_03544,390,,300,Inbound,1
2025-01-13,Red,stop_012,trip_03546,trip_03545,420,,300,Outbound,0
2025-01-14,Orange,stop_013,trip_03547,trip_03546,450,,300,Inbound,1
2025-01-15,Red,stop_014,trip_03548,trip_03547,480,,300,Outbound,0
2025-01-16,Orange,stop_015,trip_03549,trip_03548,510,,300,Inbound,1
2025-01-17,Red,stop_016,trip_03550,trip_03549,540,,300,Outbound,0
2025-01-18,Orange,stop_017,trip_03551,trip_03550,570,,300,Inbound,1
2025-01-19,Red,stop_018,trip_03552,trip_03551,240,,300,Outbound,0
2025-01-20,Orange,stop_019,trip_03553,trip_03552,270,,300,Inbound,1
2025-01-21,Red,stop_020,trip_03554,trip_03553,300,,300,Outbound,0
2025-01-22,Orange,stop_021,trip_03555,trip_03554,330,,300,Inbound,1
2025-01-23,Red,stop_022,trip_03556,trip_03555,360,,300,Outbound,0
2025-01-24,Orange,stop_023,trip_03557,trip_03556,390,,300,Inbound,1
2025-01-25,Red,stop_024,trip_03558,trip_03557,420,,300,Outbound,0
2025-01-26,Orange,stop_025,trip_03559,trip_03558,450,,300,Inbound,1
2025-01-27,Red,stop_026,trip_03560,trip_03559,480,,300,Outbound,0
2025-01-28,Orange,stop_027,trip_03561,trip_03560,510,,300,Inbound,1
2025-01-29,Red,stop_028,trip_03562,trip_03561,540,,300,Outbound,0
2025-01-30,Orange,stop_029,trip_03563,trip_03562,570,,300,Inbound,1
2025-01-31,Red,stop_030,trip_03564,trip_03563,240,,300,Outbound,0
2025-01-01,Orange,stop_031,trip_03565,trip_03564,270,,300,Inbound,1
2025-01-02,Red,stop_032,trip_03566,trip_03565,300,,300,Outbound,0
2025-01-03,Orange,stop_033,trip_03567,trip_03566,330,,300,Inbound,1
2025-01-04,Red,stop_034,trip_03568,trip_03567,360,,300,Outbound,0
2025-01-05,Orange,stop_035,trip_03569,trip_03568,390,,300,Inbound,1
2025-01-06,Red,stop_001,trip_03570,trip_03569,420,,300,Outbound,0
2025-01-07,Orange,stop_002,trip_03571,trip_03570,450,,300,Inbound,1
2025-01-08,Red,stop_003,trip_03572,trip_03571,480,,300,Outbound,0
2025-01-09,Orange,stop_004,trip_03573,trip_03572,510,,300,Inbound,1
2025-01-10,Red,stop_005,trip_03574,trip_03573,540,,300,Outbound,0
2025-01-11,Orange,stop_006,trip_03575,trip_03574,570,,300,Inbound,1
2025-01-12,Red,stop_007,trip_03576,trip_03575,240,,300,Outbound,0
2025-01-13,Orange,stop_008,trip_03577,trip_03576,270,,300,Inbound,1
2025-01-14,Red,stop_009,trip_03578,trip_03577,300,,300,Outbound,0
2025-01-15,Orange,stop_010,trip_03579,trip_03578,330,,300,Inbound,1
2025-01-16,Red,stop_011,trip_03580,trip_03579,360,,300,Outbound,0
2025-01-17,Orange,stop_012,trip_03581,trip_03580,390,,300,Inbound,1
2025-01-18,Red,stop_013,trip_03582,trip_03581,420,,300,Outbound,0
2025-01-19,Orange,stop_014,trip_03583,trip_03582,450,,300,Inbound,1
2025-01-20,Red,stop_015,trip_03584,trip_03583,480,,300,Outbound,0
2025-01-21,Orange,stop_016,trip_03585,trip_03584,510,,300,Inbound,1
2025-01-22,Red,stop_017,trip_03586,trip_03585,540,,300,Outbound,0
2025-01-23,Orange,stop_018,trip_03587,trip_03586,570,,300,Inbound,1
2025-01-24,Red,stop_019,trip_03588,trip_03587,240,,300,Outbound,0
2025-01-25,Orange,stop_020,trip_03589,trip_03588,270,,300,Inbound,1
2025-01-26,Red,stop_021,trip_03590,trip_03589,300,,300,Outbound,0
2025-01-27,Orange,stop_022,trip_03591,trip_03590,330,,300,Inbound,1
2025-01-28,Red,stop_023,trip_03592,trip_03591,360,,300,Outbound,0
2025-01-29,Orange,stop_024,trip_03593,trip_03592,390,,300,Inbound,1
2025-01-30,Red,stop_025,trip_03594,trip_03593,420,,300,Outbound,0
2025-01-31,Orange,stop_026,trip_03595,trip_03594,450,,300,Inbound,1
2025-01-01,Red,stop_027,trip_03596,trip_03595,480,,300,Outbound,0
2025-01-02,Orange,stop_028,trip_03597,trip_03596,510,,300,Inbound,1
2025-01-03,Red,stop_029,trip_03598,trip_03597,540,,300,Outbound,0
2025-01-04,Orange,stop_030,trip_03599,trip_03598,570,,300,Inbound,1
2025-01-05,Red,stop_031,trip_03600,trip_03599,240,,300,Outbound,0
2025-01-06,Orange,stop_032,trip_03601,trip_03600,270,,300,Inbound,1
2025-01-07,Red,stop_033,trip_03602,trip_03601,300,,300,Outbound,0
2025-01-08,Orange,stop_034,trip_03603,trip_03602,330,,300,Inbound,1
2025-01-09,Red,stop_035,trip_03604,trip_03603,360,,300,Outbound,0
2025-01-10,Orange,stop_001,trip_03605,trip_03604,390,,300,Inbound,1
2025-01-11,Red,stop_002,trip_03606,trip_03605,420,,300,Outbound,0
2025-01-12,Orange,stop_003,trip_03607,trip_03606,450,,300,Inbound,1
2025-01-13,Red,stop_004,trip_03608,trip_03607,480,,300,Outbound,0
2025-01-14,Orange,stop_005,trip_03609,trip_03608,510,,300,Inbound,1
2025-01-15,Red,stop_006,trip_03610,trip_03609,540,,300,Outbound,0
2025-01-16,Orange,stop_007,trip_03611,trip_03610,570,,300,Inbound,1
2025-01-17,Red,stop_008,trip_03612,trip_03611,240,,300,Outbound,0
2025-01-18,Orange,stop_009,trip_03613,trip_03612,270,,300,Inbound,1
2025-01-19,Red,stop_010,trip_03614,trip_03613,300,,300,Outbound,0
2025-01-20,Orange,stop_011,trip_03615,trip_03614,330,,300,Inbound,1
2025-01-21,Red,stop_012,trip_03616,trip_03615,360,,300,Outbound,0
2025-01-22,Orange,stop_013,trip_03617,trip_03616,390,,300,Inbound,1
2025-01-23,Red,stop_014,trip_03618,trip_03617,420,,300,Outbound,0
2025-01-24,Orange,stop_015,trip_03619,trip_03618,450,,300,Inbound,1
2025-01-25,Red,stop_016,trip_03620,trip_03619,480,,300,Outbound,0
2025-01-26,Orange,stop_017,trip_03621,trip_03620,510,,300,Inbound,1
2025-01-27,Red,stop_018,trip_03622,trip_03621,540,,300,Outbound,0
2025-01-28,Orange,stop_019,trip_03623,trip_03622,570,,300,Inbound,1
2025-01-29,Red,stop_020,trip_03624,trip_03623,240,,300,Outbound,0
2025-01-30,Orange,stop_021,trip_03625,trip_03624,270,,300,Inbound,1
2025-01-31,Red,stop_022,trip_03626,trip_03625,300,,300,Outbound,0
2025-01-01,Orange,stop_023,trip_03627,trip_03626,330,,300,Inbound,1
2025-01-02,Red,stop_024,trip_03628,trip_03627,360,,300,Outbound,0
2025-01-03,Orange,stop_025,trip_03629,trip_03628,390,,300,Inbound,1
2025-01-04,Red,stop_026,trip_03630,trip_03629,420,,300,Outbound,0
2025-01-05,Orange,stop_027,trip_03631,trip_03630,450,,300,Inbound,1
2025-01-06,Red,stop_028,trip_03632,trip_03631,480,,300,Outbound,0
2025-01-07,Orange,stop_029,trip_03633,trip_03632,510,,300,Inbound,1
2025-01-08,Red,stop_030,trip_03634,trip_03633,540,,300,Outbound,0
2025-01-09,Orange,stop_031,trip_03635,trip_03634,570,,300,Inbound,1
2025-01-10,Red,stop_032,trip_03636,trip_03635,240,,300,Outbound,0
2025-01-11,Orange,stop_033,trip_03637,trip_03636,270,,300,Inbound,1
2025-01-12,Red,stop_034,trip_03638,trip_03637,300,,300,Outbound,0
2025-01-13,Orange,stop_035,trip_03639,trip_03638,330,,300,Inbound,1
2025-01-14,Red,stop_001,trip_03640,trip_03639,360,,300,Outbound,0
2025-01-15,Orange,stop_002,trip_03641,trip_03640,390,,300,Inbound,1
2025-01-16,Red,stop_003,trip_03642,trip_03641,420,,300,Outbound,0
2025-01-17,Orange,stop_004,trip_03643,trip_03642,450,,300,Inbound,1
2025-01-18,Red,stop_005,trip_03644,trip_03643,480,,300,Outbound,0
2025-01-19,Orange,stop_006,trip_03645,trip_03644,510,,300,Inbound,1
2025-01-20,Red,stop_007,trip_03646,trip_03645,540,,300,Outbound,0
2025-01-21,Orange,stop_008,trip_03647,trip_03646,570,,300,Inbound,1
2025-01-22,Red,stop_009,trip_03648,trip_03647,240,,300,Outbound,0
2025-01-23,Orange,stop_010,trip_03649,trip_03648,270,,300,Inbound,1
2025-01-24,Red,stop_011,trip_03650,trip_03649,300,,300,Outbound,0
2025-01-25,Orange,stop_012,trip_03651,trip_03650,330,,300,Inbound,1
2025-01-26,Red,stop_013,trip_03652,trip_03651,360,,300,Outbound,0
2025-01-27,Orange,stop_014,trip_03653,trip_03652,390,,300,Inbound,1
2025-01-28,Red,stop_015,trip_03654,trip_03653,420,,300,Outbound,0
2025-01-29,Orange,stop_016,trip_03655,trip_03654,450,,300,Inbound,1
2025-01-30,Red,stop_017,trip_03656,trip_03655,480,,300,Outbound,0
2025-01-31,Orange,stop_018,trip_03657,trip_03656,510,,300,Inbound,1
2025-01-01,Red,stop_019,trip_03658,trip_03657,540,,300,Outbound,0
2025-01-02,Orange,stop_020,trip_03659,trip_03658,570,,300,Inbound,1
2025-01-03,Red,stop_021,trip_03660,trip_03659,240,,300,Outbound,0
2025-01-04,Orange,stop_022,trip_03661,trip_03660,270,,300,Inbound,1
2025-01-05,Red,stop_023,trip_03662,trip_03661,300,,300,Outbound,0
2025-01-06,Orange,stop_024,trip_03663,trip_03662,330,,300,Inbound,1
2025-01-07,Red,stop_025,trip_03664,trip_03663,360,,300,Outbound,0
2025-01-08,Orange,stop_026,trip_03665,trip_03664,390,,300,Inbound,1
2025-01-09,Red,stop_027,trip_03666,trip_03665,420,,300,Outbound,0
2025-01-10,Orange,stop_028,trip_03667,trip_03666,450,,300,Inbound,1
2025-01-11,Red,stop_029,trip_03668,trip_03667,480,,300,Outbound,0
2025-01-12,Orange,stop_030,trip_03669,trip_03668,510,,300,Inbound,1
2025-01-13,Red,stop_031,trip_03670,trip_03669,540,,300,Outbound,0
2025-01-14,Orange,stop_032,trip_03671,trip_03670,570,,300,Inbound,1
2025-01-15,Red,stop_033,trip_03672,trip_03671,240,,300,Outbound,0
2025-01-16,Orange,stop_034,trip_03673,trip_03672,270,,300,Inbound,1
2025-01-17,Red,stop_035,trip_03674,trip_03673,300,,300,Outbound,0
2025-01-18,Orange,stop_001,trip_03675,trip_03674,330,,300,Inbound,1
2025-01-19,Red,stop_002,trip_03676,trip_03675,360,,300,Outbound,0
2025-01-20,Orange,stop_003,trip_03677,trip_03676,390,,300,Inbound,1
2025-01-21,Red,stop_004,trip_03678,trip_03677,420,,300,Outbound,0
2025-01-22,Orange,stop_005,trip_03679,trip_03678,450,,300,Inbound,1
2025-01-23,Red,stop_006,trip_03680,trip_03679,480,,300,Outbound,0
2025-01-24,Orange,stop_007,trip_03681,trip_03680,510,,300,Inbound,1
2025-01-25,Red,stop_008,trip_03682,trip_03681,540,,300,Outbound,0
2025-01-26,Orange,stop_009,trip_03683,trip_03682,570,,300,Inbound,1
2025-01-27,Red,stop_010,trip_03684,trip_03683,240,,300,Outbound,0
2025-01-28,Orange,stop_011,trip_03685,trip_03684,270,,300,Inbound,1
2025-01-29,Red,stop_012,trip_03686,trip_03685,300,,300,Outbound,0
2025-01-30,Orange,stop_013,trip_03687,trip_03686,330,,300,Inbound,1
2025-01-31,Red,stop_014,trip_03688,trip_03687,360,,300,Outbound,0
2025-01-01,Orange,stop_015,trip_03689,trip_03688,390,,300,Inbound,1
2025-01-02,Red,stop_016,trip_03690,trip_03689,420,,300,Outbound,0
2025-01-03,Orange,stop_017,trip_03691,trip_03690,450,,300,Inbound,1
2025-01-04,Red,stop_018,trip_03692,trip_03691,480,,300,Outbound,0
2025-01-05,Orange,stop_019,trip_03693,trip_03692,510,,300,Inbound,1
2025-01-06,Red,stop_020,trip_03694,trip_03693,540,,300,Outbound,0
2025-01-07,Orange,stop_021,trip_03695,trip_03694,570,,300,Inbound,1
2025-01-08,Red,stop_022,trip_03696,trip_03695,240,,300,Outbound,0
2025-01-09,Orange,stop_023,trip_03697,trip_03696,270,,300,Inbound,1
2025-01-10,Red,stop_024,trip_03698,trip_03697,300,,300,Outbound,0
2025-01-11,Orange,stop_025,trip_03699,trip_03698,330,,300,Inbound,1
2025-01-12,Red,stop_026,trip_03700,trip_03699,360,,300,Outbound,0
2025-01-13,Orange,stop_027,trip_03701,trip_03700,390,,300,Inbound,1
2025-01-14,Red,stop_028,trip_03702,trip_03701,420,,300,Outbound,0
2025-01-15,Orange,stop_029,trip_03703,trip_03702,450,,300,Inbound,1
2025-01-16,Red,stop_030,trip_03704,trip_03703,480,,300,Outbound,0
2025-01-17,Orange,stop_031,trip_03705,trip_03704,510,,300,Inbound,1
2025-01-18,Red,stop_032,trip_03706,trip_03705,540,,300,Outbound,0
2025-01-19,Orange,stop_033,trip_03707,trip_03706,570,,300,Inbound,1
2025-01-20,Red,stop_034,trip_03708,trip_03707,240,,300,Outbound,0
2025-01-21,Orange,stop_035,trip_03709,trip_03708,270,,300,Inbound,1
2025-01-22,Red,stop_001,trip_03710,trip_03709,300,,300,Outbound,0
2025-01-23,Orange,stop_002,trip_03711,trip_03710,330,,300,Inbound,1
2025-01-24,Red,stop_003,trip_03712,trip_03711,360,,300,Outbound,0
2025-01-25,Orange,stop_004,trip_03713,trip_03712,390,,300,Inbound,1
2025-01-26,Red,stop_005,trip_03714,trip_03713,420,,300,Outbound,0
2025-01-27,Orange,stop_006,trip_03715,trip_03714,450,,300,Inbound,1
2025-01-28,Red,stop_007,trip_03716,trip_03715,480,,300,Outbound,0
2025-01-29,Orange,stop_008,trip_03717,trip_03716,510,,300,Inbound,1
2025-01-30,Red,stop_009,trip_03718,trip_03717,540,,300,Outbound,0
2025-01-31,Orange,stop_010,trip_03719,trip_03718,570,,300,Inbound,1
2025-01-01,Red,stop_011,trip_03720,trip_03719,240,,300,Outbound,0
2025-01-02,Orange,stop_012,trip_03721,trip_03720,270,,300,Inbound,1
2025-01-03,Red,stop_013,trip_03722,trip_03721,300,,300,Outbound,0
2025-01-04,Orange,stop_014,trip_03723,trip_03722,330,,300,Inbound,1
2025-01-05,Red,stop_015,trip_03724,trip_03723,360,,300,Outbound,0
2025-01-06,Orange,stop_016,trip_03725,trip_03724,390,,300,Inbound,1
2025-01-07,Red,stop_017,trip_03726,trip_03725,420,,300,Outbound,0
2025-01-08,Orange,stop_018,trip_03727,trip_03726,450,,300,Inbound,1
2025-01-09,Red,stop_019,trip_03728,trip_03727,480,,300,Outbound,0
2025-01-10,Orange,stop_020,trip_03729,trip_03728,510,,300,Inbound,1
2025-01-11,Red,stop_021,trip_03730,trip_03729,540,,300,Outbound,0
2025-01-12,Orange,stop_022,trip_03731,trip_03730,570,,300,Inbound,1
2025-01-13,Red,stop_023,trip_03732,trip_03731,240,,300,Outbound,0
2025-01-14,Orange,stop_024,trip_03733,trip_03732,270,,300,Inbound,1
2025-01-15,Red,stop_025,trip_03734,trip_03733,300,,300,Outbound,0
2025-01-16,Orange,stop_026,trip_03735,trip_03734,330,,300,Inbound,1
2025-01-17,Red,stop_027,trip_03736,trip_03735,360,,300,Outbound,0
2025-01-18,Orange,stop_028,trip_03737,trip_03736,390,,300,Inbound,1
2025-01-19,Red,stop_029,trip_03738,trip_03737,420,,300,Outbound,0
2025-01-20,Orange,stop_030,trip_03739,trip_03738,450,,300,Inbound,1
2025-01-21,Red,stop_031,trip_03740,trip_03739,480,,300,Outbound,0
2025-01-22,Orange,stop_032,trip_03741,trip_03740,510,,300,Inbound,1
2025-01-23,Red,stop_033,trip_03742,trip_03741,540,,300,Outbound,0
2025-01-24,Orange,stop_034,trip_03743,trip_03742,570,,300,Inbound,1
2025-01-25,Red,stop_035,trip_03744,trip_03743,240,,300,Outbound,0
2025-01-26,Orange,stop_001,trip_03745,trip_03744,270,,300,Inbound,1
2025-01-27,Red,stop_002,trip_03746,trip_03745,300,,300,Outbound,0
2025-01-28,Orange,stop_003,trip_03747,trip_03746,330,,300,Inbound,1
2025-01-29,Red,stop_004,trip_03748,trip_03747,360,,300,Outbound,0
2025-01-30,Orange,stop_005,trip_03749,trip_03748,390,,300,Inbound,1
2025-01-31,Red,stop_006,trip_03750,trip_03749,420,,300,Outbound,0
2025-01-01,Orange,stop_007,trip_03751,trip_03750,450,,300,Inbound,1
2025-01-02,Red,stop_008,trip_03752,trip_03751,480,,300,Outbound,0
2025-01-03,Orange,stop_009,trip_03753,trip_03752,510,,300,Inbound,1
2025-01-04,Red,stop_010,trip_03754,trip_03753,540,,300,Outbound,0
2025-01-05,Orange,stop_011,trip_03755,trip_03754,570,,300,Inbound,1
2025-01-06,Red,stop_012,trip_03756,trip_03755,240,,300,Outbound,0
2025-01-07,Orange,stop_013,trip_03757,trip_03756,270,,300,Inbound,1
2025-01-08,Red,stop_014,trip_03758,trip_03757,300,,300,Outbound,0
2025-01-09,Orange,stop_015,trip_03759,trip_03758,330,,300,Inbound,1
2025-01-10,Red,stop_016,trip_03760,trip_03759,360,,300,Outbound,0
2025-01-11,Orange,stop_017,trip_03761,trip_03760,390,,300,Inbound,1
2025-01-12,Red,stop_018,trip_03762,trip_03761,420,,300,Outbound,0
2025-01-13,Orange,stop_019,trip_03763,trip_03762,450,,300,Inbound,1
2025-01-14,Red,stop_020,trip_03764,trip_03763,480,,300,Outbound,0
2025-01-15,Orange,stop_021,trip_03765,trip_03764,510,,300,Inbound,1
2025-01-16,Red,stop_022,trip_03766,trip_03765,540,,300,Outbound,0
2025-01-17,Orange,stop_023,trip_03767,trip_03766,570,,300,Inbound,1
2025-01-18,Red,stop_024,trip_03768,trip_03767,240,,300,Outbound,0
2025-01-19,Orange,stop_025,trip_03769,trip_03768,270,,300,Inbound,1
2025-01-20,Red,stop_026,trip_03770,trip_03769,300,,300,Outbound,0
2025-01-21,Orange,stop_027,trip_03771,trip_03770,330,,300,Inbound,1
2025-01-22,Red,stop_028,trip_03772,trip_03771,360,,300,Outbound,0
2025-01-23,Orange,stop_029,trip_03773,trip_03772,390,,300,Inbound,1
2025-01-24,Red,stop_030,trip_03774,trip_03773,420,,300,Outbound,0
2025-01-25,Orange,stop_031,trip_03775,trip_03774,450,,300,Inbound,1
2025-01-26,Red,stop_032,trip_03776,trip_03775,480,,300,Outbound,0
2025-01-27,Orange,stop_033,trip_03777,trip_03776,510,,300,Inbound,1
2025-01-28,Red,stop_034,trip_03778,trip_03777,540,,300,Outbound,0
2025-01-29,Orange,stop_035,trip_03779,trip_03778,570,,300,Inbound,1
2025-01-30,Red,stop_001,trip_03780,trip_03779,240,,300,Outbound,0
2025-01-31,Orange,stop_002,trip_03781,trip_03780,270,,300,Inbound,1
2025-01-01,Red,stop_003,trip_03782,trip_03781,300,,300,Outbound,0
2025-01-02,Orange,stop_004,trip_03783,trip_03782,330,,300,Inbound,1
2025-01-03,Red,stop_005,trip_03784,trip_03783,360,,300,Outbound,0
2025-01-04,Orange,stop_006,trip_03785,trip_03784,390,,300,Inbound,1
2025-01-05,Red,stop_007,trip_03786,trip_03785,420,,300,Outbound,0
2025-01-06,Orange,stop_008,trip_03787,trip_03786,450,,300,Inbound,1
2025-01-07,Red,stop_009,trip_03788,trip_03787,480,,300,Outbound,0
2025-01-08,Orange,stop_010,trip_03789,trip_03788,510,,300,Inbound,1
2025-01-09,Red,stop_011,trip_03790,trip_03789,540,,300,Outbound,0
2025-01-10,Orange,stop_012,trip_03791,trip_03790,570,,300,Inbound,1
2025-01-11,Red,stop_013,trip_03792,trip_03791,240,,300,Outbound,0
2025-01-12,Orange,stop_014,trip_03793,trip_03792,270,,300,Inbound,1
2025-01-13,Red,stop_015,trip_03794,trip_03793,300,,300,Outbound,0
2025-01-14,Orange,stop_016,trip_03795,trip_03794,330,,300,Inbound,1
2025-01-15,Red,stop_017,trip_03796,trip_03795,360,,300,Outbound,0
2025-01-16,Orange,stop_018,trip_03797,trip_03796,390,,300,Inbound,1
2025-01-17,Red,stop_019,trip_03798,trip_03797,420,,300,Outbound,0
2025-01-18,Orange,stop_020,trip_03799,trip_03798,450,,300,Inbound,1
2025-01-19,Red,stop_021,trip_03800,trip_03799,480,,300,Outbound,0
2025-01-20,Orange,stop_022,trip_03801,trip_03800,510,,300,Inbound,1
2025-01-21,Red,stop_023,trip_03802,trip_03801,540,,300,Outbound,0
2025-01-22,Orange,stop_024,trip_03803,trip_03802,570,,300,Inbound,1
2025-01-23,Red,stop_025,trip_03804,trip_03803,240,,300,Outbound,0
2025-01-24,Orange,stop_026,trip_03805,trip_03804,270,,300,Inbound,1
2025-01-25,Red,stop_027,trip_03806,trip_03805,300,,300,Outbound,0
2025-01-26,Orange,stop_028,trip_03807,trip_03806,330,,300,Inbound,1
2025-01-27,Red,stop_029,trip_03808,trip_03807,360,,300,Outbound,0
2025-01-28,Orange,stop_030,trip_03809,trip_03808,390,,300,Inbound,1
2025-01-29,Red,stop_031,trip_03810,trip_03809,420,,300,Outbound,0
2025-01-30,Orange,stop_032,trip_03811,trip_03810,450,,300,Inbound,1
2025-01-31,Red,stop_033,trip_03812,trip_03811,480,,300,Outbound,0
2025-01-01,Orange,stop_034,trip_03813,trip_03812,510,,300,Inbound,1
2025-01-02,Red,stop_035,trip_03814,trip_03813,540,,300,Outbound,0
2025-01-03,Orange,stop_001,trip_03815,trip_03814,570,,300,Inbound,1
2025-01-04,Red,stop_002,trip_03816,trip_03815,240,,300,Outbound,0
2025-01-05,Orange,stop_003,trip_03817,trip_03816,270,,300,Inbound,1
2025-01-06,Red,stop_004,trip_03818,trip_03817,300,,300,Outbound,0
2025-01-07,Orange,stop_005,trip_03819,trip_03818,330,,300,Inbound,1
2025-01-08,Red,stop_006,trip_03820,trip_03819,360,,300,Outbound,0
2025-01-09,Orange,stop_007,trip_03821,trip_03820,390,,300,Inbound,1
2025-01-10,Red,stop_008,trip_03822,trip_03821,420,,300,Outbound,0
2025-01-11,Orange,stop_009,trip_03823,trip_03822,450,,300,Inbound,1
2025-01-12,Red,stop_010,trip_03824,trip_03823,480,,300,Outbound,0
2025-01-13,Orange,stop_011,trip_03825,trip_03824,510,,300,Inbound,1
2025-01-14,Red,stop_012,trip_03826,trip_03825,540,,300,Outbound,0
2025-01-15,Orange,stop_013,trip_03827,trip_03826,570,,300,Inbound,1
2025-01-16,Red,stop_014,trip_03828,trip_03827,240,,300,Outbound,0
2025-01-17,Orange,stop_015,trip_03829,trip_03828,270,,300,Inbound,1
2025-01-18,Red,stop_016,trip_03830,trip_03829,300,,300,Outbound,0
2025-01-19,Orange,stop_017,trip_03831,trip_03830,330,,300,Inbound,1
2025-01-20,Red,stop_018,trip_03832,trip_03831,360,,300,Outbound,0
2025-01-21,Orange,stop_019,trip_03833,trip_03832,390,,300,Inbound,1
2025-01-22,Red,stop_020,trip_03834,trip_03833,420,,300,Outbound,0
2025-01-23,Orange,stop_021,trip_03835,trip_03834,450,,300,Inbound,1
2025-01-24,Red,stop_022,trip_03836,trip_03835,480,,300,Outbound,0
2025-01-25,Orange,stop_023,trip_03837,trip_03836,510,,300,Inbound,1
2025-01-26,Red,stop_024,trip_03838,trip_03837,540,,300,Outbound,0
2025-01-27,Orange,stop_025,trip_03839,trip_03838,570,,300,Inbound,1
2025-01-28,Red,stop_026,trip_03840,trip_03839,240,,300,Outbound,0
2025-01-29,Orange,stop_027,trip_03841,trip_03840,270,,300,Inbound,1
2025-01-30,Red,stop_028,trip_03842,trip_03841,300,,300,Outbound,0
2025-01-31,Orange,stop_029,trip_03843,trip_03842,330,,300,Inbound,1
2025-01-01,Red,stop_030,trip_03844,trip_03843,360,,300,Outbound,0
2025-01-02,Orange,stop_031,trip_03845,trip_03844,390,,300,Inbound,1
2025-01-03,Red,stop_032,trip_03846,trip_03845,420,,300,Outbound,0
2025-01-04,Orange,stop_033,trip_03847,trip_03846,450,,300,Inbound,1
2025-01-05,Red,stop_034,trip_03848,trip_03847,480,,300,Outbound,0
2025-01-06,Orange,stop_035,trip_03849,trip_03848,510,,300,Inbound,1
2025-01-07,Red,stop_001,trip_03850,trip_03849,540,,300,Outbound,0
2025-01-08,Orange,stop_002,trip_03851,trip_03850,570,,300,Inbound,1
2025-01-09,Red,stop_003,trip_03852,trip_03851,240,,300,Outbound,0
2025-01-10,Orange,stop_004,trip_03853,trip_03852,270,,300,Inbound,1
2025-01-11,Red,stop_005,trip_03854,trip_03853,300,,300,Outbound,0
2025-01-12,Orange,stop_006,trip_03855,trip_03854,330,,300,Inbound,1
2025-01-13,Red,stop_007,trip_03856,trip_03855,360,,300,Outbound,0
2025-01-14,Orange,stop_008,trip_03857,trip_03856,390,,300,Inbound,1
2025-01-15,Red,stop_009,trip_03858,trip_03857,420,,300,Outbound,0
2025-01-16,Orange,stop_010,trip_03859,trip_03858,450,,300,Inbound,1
2025-01-17,Red,stop_011,trip_03860,trip_03859,480,,300,Outbound,0
2025-01-18,Orange,stop_012,trip_03861,trip_03860,510,,300,Inbound,1
2025-01-19,Red,stop_013,trip_03862,trip_03861,540,,300,Outbound,0
2025-01-20,Orange,stop_014,trip_03863,trip_03862,570,,300,Inbound,1
2025-01-21,Red,stop_015,trip_03864,trip_03863,240,,300,Outbound,0
2025-01-22,Orange,stop_016,trip_03865,trip_03864,270,,300,Inbound,1
2025-01-23,Red,stop_017,trip_03866,trip_03865,300,,300,Outbound,0
2025-01-24,Orange,stop_018,trip_03867,trip_03866,330,,300,Inbound,1
2025-01-25,Red,stop_019,trip_03868,trip_03867,360,,300,Outbound,0
2025-01-26,Orange,stop_020,trip_03869,trip_03868,390,,300,Inbound,1
2025-01-27,Red,stop_021,trip_03870,trip_03869,420,,300,Outbound,0
2025-01-28,Orange,stop_022,trip_03871,trip_03870,450,,300,Inbound,1
2025-01-29,Red,stop_023,trip_03872,trip_03871,480,,300,Outbound,0
2025-01-30,Orange,stop_024,trip_03873,trip_03872,510,,300,Inbound,1
2025-01-31,Red,stop_025,trip_03874,trip_03873,540,,300,Outbound,0
2025-01-01,Orange,stop_026,trip_03875,trip_03874,570,,300,Inbound,1
2025-01-02,Red,stop_027,trip_03876,trip_03875,240,,300,Outbound,0
2025-01-03,Orange,stop_028,trip_03877,trip_03876,270,,300,Inbound,1
2025-01-04,Red,stop_029,trip_03878,trip_03877,300,,300,Outbound,0
2025-01-05,Orange,stop_030,trip_03879,trip_03878,330,,300,Inbound,1
2025-01-06,Red,stop_031,trip_03880,trip_03879,360,,300,Outbound,0
2025-01-07,Orange,stop_032,trip_03881,trip_03880,390,,300,Inbound,1
2025-01-08,Red,stop_033,trip_03882,trip_03881,420,,300,Outbound,0
2025-01-09,Orange,stop_034,trip_03883,trip_03882,450,,300,Inbound,1
2025-01-10,Red,stop_035,trip_03884,trip_03883,480,,300,Outbound,0
2025-01-11,Orange,stop_001,trip_03885,trip_03884,510,,300,Inbound,1
2025-01-12,Red,stop_002,trip_03886,trip_03885,540,,300,Outbound,0
2025-01-13,Orange,stop_003,trip_03887,trip_03886,570,,300,Inbound,1
2025-01-14,Red,stop_004,trip_03888,trip_03887,240,,300,Outbound,0
2025-01-15,Orange,stop_005,trip_03889,trip_03888,270,,300,Inbound,1
2025-01-16,Red,stop_006,trip_03890,trip_03889,300,,300,Outbound,0
2025-01-17,Orange,stop_007,trip_03891,trip_03890,330,,300,Inbound,1
2025-01-18,Red,stop_008,trip_03892,trip_03891,360,,300,Outbound,0
2025-01-19,Orange,stop_009,trip_03893,trip_03892,390,,300,Inbound,1
2025-01-20,Red,stop_010,trip_03894,trip_03893,420,,300,Outbound,0
2025-01-21,Orange,stop_011,trip_03895,trip_03894,450,,300,Inbound,1
2025-01-22,Red,stop_012,trip_03896,trip_03895,480,,300,Outbound,0
2025-01-23,Orange,stop_013,trip_03897,trip_03896,510,,300,Inbound,1
2025-01-24,Red,stop_014,trip_03898,trip_03897,540,,300,Outbound,0
2025-01-25,Orange,stop_015,trip_03899,trip_03898,570,,300,Inbound,1
2025-01-26,Red,stop_016,trip_03900,trip_03899,240,,300,Outbound,0
2025-01-27,Orange,stop_017,trip_03901,trip_03900,270,,300,Inbound,1
2025-01-28,Red,stop_018,trip_03902,trip_03901,300,,300,Outbound,0
2025-01-29,Orange,stop_019,trip_03903,trip_03902,330,,300,Inbound,1
2025-01-30,Red,stop_020,trip_03904,trip_03903,360,,300,Outbound,0
2025-01-31,Orange,stop_021,trip_03905,trip_03904,390,,300,Inbound,1
2025-01-01,Red,stop_022,trip_03906,trip_03905,420,,300,Outbound,0
2025-01-02,Orange,stop_023,trip_03907,trip_03906,450,,300,Inbound,1
2025-01-03,Red,stop_024,trip_03908,trip_03907,480,,300,Outbound,0
2025-01-04,Orange,stop_025,trip_03909,trip_03908,510,,300,Inbound,1
2025-01-05,Red,stop_026,trip_03910,trip_03909,540,,300,Outbound,0
2025-01-06,Orange,stop_027,trip_03911,trip_03910,570,,300,Inbound,1
2025-01-07,Red,stop_028,trip_03912,trip_03911,240,,300,Outbound,0
2025-01-08,Orange,stop_029,trip_03913,trip_03912,270,,300,Inbound,1
2025-01-09,Red,stop_030,trip_03914,trip_03913,300,,300,Outbound,0
2025-01-10,Orange,stop_031,trip_03915,trip_03914,330,,300,Inbound,1
2025-01-11,Red,stop_032,trip_03916,trip_03915,360,,300,Outbound,0
2025-01-12,Orange,stop_033,trip_03917,trip_03916,390,,300,Inbound,1
2025-01-13,Red,stop_034,trip_03918,trip_03917,420,,300,Outbound,0
2025-01-14,Orange,stop_035,trip_03919,trip_03918,450,,300,Inbound,1
2025-01-15,Red,stop_001,trip_03920,trip_03919,480,,300,Outbound,0
2025-01-16,Orange,stop_002,trip_03921,trip_03920,510,,300,Inbound,1
2025-01-17,Red,stop_003,trip_03922,trip_03921,540,,300,Outbound,0
2025-01-18,Orange,stop_004,trip_03923,trip_03922,570,,300,Inbound,1
2025-01-19,Red,stop_005,trip_03924,trip_03923,240,,300,Outbound,0
2025-01-20,Orange,stop_006,trip_03925,trip_03924,270,,300,Inbound,1
2025-01-21,Red,stop_007,trip_03926,trip_03925,300,,300,Outbound,0
2025-01-22,Orange,stop_008,trip_03927,trip_03926,330,,300,Inbound,1
2025-01-23,Red,stop_009,trip_03928,trip_03927,360,,300,Outbound,0
2025-01-24,Orange,stop_010,trip_03929,trip_03928,390,,300,Inbound,1
2025-01-25,Red,stop_011,trip_03930,trip_03929,420,,300,Outbound,0
2025-01-26,Orange,stop_012,trip_03931,trip_03930,450,,300,Inbound,1
2025-01-27,Red,stop_013,trip_03932,trip_03931,480,,300,Outbound,0
2025-01-28,Orange,stop_014,trip_03933,trip_03932,510,,300,Inbound,1
2025-01-29,Red,stop_015,trip_03934,trip_03933,540,,300,Outbound,0
2025-01-30,Orange,stop_016,trip_03935,trip_03934,570,,300,Inbound,1
2025-01-31,Red,stop_017,trip_03936,trip_03935,240,,300,Outbound,0
2025-01-01,Orange,stop_018,trip_03937,trip_03936,270,,300,Inbound,1
2025-01-02,Red,stop_019,trip_03938,trip_03937,300,,300,Outbound,0
2025-01-03,Orange,stop_020,trip_03939,trip_03938,330,,300,Inbound,1
2025-01-04,Red,stop_021,trip_03940,trip_03939,360,,300,Outbound,0
2025-01-05,Orange,stop_022,trip_03941,trip_03940,390,,300,Inbound,1
2025-01-06,Red,stop_023,trip_03942,trip_03941,420,,300,Outbound,0
2025-01-07,Orange,stop_024,trip_03943,trip_03942,450,,300,Inbound,1
2025-01-08,Red,stop_025,trip_03944,trip_03943,480,,300,Outbound,0
2025-01-09,Orange,stop_026,trip_03945,trip_03944,510,,300,Inbound,1
2025-01-10,Red,stop_027,trip_03946,trip_03945,540,,300,Outbound,0
2025-01-11,Orange,stop_028,trip_03947,trip_03946,570,,300,Inbound,1
2025-01-12,Red,stop_029,trip_03948,trip_03947,240,,300,Outbound,0
2025-01-13,Orange,stop_030,trip_03949,trip_03948,270,,300,Inbound,1
2025-01-14,Red,stop_031,trip_03950,trip_03949,300,,300,Outbound,0
2025-01-15,Orange,stop_032,trip_03951,trip_03950,330,,300,Inbound,1
2025-01-16,Red,stop_033,trip_03952,trip_03951,360,,300,Outbound,0
2025-01-17,Orange,stop_034,trip_03953,trip_03952,390,,300,Inbound,1
2025-01-18,Red,stop_035,trip_03954,trip_03953,420,,300,Outbound,0
2025-01-19,Orange,stop_001,trip_03955,trip_03954,450,,300,Inbound,1
2025-01-20,Red,stop_002,trip_03956,trip_03955,480,,300,Outbound,0
2025-01-21,Orange,stop_003,trip_03957,trip_03956,510,,300,Inbound,1
2025-01-22,Red,stop_004,trip_03958,trip_03957,540,,300,Outbound,0
2025-01-23,Orange,stop_005,trip_03959,trip_03958,570,,300,Inbound,1
2025-01-24,Red,stop_006,trip_03960,trip_03959,240,,300,Outbound,0
2025-01-25,Orange,stop_007,trip_03961,trip_03960,270,,300,Inbound,1
2025-01-26,Red,stop_008,trip_03962,trip_03961,300,,300,Outbound,0
2025-01-27,Orange,stop_009,trip_03963,trip_03962,330,,300,Inbound,1
2025-01-28,Red,stop_010,trip_03964,trip_03963,360,,300,Outbound,0
2025-01-29,Orange,stop_011,trip_03965,trip_03964,390,,300,Inbound,1
2025-01-30,Red,stop_012,trip_03966,trip_03965,420,,300,Outbound,0
2025-01-31,Orange,stop_013,trip_03967,trip_03966,450,,300,Inbound,1
2025-01-01,Red,stop_014,trip_03968,trip_03967,480,,300,Outbound,0
2025-01-02,Orange,stop_015,trip_03969,trip_03968,510,,300,Inbound,1
2025-01-03,Red,stop_016,trip_03970,trip_03969,540,,300,Outbound,0
2025-01-04,Orange,stop_017,trip_03971,trip_03970,570,,300,Inbound,1
2025-01-05,Red,stop_018,trip_03972,trip_03971,240,,300,Outbound,0
2025-01-06,Orange,stop_019,trip_03973,trip_03972,270,,300,Inbound,1
2025-01-07,Red,stop_020,trip_03974,trip_03973,300,,300,Outbound,0
2025-01-08,Orange,stop_021,trip_03975,trip_03974,330,,300,Inbound,1
2025-01-09,Red,stop_022,trip_03976,trip_03975,360,,300,Outbound,0
2025-01-10,Orange,stop_023,trip_03977,trip_03976,390,,300,Inbound,1
2025-01-11,Red,stop_024,trip_03978,trip_03977,420,,300,Outbound,0
2025-01-12,Orange,stop_025,trip_03979,trip_03978,450,,300,Inbound,1
2025-01-13,Red,stop_026,trip_03980,trip_03979,480,,300,Outbound,0
2025-01-14,Orange,stop_027,trip_03981,trip_03980,510,,300,Inbound,1
2025-01-15,Red,stop_028,trip_03982,trip_03981,540,,300,Outbound,0
2025-01-16,Orange,stop_029,trip_03983,trip_03982,570,,300,Inbound,1
2025-01-17,Red,stop_030,trip_03984,trip_03983,240,,300,Outbound,0
2025-01-18,Orange,stop_031,trip_03985,trip_03984,270,,300,Inbound,1
2025-01-19,Red,stop_032,trip_03986,trip_03985,300,,300,Outbound,0
2025-01-20,Orange,stop_033,trip_03987,trip_03986,330,,300,Inbound,1
2025-01-21,Red,stop_034,trip_03988,trip_03987,360,,300,Outbound,0
2025-01-22,Orange,stop_035,trip_03989,trip_03988,390,,300,Inbound,1
2025-01-23,Red,stop_001,trip_03990,trip_03989,420,,300,Outbound,0
2025-01-24,Orange,stop_002,trip_03991,trip_03990,450,,300,Inbound,1
2025-01-25,Red,stop_003,trip_03992,trip_03991,480,,300,Outbound,0
2025-01-26,Orange,stop_004,trip_03993,trip_03992,510,,300,Inbound,1
2025-01-27,Red,stop_005,trip_03994,trip_03993,540,,300,Outbound,0
2025-01-28,Orange,stop_006,trip_03995,trip_03994,570,,300,Inbound,1
2025-01-29,Red,stop_007,trip_03996,trip_03995,240,,300,Outbound,0
2025-01-30,Orange,stop_008,trip_03997,trip_03996,270,,300,Inbound,1
2025-01-31,Red,stop_009,trip_03998,trip_03997,300,,300,Outbound,0
2025-01-01,Orange,stop_010,trip_03999,trip_03998,330,,300,Inbound,1
2025-01-02,Red,stop_011,trip_04000,trip_03999,360,,300,Outbound,0
2025-01-03,Orange,stop_012,trip_04001,trip_04000,390,,300,Inbound,1
2025-01-04,Red,stop_013,trip_04002,trip_04001,420,,300,Outbound,0
2025-01-05,Orange,stop_014,trip_04003,trip_04002,450,,300,Inbound,1
2025-01-06,Red,stop_015,trip_04004,trip_04003,480,,300,Outbound,0
2025-01-07,Orange,stop_016,trip_04005,trip_04004,510,,300,Inbound,1
2025-01-08,Red,stop_017,trip_04006,trip_04005,540,,300,Outbound,0
2025-01-09,Orange,stop_018,trip_04007,trip_04006,570,,300,Inbound,1
2025-01-10,Red,stop_019,trip_04008,trip_04007,240,,300,Outbound,0
2025-01-11,Orange,stop_020,trip_04009,trip_04008,270,,300,Inbound,1
2025-01-12,Red,stop_021,trip_04010,trip_04009,300,,300,Outbound,0
2025-01-13,Orange,stop_022,trip_04011,trip_04010,330,,300,Inbound,1
2025-01-14,Red,stop_023,trip_04012,trip_04011,360,,300,Outbound,0
2025-01-15,Orange,stop_024,trip_04013,trip_04012,390,,300,Inbound,1
2025-01-16,Red,stop_025,trip_04014,trip_04013,420,,300,Outbound,0
2025-01-17,Orange,stop_026,trip_04015,trip_04014,450,,300,Inbound,1
2025-01-18,Red,stop_027,trip_04016,trip_04015,480,,300,Outbound,0
2025-01-19,Orange,stop_028,trip_04017,trip_04016,510,,300,Inbound,1
2025-01-20,Red,stop_029,trip_04018,trip_04017,540,,300,Outbound,0
2025-01-21,Orange,stop_030,trip_04019,trip_04018,570,,300,Inbound,1
2025-01-22,Red,stop_031,trip_04020,trip_04019,240,,300,Outbound,0
2025-01-23,Orange,stop_032,trip_04021,trip_04020,270,,300,Inbound,1
2025-01-24,Red,stop_033,trip_04022,trip_04021,300,,300,Outbound,0
2025-01-25,Orange,stop_034,trip_04023,trip_04022,330,,300,Inbound,1
2025-01-26,Red,stop_035,trip_04024,trip_04023,360,,300,Outbound,0
2025-01-27,Orange,stop_001,trip_04025,trip_04024,390,,300,Inbound,1
2025-01-28,Red,stop_002,trip_04026,trip_04025,420,,300,Outbound,0
2025-01-29,Orange,stop_003,trip_04027,trip_04026,450,,300,Inbound,1
2025-01-30,Red,stop_004,trip_04028,trip_04027,480,,300,Outbound,0
2025-01-31,Orange,stop_005,trip_04029,trip_04028,510,,300,Inbound,1
2025-01-01,Red,stop_006,trip_04030,trip_04029,540,,300,Outbound,0
2025-01-02,Orange,stop_007,trip_04031,trip_04030,570,,300,Inbound,1
2025-01-03,Red,stop_008,trip_04032,trip_04031,240,,300,Outbound,0
2025-01-04,Orange,stop_009,trip_04033,trip_04032,270,,300,Inbound,1
2025-01-05,Red,stop_010,trip_04034,trip_04033,300,,300,Outbound,0
2025-01-06,Orange,stop_011,trip_04035,trip_04034,330,,300,Inbound,1
2025-01-07,Red,stop_012,trip_04036,trip_04035,360,,300,Outbound,0
2025-01-08,Orange,stop_013,trip_04037,trip_04036,390,,300,Inbound,1
2025-01-09,Red,stop_014,trip_04038,trip_04037,420,,300,Outbound,0
2025-01-10,Orange,stop_015,trip_04039,trip_04038,450,,300,Inbound,1
2025-01-11,Red,stop_016,trip_04040,trip_04039,480,,300,Outbound,0
2025-01-12,Orange,stop_017,trip_04041,trip_04040,510,,300,Inbound,1
2025-01-13,Red,stop_018,trip_04042,trip_04041,540,,300,Outbound,0
2025-01-14,Orange,stop_019,trip_04043,trip_04042,570,,300,Inbound,1
2025-01-15,Red,stop_020,trip_04044,trip_04043,240,,300,Outbound,0
2025-01-16,Orange,stop_021,trip_04045,trip_04044,270,,300,Inbound,1
2025-01-17,Red,stop_022,trip_04046,trip_04045,300,,300,Outbound,0
2025-01-18,Orange,stop_023,trip_04047,trip_04046,330,,300,Inbound,1
2025-01-19,Red,stop_024,trip_04048,trip_04047,360,,300,Outbound,0
2025-01-20,Orange,stop_025,trip_04049,trip_04048,390,,300,Inbound,1
2025-01-21,Red,stop_026,trip_04050,trip_04049,420,,300,Outbound,0
2025-01-22,Orange,stop_027,trip_04051,trip_04050,450,,300,Inbound,1
2025-01-23,Red,stop_028,trip_04052,trip_04051,480,,300,Outbound,0
2025-01-24,Orange,stop_029,trip_04053,trip_04052,510,,300,Inbound,1
2025-01-25,Red,stop_030,trip_04054,trip_04053,540,,300,Outbound,0
2025-01-26,Orange,stop_031,trip_04055,trip_04054,570,,300,Inbound,1
2025-01-27,Red,stop_032,trip_04056,trip_04055,240,,300,Outbound,0
2025-01-28,Orange,stop_033,trip_04057,trip_04056,270,,300,Inbound,1
2025-01-29,Red,stop_034,trip_04058,trip_04057,300,,300,Outbound,0
2025-01-30,Orange,stop_035,trip_04059,trip_04058,330,,300,Inbound,1
2025-01-31,Red,stop_001,trip_04060,trip_04059,360,,300,Outbound,0
2025-01-01,Orange,stop_002,trip_04061,trip_04060,390,,300,Inbound,1
2025-01-02,Red,stop_003,trip_04062,trip_04061,420,,300,Outbound,0
2025-01-03,Orange,stop_004,trip_04063,trip_04062,450,,300,Inbound,1
2025-01-04,Red,stop_005,trip_04064,trip_04063,480,,300,Outbound,0
2025-01-05,Orange,stop_006,trip_04065,trip_04064,510,,300,Inbound,1
2025-01-06,Red,stop_007,trip_04066,trip_04065,540,,300,Outbound,0
2025-01-07,Orange,stop_008,trip_04067,trip_04066,570,,300,Inbound,1
2025-01-08,Red,stop_009,trip_04068,trip_04067,240,,300,Outbound,0
2025-01-09,Orange,stop_010,trip_04069,trip_04068,270,,300,Inbound,1
2025-01-10,Red,stop_011,trip_04070,trip_04069,300,,300,Outbound,0
2025-01-11,Orange,stop_012,trip_04071,trip_04070,330,,300,Inbound,1
2025-01-12,Red,stop_013,trip_04072,trip_04071,360,,300,Outbound,0
2025-01-13,Orange,stop_014,trip_04073,trip_04072,390,,300,Inbound,1
2025-01-14,Red,stop_015,trip_04074,trip_04073,420,,300,Outbound,0
2025-01-15,Orange,stop_016,trip_04075,trip_04074,450,,300,Inbound,1
2025-01-16,Red,stop_017,trip_04076,trip_04075,480,,300,Outbound,0
2025-01-17,Orange,stop_018,trip_04077,trip_04076,510,,300,Inbound,1
2025-01-18,Red,stop_019,trip_04078,trip_04077,540,,300,Outbound,0
2025-01-19,Orange,stop_020,trip_04079,trip_04078,570,,300,Inbound,1
2025-01-20,Red,stop_021,trip_04080,trip_04079,240,,300,Outbound,0
2025-01-21,Orange,stop_022,trip_04081,trip_04080,270,,300,Inbound,1
2025-01-22,Red,stop_023,trip_04082,trip_04081,300,,300,Outbound,0
2025-01-23,Orange,stop_024,trip_04083,trip_04082,330,,300,Inbound,1
2025-01-24,Red,stop_025,trip_04084,trip_04083,360,,300,Outbound,0
2025-01-25,Orange,stop_026,trip_04085,trip_04084,390,,300,Inbound,1
2025-01-26,Red,stop_027,trip_04086,trip_04085,420,,300,Outbound,0
2025-01-27,Orange,stop_028,trip_04087,trip_04086,450,,300,Inbound,1
2025-01-28,Red,stop_029,trip_04088,trip_04087,480,,300,Outbound,0
2025-01-29,Orange,stop_030,trip_04089,trip_04088,510,,300,Inbound,1
2025-01-30,Red,stop_031,trip_04090,trip_04089,540,,300,Outbound,0
2025-01-31,Orange,stop_032,trip_04091,trip_04090,570,,300,Inbound,1
2025-01-01,Red,stop_033,trip_04092,trip_04091,240,,300,Outbound,0
2025-01-02,Orange,stop_034,trip_04093,trip_04092,270,,300,Inbound,1
2025-01-03,Red,stop_035,trip_04094,trip_04093,300,,300,Outbound,0
2025-01-04,Orange,stop_001,trip_04095,trip_04094,330,,300,Inbound,1
2025-01-05,Red,stop_002,trip_04096,trip_04095,360,,300,Outbound,0
2025-01-06,Orange,stop_003,trip_04097,trip_04096,390,,300,Inbound,1
2025-01-07,Red,stop_004,trip_04098,trip_04097,420,,300,Outbound,0
2025-01-08,Orange,stop_005,trip_04099,trip_04098,450,,300,Inbound,1
2025-01-09,Red,stop_006,trip_04100,trip_04099,480,,300,Outbound,0
2025-01-10,Orange,stop_007,trip_04101,trip_04100,510,,300,Inbound,1
2025-01-11,Red,stop_008,trip_04102,trip_04101,540,,300,Outbound,0
2025-01-12,Orange,stop_009,trip_04103,trip_04102,570,,300,Inbound,1
2025-01-13,Red,stop_010,trip_04104,trip_04103,240,,300,Outbound,0
2025-01-14,Orange,stop_011,trip_04105,trip_04104,270,,300,Inbound,1
2025-01-15,Red,stop_012,trip_04106,trip_04105,300,,300,Outbound,0
2025-01-16,Orange,stop_013,trip_04107,trip_04106,330,,300,Inbound,1
2025-01-17,Red,stop_014,trip_04108,trip_04107,360,,300,Outbound,0
2025-01-18,Orange,stop_015,trip_04109,trip_04108,390,,300,Inbound,1
2025-01-19,Red,stop_016,trip_04110,trip_04109,420,,300,Outbound,0
2025-01-20,Orange,stop_017,trip_04111,trip_04110,450,,300,Inbound,1
2025-01-21,Red,stop_018,trip_04112,trip_04111,480,,300,Outbound,0
2025-01-22,Orange,stop_019,trip_04113,trip_04112,510,,300,Inbound,1
2025-01-23,Red,stop_020,trip_04114,trip_04113,540,,300,Outbound,0
2025-01-24,Orange,stop_021,trip_04115,trip_04114,570,,300,Inbound,1
2025-01-25,Red,stop_022,trip_04116,trip_04115,240,,300,Outbound,0
2025-01-26,Orange,stop_023,trip_04117,trip_04116,270,,300,Inbound,1
2025-01-27,Red,stop_024,trip_04118,trip_04117,300,,300,Outbound,0
2025-01-28,Orange,stop_025,trip_04119,trip_04118,330,,300,Inbound,1
2025-01-29,Red,stop_026,trip_04120,trip_04119,360,,300,Outbound,0
2025-01-30,Orange,stop_027,trip_04121,trip_04120,390,,300,Inbound,1
2025-01-31,Red,stop_028,trip_04122,trip_04121,420,,300,Outbound,0
2025-01-01,Orange,stop_029,trip_04123,trip_04122,450,,300,Inbound,1
2025-01-02,Red,stop_030,trip_04124,trip_04123,480,,300,Outbound,0
2025-01-03,Orange,stop_031,trip_04125,trip_04124,510,,300,Inbound,1
2025-01-04,Red,stop_032,trip_04126,trip_04125,540,,300,Outbound,0
2025-01-05,Orange,stop_033,trip_04127,trip_04126,570,,300,Inbound,1
2025-01-06,Red,stop_034,trip_04128,trip_04127,240,,300,Outbound,0
2025-01-07,Orange,stop_035,trip_04129,trip_04128,270,,300,Inbound,1
2025-01-08,Red,stop_001,trip_04130,trip_04129,300,,300,Outbound,0
2025-01-09,Orange,stop_002,trip_04131,trip_04130,330,,300,Inbound,1
2025-01-10,Red,stop_003,trip_04132,trip_04131,360,,300,Outbound,0
2025-01-11,Orange,stop_004,trip_04133,trip_04132,390,,300,Inbound,1
2025-01-12,Red,stop_005,trip_04134,trip_04133,420,,300,Outbound,0
2025-01-13,Orange,stop_006,trip_04135,trip_04134,450,,300,Inbound,1
2025-01-14,Red,stop_007,trip_04136,trip_04135,480,,300,Outbound,0
2025-01-15,Orange,stop_008,trip_04137,trip_04136,510,,300,Inbound,1
2025-01-16,Red,stop_009,trip_04138,trip_04137,540,,300,Outbound,0
2025-01-17,Orange,stop_010,trip_04139,trip_04138,570,,300,Inbound,1
2025-01-18,Red,stop_011,trip_04140,trip_04139,240,,300,Outbound,0
2025-01-19,Orange,stop_012,trip_04141,trip_04140,270,,300,Inbound,1
2025-01-20,Red,stop_013,trip_04142,trip_04141,300,,300,Outbound,0
2025-01-21,Orange,stop_014,trip_04143,trip_04142,330,,300,Inbound,1
2025-01-22,Red,stop_015,trip_04144,trip_04143,360,,300,Outbound,0
2025-01-23,Orange,stop_016,trip_04145,trip_04144,390,,300,Inbound,1
2025-01-24,Red,stop_017,trip_04146,trip_04145,420,,300,Outbound,0
2025-01-25,Orange,stop_018,trip_04147,trip_04146,450,,300,Inbound,1
2025-01-26,Red,stop_019,trip_04148,trip_04147,480,,300,Outbound,0
2025-01-27,Orange,stop_020,trip_04149,trip_04148,510,,300,Inbound,1
2025-01-28,Red,stop_021,trip_04150,trip_04149,540,,300,Outbound,0
2025-01-29,Orange,stop_022,trip_04151,trip_04150,570,,300,Inbound,1
2025-01-30,Red,stop_023,trip_04152,trip_04151,240,,300,Outbound,0
2025-01-31,Orange,stop_024,trip_04153,trip_04152,270,,300,Inbound,1
2025-01-01,Red,stop_025,trip_04154,trip_04153,300,,300,Outbound,0
2025-01-02,Orange,stop_026,trip_04155,trip_04154,330,,300,Inbound,1
2025-01-03,Red,stop_027,trip_04156,trip_04155,360,,300,Outbound,0
2025-01-04,Orange,stop_028,trip_04157,trip_04156,390,,300,Inbound,1
2025-01-05,Red,stop_029,trip_04158,trip_04157,420,,300,Outbound,0
2025-01-06,Orange,stop_030,trip_04159,trip_04158,450,,300,Inbound,1
2025-01-07,Red,stop_031,trip_04160,trip_04159,480,,300,Outbound,0
2025-01-08,Orange,stop_032,trip_04161,trip_04160,510,,300,Inbound,1
2025-01-09,Red,stop_033,trip_04162,trip_04161,540,,300,Outbound,0
2025-01-10,Orange,stop_034,trip_04163,trip_04162,570,,300,Inbound,1
2025-01-11,Red,stop_035,trip_04164,trip_04163,240,,300,Outbound,0
2025-01-12,Orange,stop_001,trip_04165,trip_04164,270,,300,Inbound,1
2025-01-13,Red,stop_002,trip_04166,trip_04165,300,,300,Outbound,0
2025-01-14,Orange,stop_003,trip_04167,trip_04166,330,,300,Inbound,1
2025-01-15,Red,stop_004,trip_04168,trip_04167,360,,300,Outbound,0
2025-01-16,Orange,stop_005,trip_04169,trip_04168,390,,300,Inbound,1
2025-01-17,Red,stop_006,trip_04170,trip_04169,420,,300,Outbound,0
2025-01-18,Orange,stop_007,trip_04171,trip_04170,450,,300,Inbound,1
2025-01-19,Red,stop_008,trip_04172,trip_04171,480,,300,Outbound,0
2025-01-20,Orange,stop_009,trip_04173,trip_04172,510,,300,Inbound,1
2025-01-21,Red,stop_010,trip_04174,trip_04173,540,,300,Outbound,0
2025-01-22,Orange,stop_011,trip_04175,trip_04174,570,,300,Inbound,1
2025-01-23,Red,stop_012,trip_04176,trip_04175,240,,300,Outbound,0
2025-01-24,Orange,stop_013,trip_04177,trip_04176,270,,300,Inbound,1
2025-01-25,Red,stop_014,trip_04178,trip_04177,300,,300,Outbound,0
2025-01-26,Orange,stop_015,trip_04179,trip_04178,330,,300,Inbound,1
2025-01-27,Red,stop_016,trip_04180,trip_04179,360,,300,Outbound,0
2025-01-28,Orange,stop_017,trip_04181,trip_04180,390,,300,Inbound,1
2025-01-29,Red,stop_018,trip_04182,trip_04181,420,,300,Outbound,0
2025-01-30,Orange,stop_019,trip_04183,trip_04182,450,,300,Inbound,1
2025-01-31,Red,stop_020,trip_04184,trip_04183,480,,300,Outbound,0
2025-01-01,Orange,stop_021,trip_04185,trip_04184,510,,300,Inbound,1
2025-01-02,Red,stop_022,trip_04186,trip_04185,540,,300,Outbound,0
2025-01-03,Orange,stop_023,trip_04187,trip_04186,570,,300,Inbound,1
2025-01-04,Red,stop_024,trip_04188,trip_04187,240,,300,Outbound,0
2025-01-05,Orange,stop_025,trip_04189,trip_04188,270,,300,Inbound,1
2025-01-06,Red,stop_026,trip_04190,trip_04189,300,,300,Outbound,0
2025-01-07,Orange,stop_027,trip_04191,trip_04190,330,,300,Inbound,1
2025-01-08,Red,stop_028,trip_04192,trip_04191,360,,300,Outbound,0
2025-01-09,Orange,stop_029,trip_04193,trip_04192,390,,300,Inbound,1
2025-01-10,Red,stop_030,trip_04194,trip_04193,420,,300,Outbound,0
2025-01-11,Orange,stop_031,trip_04195,trip_04194,450,,300,Inbound,1
2025-01-12,Red,stop_032,trip_04196,trip_04195,480,,300,Outbound,0
2025-01-13,Orange,stop_033,trip_04197,trip_04196,510,,300,Inbound,1
2025-01-14,Red,stop_034,trip_04198,trip_04197,540,,300,Outbound,0
2025-01-15,Orange,stop_035,trip_04199,trip_04198,570,,300,Inbound,1
2025-01-16,Red,stop_001,trip_04200,trip_04199,240,,300,Outbound,0
2025-01-17,Orange,stop_002,trip_04201,trip_04200,270,,300,Inbound,1
2025-01-18,Red,stop_003,trip_04202,trip_04201,300,,300,Outbound,0
2025-01-19,Orange,stop_004,trip_04203,trip_04202,330,,300,Inbound,1
2025-01-20,Red,stop_005,trip_04204,trip_04203,360,,300,Outbound,0
2025-01-21,Orange,stop_006,trip_04205,trip_04204,390,,300,Inbound,1
2025-01-22,Red,stop_007,trip_04206,trip_04205,420,,300,Outbound,0
2025-01-23,Orange,stop_008,trip_04207,trip_04206,450,,300,Inbound,1
2025-01-24,Red,stop_009,trip_04208,trip_04207,480,,300,Outbound,0
2025-01-25,Orange,stop_010,trip_04209,trip_04208,510,,300,Inbound,1
2025-01-26,Red,stop_011,trip_04210,trip_04209,540,,300,Outbound,0
2025-01-27,Orange,stop_012,trip_04211,trip_04210,570,,300,Inbound,1
2025-01-28,Red,stop_013,trip_04212,trip_04211,240,,300,Outbound,0
2025-01-29,Orange,stop_014,trip_04213,trip_04212,270,,300,Inbound,1
2025-01-30,Red,stop_015,trip_04214,trip_04213,300,,300,Outbound,0
2025-01-31,Orange,stop_016,trip_04215,trip_04214,330,,300,Inbound,1
2025-01-01,Red,stop_017,trip_04216,trip_04215,360,,300,Outbound,0
2025-01-02,Orange,stop_018,trip_04217,trip_04216,390,,300,Inbound,1
2025-01-03,Red,stop_019,trip_04218,trip_04217,420,,300,Outbound,0
2025-01-04,Orange,stop_020,trip_04219,trip_04218,450,,300,Inbound,1
2025-01-05,Red,stop_021,trip_04220,trip_04219,480,,300,Outbound,0
2025-01-06,Orange,stop_022,trip_04221,trip_04220,510,,300,Inbound,1
2025-01-07,Red,stop_023,trip_04222,trip_04221,540,,300,Outbound,0
2025-01-08,Orange,stop_024,trip_04223,trip_04222,570,,300,Inbound,1
2025-01-09,Red,stop_025,trip_04224,trip_04223,240,,300,Outbound,0
2025-01-10,Orange,stop_026,trip_04225,trip_04224,270,,300,Inbound,1
2025-01-11,Red,stop_027,trip_04226,trip_04225,300,,300,Outbound,0
2025-01-12,Orange,stop_028,trip_04227,trip_04226,330,,300,Inbound,1
2025-01-13,Red,stop_029,trip_04228,trip_04227,360,,300,Outbound,0
2025-01-14,Orange,stop_030,trip_04229,trip_04228,390,,300,Inbound,1
2025-01-15,Red,stop_031,trip_04230,trip_04229,420,,300,Outbound,0
2025-01-16,Orange,stop_032,trip_04231,trip_04230,450,,300,Inbound,1
2025-01-17,Red,stop_033,trip_04232,trip_04231,480,,300,Outbound,0
2025-01-18,Orange,stop_034,trip_04233,trip_04232,510,,300,Inbound,1
2025-01-19,Red,stop_035,trip_04234,trip_04233,540,,300,Outbound,0
2025-01-20,Orange,stop_001,trip_04235,trip_04234,570,,300,Inbound,1
2025-01-21,Red,stop_002,trip_04236,trip_04235,240,,300,Outbound,0
2025-01-22,Orange,stop_003,trip_04237,trip_04236,270,,300,Inbound,1
2025-01-23,Red,stop_004,trip_04238,trip_04237,300,,300,Outbound,0
2025-01-24,Orange,stop_005,trip_04239,trip_04238,330,,300,Inbound,1
2025-01-25,Red,stop_006,trip_04240,trip_04239,360,,300,Outbound,0
2025-01-26,Orange,stop_007,trip_04241,trip_04240,390,,300,Inbound,1
2025-01-27,Red,stop_008,trip_04242,trip_04241,420,,300,Outbound,0
2025-01-28,Orange,stop_009,trip_04243,trip_04242,450,,300,Inbound,1
2025-01-29,Red,stop_010,trip_04244,trip_04243,480,,300,Outbound,0
2025-01-30,Orange,stop_011,trip_04245,trip_04244,510,,300,Inbound,1
2025-01-31,Red,stop_012,trip_04246,trip_04245,540,,300,Outbound,0
2025-01-01,Orange,stop_013,trip_04247,trip_04246,570,,300,Inbound,1
2025-01-02,Red,stop_014,trip_04248,trip_04247,240,,300,Outbound,0
2025-01-03,Orange,stop_015,trip_04249,trip_04248,270,,300,Inbound,1
2025-01-04,Red,stop_016,trip_04250,trip_04249,300,,300,Outbound,0
2025-01-05,Orange,stop_017,trip_04251,trip_04250,330,,300,Inbound,1
2025-01-06,Red,stop_018,trip_04252,trip_04251,360,,300,Outbound,0
2025-01-07,Orange,stop_019,trip_04253,trip_04252,390,,300,Inbound,1
2025-01-08,Red,stop_020,trip_04254,trip_04253,420,,300,Outbound,0
2025-01-09,Orange,stop_021,trip_04255,trip_04254,450,,300,Inbound,1
2025-01-10,Red,stop_022,trip_04256,trip_04255,480,,300,Outbound,0
2025-01-11,Orange,stop_023,trip_04257,trip_04256,510,,300,Inbound,1
2025-01-12,Red,stop_024,trip_04258,trip_04257,540,,300,Outbound,0
2025-01-13,Orange,stop_025,trip_04259,trip_04258,570,,300,Inbound,1
2025-01-14,Red,stop_026,trip_04260,trip_04259,240,,300,Outbound,0
2025-01-15,Orange,stop_027,trip_04261,trip_04260,270,,300,Inbound,1
2025-01-16,Red,stop_028,trip_04262,trip_04261,300,,300,Outbound,0
2025-01-17,Orange,stop_029,trip_04263,trip_04262,330,,300,Inbound,1
2025-01-18,Red,stop_030,trip_04264,trip_04263,360,,300,Outbound,0
2025-01-19,Orange,stop_031,trip_04265,trip_04264,390,,300,Inbound,1
2025-01-20,Red,stop_032,trip_04266,trip_04265,420,,300,Outbound,0
2025-01-21,Orange,stop_033,trip_04267,trip_04266,450,,300,Inbound,1
2025-01-22,Red,stop_034,trip_04268,trip_04267,480,,300,Outbound,0
2025-01-23,Orange,stop_035,trip_04269,trip_04268,510,,300,Inbound,1
2025-01-24,Red,stop_001,trip_04270,trip_04269,540,,300,Outbound,0
2025-01-25,Orange,stop_002,trip_04271,trip_04270,570,,300,Inbound,1
2025-01-26,Red,stop_003,trip_04272,trip_04271,240,,300,Outbound,0
2025-01-27,Orange,stop_004,trip_04273,trip_04272,270,,300,Inbound,1
2025-01-28,Red,stop_005,trip_04274,trip_04273,300,,300,Outbound,0
2025-01-29,Orange,stop_006,trip_04275,trip_04274,330,,300,Inbound,1
2025-01-30,Red,stop_007,trip_04276,trip_04275,360,,300,Outbound,0
2025-01-31,Orange,stop_008,trip_04277,trip_04276,390,,300,Inbound,1
2025-01-01,Red,stop_009,trip_04278,trip_04277,420,,300,Outbound,0
2025-01-02,Orange,stop_010,trip_04279,trip_04278,450,,300,Inbound,1
2025-01-03,Red,stop_011,trip_04280,trip_04279,480,,300,Outbound,0
2025-01-04,Orange,stop_012,trip_04281,trip_04280,510,,300,Inbound,1
2025-01-05,Red,stop_013,trip_04282,trip_04281,540,,300,Outbound,0
2025-01-06,Orange,stop_014,trip_04283,trip_04282,570,,300,Inbound,1
2025-01-07,Red,stop_015,trip_04284,trip_04283,240,,300,Outbound,0
2025-01-08,Orange,stop_016,trip_04285,trip_04284,270,,300,Inbound,1
2025-01-09,Red,stop_017,trip_04286,trip_04285,300,,300,Outbound,0
2025-01-10,Orange,stop_018,trip_04287,trip_04286,330,,300,Inbound,1
2025-01-11,Red,stop_019,trip_04288,trip_04287,360,,300,Outbound,0
2025-01-12,Orange,stop_020,trip_04289,trip_04288,390,,300,Inbound,1
2025-01-13,Red,stop_021,trip_04290,trip_04289,420,,300,Outbound,0
2025-01-14,Orange,stop_022,trip_04291,trip_04290,450,,300,Inbound,1
2025-01-15,Red,stop_023,trip_04292,trip_04291,480,,300,Outbound,0
2025-01-16,Orange,stop_024,trip_04293,trip_04292,510,,300,Inbound,1
2025-01-17,Red,stop_025,trip_04294,trip_04293,540,,300,Outbound,0
2025-01-18,Orange,stop_026,trip_04295,trip_04294,570,,300,Inbound,1
2025-01-19,Red,stop_027,trip_04296,trip_04295,240,,300,Outbound,0
2025-01-20,Orange,stop_028,trip_04297,trip_04296,270,,300,Inbound,1
2025-01-21,Red,stop_029,trip_04298,trip_04297,300,,300,Outbound,0
2025-01-22,Orange,stop_030,trip_04299,trip_04298,330,,300,Inbound,1
2025-01-23,Red,stop_031,trip_04300,trip_04299,360,,300,Outbound,0
2025-01-24,Orange,stop_032,trip_04301,trip_04300,390,,300,Inbound,1
2025-01-25,Red,stop_033,trip_04302,trip_04301,420,,300,Outbound,0
2025-01-26,Orange,stop_034,trip_04303,trip_04302,450,,300,Inbound,1
2025-01-27,Red,stop_035,trip_04304,trip_04303,480,,300,Outbound,0
2025-01-28,Orange,stop_001,trip_04305,trip_04304,510,,300,Inbound,1
2025-01-29,Red,stop_002,trip_04306,trip_04305,540,,300,Outbound,0
2025-01-30,Orange,stop_003,trip_04307,trip_04306,570,,300,Inbound,1
2025-01-31,Red,stop_004,trip_04308,trip_04307,240,,300,Outbound,0
2025-01-01,Orange,stop_005,trip_04309,trip_04308,270,,300,Inbound,1
2025-01-02,Red,stop_006,trip_04310,trip_04309,300,,300,Outbound,0
2025-01-03,Orange,stop_007,trip_04311,trip_04310,330,,300,Inbound,1
2025-01-04,Red,stop_008,trip_04312,trip_04311,360,,300,Outbound,0
2025-01-05,Orange,stop_009,trip_04313,trip_04312,390,,300,Inbound,1
2025-01-06,Red,stop_010,trip_04314,trip_04313,420,,300,Outbound,0
2025-01-07,Orange,stop_011,trip_04315,trip_04314,450,,300,Inbound,1
2025-01-08,Red,stop_012,trip_04316,trip_04315,480,,300,Outbound,0
2025-01-09,Orange,stop_013,trip_04317,trip_04316,510,,300,Inbound,1
2025-01-10,Red,stop_014,trip_04318,trip_04317,540,,300,Outbound,0
2025-01-11,Orange,stop_015,trip_04319,trip_04318,570,,300,Inbound,1
2025-01-12,Red,stop_016,trip_04320,trip_04319,240,,300,Outbound,0
2025-01-13,Orange,stop_017,trip_04321,trip_04320,270,,300,Inbound,1
2025-01-14,Red,stop_018,trip_04322,trip_04321,300,,300,Outbound,0
2025-01-15,Orange,stop_019,trip_04323,trip_04322,330,,300,Inbound,1
2025-01-16,Red,stop_020,trip_04324,trip_04323,360,,300,Outbound,0
2025-01-17,Orange,stop_021,trip_04325,trip_04324,390,,300,Inbound,1
2025-01-18,Red,stop_022,trip_04326,trip_04325,420,,300,Outbound,0
2025-01-19,Orange,stop_023,trip_04327,trip_04326,450,,300,Inbound,1
2025-01-20,Red,stop_024,trip_04328,trip_04327,480,,300,Outbound,0
2025-01-21,Orange,stop_025,trip_04329,trip_04328,510,,300,Inbound,1
2025-01-22,Red,stop_026,trip_04330,trip_04329,540,,300,Outbound,0
2025-01-23,Orange,stop_027,trip_04331,trip_04330,570,,300,Inbound,1
2025-01-24,Red,stop_028,trip_04332,trip_04331,240,,300,Outbound,0
2025-01-25,Orange,stop_029,trip_04333,trip_04332,270,,300,Inbound,1
2025-01-26,Red,stop_030,trip_04334,trip_04333,300,,300,Outbound,0
2025-01-27,Orange,stop_031,trip_04335,trip_04334,330,,300,Inbound,1
2025-01-28,Red,stop_032,trip_04336,trip_04335,360,,300,Outbound,0
2025-01-29,Orange,stop_033,trip_04337,trip_04336,390,,300,Inbound,1
2025-01-30,Red,stop_034,trip_04338,trip_04337,420,,300,Outbound,0
2025-01-31,Orange,stop_035,trip_04339,trip_04338,450,,300,Inbound,1
2025-01-01,Red,stop_001,trip_04340,trip_04339,480,,300,Outbound,0
2025-01-02,Orange,stop_002,trip_04341,trip_04340,510,,300,Inbound,1
2025-01-03,Red,stop_003,trip_04342,trip_04341,540,,300,Outbound,0
2025-01-04,Orange,stop_004,trip_04343,trip_04342,570,,300,Inbound,1
2025-01-05,Red,stop_005,trip_04344,trip_04343,240,,300,Outbound,0
2025-01-06,Orange,stop_006,trip_04345,trip_04344,270,,300,Inbound,1
2025-01-07,Red,stop_007,trip_04346,trip_04345,300,,300,Outbound,0
2025-01-08,Orange,stop_008,trip_04347,trip_04346,330,,300,Inbound,1
2025-01-09,Red,stop_009,trip_04348,trip_04347,360,,300,Outbound,0
2025-01-10,Orange,stop_010,trip_04349,trip_04348,390,,300,Inbound,1
2025-01-11,Red,stop_011,trip_04350,trip_04349,420,,300,Outbound,0
2025-01-12,Orange,stop_012,trip_04351,trip_04350,450,,300,Inbound,1
2025-01-13,Red,stop_013,trip_04352,trip_04351,480,,300,Outbound,0
2025-01-14,Orange,stop_014,trip_04353,trip_04352,510,,300,Inbound,1
2025-01-15,Red,stop_015,trip_04354,trip_04353,540,,300,Outbound,0
2025-01-16,Orange,stop_016,trip_04355,trip_04354,570,,300,Inbound,1
2025-01-17,Red,stop_017,trip_04356,trip_04355,240,,300,Outbound,0
2025-01-18,Orange,stop_018,trip_04357,trip_04356,270,,300,Inbound,1
2025-01-19,Red,stop_019,trip_04358,trip_04357,300,,300,Outbound,0
2025-01-20,Orange,stop_020,trip_04359,trip_04358,330,,300,Inbound,1
2025-01-21,Red,stop_021,trip_04360,trip_04359,360,,300,Outbound,0
2025-01-22,Orange,stop_022,trip_04361,trip_04360,390,,300,Inbound,1
2025-01-23,Red,stop_023,trip_04362,trip_04361,420,,300,Outbound,0
2025-01-24,Orange,stop_024,trip_04363,trip_04362,450,,300,Inbound,1
2025-01-25,Red,stop_025,trip_04364,trip_04363,480,,300,Outbound,0
2025-01-26,Orange,stop_026,trip_04365,trip_04364,510,,300,Inbound,1
2025-01-27,Red,stop_027,trip_04366,trip_04365,540,,300,Outbound,0
2025-01-28,Orange,stop_028,trip_04367,trip_04366,570,,300,Inbound,1
2025-01-29,Red,stop_029,trip_04368,trip_04367,240,,300,Outbound,0
2025-01-30,Orange,stop_030,trip_04369,trip_04368,270,,300,Inbound,1
2025-01-31,Red,stop_031,trip_04370,trip_04369,300,,300,Outbound,0
2025-01-01,Orange,stop_032,trip_04371,trip_04370,330,,300,Inbound,1
2025-01-02,Red,stop_033,trip_04372,trip_04371,360,,300,Outbound,0
2025-01-03,Orange,stop_034,trip_04373,trip_04372,390,,300,Inbound,1
2025-01-04,Red,stop_035,trip_04374,trip_04373,420,,300,Outbound,0
2025-01-05,Orange,stop_001,trip_04375,trip_04374,450,,300,Inbound,1
2025-01-06,Red,stop_002,trip_04376,trip_04375,480,,300,Outbound,0
2025-01-07,Orange,stop_003,trip_04377,trip_04376,510,,300,Inbound,1
2025-01-08,Red,stop_004,trip_04378,trip_04377,540,,300,Outbound,0
2025-01-09,Orange,stop_005,trip_04379,trip_04378,570,,300,Inbound,1
2025-01-10,Red,stop_006,trip_04380,trip_04379,240,,300,Outbound,0
2025-01-11,Orange,stop_007,trip_04381,trip_04380,270,,300,Inbound,1
2025-01-12,Red,stop_008,trip_04382,trip_04381,300,,300,Outbound,0
2025-01-13,Orange,stop_009,trip_04383,trip_04382,330,,300,Inbound,1
2025-01-14,Red,stop_010,trip_04384,trip_04383,360,,300,Outbound,0
2025-01-15,Orange,stop_011,trip_04385,trip_04384,390,,300,Inbound,1
2025-01-16,Red,stop_012,trip_04386,trip_04385,420,,300,Outbound,0
2025-01-17,Orange,stop_013,trip_04387,trip_04386,450,,300,Inbound,1
2025-01-18,Red,stop_014,trip_04388,trip_04387,480,,300,Outbound,0
2025-01-19,Orange,stop_015,trip_04389,trip_04388,510,,300,Inbound,1
2025-01-20,Red,stop_016,trip_04390,trip_04389,540,,300,Outbound,0
2025-01-21,Orange,stop_017,trip_04391,trip_04390,570,,300,Inbound,1
2025-01-22,Red,stop_018,trip_04392,trip_04391,240,,300,Outbound,0
2025-01-23,Orange,stop_019,trip_04393,trip_04392,270,,300,Inbound,1
2025-01-24,Red,stop_020,trip_04394,trip_04393,300,,300,Outbound,0
2025-01-25,Orange,stop_021,trip_04395,trip_04394,330,,300,Inbound,1
2025-01-26,Red,stop_022,trip_04396,trip_04395,360,,300,Outbound,0
2025-01-27,Orange,stop_023,trip_04397,trip_04396,390,,300,Inbound,1
2025-01-28,Red,stop_024,trip_04398,trip_04397,420,,300,Outbound,0
2025-01-29,Orange,stop_025,trip_04399,trip_04398,450,,300,Inbound,1
2025-01-30,Red,stop_026,trip_04400,trip_04399,480,,300,Outbound,0
2025-01-31,Orange,stop_027,trip_04401,trip_04400,510,,300,Inbound,1
2025-01-01,Red,stop_028,trip_04402,trip_04401,540,,300,Outbound,0
2025-01-02,Orange,stop_029,trip_04403,trip_04402,570,,300,Inbound,1
2025-01-03,Red,stop_030,trip_04404,trip_04403,240,,300,Outbound,0
2025-01-04,Orange,stop_031,trip_04405,trip_04404,270,,300,Inbound,1
2025-01-05,Red,stop_032,trip_04406,trip_04405,300,,300,Outbound,0
2025-01-06,Orange,stop_033,trip_04407,trip_04406,330,,300,Inbound,1
2025-01-07,Red,stop_034,trip_04408,trip_04407,360,,300,Outbound,0
2025-01-08,Orange,stop_035,trip_04409,trip_04408,390,,300,Inbound,1
2025-01-09,Red,stop_001,trip_04410,trip_04409,420,,300,Outbound,0
2025-01-10,Orange,stop_002,trip_04411,trip_04410,450,,300,Inbound,1
2025-01-11,Red,stop_003,trip_04412,trip_04411,480,,300,Outbound,0
2025-01-12,Orange,stop_004,trip_04413,trip_04412,510,,300,Inbound,1
2025-01-13,Red,stop_005,trip_04414,trip_04413,540,,300,Outbound,0
2025-01-14,Orange,stop_006,trip_04415,trip_04414,570,,300,Inbound,1
2025-01-15,Red,stop_007,trip_04416,trip_04415,240,,300,Outbound,0
2025-01-16,Orange,stop_008,trip_04417,trip_04416,270,,300,Inbound,1
2025-01-17,Red,stop_009,trip_04418,trip_04417,300,,300,Outbound,0
2025-01-18,Orange,stop_010,trip_04419,trip_04418,330,,300,Inbound,1
2025-01-19,Red,stop_011,trip_04420,trip_04419,360,,300,Outbound,0
2025-01-20,Orange,stop_012,trip_04421,trip_04420,390,,300,Inbound,1
2025-01-21,Red,stop_013,trip_04422,trip_04421,420,,300,Outbound,0
2025-01-22,Orange,stop_014,trip_04423,trip_04422,450,,300,Inbound,1
2025-01-23,Red,stop_015,trip_04424,trip_04423,480,,300,Outbound,0
2025-01-24,Orange,stop_016,trip_04425,trip_04424,510,,300,Inbound,1
2025-01-25,Red,stop_017,trip_04426,trip_04425,540,,300,Outbound,0
2025-01-26,Orange,stop_018,trip_04427,trip_04426,570,,300,Inbound,1
2025-01-27,Red,stop_019,trip_04428,trip_04427,240,,300,Outbound,0
2025-01-28,Orange,stop_020,trip_04429,trip_04428,270,,300,Inbound,1
2025-01-29,Red,stop_021,trip_04430,trip_04429,300,,300,Outbound,0
2025-01-30,Orange,stop_022,trip_04431,trip_04430,330,,300,Inbound,1
2025-01-31,Red,stop_023,trip_04432,trip_04431,360,,300,Outbound,0
2025-01-01,Orange,stop_024,trip_04433,trip_04432,390,,300,Inbound,1
2025-01-02,Red,stop_025,trip_04434,trip_04433,420,,300,Outbound,0
2025-01-03,Orange,stop_026,trip_04435,trip_04434,450,,300,Inbound,1
2025-01-04,Red,stop_027,trip_04436,trip_04435,480,,300,Outbound,0
2025-01-05,Orange,stop_028,trip_04437,trip_04436,510,,300,Inbound,1
2025-01-06,Red,stop_029,trip_04438,trip_04437,540,,300,Outbound,0
2025-01-07,Orange,stop_030,trip_04439,trip_04438,570,,300,Inbound,1
2025-01-08,Red,stop_031,trip_04440,trip_04439,240,,300,Outbound,0
2025-01-09,Orange,stop_032,trip_04441,trip_04440,270,,300,Inbound,1
2025-01-10,Red,stop_033,trip_04442,trip_04441,300,,300,Outbound,0
2025-01-11,Orange,stop_034,trip_04443,trip_04442,330,,300,Inbound,1
2025-01-12,Red,stop_035,trip_04444,trip_04443,360,,300,Outbound,0
2025-01-13,Orange,stop_001,trip_04445,trip_04444,390,,300,Inbound,1
2025-01-14,Red,stop_002,trip_04446,trip_04445,420,,300,Outbound,0
2025-01-15,Orange,stop_003,trip_04447,trip_04446,450,,300,Inbound,1
2025-01-16,Red,stop_004,trip_04448,trip_04447,480,,300,Outbound,0
2025-01-17,Orange,stop_005,trip_04449,trip_04448,510,,300,Inbound,1
2025-01-18,Red,stop_006,trip_04450,trip_04449,540,,300,Outbound,0
2025-01-19,Orange,stop_007,trip_04451,trip_04450,570,,300,Inbound,1
2025-01-20,Red,stop_008,trip_04452,trip_04451,240,,300,Outbound,0
2025-01-21,Orange,stop_009,trip_04453,trip_04452,270,,300,Inbound,1
2025-01-22,Red,stop_010,trip_04454,trip_04453,300,,300,Outbound,0
2025-01-23,Orange,stop_011,trip_04455,trip_04454,330,,300,Inbound,1
2025-01-24,Red,stop_012,trip_04456,trip_04455,360,,300,Outbound,0
2025-01-25,Orange,stop_013,trip_04457,trip_04456,390,,300,Inbound,1
2025-01-26,Red,stop_014,trip_04458,trip_04457,420,,300,Outbound,0
2025-01-27,Orange,stop_015,trip_04459,trip_04458,450,,300,Inbound,1
2025-01-28,Red,stop_016,trip_04460,trip_04459,480,,300,Outbound,0
2025-01-29,Orange,stop_017,trip_04461,trip_04460,510,,300,Inbound,1
2025-01-30,Red,stop_018,trip_04462,trip_04461,540,,300,Outbound,0
2025-01-31,Orange,stop_019,trip_04463,trip_04462,570,,300,Inbound,1
2025-01-01,Red,stop_020,trip_04464,trip_04463,240,,300,Outbound,0
2025-01-02,Orange,stop_021,trip_04465,trip_04464,270,,300,Inbound,1
2025-01-03,Red,stop_022,trip_04466,trip_04465,300,,300,Outbound,0
2025-01-04,Orange,stop_023,trip_04467,trip_04466,330,,300,Inbound,1
2025-01-05,Red,stop_024,trip_04468,trip_04467,360,,300,Outbound,0
2025-01-06,Orange,stop_025,trip_04469,trip_04468,390,,300,Inbound,1
2025-01-07,Red,stop_026,trip_04470,trip_04469,420,,300,Outbound,0
2025-01-08,Orange,stop_027,trip_04471,trip_04470,450,,300,Inbound,1
2025-01-09,Red,stop_028,trip_04472,trip_04471,480,,300,Outbound,0
2025-01-10,Orange,stop_029,trip_04473,trip_04472,510,,300,Inbound,1
2025-01-11,Red,stop_030,trip_04474,trip_04473,540,,300,Outbound,0
2025-01-12,Orange,stop_031,trip_04475,trip_04474,570,,300,Inbound,1
2025-01-13,Red,stop_032,trip_04476,trip_04475,240,,300,Outbound,0
2025-01-14,Orange,stop_033,trip_04477,trip_04476,270,,300,Inbound,1
2025-01-15,Red,stop_034,trip_04478,trip_04477,300,,300,Outbound,0
2025-01-16,Orange,stop_035,trip_04479,trip_04478,330,,300,Inbound,1
2025-01-17,Red,stop_001,trip_04480,trip_04479,360,,300,Outbound,0
2025-01-18,Orange,stop_002,trip_04481,trip_04480,390,,300,Inbound,1
2025-01-19,Red,stop_003,trip_04482,trip_04481,420,,300,Outbound,0
2025-01-20,Orange,stop_004,trip_04483,trip_04482,450,,300,Inbound,1
2025-01-21,Red,stop_005,trip_04484,trip_04483,480,,300,Outbound,0
2025-01-22,Orange,stop_006,trip_04485,trip_04484,510,,300,Inbound,1
2025-01-23,Red,stop_007,trip_04486,trip_04485,540,,300,Outbound,0
2025-01-24,Orange,stop_008,trip_04487,trip_04486,570,,300,Inbound,1
2025-01-25,Red,stop_009,trip_04488,trip_04487,240,,300,Outbound,0
2025-01-26,Orange,stop_010,trip_04489,trip_04488,270,,300,Inbound,1
2025-01-27,Red,stop_011,trip_04490,trip_04489,300,,300,Outbound,0
2025-01-28,Orange,stop_012,trip_04491,trip_04490,330,,300,Inbound,1
2025-01-29,Red,stop_013,trip_04492,trip_04491,360,,300,Outbound,0
2025-01-30,Orange,stop_014,trip_04493,trip_04492,390,,300,Inbound,1
2025-01-31,Red,stop_015,trip_04494,trip_04493,420,,300,Outbound,0
2025-01-01,Orange,stop_016,trip_04495,trip_04494,450,,300,Inbound,1
2025-01-02,Red,stop_017,trip_04496,trip_04495,480,,300,Outbound,0
2025-01-03,Orange,stop_018,trip_04497,trip_04496,510,,300,Inbound,1
2025-01-04,Red,stop_019,trip_04498,trip_04497,540,,300,Outbound,0
2025-01-05,Orange,stop_020,trip_04499,trip_04498,570,,300,Inbound,1
2025-01-06,Red,stop_021,trip_04500,trip_04499,240,,300,Outbound,0
2025-01-07,Orange,stop_022,trip_04501,trip_04500,270,,300,Inbound,1
2025-01-08,Red,stop_023,trip_04502,trip_04501,300,,300,Outbound,0
2025-01-09,Orange,stop_024,trip_04503,trip_04502,330,,300,Inbound,1
2025-01-10,Red,stop_025,trip_04504,trip_04503,360,,300,Outbound,0
2025-01-11,Orange,stop_026,trip_04505,trip_04504,390,,300,Inbound,1
2025-01-12,Red,stop_027,trip_04506,trip_04505,420,,300,Outbound,0
2025-01-13,Orange,stop_028,trip_04507,trip_04506,450,,300,Inbound,1
2025-01-14,Red,stop_029,trip_04508,trip_04507,480,,300,Outbound,0
2025-01-15,Orange,stop_030,trip_04509,trip_04508,510,,300,Inbound,1
2025-01-16,Red,stop_031,trip_04510,trip_04509,540,,300,Outbound,0
2025-01-17,Orange,stop_032,trip_04511,trip_04510,570,,300,Inbound,1
2025-01-18,Red,stop_033,trip_04512,trip_04511,240,,300,Outbound,0
2025-01-19,Orange,stop_034,trip_04513,trip_04512,270,,300,Inbound,1
2025-01-20,Red,stop_035,trip_04514,trip_04513,300,,300,Outbound,0
2025-01-21,Orange,stop_001,trip_04515,trip_04514,330,,300,Inbound,1
2025-01-22,Red,stop_002,trip_04516,trip_04515,360,,300,Outbound,0
2025-01-23,Orange,stop_003,trip_04517,trip_04516,390,,300,Inbound,1
2025-01-24,Red,stop_004,trip_04518,trip_04517,420,,300,Outbound,0
2025-01-25,Orange,stop_005,trip_04519,trip_04518,450,,300,Inbound,1
2025-01-26,Red,stop_006,trip_04520,trip_04519,480,,300,Outbound,0
2025-01-27,Orange,stop_007,trip_04521,trip_04520,510,,300,Inbound,1
2025-01-28,Red,stop_008,trip_04522,trip_04521,540,,300,Outbound,0
2025-01-29,Orange,stop_009,trip_04523,trip_04522,570,,300,Inbound,1
2025-01-30,Red,stop_010,trip_04524,trip_04523,240,,300,Outbound,0
2025-01-31,Orange,stop_011,trip_04525,trip_04524,270,,300,Inbound,1
2025-01-01,Red,stop_012,trip_04526,trip_04525,300,,300,Outbound,0
2025-01-02,Orange,stop_013,trip_04527,trip_04526,330,,300,Inbound,1
2025-01-03,Red,stop_014,trip_04528,trip_04527,360,,300,Outbound,0
2025-01-04,Orange,stop_015,trip_04529,trip_04528,390,,300,Inbound,1
2025-01-05,Red,stop_016,trip_04530,trip_04529,420,,300,Outbound,0
2025-01-06,Orange,stop_017,trip_04531,trip_04530,450,,300,Inbound,1
2025-01-07,Red,stop_018,trip_04532,trip_04531,480,,300,Outbound,0
2025-01-08,Orange,stop_019,trip_04533,trip_04532,510,,300,Inbound,1
2025-01-09,Red,stop_020,trip_04534,trip_04533,540,,300,Outbound,0
2025-01-10,Orange,stop_021,trip_04535,trip_04534,570,,300,Inbound,1
2025-01-11,Red,stop_022,trip_04536,trip_04535,240,,300,Outbound,0
2025-01-12,Orange,stop_023,trip_04537,trip_04536,270,,300,Inbound,1
2025-01-13,Red,stop_024,trip_04538,trip_04537,300,,300,Outbound,0
2025-01-14,Orange,stop_025,trip_04539,trip_04538,330,,300,Inbound,1
2025-01-15,Red,stop_026,trip_04540,trip_04539,360,,300,Outbound,0
2025-01-16,Orange,stop_027,trip_04541,trip_04540,390,,300,Inbound,1
2025-01-17,Red,stop_028,trip_04542,trip_04541,420,,300,Outbound,0
2025-01-18,Orange,stop_029,trip_04543,trip_04542,450,,300,Inbound,1
2025-01-19,Red,stop_030,trip_04544,trip_04543,480,,300,Outbound,0
2025-01-20,Orange,stop_031,trip_04545,trip_04544,510,,300,Inbound,1
2025-01-21,Red,stop_032,trip_04546,trip_04545,540,,300,Outbound,0
2025-01-22,Orange,stop_033,trip_04547,trip_04546,570,,300,Inbound,1
2025-01-23,Red,stop_034,trip_04548,trip_04547,240,,300,Outbound,0
2025-01-24,Orange,stop_035,trip_04549,trip_04548,270,,300,Inbound,1
2025-01-25,Red,stop_001,trip_04550,trip_04549,300,,300,Outbound,0
2025-01-26,Orange,stop_002,trip_04551,trip_04550,330,,300,Inbound,1
2025-01-27,Red,stop_003,trip_04552,trip_04551,360,,300,Outbound,0
2025-01-28,Orange,stop_004,trip_04553,trip_04552,390,,300,Inbound,1
2025-01-29,Red,stop_005,trip_04554,trip_04553,420,,300,Outbound,0
2025-01-30,Orange,stop_006,trip_04555,trip_04554,450,,300,Inbound,1
2025-01-31,Red,stop_007,trip_04556,trip_04555,480,,300,Outbound,0
2025-01-01,Orange,stop_008,trip_04557,trip_04556,510,,300,Inbound,1
2025-01-02,Red,stop_009,trip_04558,trip_04557,540,,300,Outbound,0
2025-01-03,Orange,stop_010,trip_04559,trip_04558,570,,300,Inbound,1
2025-01-04,Red,stop_011,trip_04560,trip_04559,240,,300,Outbound,0
2025-01-05,Orange,stop_012,trip_04561,trip_04560,270,,300,Inbound,1
2025-01-06,Red,stop_013,trip_04562,trip_04561,300,,300,Outbound,0
2025-01-07,Orange,stop_014,trip_04563,trip_04562,330,,300,Inbound,1
2025-01-08,Red,stop_015,trip_04564,trip_04563,360,,300,Outbound,0
2025-01-09,Orange,stop_016,trip_04565,trip_04564,390,,300,Inbound,1
2025-01-10,Red,stop_017,trip_04566,trip_04565,420,,300,Outbound,0
2025-01-11,Orange,stop_018,trip_04567,trip_04566,450,,300,Inbound,1
2025-01-12,Red,stop_019,trip_04568,trip_04567,480,,300,Outbound,0
2025-01-13,Orange,stop_020,trip_04569,trip_04568,510,,300,Inbound,1
2025-01-14,Red,stop_021,trip_04570,trip_04569,540,,300,Outbound,0
2025-01-15,Orange,stop_022,trip_04571,trip_04570,570,,300,Inbound,1
2025-01-16,Red,stop_023,trip_04572,trip_04571,240,,300,Outbound,0
2025-01-17,Orange,stop_024,trip_04573,trip_04572,270,,300,Inbound,1
2025-01-18,Red,stop_025,trip_04574,trip_04573,300,,300,Outbound,0
2025-01-19,Orange,stop_026,trip_04575,trip_04574,330,,300,Inbound,1
2025-01-20,Red,stop_027,trip_04576,trip_04575,360,,300,Outbound,0
2025-01-21,Orange,stop_028,trip_04577,trip_04576,390,,300,Inbound,1
2025-01-22,Red,stop_029,trip_04578,trip_04577,420,,300,Outbound,0
2025-01-23,Orange,stop_030,trip_04579,trip_04578,450,,300,Inbound,1
2025-01-24,Red,stop_031,trip_04580,trip_04579,480,,300,Outbound,0
2025-01-25,Orange,stop_032,trip_04581,trip_04580,510,,300,Inbound,1
2025-01-26,Red,stop_033,trip_04582,trip_04581,540,,300,Outbound,0
2025-01-27,Orange,stop_034,trip_04583,trip_04582,570,,300,Inbound,1
2025-01-28,Red,stop_035,trip_04584,trip_04583,240,,300,Outbound,0
2025-01-29,Orange,stop_001,trip_04585,trip_04584,270,,300,Inbound,1
2025-01-30,Red,stop_002,trip_04586,trip_04585,300,,300,Outbound,0
2025-01-31,Orange,stop_003,trip_04587,trip_04586,330,,300,Inbound,1
2025-01-01,Red,stop_004,trip_04588,trip_04587,360,,300,Outbound,0
2025-01-02,Orange,stop_005,trip_04589,trip_04588,390,,300,Inbound,1
2025-01-03,Red,stop_006,trip_04590,trip_04589,420,,300,Outbound,0
2025-01-04,Orange,stop_007,trip_04591,trip_04590,450,,300,Inbound,1
2025-01-05,Red,stop_008,trip_04592,trip_04591,480,,300,Outbound,0
2025-01-06,Orange,stop_009,trip_04593,trip_04592,510,,300,Inbound,1
2025-01-07,Red,stop_010,trip_04594,trip_04593,540,,300,Outbound,0
2025-01-08,Orange,stop_011,trip_04595,trip_04594,570,,300,Inbound,1
2025-01-09,Red,stop_012,trip_04596,trip_04595,240,,300,Outbound,0
2025-01-10,Orange,stop_013,trip_04597,trip_04596,270,,300,Inbound,1
2025-01-11,Red,stop_014,trip_04598,trip_04597,300,,300,Outbound,0
2025-01-12,Orange,stop_015,trip_04599,trip_04598,330,,300,Inbound,1
2025-01-13,Red,stop_016,trip_04600,trip_04599,360,,300,Outbound,0
2025-01-14,Orange,stop_017,trip_04601,trip_04600,390,,300,Inbound,1
2025-01-15,Red,stop_018,trip_04602,trip_04601,420,,300,Outbound,0
2025-01-16,Orange,stop_019,trip_04603,trip_04602,450,,300,Inbound,1
2025-01-17,Red,stop_020,trip_04604,trip_04603,480,,300,Outbound,0
2025-01-18,Orange,stop_021,trip_04605,trip_04604,510,,300,Inbound,1
2025-01-19,Red,stop_022,trip_04606,trip_04605,540,,300,Outbound,0
2025-01-20,Orange,stop_023,trip_04607,trip_04606,570,,300,Inbound,1
2025-01-21,Red,stop_024,trip_04608,trip_04607,240,,300,Outbound,0
2025-01-22,Orange,stop_025,trip_04609,trip_04608,270,,300,Inbound,1
2025-01-23,Red,stop_026,trip_04610,trip_04609,300,,300,Outbound,0
2025-01-24,Orange,stop_027,trip_04611,trip_04610,330,,300,Inbound,1
2025-01-25,Red,stop_028,trip_04612,trip_04611,360,,300,Outbound,0
2025-01-26,Orange,stop_029,trip_04613,trip_04612,390,,300,Inbound,1
2025-01-27,Red,stop_030,trip_04614,trip_04613,420,,300,Outbound,0
2025-01-28,Orange,stop_031,trip_04615,trip_04614,450,,300,Inbound,1
2025-01-29,Red,stop_032,trip_04616,trip_04615,480,,300,Outbound,0
2025-01-30,Orange,stop_033,trip_04617,trip_04616,510,,300,Inbound,1
2025-01-31,Red,stop_034,trip_04618,trip_04617,540,,300,Outbound,0
2025-01-01,Orange,stop_035,trip_04619,trip_04618,570,,300,Inbound,1
2025-01-02,Red,stop_001,trip_04620,trip_04619,240,,300,Outbound,0
2025-01-03,Orange,stop_002,trip_04621,trip_04620,270,,300,Inbound,1
2025-01-04,Red,stop_003,trip_04622,trip_04621,300,,300,Outbound,0
2025-01-05,Orange,stop_004,trip_04623,trip_04622,330,,300,Inbound,1
2025-01-06,Red,stop_005,trip_04624,trip_04623,360,,300,Outbound,0
2025-01-07,Orange,stop_006,trip_04625,trip_04624,390,,300,Inbound,1
2025-01-08,Red,stop_007,trip_04626,trip_04625,420,,300,Outbound,0
2025-01-09,Orange,stop_008,trip_04627,trip_04626,450,,300,Inbound,1
2025-01-10,Red,stop_009,trip_04628,trip_04627,480,,300,Outbound,0
2025-01-11,Orange,stop_010,trip_04629,trip_04628,510,,300,Inbound,1
2025-01-12,Red,stop_011,trip_04630,trip_04629,540,,300,Outbound,0
2025-01-13,Orange,stop_012,trip_04631,trip_04630,570,,300,Inbound,1
2025-01-14,Red,stop_013,trip_04632,trip_04631,240,,300,Outbound,0
2025-01-15,Orange,stop_014,trip_04633,trip_04632,270,,300,Inbound,1
2025-01-16,Red,stop_015,trip_04634,trip_04633,300,,300,Outbound,0
2025-01-17,Orange,stop_016,trip_04635,trip_04634,330,,300,Inbound,1
2025-01-18,Red,stop_017,trip_04636,trip_04635,360,,300,Outbound,0
2025-01-19,Orange,stop_018,trip_04637,trip_04636,390,,300,Inbound,1
2025-01-20,Red,stop_019,trip_04638,trip_04637,420,,300,Outbound,0
2025-01-21,Orange,stop_020,trip_04639,trip_04638,450,,300,Inbound,1
2025-01-22,Red,stop_021,trip_04640,trip_04639,480,,300,Outbound,0
2025-01-23,Orange,stop_022,trip_04641,trip_04640,510,,300,Inbound,1
2025-01-24,Red,stop_023,trip_04642,trip_04641,540,,300,Outbound,0
2025-01-25,Orange,stop_024,trip_04643,trip_04642,570,,300,Inbound,1
2025-01-26,Red,stop_025,trip_04644,trip_04643,240,,300,Outbound,0
2025-01-27,Orange,stop_026,trip_04645,trip_04644,270,,300,Inbound,1
2025-01-28,Red,stop_027,trip_04646,trip_04645,300,,300,Outbound,0
2025-01-29,Orange,stop_028,trip_04647,trip_04646,330,,300,Inbound,1
2025-01-30,Red,stop_029,trip_04648,trip_04647,360,,300,Outbound,0
2025-01-31,Orange,stop_030,trip_04649,trip_04648,390,,300,Inbound,1
2025-01-01,Red,stop_031,trip_04650,trip_04649,420,,300,Outbound,0
2025-01-02,Orange,stop_032,trip_04651,trip_04650,450,,300,Inbound,1
2025-01-03,Red,stop_033,trip_04652,trip_04651,480,,300,Outbound,0
2025-01-04,Orange,stop_034,trip_04653,trip_04652,510,,300,Inbound,1
2025-01-05,Red,stop_035,trip_04654,trip_04653,540,,300,Outbound,0
2025-01-06,Orange,stop_001,trip_04655,trip_04654,570,,300,Inbound,1
2025-01-07,Red,stop_002,trip_04656,trip_04655,240,,300,Outbound,0
2025-01-08,Orange,stop_003,trip_04657,trip_04656,270,,300,Inbound,1
2025-01-09,Red,stop_004,trip_04658,trip_04657,300,,300,Outbound,0
2025-01-10,Orange,stop_005,trip_04659,trip_04658,330,,300,Inbound,1
2025-01-11,Red,stop_006,trip_04660,trip_04659,360,,300,Outbound,0
2025-01-12,Orange,stop_007,trip_04661,trip_04660,390,,300,Inbound,1
2025-01-13,Red,stop_008,trip_04662,trip_04661,420,,300,Outbound,0
2025-01-14,Orange,stop_009,trip_04663,trip_04662,450,,300,Inbound,1
2025-01-15,Red,stop_010,trip_04664,trip_04663,480,,300,Outbound,0
2025-01-16,Orange,stop_011,trip_04665,trip_04664,510,,300,Inbound,1
2025-01-17,Red,stop_012,trip_04666,trip_04665,540,,300,Outbound,0
2025-01-18,Orange,stop_013,trip_04667,trip_04666,570,,300,Inbound,1
2025-01-19,Red,stop_014,trip_04668,trip_04667,240,,300,Outbound,0
2025-01-20,Orange,stop_015,trip_04669,trip_04668,270,,300,Inbound,1
2025-01-21,Red,stop_016,trip_04670,trip_04669,300,,300,Outbound,0
2025-01-22,Orange,stop_017,trip_04671,trip_04670,330,,300,Inbound,1
2025-01-23,Red,stop_018,trip_04672,trip_04671,360,,300,Outbound,0
2025-01-24,Orange,stop_019,trip_04673,trip_04672,390,,300,Inbound,1
2025-01-25,Red,stop_020,trip_04674,trip_04673,420,,300,Outbound,0
2025-01-26,Orange,stop_021,trip_04675,trip_04674,450,,300,Inbound,1
2025-01-27,Red,stop_022,trip_04676,trip_04675,480,,300,Outbound,0
2025-01-28,Orange,stop_023,trip_04677,trip_04676,510,,300,Inbound,1
2025-01-29,Red,stop_024,trip_04678,trip_04677,540,,300,Outbound,0
2025-01-30,Orange,stop_025,trip_04679,trip_04678,570,,300,Inbound,1
2025-01-31,Red,stop_026,trip_04680,trip_04679,240,,300,Outbound,0
2025-01-01,Orange,stop_027,trip_04681,trip_04680,270,,300,Inbound,1
2025-01-02,Red,stop_028,trip_04682,trip_04681,300,,300,Outbound,0
2025-01-03,Orange,stop_029,trip_04683,trip_04682,330,,300,Inbound,1
2025-01-04,Red,stop_030,trip_04684,trip_04683,360,,300,Outbound,0
2025-01-05,Orange,stop_031,trip_04685,trip_04684,390,,300,Inbound,1
2025-01-06,Red,stop_032,trip_04686,trip_04685,420,,300,Outbound,0
2025-01-07,Orange,stop_033,trip_04687,trip_04686,450,,300,Inbound,1
2025-01-08,Red,stop_034,trip_04688,trip_04687,480,,300,Outbound,0
2025-01-09,Orange,stop_035,trip_04689,trip_04688,510,,300,Inbound,1
2025-01-10,Red,stop_001,trip_04690,trip_04689,540,,300,Outbound,0
2025-01-11,Orange,stop_002,trip_04691,trip_04690,570,,300,Inbound,1
2025-01-12,Red,stop_003,trip_04692,trip_04691,240,,300,Outbound,0
2025-01-13,Orange,stop_004,trip_04693,trip_04692,270,,300,Inbound,1
2025-01-14,Red,stop_005,trip_04694,trip_04693,300,,300,Outbound,0
2025-01-15,Orange,stop_006,trip_04695,trip_04694,330,,300,Inbound,1
2025-01-16,Red,stop_007,trip_04696,trip_04695,360,,300,Outbound,0
2025-01-17,Orange,stop_008,trip_04697,trip_04696,390,,300,Inbound,1
2025-01-18,Red,stop_009,trip_04698,trip_04697,420,,300,Outbound,0
2025-01-19,Orange,stop_010,trip_04699,trip_04698,450,,300,Inbound,1
2025-01-20,Red,stop_011,trip_04700,trip_04699,480,,300,Outbound,0
2025-01-21,Orange,stop_012,trip_04701,trip_04700,510,,300,Inbound,1
2025-01-22,Red,stop_013,trip_04702,trip_04701,540,,300,Outbound,0
2025-01-23,Orange,stop_014,trip_04703,trip_04702,570,,300,Inbound,1
2025-01-24,Red,stop_015,trip_04704,trip_04703,240,,300,Outbound,0
2025-01-25,Orange,stop_016,trip_04705,trip_04704,270,,300,Inbound,1
2025-01-26,Red,stop_017,trip_04706,trip_04705,300,,300,Outbound,0
2025-01-27,Orange,stop_018,trip_04707,trip_04706,330,,300,Inbound,1
2025-01-28,Red,stop_019,trip_04708,trip_04707,360,,300,Outbound,0
2025-01-29,Orange,stop_020,trip_04709,trip_04708,390,,300,Inbound,1
2025-01-30,Red,stop_021,trip_04710,trip_04709,420,,300,Outbound,0
2025-01-31,Orange,stop_022,trip_04711,trip_04710,450,,300,Inbound,1
2025-01-01,Red,stop_023,trip_04712,trip_04711,480,,300,Outbound,0
2025-01-02,Orange,stop_024,trip_04713,trip_04712,510,,300,Inbound,1
2025-01-03,Red,stop_025,trip_04714,trip_04713,540,,300,Outbound,0
2025-01-04,Orange,stop_026,trip_04715,trip_04714,570,,300,Inbound,1
2025-01-05,Red,stop_027,trip_04716,trip_04715,240,,300,Outbound,0
2025-01-06,Orange,stop_028,trip_04717,trip_04716,270,,300,Inbound,1
2025-01-07,Red,stop_029,trip_04718,trip_04717,300,,300,Outbound,0
2025-01-08,Orange,stop_030,trip_04719,trip_04718,330,,300,Inbound,1
2025-01-09,Red,stop_031,trip_04720,trip_04719,360,,300,Outbound,0
2025-01-10,Orange,stop_032,trip_04721,trip_04720,390,,300,Inbound,1
2025-01-11,Red,stop_033,trip_04722,trip_04721,420,,300,Outbound,0
2025-01-12,Orange,stop_034,trip_04723,trip_04722,450,,300,Inbound,1
2025-01-13,Red,stop_035,trip_04724,trip_04723,480,,300,Outbound,0
2025-01-14,Orange,stop_001,trip_04725,trip_04724,510,,300,Inbound,1
2025-01-15,Red,stop_002,trip_04726,trip_04725,540,,300,Outbound,0
2025-01-16,Orange,stop_003,trip_04727,trip_04726,570,,300,Inbound,1
2025-01-17,Red,stop_004,trip_04728,trip_04727,240,,300,Outbound,0
2025-01-18,Orange,stop_005,trip_04729,trip_04728,270,,300,Inbound,1
2025-01-19,Red,stop_006,trip_04730,trip_04729,300,,300,Outbound,0
2025-01-20,Orange,stop_007,trip_04731,trip_04730,330,,300,Inbound,1
2025-01-21,Red,stop_008,trip_04732,trip_04731,360,,300,Outbound,0
2025-01-22,Orange,stop_009,trip_04733,trip_04732,390,,300,Inbound,1
2025-01-23,Red,stop_010,trip_04734,trip_04733,420,,300,Outbound,0
2025-01-24,Orange,stop_011,trip_04735,trip_04734,450,,300,Inbound,1
2025-01-25,Red,stop_012,trip_04736,trip_04735,480,,300,Outbound,0
2025-01-26,Orange,stop_013,trip_04737,trip_04736,510,,300,Inbound,1
2025-01-27,Red,stop_014,trip_04738,trip_04737,540,,300,Outbound,0
2025-01-28,Orange,stop_015,trip_04739,trip_04738,570,,300,Inbound,1
2025-01-29,Red,stop_016,trip_04740,trip_04739,240,,300,Outbound,0
2025-01-30,Orange,stop_017,trip_04741,trip_04740,270,,300,Inbound,1
2025-01-31,Red,stop_018,trip_04742,trip_04741,300,,300,Outbound,0
2025-01-01,Orange,stop_019,trip_04743,trip_04742,330,,300,Inbound,1
2025-01-02,Red,stop_020,trip_04744,trip_04743,360,,300,Outbound,0
2025-01-03,Orange,stop_021,trip_04745,trip_04744,390,,300,Inbound,1
2025-01-04,Red,stop_022,trip_04746,trip_04745,420,,300,Outbound,0
2025-01-05,Orange,stop_023,trip_04747,trip_04746,450,,300,Inbound,1
2025-01-06,Red,stop_024,trip_04748,trip_04747,480,,300,Outbound,0
2025-01-07,Orange,stop_025,trip_04749,trip_04748,510,,300,Inbound,1
2025-01-08,Red,stop_026,trip_04750,trip_04749,540,,300,Outbound,0
2025-01-09,Orange,stop_027,trip_04751,trip_04750,570,,300,Inbound,1
2025-01-10,Red,stop_028,trip_04752,trip_04751,240,,300,Outbound,0
2025-01-11,Orange,stop_029,trip_04753,trip_04752,270,,300,Inbound,1
2025-01-12,Red,stop_030,trip_04754,trip_04753,300,,300,Outbound,0
2025-01-13,Orange,stop_031,trip_04755,trip_04754,330,,300,Inbound,1
2025-01-14,Red,stop_032,trip_04756,trip_04755,360,,300,Outbound,0
2025-01-15,Orange,stop_033,trip_04757,trip_04756,390,,300,Inbound,1
2025-01-16,Red,stop_034,trip_04758,trip_04757,420,,300,Outbound,0
2025-01-17,Orange,stop_035,trip_04759,trip_04758,450,,300,Inbound,1
2025-01-18,Red,stop_001,trip_04760,trip_04759,480,,300,Outbound,0
2025-01-19,Orange,stop_002,trip_04761,trip_04760,510,,300,Inbound,1
2025-01-20,Red,stop_003,trip_04762,trip_04761,540,,300,Outbound,0
2025-01-21,Orange,stop_004,trip_04763,trip_04762,570,,300,Inbound,1
2025-01-22,Red,stop_005,trip_04764,trip_04763,240,,300,Outbound,0
2025-01-23,Orange,stop_006,trip_04765,trip_04764,270,,300,Inbound,1
2025-01-24,Red,stop_007,trip_04766,trip_04765,300,,300,Outbound,0
2025-01-25,Orange,stop_008,trip_04767,trip_04766,330,,300,Inbound,1
2025-01-26,Red,stop_009,trip_04768,trip_04767,360,,300,Outbound,0
2025-01-27,Orange,stop_010,trip_04769,trip_04768,390,,300,Inbound,1
2025-01-28,Red,stop_011,trip_04770,trip_04769,420,,300,Outbound,0
2025-01-29,Orange,stop_012,trip_04771,trip_04770,450,,300,Inbound,1
2025-01-30,Red,stop_013,trip_04772,trip_04771,480,,300,Outbound,0
2025-01-31,Orange,stop_014,trip_04773,trip_04772,510,,300,Inbound,1
2025-01-01,Red,stop_015,trip_04774,trip_04773,540,,300,Outbound,0
2025-01-02,Orange,stop_016,trip_04775,trip_04774,570,,300,Inbound,1
2025-01-03,Red,stop_017,trip_04776,trip_04775,240,,300,Outbound,0
2025-01-04,Orange,stop_018,trip_04777,trip_04776,270,,300,Inbound,1
2025-01-05,Red,stop_019,trip_04778,trip_04777,300,,300,Outbound,0
2025-01-06,Orange,stop_020,trip_04779,trip_04778,330,,300,Inbound,1
2025-01-07,Red,stop_021,trip_04780,trip_04779,360,,300,Outbound,0
2025-01-08,Orange,stop_022,trip_04781,trip_04780,390,,300,Inbound,1
2025-01-09,Red,stop_023,trip_04782,trip_04781,420,,300,Outbound,0
2025-01-10,Orange,stop_024,trip_04783,trip_04782,450,,300,Inbound,1
2025-01-11,Red,stop_025,trip_04784,trip_04783,480,,300,Outbound,0
2025-01-12,Orange,stop_026,trip_04785,trip_04784,510,,300,Inbound,1
2025-01-13,Red,stop_027,trip_04786,trip_04785,540,,300,Outbound,0
2025-01-14,Orange,stop_028,trip_04787,trip_04786,570,,300,Inbound,1
2025-01-15,Red,stop_029,trip_04788,trip_04787,240,,300,Outbound,0
2025-01-16,Orange,stop_030,trip_04789,trip_04788,270,,300,Inbound,1
2025-01-17,Red,stop_031,trip_04790,trip_04789,300,,300,Outbound,0
2025-01-18,Orange,stop_032,trip_04791,trip_04790,330,,300,Inbound,1
2025-01-19,Red,stop_033,trip_04792,trip_04791,360,,300,Outbound,0
2025-01-20,Orange,stop_034,trip_04793,trip_04792,390,,300,Inbound,1
2025-01-21,Red,stop_035,trip_04794,trip_04793,420,,300,Outbound,0
2025-01-22,Orange,stop_001,trip_04795,trip_04794,450,,300,Inbound,1
2025-01-23,Red,stop_002,trip_04796,trip_04795,480,,300,Outbound,0
2025-01-24,Orange,stop_003,trip_04797,trip_04796,510,,300,Inbound,1
2025-01-25,Red,stop_004,trip_04798,trip_04797,540,,300,Outbound,0
2025-01-26,Orange,stop_005,trip_04799,trip_04798,570,,300,Inbound,1
2025-01-27,Red,stop_006,trip_04800,trip_04799,240,,300,Outbound,0
2025-01-28,Orange,stop_007,trip_04801,trip_04800,270,,300,Inbound,1
2025-01-29,Red,stop_008,trip_04802,trip_04801,300,,300,Outbound,0
2025-01-30,Orange,stop_009,trip_04803,trip_04802,330,,300,Inbound,1
2025-01-31,Red,stop_010,trip_04804,trip_04803,360,,300,Outbound,0
2025-01-01,Orange,stop_011,trip_04805,trip_04804,390,,300,Inbound,1
2025-01-02,Red,stop_012,trip_04806,trip_04805,420,,300,Outbound,0
2025-01-03,Orange,stop_013,trip_04807,trip_04806,450,,300,Inbound,1
2025-01-04,Red,stop_014,trip_04808,trip_04807,480,,300,Outbound,0
2025-01-05,Orange,stop_015,trip_04809,trip_04808,510,,300,Inbound,1
2025-01-06,Red,stop_016,trip_04810,trip_04809,540,,300,Outbound,0
2025-01-07,Orange,stop_017,trip_04811,trip_04810,570,,300,Inbound,1
2025-01-08,Red,stop_018,trip_04812,trip_04811,240,,300,Outbound,0
2025-01-09,Orange,stop_019,trip_04813,trip_04812,270,,300,Inbound,1
2025-01-10,Red,stop_020,trip_04814,trip_04813,300,,300,Outbound,0
2025-01-11,Orange,stop_021,trip_04815,trip_04814,330,,300,Inbound,1
2025-01-12,Red,stop_022,trip_04816,trip_04815,360,,300,Outbound,0
2025-01-13,Orange,stop_023,trip_04817,trip_04816,390,,300,Inbound,1
2025-01-14,Red,stop_024,trip_04818,trip_04817,420,,300,Outbound,0
2025-01-15,Orange,stop_025,trip_04819,trip_04818,450,,300,Inbound,1
2025-01-16,Red,stop_026,trip_04820,trip_04819,480,,300,Outbound,0
2025-01-17,Orange,stop_027,trip_04821,trip_04820,510,,300,Inbound,1
2025-01-18,Red,stop_028,trip_04822,trip_04821,540,,300,Outbound,0
2025-01-19,Orange,stop_029,trip_04823,trip_04822,570,,300,Inbound,1
2025-01-20,Red,stop_030,trip_04824,trip_04823,240,,300,Outbound,0
2025-01-21,Orange,stop_031,trip_04825,trip_04824,270,,300,Inbound,1
2025-01-22,Red,stop_032,trip_04826,trip_04825,300,,300,Outbound,0
2025-01-23,Orange,stop_033,trip_04827,trip_04826,330,,300,Inbound,1
2025-01-24,Red,stop_034,trip_04828,trip_04827,360,,300,Outbound,0
2025-01-25,Orange,stop_035,trip_04829,trip_04828,390,,300,Inbound,1
2025-01-26,Red,stop_001,trip_04830,trip_04829,420,,300,Outbound,0
2025-01-27,Orange,stop_002,trip_04831,trip_04830,450,,300,Inbound,1
2025-01-28,Red,stop_003,trip_04832,trip_04831,480,,300,Outbound,0
2025-01-29,Orange,stop_004,trip_04833,trip_04832,510,,300,Inbound,1
2025-01-30,Red,stop_005,trip_04834,trip_04833,540,,300,Outbound,0
2025-01-31,Orange,stop_006,trip_04835,trip_04834,570,,300,Inbound,1
2025-01-01,Red,stop_007,trip_04836,trip_04835,240,,300,Outbound,0
2025-01-02,Orange,stop_008,trip_04837,trip_04836,270,,300,Inbound,1
2025-01-03,Red,stop_009,trip_04838,trip_04837,300,,300,Outbound,0
2025-01-04,Orange,stop_010,trip_04839,trip_04838,330,,300,Inbound,1
2025-01-05,Red,stop_011,trip_04840,trip_04839,360,,300,Outbound,0
2025-01-06,Orange,stop_012,trip_04841,trip_04840,390,,300,Inbound,1
2025-01-07,Red,stop_013,trip_04842,trip_04841,420,,300,Outbound,0
2025-01-08,Orange,stop_014,trip_04843,trip_04842,450,,300,Inbound,1
2025-01-09,Red,stop_015,trip_04844,trip_04843,480,,300,Outbound,0
2025-01-10,Orange,stop_016,trip_04845,trip_04844,510,,300,Inbound,1
2025-01-11,Red,stop_017,trip_04846,trip_04845,540,,300,Outbound,0
2025-01-12,Orange,stop_018,trip_04847,trip_04846,570,,300,Inbound,1
2025-01-13,Red,stop_019,trip_04848,trip_04847,240,,300,Outbound,0
2025-01-14,Orange,stop_020,trip_04849,trip_04848,270,,300,Inbound,1
2025-01-15,Red,stop_021,trip_04850,trip_04849,300,,300,Outbound,0
2025-01-16,Orange,stop_022,trip_04851,trip_04850,330,,300,Inbound,1
2025-01-17,Red,stop_023,trip_04852,trip_04851,360,,300,Outbound,0
2025-01-18,Orange,stop_024,trip_04853,trip_04852,390,,300,Inbound,1
2025-01-19,Red,stop_025,trip_04854,trip_04853,420,,300,Outbound,0
2025-01-20,Orange,stop_026,trip_04855,trip_04854,450,,300,Inbound,1
2025-01-21,Red,stop_027,trip_04856,trip_04855,480,,300,Outbound,0
2025-01-22,Orange,stop_028,trip_04857,trip_04856,510,,300,Inbound,1
2025-01-23,Red,stop_029,trip_04858,trip_04857,540,,300,Outbound,0
2025-01-24,Orange,stop_030,trip_04859,trip_04858,570,,300,Inbound,1
2025-01-25,Red,stop_031,trip_04860,trip_04859,240,,300,Outbound,0
2025-01-26,Orange,stop_032,trip_04861,trip_04860,270,,300,Inbound,1
2025-01-27,Red,stop_033,trip_04862,trip_04861,300,,300,Outbound,0
2025-01-28,Orange,stop_034,trip_04863,trip_04862,330,,300,Inbound,1
2025-01-29,Red,stop_035,trip_04864,trip_04863,360,,300,Outbound,0
2025-01-30,Orange,stop_001,trip_04865,trip_04864,390,,300,Inbound,1
2025-01-31,Red,stop_002,trip_04866,trip_04865,420,,300,Outbound,0
2025-01-01,Orange,stop_003,trip_04867,trip_04866,450,,300,Inbound,1
2025-01-02,Red,stop_004,trip_04868,trip_04867,480,,300,Outbound,0
2025-01-03,Orange,stop_005,trip_04869,trip_04868,510,,300,Inbound,1
2025-01-04,Red,stop_006,trip_04870,trip_04869,540,,300,Outbound,0
2025-01-05,Orange,stop_007,trip_04871,trip_04870,570,,300,Inbound,1
2025-01-06,Red,stop_008,trip_04872,trip_04871,240,,300,Outbound,0
2025-01-07,Orange,stop_009,trip_04873,trip_04872,270,,300,Inbound,1
2025-01-08,Red,stop_010,trip_04874,trip_04873,300,,300,Outbound,0
2025-01-09,Orange,stop_011,trip_04875,trip_04874,330,,300,Inbound,1
2025-01-10,Red,stop_012,trip_04876,trip_04875,360,,300,Outbound,0
2025-01-11,Orange,stop_013,trip_04877,trip_04876,390,,300,Inbound,1
2025-01-12,Red,stop_014,trip_04878,trip_04877,420,,300,Outbound,0
2025-01-13,Orange,stop_015,trip_04879,trip_04878,450,,300,Inbound,1
2025-01-14,Red,stop_016,trip_04880,trip_04879,480,,300,Outbound,0
2025-01-15,Orange,stop_017,trip_04881,trip_04880,510,,300,Inbound,1
2025-01-16,Red,stop_018,trip_04882,trip_04881,540,,300,Outbound,0
2025-01-17,Orange,stop_019,trip_04883,trip_04882,570,,300,Inbound,1
2025-01-18,Red,stop_020,trip_04884,trip_04883,240,,300,Outbound,0
2025-01-19,Orange,stop_021,trip_04885,trip_04884,270,,300,Inbound,1
2025-01-20,Red,stop_022,trip_04886,trip_04885,300,,300,Outbound,0
2025-01-21,Orange,stop_023,trip_04887,trip_04886,330,,300,Inbound,1
2025-01-22,Red,stop_024,trip_04888,trip_04887,360,,300,Outbound,0
2025-01-23,Orange,stop_025,trip_04889,trip_04888,390,,300,Inbound,1
2025-01-24,Red,stop_026,trip_04890,trip_04889,420,,300,Outbound,0
2025-01-25,Orange,stop_027,trip_04891,trip_04890,450,,300,Inbound,1
2025-01-26,Red,stop_028,trip_04892,trip_04891,480,,300,Outbound,0
2025-01-27,Orange,stop_029,trip_04893,trip_04892,510,,300,Inbound,1
2025-01-28,Red,stop_030,trip_04894,trip_04893,540,,300,Outbound,0
2025-01-29,Orange,stop_031,trip_04895,trip_04894,570,,300,Inbound,1
2025-01-30,Red,stop_032,trip_04896,trip_04895,240,,300,Outbound,0
2025-01-31,Orange,stop_033,trip_04897,trip_04896,270,,300,Inbound,1
2025-01-01,Red,stop_034,trip_04898,trip_04897,300,,300,Outbound,0
2025-01-02,Orange,stop_035,trip_04899,trip_04898,330,,300,Inbound,1
2025-01-03,Red,stop_001,trip_04900,trip_04899,360,,300,Outbound,0
2025-01-04,Orange,stop_002,trip_04901,trip_04900,390,,300,Inbound,1
2025-01-05,Red,stop_003,trip_04902,trip_04901,420,,300,Outbound,0
2025-01-06,Orange,stop_004,trip_04903,trip_04902,450,,300,Inbound,1
2025-01-07,Red,stop_005,trip_04904,trip_04903,480,,300,Outbound,0
2025-01-08,Orange,stop_006,trip_04905,trip_04904,510,,300,Inbound,1
2025-01-09,Red,stop_007,trip_04906,trip_04905,540,,300,Outbound,0
2025-01-10,Orange,stop_008,trip_04907,trip_04906,570,,300,Inbound,1
2025-01-11,Red,stop_009,trip_04908,trip_04907,240,,300,Outbound,0
2025-01-12,Orange,stop_010,trip_04909,trip_04908,270,,300,Inbound,1
2025-01-13,Red,stop_011,trip_04910,trip_04909,300,,300,Outbound,0
2025-01-14,Orange,stop_012,trip_04911,trip_04910,330,,300,Inbound,1
2025-01-15,Red,stop_013,trip_04912,trip_04911,360,,300,Outbound,0
2025-01-16,Orange,stop_014,trip_04913,trip_04912,390,,300,Inbound,1
2025-01-17,Red,stop_015,trip_04914,trip_04913,420,,300,Outbound,0
2025-01-18,Orange,stop_016,trip_04915,trip_04914,450,,300,Inbound,1
2025-01-19,Red,stop_017,trip_04916,trip_04915,480,,300,Outbound,0
2025-01-20,Orange,stop_018,trip_04917,trip_04916,510,,300,Inbound,1
2025-01-21,Red,stop_019,trip_04918,trip_04917,540,,300,Outbound,0
2025-01-22,Orange,stop_020,trip_04919,trip_04918,570,,300,Inbound,1
2025-01-23,Red,stop_021,trip_04920,trip_04919,240,,300,Outbound,0
2025-01-24,Orange,stop_022,trip_04921,trip_04920,270,,300,Inbound,1
2025-01-25,Red,stop_023,trip_04922,trip_04921,300,,300,Outbound,0
2025-01-26,Orange,stop_024,trip_04923,trip_04922,330,,300,Inbound,1
2025-01-27,Red,stop_025,trip_04924,trip_04923,360,,300,Outbound,0
2025-01-28,Orange,stop_026,trip_04925,trip_04924,390,,300,Inbound,1
2025-01-29,Red,stop_027,trip_04926,trip_04925,420,,300,Outbound,0
2025-01-30,Orange,stop_028,trip_04927,trip_04926,450,,300,Inbound,1
2025-01-31,Red,stop_029,trip_04928,trip_04927,480,,300,Outbound,0
2025-01-01,Orange,stop_030,trip_04929,trip_04928,510,,300,Inbound,1
2025-01-02,Red,stop_031,trip_04930,trip_04929,540,,300,Outbound,0
2025-01-03,Orange,stop_032,trip_04931,trip_04930,570,,300,Inbound,1
2025-01-04,Red,stop_033,trip_04932,trip_04931,240,,300,Outbound,0
2025-01-05,Orange,stop_034,trip_04933,trip_04932,270,,300,Inbound,1
2025-01-06,Red,stop_035,trip_04934,trip_04933,300,,300,Outbound,0
2025-01-07,Orange,stop_001,trip_04935,trip_04934,330,,300,Inbound,1
2025-01-08,Red,stop_002,trip_04936,trip_04935,360,,300,Outbound,0
2025-01-09,Orange,stop_003,trip_04937,trip_04936,390,,300,Inbound,1
2025-01-10,Red,stop_004,trip_04938,trip_04937,420,,300,Outbound,0
2025-01-11,Orange,stop_005,trip_04939,trip_04938,450,,300,Inbound,1
2025-01-12,Red,stop_006,trip_04940,trip_04939,480,,300,Outbound,0
2025-01-13,Orange,stop_007,trip_04941,trip_04940,510,,300,Inbound,1
2025-01-14,Red,stop_008,trip_04942,trip_04941,540,,300,Outbound,0
2025-01-15,Orange,stop_009,trip_04943,trip_04942,570,,300,Inbound,1
2025-01-16,Red,stop_010,trip_04944,trip_04943,240,,300,Outbound,0
2025-01-17,Orange,stop_011,trip_04945,trip_04944,270,,300,Inbound,1
2025-01-18,Red,stop_012,trip_04946,trip_04945,300,,300,Outbound,0
2025-01-19,Orange,stop_013,trip_04947,trip_04946,330,,300,Inbound,1
2025-01-20,Red,stop_014,trip_04948,trip_04947,360,,300,Outbound,0
2025-01-21,Orange,stop_015,trip_04949,trip_04948,390,,300,Inbound,1
2025-01-22,Red,stop_016,trip_04950,trip_04949,420,,300,Outbound,0
2025-01-23,Orange,stop_017,trip_04951,trip_04950,450,,300,Inbound,1
2025-01-24,Red,stop_018,trip_04952,trip_04951,480,,300,Outbound,0
2025-01-25,Orange,stop_019,trip_04953,trip_04952,510,,300,Inbound,1
2025-01-26,Red,stop_020,trip_04954,trip_04953,540,,300,Outbound,0
2025-01-27,Orange,stop_021,trip_04955,trip_04954,570,,300,Inbound,1
2025-01-28,Red,stop_022,trip_04956,trip_04955,240,,300,Outbound,0
2025-01-29,Orange,stop_023,trip_04957,trip_04956,270,,300,Inbound,1
2025-01-30,Red,stop_024,trip_04958,trip_04957,300,,300,Outbound,0
2025-01-31,Orange,stop_025,trip_04959,trip_04958,330,,300,Inbound,1
2025-01-01,Red,stop_026,trip_04960,trip_04959,360,,300,Outbound,0
2025-01-02,Orange,stop_027,trip_04961,trip_04960,390,,300,Inbound,1
2025-01-03,Red,stop_028,trip_04962,trip_04961,420,,300,Outbound,0
2025-01-04,Orange,stop_029,trip_04963,trip_04962,450,,300,Inbound,1
2025-01-05,Red,stop_030,trip_04964,trip_04963,480,,300,Outbound,0
2025-01-06,Orange,stop_031,trip_04965,trip_04964,510,,300,Inbound,1
2025-01-07,Red,stop_032,trip_04966,trip_04965,540,,300,Outbound,0
2025-01-08,Orange,stop_033,trip_04967,trip_04966,570,,300,Inbound,1
2025-01-09,Red,stop_034,trip_04968,trip_04967,240,,300,Outbound,0
2025-01-10,Orange,stop_035,trip_04969,trip_04968,270,,300,Inbound,1
2025-01-11,Red,stop_001,trip_04970,trip_04969,300,,300,Outbound,0
2025-01-12,Orange,stop_002,trip_04971,trip_04970,330,,300,Inbound,1
2025-01-13,Red,stop_003,trip_04972,trip_04971,360,,300,Outbound,0
2025-01-14,Orange,stop_004,trip_04973,trip_04972,390,,300,Inbound,1
2025-01-15,Red,stop_005,trip_04974,trip_04973,420,,300,Outbound,0
2025-01-16,Orange,stop_006,trip_04975,trip_04974,450,,300,Inbound,1
2025-01-17,Red,stop_007,trip_04976,trip_04975,480,,300,Outbound,0
2025-01-18,Orange,stop_008,trip_04977,trip_04976,510,,300,Inbound,1
2025-01-19,Red,stop_009,trip_04978,trip_04977,540,,300,Outbound,0
2025-01-20,Orange,stop_010,trip_04979,trip_04978,570,,300,Inbound,1
2025-01-21,Red,stop_011,trip_04980,trip_04979,240,,300,Outbound,0
2025-01-22,Orange,stop_012,trip_04981,trip_04980,270,,300,Inbound,1
2025-01-23,Red,stop_013,trip_04982,trip_04981,300,,300,Outbound,0
2025-01-24,Orange,stop_014,trip_04983,trip_04982,330,,300,Inbound,1
2025-01-25,Red,stop_015,trip_04984,trip_04983,360,,300,Outbound,0
2025-01-26,Orange,stop_016,trip_04985,trip_04984,390,,300,Inbound,1
2025-01-27,Red,stop_017,trip_04986,trip_04985,420,,300,Outbound,0
2025-01-28,Orange,stop_018,trip_04987,trip_04986,450,,300,Inbound,1
2025-01-29,Red,stop_019,trip_04988,trip_04987,480,,300,Outbound,0
2025-01-30,Orange,stop_020,trip_04989,trip_04988,510,,300,Inbound,1
2025-01-31,Red,stop_021,trip_04990,trip_04989,540,,300,Outbound,0
2025-01-01,Orange,stop_022,trip_04991,trip_04990,570,,300,Inbound,1
2025-01-02,Red,stop_023,trip_04992,trip_04991,240,,300,Outbound,0
2025-01-03,Orange,stop_024,trip_04993,trip_04992,270,,300,Inbound,1
2025-01-04,Red,stop_025,trip_04994,trip_04993,300,,300,Outbound,0
2025-01-05,Orange,stop_026,trip_04995,trip_04994,330,,300,Inbound,1
2025-01-06,Red,stop_027,trip_04996,trip_04995,360,,300,Outbound,0
2025-01-07,Orange,stop_028,trip_04997,trip_04996,390,,300,Inbound,1
2025-01-08,Red,stop_029,trip_04998,trip_04997,420,,300,Outbound,0
2025-01-09,Orange,stop_030,trip_04999,trip_04998,450,,300,Inbound,1
2025-01-10,Red,stop_031,trip_05000,trip_04999,480,,300,Outbound,0
2025-01-11,Orange,stop_032,trip_05001,trip_05000,510,,300,Inbound,1
2025-01-12,Red,stop_033,trip_05002,trip_05001,540,,300,Outbound,0
2025-01-13,Orange,stop_034,trip_05003,trip_05002,570,,300,Inbound,1
2025-01-14,Red,stop_035,trip_05004,trip_05003,240,,300,Outbound,0
2025-01-15,Orange,stop_001,trip_05005,trip_05004,270,,300,Inbound,1
2025-01-16,Red,stop_002,trip_05006,trip_05005,300,,300,Outbound,0
2025-01-17,Orange,stop_003,trip_05007,trip_05006,330,,300,Inbound,1
2025-01-18,Red,stop_004,trip_05008,trip_05007,360,,300,Outbound,0
2025-01-19,Orange,stop_005,trip_05009,trip_05008,390,,300,Inbound,1
2025-01-20,Red,stop_006,trip_05010,trip_05009,420,,300,Outbound,0
2025-01-21,Orange,stop_007,trip_05011,trip_05010,450,,300,Inbound,1
2025-01-22,Red,stop_008,trip_05012,trip_05011,480,,300,Outbound,0
2025-01-23,Orange,stop_009,trip_05013,trip_05012,510,,300,Inbound,1
2025-01-24,Red,stop_010,trip_05014,trip_05013,540,,300,Outbound,0
2025-01-25,Orange,stop_011,trip_05015,trip_05014,570,,300,Inbound,1
2025-01-26,Red,stop_012,trip_05016,trip_05015,240,,300,Outbound,0
2025-01-27,Orange,stop_013,trip_05017,trip_05016,270,,300,Inbound,1
2025-01-28,Red,stop_014,trip_05018,trip_05017,300,,300,Outbound,0
2025-01-29,Orange,stop_015,trip_05019,trip_05018,330,,300,Inbound,1
2025-01-30,Red,stop_016,trip_05020,trip_05019,360,,300,Outbound,0
2025-01-31,Orange,stop_017,trip_05021,trip_05020,390,,300,Inbound,1
2025-01-01,Red,stop_018,trip_05022,trip_05021,420,,300,Outbound,0
2025-01-02,Orange,stop_019,trip_05023,trip_05022,450,,300,Inbound,1
2025-01-03,Red,stop_020,trip_05024,trip_05023,480,,300,Outbound,0
2025-01-04,Orange,stop_021,trip_05025,trip_05024,510,,300,Inbound,1
2025-01-05,Red,stop_022,trip_05026,trip_05025,540,,300,Outbound,0
2025-01-06,Orange,stop_023,trip_05027,trip_05026,570,,300,Inbound,1
2025-01-07,Red,stop_024,trip_05028,trip_05027,240,,300,Outbound,0
2025-01-08,Orange,stop_025,trip_05029,trip_05028,270,,300,Inbound,1
2025-01-09,Red,stop_026,trip_05030,trip_05029,300,,300,Outbound,0
2025-01-10,Orange,stop_027,trip_05031,trip_05030,330,,300,Inbound,1
2025-01-11,Red,stop_028,trip_05032,trip_05031,360,,300,Outbound,0
2025-01-12,Orange,stop_029,trip_05033,trip_05032,390,,300,Inbound,1
2025-01-13,Red,stop_030,trip_05034,trip_05033,420,,300,Outbound,0
2025-01-14,Orange,stop_031,trip_05035,trip_05034,450,,300,Inbound,1
2025-01-15,Red,stop_032,trip_05036,trip_05035,480,,300,Outbound,0
2025-01-16,Orange,stop_033,trip_05037,trip_05036,510,,300,Inbound,1
2025-01-17,Red,stop_034,trip_05038,trip_05037,540,,300,Outbound,0
2025-01-18,Orange,stop_035,trip_05039,trip_05038,570,,300,Inbound,1
2025-01-19,Red,stop_001,trip_05040,trip_05039,240,,300,Outbound,0
2025-01-20,Orange,stop_002,trip_05041,trip_05040,270,,300,Inbound,1
2025-01-21,Red,stop_003,trip_05042,trip_05041,300,,300,Outbound,0
2025-01-22,Orange,stop_004,trip_05043,trip_05042,330,,300,Inbound,1
2025-01-23,Red,stop_005,trip_05044,trip_05043,360,,300,Outbound,0
2025-01-24,Orange,stop_006,trip_05045,trip_05044,390,,300,Inbound,1
2025-01-25,Red,stop_007,trip_05046,trip_05045,420,,300,Outbound,0
2025-01-26,Orange,stop_008,trip_05047,trip_05046,450,,300,Inbound,1
2025-01-27,Red,stop_009,trip_05048,trip_05047,480,,300,Outbound,0
2025-01-28,Orange,stop_010,trip_05049,trip_05048,510,,300,Inbound,1
2025-01-29,Red,stop_011,trip_05050,trip_05049,540,,300,Outbound,0
2025-01-30,Orange,stop_012,trip_05051,trip_05050,570,,300,Inbound,1
2025-01-31,Red,stop_013,trip_05052,trip_05051,240,,300,Outbound,0
2025-01-01,Orange,stop_014,trip_05053,trip_05052,270,,300,Inbound,1
2025-01-02,Red,stop_015,trip_05054,trip_05053,300,,300,Outbound,0
2025-01-03,Orange,stop_016,trip_05055,trip_05054,330,,300,Inbound,1
2025-01-04,Red,stop_017,trip_05056,trip_05055,360,,300,Outbound,0
2025-01-05,Orange,stop_018,trip_05057,trip_05056,390,,300,Inbound,1
2025-01-06,Red,stop_019,trip_05058,trip_05057,420,,300,Outbound,0
2025-01-07,Orange,stop_020,trip_05059,trip_05058,450,,300,Inbound,1
2025-01-08,Red,stop_021,trip_05060,trip_05059,480,,300,Outbound,0
2025-01-09,Orange,stop_022,trip_05061,trip_05060,510,,300,Inbound,1
2025-01-10,Red,stop_023,trip_05062,trip_05061,540,,300,Outbound,0
2025-01-11,Orange,stop_024,trip_05063,trip_05062,570,,300,Inbound,1
2025-01-12,Red,stop_025,trip_05064,trip_05063,240,,300,Outbound,0
2025-01-13,Orange,stop_026,trip_05065,trip_05064,270,,300,Inbound,1
2025-01-14,Red,stop_027,trip_05066,trip_05065,300,,300,Outbound,0
2025-01-15,Orange,stop_028,trip_05067,trip_05066,330,,300,Inbound,1
2025-01-16,Red,stop_029,trip_05068,trip_05067,360,,300,Outbound,0
2025-01-17,Orange,stop_030,trip_05069,trip_05068,390,,300,Inbound,1
2025-01-18,Red,stop_031,trip_05070,trip_05069,420,,300,Outbound,0
2025-01-19,Orange,stop_032,trip_05071,trip_05070,450,,300,Inbound,1
2025-01-20,Red,stop_033,trip_05072,trip_05071,480,,300,Outbound,0
2025-01-21,Orange,stop_034,trip_05073,trip_05072,510,,300,Inbound,1
2025-01-22,Red,stop_035,trip_05074,trip_05073,540,,300,Outbound,0
2025-01-23,Orange,stop_001,trip_05075,trip_05074,570,,300,Inbound,1
2025-01-24,Red,stop_002,trip_05076,trip_05075,240,,300,Outbound,0
2025-01-25,Orange,stop_003,trip_05077,trip_05076,270,,300,Inbound,1
2025-01-26,Red,stop_004,trip_05078,trip_05077,300,,300,Outbound,0
2025-01-27,Orange,stop_005,trip_05079,trip_05078,330,,300,Inbound,1
2025-01-28,Red,stop_006,trip_05080,trip_05079,360,,300,Outbound,0
2025-01-29,Orange,stop_007,trip_05081,trip_05080,390,,300,Inbound,1
2025-01-30,Red,stop_008,trip_05082,trip_05081,420,,300,Outbound,0
2025-01-31,Orange,stop_009,trip_05083,trip_05082,450,,300,Inbound,1
2025-01-01,Red,stop_010,trip_05084,trip_05083,480,,300,Outbound,0
2025-01-02,Orange,stop_011,trip_05085,trip_05084,510,,300,Inbound,1
2025-01-03,Red,stop_012,trip_05086,trip_05085,540,,300,Outbound,0
2025-01-04,Orange,stop_013,trip_05087,trip_05086,570,,300,Inbound,1
2025-01-05,Red,stop_014,trip_05088,trip_05087,240,,300,Outbound,0
2025-01-06,Orange,stop_015,trip_05089,trip_05088,270,,300,Inbound,1
2025-01-07,Red,stop_016,trip_05090,trip_05089,300,,300,Outbound,0
2025-01-08,Orange,stop_017,trip_05091,trip_05090,330,,300,Inbound,1
2025-01-09,Red,stop_018,trip_05092,trip_05091,360,,300,Outbound,0
2025-01-10,Orange,stop_019,trip_05093,trip_05092,390,,300,Inbound,1
2025-01-11,Red,stop_020,trip_05094,trip_05093,420,,300,Outbound,0
2025-01-12,Orange,stop_021,trip_05095,trip_05094,450,,300,Inbound,1
2025-01-13,Red,stop_022,trip_05096,trip_05095,480,,300,Outbound,0
2025-01-14,Orange,stop_023,trip_05097,trip_05096,510,,300,Inbound,1
2025-01-15,Red,stop_024,trip_05098,trip_05097,540,,300,Outbound,0
2025-01-16,Orange,stop_025,trip_05099,trip_05098,570,,300,Inbound,1
2025-01-17,Red,stop_026,trip_05100,trip_05099,240,,300,Outbound,0
2025-01-18,Orange,stop_027,trip_05101,trip_05100,270,,300,Inbound,1
2025-01-19,Red,stop_028,trip_05102,trip_05101,300,,300,Outbound,0
2025-01-20,Orange,stop_029,trip_05103,trip_05102,330,,300,Inbound,1
2025-01-21,Red,stop_030,trip_05104,trip_05103,360,,300,Outbound,0
2025-01-22,Orange,stop_031,trip_05105,trip_05104,390,,300,Inbound,1
2025-01-23,Red,stop_032,trip_05106,trip_05105,420,,300,Outbound,0
2025-01-24,Orange,stop_033,trip_05107,trip_05106,450,,300,Inbound,1
2025-01-25,Red,stop_034,trip_05108,trip_05107,480,,300,Outbound,0
2025-01-26,Orange,stop_035,trip_05109,trip_05108,510,,300,Inbound,1
2025-01-27,Red,stop_001,trip_05110,trip_05109,540,,300,Outbound,0
2025-01-28,Orange,stop_002,trip_05111,trip_05110,570,,300,Inbound,1
2025-01-29,Red,stop_003,trip_05112,trip_05111,240,,300,Outbound,0
2025-01-30,Orange,stop_004,trip_05113,trip_05112,270,,300,Inbound,1
2025-01-31,Red,stop_005,trip_05114,trip_05113,300,,300,Outbound,0
2025-01-01,Orange,stop_006,trip_05115,trip_05114,330,,300,Inbound,1
2025-01-02,Red,stop_007,trip_05116,trip_05115,360,,300,Outbound,0
2025-01-03,Orange,stop_008,trip_05117,trip_05116,390,,300,Inbound,1
2025-01-04,Red,stop_009,trip_05118,trip_05117,420,,300,Outbound,0
2025-01-05,Orange,stop_010,trip_05119,trip_05118,450,,300,Inbound,1
2025-01-06,Red,stop_011,trip_05120,trip_05119,480,,300,Outbound,0
2025-01-07,Orange,stop_012,trip_05121,trip_05120,510,,300,Inbound,1
2025-01-08,Red,stop_013,trip_05122,trip_05121,540,,300,Outbound,0
2025-01-09,Orange,stop_014,trip_05123,trip_05122,570,,300,Inbound,1
2025-01-10,Red,stop_015,trip_05124,trip_05123,240,,300,Outbound,0
2025-01-11,Orange,stop_016,trip_05125,trip_05124,270,,300,Inbound,1
2025-01-12,Red,stop_017,trip_05126,trip_05125,300,,300,Outbound,0
2025-01-13,Orange,stop_018,trip_05127,trip_05126,330,,300,Inbound,1
2025-01-14,Red,stop_019,trip_05128,trip_05127,360,,300,Outbound,0
2025-01-15,Orange,stop_020,trip_05129,trip_05128,390,,300,Inbound,1
2025-01-16,Red,stop_021,trip_05130,trip_05129,420,,300,Outbound,0
2025-01-17,Orange,stop_022,trip_05131,trip_05130,450,,300,Inbound,1
2025-01-18,Red,stop_023,trip_05132,trip_05131,480,,300,Outbound,0
2025-01-19,Orange,stop_024,trip_05133,trip_05132,510,,300,Inbound,1
2025-01-20,Red,stop_025,trip_05134,trip_05133,540,,300,Outbound,0
2025-01-21,Orange,stop_026,trip_05135,trip_05134,570,,300,Inbound,1
2025-01-22,Red,stop_027,trip_05136,trip_05135,240,,300,Outbound,0
2025-01-23,Orange,stop_028,trip_05137,trip_05136,270,,300,Inbound,1
2025-01-24,Red,stop_029,trip_05138,trip_05137,300,,300,Outbound,0
2025-01-25,Orange,stop_030,trip_05139,trip_05138,330,,300,Inbound,1
2025-01-26,Red,stop_031,trip_05140,trip_05139,360,,300,Outbound,0
2025-01-27,Orange,stop_032,trip_05141,trip_05140,390,,300,Inbound,1
2025-01-28,Red,stop_033,trip_05142,trip_05141,420,,300,Outbound,0
2025-01-29,Orange,stop_034,trip_05143,trip_05142,450,,300,Inbound,1
2025-01-30,Red,stop_035,trip_05144,trip_05143,480,,300,Outbound,0
2025-01-31,Orange,stop_001,trip_05145,trip_05144,510,,300,Inbound,1
2025-01-01,Red,stop_002,trip_05146,trip_05145,540,,300,Outbound,0
2025-01-02,Orange,stop_003,trip_05147,trip_05146,570,,300,Inbound,1
2025-01-03,Red,stop_004,trip_05148,trip_05147,240,,300,Outbound,0
2025-01-04,Orange,stop_005,trip_05149,trip_05148,270,,300,Inbound,1
2025-01-05,Red,stop_006,trip_05150,trip_05149,300,,300,Outbound,0
2025-01-06,Orange,stop_007,trip_05151,trip_05150,330,,300,Inbound,1
2025-01-07,Red,stop_008,trip_05152,trip_05151,360,,300,Outbound,0
2025-01-08,Orange,stop_009,trip_05153,trip_05152,390,,300,Inbound,1
2025-01-09,Red,stop_010,trip_05154,trip_05153,420,,300,Outbound,0
2025-01-10,Orange,stop_011,trip_05155,trip_05154,450,,300,Inbound,1
2025-01-11,Red,stop_012,trip_05156,trip_05155,480,,300,Outbound,0
2025-01-12,Orange,stop_013,trip_05157,trip_05156,510,,300,Inbound,1
2025-01-13,Red,stop_014,trip_05158,trip_05157,540,,300,Outbound,0
2025-01-14,Orange,stop_015,trip_05159,trip_05158,570,,300,Inbound,1
2025-01-15,Red,stop_016,trip_05160,trip_05159,240,,300,Outbound,0
2025-01-16,Orange,stop_017,trip_05161,trip_05160,270,,300,Inbound,1
2025-01-17,Red,stop_018,trip_05162,trip_05161,300,,300,Outbound,0
2025-01-18,Orange,stop_019,trip_05163,trip_05162,330,,300,Inbound,1
2025-01-19,Red,stop_020,trip_05164,trip_05163,360,,300,Outbound,0
2025-01-20,Orange,stop_021,trip_05165,trip_05164,390,,300,Inbound,1
2025-01-21,Red,stop_022,trip_05166,trip_05165,420,,300,Outbound,0
2025-01-22,Orange,stop_023,trip_05167,trip_05166,450,,300,Inbound,1
2025-01-23,Red,stop_024,trip_05168,trip_05167,480,,300,Outbound,0
2025-01-24,Orange,stop_025,trip_05169,trip_05168,510,,300,Inbound,1
2025-01-25,Red,stop_026,trip_05170,trip_05169,540,,300,Outbound,0
2025-01-26,Orange,stop_027,trip_05171,trip_05170,570,,300,Inbound,1
2025-01-27,Red,stop_028,trip_05172,trip_05171,240,,300,Outbound,0
2025-01-28,Orange,stop_029,trip_05173,trip_05172,270,,300,Inbound,1
2025-01-29,Red,stop_030,trip_05174,trip_05173,300,,300,Outbound,0
2025-01-30,Orange,stop_031,trip_05175,trip_05174,330,,300,Inbound,1
2025-01-31,Red,stop_032,trip_05176,trip_05175,360,,300,Outbound,0
2025-01-01,Orange,stop_033,trip_05177,trip_05176,390,,300,Inbound,1
2025-01-02,Red,stop_034,trip_05178,trip_05177,420,,300,Outbound,0
2025-01-03,Orange,stop_035,trip_05179,trip_05178,450,,300,Inbound,1
2025-01-04,Red,stop_001,trip_05180,trip_05179,480,,300,Outbound,0
2025-01-05,Orange,stop_002,trip_05181,trip_05180,510,,300,Inbound,1
2025-01-06,Red,stop_003,trip_05182,trip_05181,540,,300,Outbound,0
2025-01-07,Orange,stop_004,trip_05183,trip_05182,570,,300,Inbound,1
2025-01-08,Red,stop_005,trip_05184,trip_05183,240,,300,Outbound,0
2025-01-09,Orange,stop_006,trip_05185,trip_05184,270,,300,Inbound,1
2025-01-10,Red,stop_007,trip_05186,trip_05185,300,,300,Outbound,0
2025-01-11,Orange,stop_008,trip_05187,trip_05186,330,,300,Inbound,1
2025-01-12,Red,stop_009,trip_05188,trip_05187,360,,300,Outbound,0
2025-01-13,Orange,stop_010,trip_05189,trip_05188,390,,300,Inbound,1
2025-01-14,Red,stop_011,trip_05190,trip_05189,420,,300,Outbound,0
2025-01-15,Orange,stop_012,trip_05191,trip_05190,450,,300,Inbound,1
2025-01-16,Red,stop_013,trip_05192,trip_05191,480,,300,Outbound,0
2025-01-17,Orange,stop_014,trip_05193,trip_05192,510,,300,Inbound,1
2025-01-18,Red,stop_015,trip_05194,trip_05193,540,,300,Outbound,0
2025-01-19,Orange,stop_016,trip_05195,trip_05194,570,,300,Inbound,1
2025-01-20,Red,stop_017,trip_05196,trip_05195,240,,300,Outbound,0
2025-01-21,Orange,stop_018,trip_05197,trip_05196,270,,300,Inbound,1
2025-01-22,Red,stop_019,trip_05198,trip_05197,300,,300,Outbound,0
2025-01-23,Orange,stop_020,trip_05199,trip_05198,330,,300,Inbound,1
2025-01-24,Red,stop_021,trip_05200,trip_05199,360,,300,Outbound,0
2025-01-25,Orange,stop_022,trip_05201,trip_05200,390,,300,Inbound,1
2025-01-26,Red,stop_023,trip_05202,trip_05201,420,,300,Outbound,0
2025-01-27,Orange,stop_024,trip_05203,trip_05202,450,,300,Inbound,1
2025-01-28,Red,stop_025,trip_05204,trip_05203,480,,300,Outbound,0
2025-01-29,Orange,stop_026,trip_05205,trip_05204,510,,300,Inbound,1
2025-01-30,Red,stop_027,trip_05206,trip_05205,540,,300,Outbound,0
2025-01-31,Orange,stop_028,trip_05207,trip_05206,570,,300,Inbound,1
2025-01-01,Red,stop_029,trip_05208,trip_05207,240,,300,Outbound,0
2025-01-02,Orange,stop_030,trip_05209,trip_05208,270,,300,Inbound,1
2025-01-03,Red,stop_031,trip_05210,trip_05209,300,,300,Outbound,0
2025-01-04,Orange,stop_032,trip_05211,trip_05210,330,,300,Inbound,1
2025-01-05,Red,stop_033,trip_05212,trip_05211,360,,300,Outbound,0
2025-01-06,Orange,stop_034,trip_05213,trip_05212,390,,300,Inbound,1
2025-01-07,Red,stop_035,trip_05214,trip_05213,420,,300,Outbound,0
2025-01-08,Orange,stop_001,trip_05215,trip_05214,450,,300,Inbound,1
2025-01-09,Red,stop_002,trip_05216,trip_05215,480,,300,Outbound,0
2025-01-10,Orange,stop_003,trip_05217,trip_05216,510,,300,Inbound,1
2025-01-11,Red,stop_004,trip_05218,trip_05217,540,,300,Outbound,0
2025-01-12,Orange,stop_005,trip_05219,trip_05218,570,,300,Inbound,1
2025-01-13,Red,stop_006,trip_05220,trip_05219,240,,300,Outbound,0
2025-01-14,Orange,stop_007,trip_05221,trip_05220,270,,300,Inbound,1
2025-01-15,Red,stop_008,trip_05222,trip_05221,300,,300,Outbound,0
2025-01-16,Orange,stop_009,trip_05223,trip_05222,330,,300,Inbound,1
2025-01-17,Red,stop_010,trip_05224,trip_05223,360,,300,Outbound,0
2025-01-18,Orange,stop_011,trip_05225,trip_05224,390,,300,Inbound,1
2025-01-19,Red,stop_012,trip_05226,trip_05225,420,,300,Outbound,0
2025-01-20,Orange,stop_013,trip_05227,trip_05226,450,,300,Inbound,1
2025-01-21,Red,stop_014,trip_05228,trip_05227,480,,300,Outbound,0
2025-01-22,Orange,stop_015,trip_05229,trip_05228,510,,300,Inbound,1
2025-01-23,Red,stop_016,trip_05230,trip_05229,540,,300,Outbound,0
2025-01-24,Orange,stop_017,trip_05231,trip_05230,570,,300,Inbound,1
2025-01-25,Red,stop_018,trip_05232,trip_05231,240,,300,Outbound,0
2025-01-26,Orange,stop_019,trip_05233,trip_05232,270,,300,Inbound,1
2025-01-27,Red,stop_020,trip_05234,trip_05233,300,,300,Outbound,0
2025-01-28,Orange,stop_021,trip_05235,trip_05234,330,,300,Inbound,1
2025-01-29,Red,stop_022,trip_05236,trip_05235,360,,300,Outbound,0
2025-01-30,Orange,stop_023,trip_05237,trip_05236,390,,300,Inbound,1
2025-01-31,Red,stop_024,trip_05238,trip_05237,420,,300,Outbound,0
2025-01-01,Orange,stop_025,trip_05239,trip_05238,450,,300,Inbound,1
2025-01-02,Red,stop_026,trip_05240,trip_05239,480,,300,Outbound,0
2025-01-03,Orange,stop_027,trip_05241,trip_05240,510,,300,Inbound,1
2025-01-04,Red,stop_028,trip_05242,trip_05241,540,,300,Outbound,0
2025-01-05,Orange,stop_029,trip_05243,trip_05242,570,,300,Inbound,1
2025-01-06,Red,stop_030,trip_05244,trip_05243,240,,300,Outbound,0
2025-01-07,Orange,stop_031,trip_05245,trip_05244,270,,300,Inbound,1
2025-01-08,Red,stop_032,trip_05246,trip_05245,300,,300,Outbound,0
2025-01-09,Orange,stop_033,trip_05247,trip_05246,330,,300,Inbound,1
2025-01-10,Red,stop_034,trip_05248,trip_05247,360,,300,Outbound,0
2025-01-11,Orange,stop_035,trip_05249,trip_05248,390,,300,Inbound,1
2025-01-12,Red,stop_001,trip_05250,trip_05249,420,,300,Outbound,0
2025-01-13,Orange,stop_002,trip_05251,trip_05250,450,,300,Inbound,1
2025-01-14,Red,stop_003,trip_05252,trip_05251,480,,300,Outbound,0
2025-01-15,Orange,stop_004,trip_05253,trip_05252,510,,300,Inbound,1
2025-01-16,Red,stop_005,trip_05254,trip_05253,540,,300,Outbound,0
2025-01-17,Orange,stop_006,trip_05255,trip_05254,570,,300,Inbound,1
2025-01-18,Red,stop_007,trip_05256,trip_05255,240,,300,Outbound,0
2025-01-19,Orange,stop_008,trip_05257,trip_05256,270,,300,Inbound,1
2025-01-20,Red,stop_009,trip_05258,trip_05257,300,,300,Outbound,0
2025-01-21,Orange,stop_010,trip_05259,trip_05258,330,,300,Inbound,1
2025-01-22,Red,stop_011,trip_05260,trip_05259,360,,300,Outbound,0
2025-01-23,Orange,stop_012,trip_05261,trip_05260,390,,300,Inbound,1
2025-01-24,Red,stop_013,trip_05262,trip_05261,420,,300,Outbound,0
2025-01-25,Orange,stop_014,trip_05263,trip_05262,450,,300,Inbound,1
2025-01-26,Red,stop_015,trip_05264,trip_05263,480,,300,Outbound,0
2025-01-27,Orange,stop_016,trip_05265,trip_05264,510,,300,Inbound,1
2025-01-28,Red,stop_017,trip_05266,trip_05265,540,,300,Outbound,0
2025-01-29,Orange,stop_018,trip_05267,trip_05266,570,,300,Inbound,1
2025-01-30,Red,stop_019,trip_05268,trip_05267,240,,300,Outbound,0
2025-01-31,Orange,stop_020,trip_05269,trip_05268,270,,300,Inbound,1
2025-01-01,Red,stop_021,trip_05270,trip_05269,300,,300,Outbound,0
2025-01-02,Orange,stop_022,trip_05271,trip_05270,330,,300,Inbound,1
2025-01-03,Red,stop_023,trip_05272,trip_05271,360,,300,Outbound,0
2025-01-04,Orange,stop_024,trip_05273,trip_05272,390,,300,Inbound,1
2025-01-05,Red,stop_025,trip_05274,trip_05273,420,,300,Outbound,0
2025-01-06,Orange,stop_026,trip_05275,trip_05274,450,,300,Inbound,1
2025-01-07,Red,stop_027,trip_05276,trip_05275,480,,300,Outbound,0
2025-01-08,Orange,stop_028,trip_05277,trip_05276,510,,300,Inbound,1
2025-01-09,Red,stop_029,trip_05278,trip_05277,540,,300,Outbound,0
2025-01-10,Orange,stop_030,trip_05279,trip_05278,570,,300,Inbound,1
2025-01-11,Red,stop_031,trip_05280,trip_05279,240,,300,Outbound,0
2025-01-12,Orange,stop_032,trip_05281,trip_05280,270,,300,Inbound,1
2025-01-13,Red,stop_033,trip_05282,trip_05281,300,,300,Outbound,0
2025-01-14,Orange,stop_034,trip_05283,trip_05282,330,,300,Inbound,1
2025-01-15,Red,stop_035,trip_05284,trip_05283,360,,300,Outbound,0
2025-01-16,Orange,stop_001,trip_05285,trip_05284,390,,300,Inbound,1
2025-01-17,Red,stop_002,trip_05286,trip_05285,420,,300,Outbound,0
2025-01-18,Orange,stop_003,trip_05287,trip_05286,450,,300,Inbound,1
2025-01-19,Red,stop_004,trip_05288,trip_05287,480,,300,Outbound,0
2025-01-20,Orange,stop_005,trip_05289,trip_05288,510,,300,Inbound,1
2025-01-21,Red,stop_006,trip_05290,trip_05289,540,,300,Outbound,0
2025-01-22,Orange,stop_007,trip_05291,trip_05290,570,,300,Inbound,1
2025-01-23,Red,stop_008,trip_05292,trip_05291,240,,300,Outbound,0
2025-01-24,Orange,stop_009,trip_05293,trip_05292,270,,300,Inbound,1
2025-01-25,Red,stop_010,trip_05294,trip_05293,300,,300,Outbound,0
2025-01-26,Orange,stop_011,trip_05295,trip_05294,330,,300,Inbound,1
2025-01-27,Red,stop_012,trip_05296,trip_05295,360,,300,Outbound,0
2025-01-28,Orange,stop_013,trip_05297,trip_05296,390,,300,Inbound,1
2025-01-29,Red,stop_014,trip_05298,trip_05297,420,,300,Outbound,0
2025-01-30,Orange,stop_015,trip_05299,trip_05298,450,,300,Inbound,1
2025-01-31,Red,stop_016,trip_05300,trip_05299,480,,300,Outbound,0
2025-01-01,Orange,stop_017,trip_05301,trip_05300,510,,300,Inbound,1
2025-01-02,Red,stop_018,trip_05302,trip_05301,540,,300,Outbound,0
2025-01-03,Orange,stop_019,trip_05303,trip_05302,570,,300,Inbound,1
2025-01-04,Red,stop_020,trip_05304,trip_05303,240,,300,Outbound,0
2025-01-05,Orange,stop_021,trip_05305,trip_05304,270,,300,Inbound,1
2025-01-06,Red,stop_022,trip_05306,trip_05305,300,,300,Outbound,0
2025-01-07,Orange,stop_023,trip_05307,trip_05306,330,,300,Inbound,1
2025-01-08,Red,stop_024,trip_05308,trip_05307,360,,300,Outbound,0
2025-01-09,Orange,stop_025,trip_05309,trip_05308,390,,300,Inbound,1
2025-01-10,Red,stop_026,trip_05310,trip_05309,420,,300,Outbound,0
2025-01-11,Orange,stop_027,trip_05311,trip_05310,450,,300,Inbound,1
2025-01-12,Red,stop_028,trip_05312,trip_05311,480,,300,Outbound,0
2025-01-13,Orange,stop_029,trip_05313,trip_05312,510,,300,Inbound,1
2025-01-14,Red,stop_030,trip_05314,trip_05313,540,,300,Outbound,0
2025-01-15,Orange,stop_031,trip_05315,trip_05314,570,,300,Inbound,1
2025-01-16,Red,stop_032,trip_05316,trip_05315,240,,300,Outbound,0
2025-01-17,Orange,stop_033,trip_05317,trip_05316,270,,300,Inbound,1
2025-01-18,Red,stop_034,trip_05318,trip_05317,300,,300,Outbound,0
2025-01-19,Orange,stop_035,trip_05319,trip_05318,330,,300,Inbound,1
2025-01-20,Red,stop_001,trip_05320,trip_05319,360,,300,Outbound,0
2025-01-21,Orange,stop_002,trip_05321,trip_05320,390,,300,Inbound,1
2025-01-22,Red,stop_003,trip_05322,trip_05321,420,,300,Outbound,0
2025-01-23,Orange,stop_004,trip_05323,trip_05322,450,,300,Inbound,1
2025-01-24,Red,stop_005,trip_05324,trip_05323,480,,300,Outbound,0
2025-01-25,Orange,stop_006,trip_05325,trip_05324,510,,300,Inbound,1
2025-01-26,Red,stop_007,trip_05326,trip_05325,540,,300,Outbound,0
2025-01-27,Orange,stop_008,trip_05327,trip_05326,570,,300,Inbound,1
2025-01-28,Red,stop_009,trip_05328,trip_05327,240,,300,Outbound,0
2025-01-29,Orange,stop_010,trip_05329,trip_05328,270,,300,Inbound,1
2025-01-30,Red,stop_011,trip_05330,trip_05329,300,,300,Outbound,0
2025-01-31,Orange,stop_012,trip_05331,trip_05330,330,,300,Inbound,1
2025-01-01,Red,stop_013,trip_05332,trip_05331,360,,300,Outbound,0
2025-01-02,Orange,stop_014,trip_05333,trip_05332,390,,300,Inbound,1
2025-01-03,Red,stop_015,trip_05334,trip_05333,420,,300,Outbound,0
2025-01-04,Orange,stop_016,trip_05335,trip_05334,450,,300,Inbound,1
2025-01-05,Red,stop_017,trip_05336,trip_05335,480,,300,Outbound,0
2025-01-06,Orange,stop_018,trip_05337,trip_05336,510,,300,Inbound,1
2025-01-07,Red,stop_019,trip_05338,trip_05337,540,,300,Outbound,0
2025-01-08,Orange,stop_020,trip_05339,trip_05338,570,,300,Inbound,1
2025-01-09,Red,stop_021,trip_05340,trip_05339,240,,300,Outbound,0
2025-01-10,Orange,stop_022,trip_05341,trip_05340,270,,300,Inbound,1
2025-01-11,Red,stop_023,trip_05342,trip_05341,300,,300,Outbound,0
2025-01-12,Orange,stop_024,trip_05343,trip_05342,330,,300,Inbound,1
2025-01-13,Red,stop_025,trip_05344,trip_05343,360,,300,Outbound,0
2025-01-14,Orange,stop_026,trip_05345,trip_05344,390,,300,Inbound,1
2025-01-15,Red,stop_027,trip_05346,trip_05345,420,,300,Outbound,0
2025-01-16,Orange,stop_028,trip_05347,trip_05346,450,,300,Inbound,1
2025-01-17,Red,stop_029,trip_05348,trip_05347,480,,300,Outbound,0
2025-01-18,Orange,stop_030,trip_05349,trip_05348,510,,300,Inbound,1
2025-01-19,Red,stop_031,trip_05350,trip_05349,540,,300,Outbound,0
2025-01-20,Orange,stop_032,trip_05351,trip_05350,570,,300,Inbound,1
2025-01-21,Red,stop_033,trip_05352,trip_05351,240,,300,Outbound,0
2025-01-22,Orange,stop_034,trip_05353,trip_05352,270,,300,Inbound,1
2025-01-23,Red,stop_035,trip_05354,trip_05353,300,,300,Outbound,0
2025-01-24,Orange,stop_001,trip_05355,trip_05354,330,,300,Inbound,1
2025-01-25,Red,stop_002,trip_05356,trip_05355,360,,300,Outbound,0
2025-01-26,Orange,stop_003,trip_05357,trip_05356,390,,300,Inbound,1
2025-01-27,Red,stop_004,trip_05358,trip_05357,420,,300,Outbound,0
2025-01-28,Orange,stop_005,trip_05359,trip_05358,450,,300,Inbound,1
2025-01-29,Red,stop_006,trip_05360,trip_05359,480,,300,Outbound,0
2025-01-30,Orange,stop_007,trip_05361,trip_05360,510,,300,Inbound,1
2025-01-31,Red,stop_008,trip_05362,trip_05361,540,,300,Outbound,0
2025-01-01,Orange,stop_009,trip_05363,trip_05362,570,,300,Inbound,1
2025-01-02,Red,stop_010,trip_05364,trip_05363,240,,300,Outbound,0
2025-01-03,Orange,stop_011,trip_05365,trip_05364,270,,300,Inbound,1
2025-01-04,Red,stop_012,trip_05366,trip_05365,300,,300,Outbound,0
2025-01-05,Orange,stop_013,trip_05367,trip_05366,330,,300,Inbound,1
2025-01-06,Red,stop_014,trip_05368,trip_05367,360,,300,Outbound,0
2025-01-07,Orange,stop_015,trip_05369,trip_05368,390,,300,Inbound,1
2025-01-08,Red,stop_016,trip_05370,trip_05369,420,,300,Outbound,0
2025-01-09,Orange,stop_017,trip_05371,trip_05370,450,,300,Inbound,1
2025-01-10,Red,stop_018,trip_05372,trip_05371,480,,300,Outbound,0
2025-01-11,Orange,stop_019,trip_05373,trip_05372,510,,300,Inbound,1
2025-01-12,Red,stop_020,trip_05374,trip_05373,540,,300,Outbound,0
2025-01-13,Orange,stop_021,trip_05375,trip_05374,570,,300,Inbound,1
2025-01-14,Red,stop_022,trip_05376,trip_05375,240,,300,Outbound,0
2025-01-15,Orange,stop_023,trip_05377,trip_05376,270,,300,Inbound,1
2025-01-16,Red,stop_024,trip_05378,trip_05377,300,,300,Outbound,0
2025-01-17,Orange,stop_025,trip_05379,trip_05378,330,,300,Inbound,1
2025-01-18,Red,stop_026,trip_05380,trip_05379,360,,300,Outbound,0
2025-01-19,Orange,stop_027,trip_05381,trip_05380,390,,300,Inbound,1
2025-01-20,Red,stop_028,trip_05382,trip_05381,420,,300,Outbound,0
2025-01-21,Orange,stop_029,trip_05383,trip_05382,450,,300,Inbound,1
2025-01-22,Red,stop_030,trip_05384,trip_05383,480,,300,Outbound,0
2025-01-23,Orange,stop_031,trip_05385,trip_05384,510,,300,Inbound,1
2025-01-24,Red,stop_032,trip_05386,trip_05385,540,,300,Outbound,0
2025-01-25,Orange,stop_033,trip_05387,trip_05386,570,,300,Inbound,1
2025-01-26,Red,stop_034,trip_05388,trip_05387,240,,300,Outbound,0
2025-01-27,Orange,stop_035,trip_05389,trip_05388,270,,300,Inbound,1
2025-01-28,Red,stop_001,trip_05390,trip_05389,300,,300,Outbound,0
2025-01-29,Orange,stop_002,trip_05391,trip_05390,330,,300,Inbound,1
2025-01-30,Red,stop_003,trip_05392,trip_05391,360,,300,Outbound,0
2025-01-31,Orange,stop_004,trip_05393,trip_05392,390,,300,Inbound,1
2025-01-01,Red,stop_005,trip_05394,trip_05393,420,,300,Outbound,0
2025-01-02,Orange,stop_006,trip_05395,trip_05394,450,,300,Inbound,1
2025-01-03,Red,stop_007,trip_05396,trip_05395,480,,300,Outbound,0
2025-01-04,Orange,stop_008,trip_05397,trip_05396,510,,300,Inbound,1
2025-01-05,Red,stop_009,trip_05398,trip_05397,540,,300,Outbound,0
2025-01-06,Orange,stop_010,trip_05399,trip_05398,570,,300,Inbound,1
2025-01-07,Red,stop_011,trip_05400,trip_05399,240,,300,Outbound,0
2025-01-08,Orange,stop_012,trip_05401,trip_05400,270,,300,Inbound,1
2025-01-09,Red,stop_013,trip_05402,trip_05401,300,,300,Outbound,0
2025-01-10,Orange,stop_014,trip_05403,trip_05402,330,,300,Inbound,1
2025-01-11,Red,stop_015,trip_05404,trip_05403,360,,300,Outbound,0
2025-01-12,Orange,stop_016,trip_05405,trip_05404,390,,300,Inbound,1
2025-01-13,Red,stop_017,trip_05406,trip_05405,420,,300,Outbound,0
2025-01-14,Orange,stop_018,trip_05407,trip_05406,450,,300,Inbound,1
2025-01-15,Red,stop_019,trip_05408,trip_05407,480,,300,Outbound,0
2025-01-16,Orange,stop_020,trip_05409,trip_05408,510,,300,Inbound,1
2025-01-17,Red,stop_021,trip_05410,trip_05409,540,,300,Outbound,0
2025-01-18,Orange,stop_022,trip_05411,trip_05410,570,,300,Inbound,1
2025-01-19,Red,stop_023,trip_05412,trip_05411,240,,300,Outbound,0
2025-01-20,Orange,stop_024,trip_05413,trip_05412,270,,300,Inbound,1
2025-01-21,Red,stop_025,trip_05414,trip_05413,300,,300,Outbound,0
2025-01-22,Orange,stop_026,trip_05415,trip_05414,330,,300,Inbound,1
2025-01-23,Red,stop_027,trip_05416,trip_05415,360,,300,Outbound,0
2025-01-24,Orange,stop_028,trip_05417,trip_05416,390,,300,Inbound,1
2025-01-25,Red,stop_029,trip_05418,trip_05417,420,,300,Outbound,0
2025-01-26,Orange,stop_030,trip_05419,trip_05418,450,,300,Inbound,1
2025-01-27,Red,stop_031,trip_05420,trip_05419,480,,300,Outbound,0
2025-01-28,Orange,stop_032,trip_05421,trip_05420,510,,300,Inbound,1
2025-01-29,Red,stop_033,trip_05422,trip_05421,540,,300,Outbound,0
2025-01-30,Orange,stop_034,trip_05423,trip_05422,570,,300,Inbound,1
2025-01-31,Red,stop_035,trip_05424,trip_05423,240,,300,Outbound,0
2025-01-01,Orange,stop_001,trip_05425,trip_05424,270,,300,Inbound,1
2025-01-02,Red,stop_002,trip_05426,trip_05425,300,,300,Outbound,0
2025-01-03,Orange,stop_003,trip_05427,trip_05426,330,,300,Inbound,1
2025-01-04,Red,stop_004,trip_05428,trip_05427,360,,300,Outbound,0
2025-01-05,Orange,stop_005,trip_05429,trip_05428,390,,300,Inbound,1
2025-01-06,Red,stop_006,trip_05430,trip_05429,420,,300,Outbound,0
2025-01-07,Orange,stop_007,trip_05431,trip_05430,450,,300,Inbound,1
2025-01-08,Red,stop_008,trip_05432,trip_05431,480,,300,Outbound,0
2025-01-09,Orange,stop_009,trip_05433,trip_05432,510,,300,Inbound,1
2025-01-10,Red,stop_010,trip_05434,trip_05433,540,,300,Outbound,0
2025-01-11,Orange,stop_011,trip_05435,trip_05434,570,,300,Inbound,1
2025-01-12,Red,stop_012,trip_05436,trip_05435,240,,300,Outbound,0
2025-01-13,Orange,stop_013,trip_05437,trip_05436,270,,300,Inbound,1
2025-01-14,Red,stop_014,trip_05438,trip_05437,300,,300,Outbound,0
2025-01-15,Orange,stop_015,trip_05439,trip_05438,330,,300,Inbound,1
2025-01-16,Red,stop_016,trip_05440,trip_05439,360,,300,Outbound,0
2025-01-17,Orange,stop_017,trip_05441,trip_05440,390,,300,Inbound,1
2025-01-18,Red,stop_018,trip_05442,trip_05441,420,,300,Outbound,0
2025-01-19,Orange,stop_019,trip_05443,trip_05442,450,,300,Inbound,1
2025-01-20,Red,stop_020,trip_05444,trip_05443,480,,300,Outbound,0
2025-01-21,Orange,stop_021,trip_05445,trip_05444,510,,300,Inbound,1
2025-01-22,Red,stop_022,trip_05446,trip_05445,540,,300,Outbound,0
2025-01-23,Orange,stop_023,trip_05447,trip_05446,570,,300,Inbound,1
2025-01-24,Red,stop_024,trip_05448,trip_05447,240,,300,Outbound,0
2025-01-25,Orange,stop_025,trip_05449,trip_05448,270,,300,Inbound,1
2025-01-26,Red,stop_026,trip_05450,trip_05449,300,,300,Outbound,0
2025-01-27,Orange,stop_027,trip_05451,trip_05450,330,,300,Inbound,1
2025-01-28,Red,stop_028,trip_05452,trip_05451,360,,300,Outbound,0
2025-01-29,Orange,stop_029,trip_05453,trip_05452,390,,300,Inbound,1
2025-01-30,Red,stop_030,trip_05454,trip_05453,420,,300,Outbound,0
2025-01-31,Orange,stop_031,trip_05455,trip_05454,450,,300,Inbound,1
2025-01-01,Red,stop_032,trip_05456,trip_05455,480,,300,Outbound,0
2025-01-02,Orange,stop_033,trip_05457,trip_05456,510,,300,Inbound,1
2025-01-03,Red,stop_034,trip_05458,trip_05457,540,,300,Outbound,0
2025-01-04,Orange,stop_035,trip_05459,trip_05458,570,,300,Inbound,1
2025-01-05,Red,stop_001,trip_05460,trip_05459,240,,300,Outbound,0
2025-01-06,Orange,stop_002,trip_05461,trip_05460,270,,300,Inbound,1
2025-01-07,Red,stop_003,trip_05462,trip_05461,300,,300,Outbound,0
2025-01-08,Orange,stop_004,trip_05463,trip_05462,330,,300,Inbound,1
2025-01-09,Red,stop_005,trip_05464,trip_05463,360,,300,Outbound,0
2025-01-10,Orange,stop_006,trip_05465,trip_05464,390,,300,Inbound,1
2025-01-11,Red,stop_007,trip_05466,trip_05465,420,,300,Outbound,0
2025-01-12,Orange,stop_008,trip_05467,trip_05466,450,,300,Inbound,1
2025-01-13,Red,stop_009,trip_05468,trip_05467,480,,300,Outbound,0
2025-01-14,Orange,stop_010,trip_05469,trip_05468,510,,300,Inbound,1
2025-01-15,Red,stop_011,trip_05470,trip_05469,540,,300,Outbound,0
2025-01-16,Orange,stop_012,trip_05471,trip_05470,570,,300,Inbound,1
2025-01-17,Red,stop_013,trip_05472,trip_05471,240,,300,Outbound,0
2025-01-18,Orange,stop_014,trip_05473,trip_05472,270,,300,Inbound,1
2025-01-19,Red,stop_015,trip_05474,trip_05473,300,,300,Outbound,0
2025-01-20,Orange,stop_016,trip_05475,trip_05474,330,,300,Inbound,1
2025-01-21,Red,stop_017,trip_05476,trip_05475,360,,300,Outbound,0
2025-01-22,Orange,stop_018,trip_05477,trip_05476,390,,300,Inbound,1
2025-01-23,Red,stop_019,trip_05478,trip_05477,420,,300,Outbound,0
2025-01-24,Orange,stop_020,trip_05479,trip_05478,450,,300,Inbound,1
2025-01-25,Red,stop_021,trip_05480,trip_05479,480,,300,Outbound,0
2025-01-26,Orange,stop_022,trip_05481,trip_05480,510,,300,Inbound,1
2025-01-27,Red,stop_023,trip_05482,trip_05481,540,,300,Outbound,0
2025-01-28,Orange,stop_024,trip_05483,trip_05482,570,,300,Inbound,1
2025-01-29,Red,stop_025,trip_05484,trip_05483,240,,300,Outbound,0
2025-01-30,Orange,stop_026,trip_05485,trip_05484,270,,300,Inbound,1
2025-01-31,Red,stop_027,trip_05486,trip_05485,300,,300,Outbound,0
2025-01-01,Orange,stop_028,trip_05487,trip_05486,330,,300,Inbound,1
2025-01-02,Red,stop_029,trip_05488,trip_05487,360,,300,Outbound,0
2025-01-03,Orange,stop_030,trip_05489,trip_05488,390,,300,Inbound,1
2025-01-04,Red,stop_031,trip_05490,trip_05489,420,,300,Outbound,0
2025-01-05,Orange,stop_032,trip_05491,trip_05490,450,,300,Inbound,1
2025-01-06,Red,stop_033,trip_05492,trip_05491,480,,300,Outbound,0
2025-01-07,Orange,stop_034,trip_05493,trip_05492,510,,300,Inbound,1
2025-01-08,Red,stop_035,trip_05494,trip_05493,540,,300,Outbound,0
2025-01-09,Orange,stop_001,trip_05495,trip_05494,570,,300,Inbound,1
2025-01-10,Red,stop_002,trip_05496,trip_05495,240,,300,Outbound,0
2025-01-11,Orange,stop_003,trip_05497,trip_05496,270,,300,Inbound,1
2025-01-12,Red,stop_004,trip_05498,trip_05497,300,,300,Outbound,0
2025-01-13,Orange,stop_005,trip_05499,trip_05498,330,,300,Inbound,1
2025-01-14,Red,stop_006,trip_05500,trip_05499,360,,300,Outbound,0
2025-01-15,Orange,stop_007,trip_05501,trip_05500,390,,300,Inbound,1
2025-01-16,Red,stop_008,trip_05502,trip_05501,420,,300,Outbound,0
2025-01-17,Orange,stop_009,trip_05503,trip_05502,450,,300,Inbound,1
2025-01-18,Red,stop_010,trip_05504,trip_05503,480,,300,Outbound,0
2025-01-19,Orange,stop_011,trip_05505,trip_05504,510,,300,Inbound,1
2025-01-20,Red,stop_012,trip_05506,trip_05505,540,,300,Outbound,0
2025-01-21,Orange,stop_013,trip_05507,trip_05506,570,,300,Inbound,1
2025-01-22,Red,stop_014,trip_05508,trip_05507,240,,300,Outbound,0
2025-01-23,Orange,stop_015,trip_05509,trip_05508,270,,300,Inbound,1
2025-01-24,Red,stop_016,trip_05510,trip_05509,300,,300,Outbound,0
2025-01-25,Orange,stop_017,trip_05511,trip_05510,330,,300,Inbound,1
2025-01-26,Red,stop_018,trip_05512,trip_05511,360,,300,Outbound,0
2025-01-27,Orange,stop_019,trip_05513,trip_05512,390,,300,Inbound,1
2025-01-28,Red,stop_020,trip_05514,trip_05513,420,,300,Outbound,0
2025-01-29,Orange,stop_021,trip_05515,trip_05514,450,,300,Inbound,1
2025-01-30,Red,stop_022,trip_05516,trip_05515,480,,300,Outbound,0
2025-01-31,Orange,stop_023,trip_05517,trip_05516,510,,300,Inbound,1
2025-01-01,Red,stop_024,trip_05518,trip_05517,540,,300,Outbound,0
2025-01-02,Orange,stop_025,trip_05519,trip_05518,570,,300,Inbound,1
2025-01-03,Red,stop_026,trip_05520,trip_05519,240,,300,Outbound,0
2025-01-04,Orange,stop_027,trip_05521,trip_05520,270,,300,Inbound,1
2025-01-05,Red,stop_028,trip_05522,trip_05521,300,,300,Outbound,0
2025-01-06,Orange,stop_029,trip_05523,trip_05522,330,,300,Inbound,1
2025-01-07,Red,stop_030,trip_05524,trip_05523,360,,300,Outbound,0
2025-01-08,Orange,stop_031,trip_05525,trip_05524,390,,300,Inbound,1
2025-01-09,Red,stop_032,trip_05526,trip_05525,420,,300,Outbound,0
2025-01-10,Orange,stop_033,trip_05527,trip_05526,450,,300,Inbound,1
2025-01-11,Red,stop_034,trip_05528,trip_05527,480,,300,Outbound,0
2025-01-12,Orange,stop_035,trip_05529,trip_05528,510,,300,Inbound,1
2025-01-13,Red,stop_001,trip_05530,trip_05529,540,,300,Outbound,0
2025-01-14,Orange,stop_002,trip_05531,trip_05530,570,,300,Inbound,1
2025-01-15,Red,stop_003,trip_05532,trip_05531,240,,300,Outbound,0
2025-01-16,Orange,stop_004,trip_05533,trip_05532,270,,300,Inbound,1
2025-01-17,Red,stop_005,trip_05534,trip_05533,300,,300,Outbound,0
2025-01-18,Orange,stop_006,trip_05535,trip_05534,330,,300,Inbound,1
2025-01-19,Red,stop_007,trip_05536,trip_05535,360,,300,Outbound,0
2025-01-20,Orange,stop_008,trip_05537,trip_05536,390,,300,Inbound,1
2025-01-21,Red,stop_009,trip_05538,trip_05537,420,,300,Outbound,0
2025-01-22,Orange,stop_010,trip_05539,trip_05538,450,,300,Inbound,1
2025-01-23,Red,stop_011,trip_05540,trip_05539,480,,300,Outbound,0
2025-01-24,Orange,stop_012,trip_05541,trip_05540,510,,300,Inbound,1
2025-01-25,Red,stop_013,trip_05542,trip_05541,540,,300,Outbound,0
2025-01-26,Orange,stop_014,trip_05543,trip_05542,570,,300,Inbound,1
2025-01-27,Red,stop_015,trip_05544,trip_05543,240,,300,Outbound,0
2025-01-28,Orange,stop_016,trip_05545,trip_05544,270,,300,Inbound,1
2025-01-29,Red,stop_017,trip_05546,trip_05545,300,,300,Outbound,0
2025-01-30,Orange,stop_018,trip_05547,trip_05546,330,,300,Inbound,1
2025-01-31,Red,stop_019,trip_05548,trip_05547,360,,300,Outbound,0
2025-01-01,Orange,stop_020,trip_05549,trip_05548,390,,300,Inbound,1
2025-01-02,Red,stop_021,trip_05550,trip_05549,420,,300,Outbound,0
2025-01-03,Orange,stop_022,trip_05551,trip_05550,450,,300,Inbound,1
2025-01-04,Red,stop_023,trip_05552,trip_05551,480,,300,Outbound,0
2025-01-05,Orange,stop_024,trip_05553,trip_05552,510,,300,Inbound,1
2025-01-06,Red,stop_025,trip_05554,trip_05553,540,,300,Outbound,0
2025-01-07,Orange,stop_026,trip_05555,trip_05554,570,,300,Inbound,1
2025-01-08,Red,stop_027,trip_05556,trip_05555,240,,300,Outbound,0
2025-01-09,Orange,stop_028,trip_05557,trip_05556,270,,300,Inbound,1
2025-01-10,Red,stop_029,trip_05558,trip_05557,300,,300,Outbound,0
2025-01-11,Orange,stop_030,trip_05559,trip_05558,330,,300,Inbound,1
2025-01-12,Red,stop_031,trip_05560,trip_05559,360,,300,Outbound,0
2025-01-13,Orange,stop_032,trip_05561,trip_05560,390,,300,Inbound,1
2025-01-14,Red,stop_033,trip_05562,trip_05561,420,,300,Outbound,0
2025-01-15,Orange,stop_034,trip_05563,trip_05562,450,,300,Inbound,1
2025-01-16,Red,stop_035,trip_05564,trip_05563,480,,300,Outbound,0
2025-01-17,Orange,stop_001,trip_05565,trip_05564,510,,300,Inbound,1
2025-01-18,Red,stop_002,trip_05566,trip_05565,540,,300,Outbound,0
2025-01-19,Orange,stop_003,trip_05567,trip_05566,570,,300,Inbound,1
2025-01-20,Red,stop_004,trip_05568,trip_05567,240,,300,Outbound,0
2025-01-21,Orange,stop_005,trip_05569,trip_05568,270,,300,Inbound,1
2025-01-22,Red,stop_006,trip_05570,trip_05569,300,,300,Outbound,0
2025-01-23,Orange,stop_007,trip_05571,trip_05570,330,,300,Inbound,1
2025-01-24,Red,stop_008,trip_05572,trip_05571,360,,300,Outbound,0
2025-01-25,Orange,stop_009,trip_05573,trip_05572,390,,300,Inbound,1
2025-01-26,Red,stop_010,trip_05574,trip_05573,420,,300,Outbound,0
2025-01-27,Orange,stop_011,trip_05575,trip_05574,450,,300,Inbound,1
2025-01-28,Red,stop_012,trip_05576,trip_05575,480,,300,Outbound,0
2025-01-29,Orange,stop_013,trip_05577,trip_05576,510,,300,Inbound,1
2025-01-30,Red,stop_014,trip_05578,trip_05577,540,,300,Outbound,0
2025-01-31,Orange,stop_015,trip_05579,trip_05578,570,,300,Inbound,1
2025-01-01,Red,stop_016,trip_05580,trip_05579,240,,300,Outbound,0
2025-01-02,Orange,stop_017,trip_05581,trip_05580,270,,300,Inbound,1
2025-01-03,Red,stop_018,trip_05582,trip_05581,300,,300,Outbound,0
2025-01-04,Orange,stop_019,trip_05583,trip_05582,330,,300,Inbound,1
2025-01-05,Red,stop_020,trip_05584,trip_05583,360,,300,Outbound,0
2025-01-06,Orange,stop_021,trip_05585,trip_05584,390,,300,Inbound,1
2025-01-07,Red,stop_022,trip_05586,trip_05585,420,,300,Outbound,0
2025-01-08,Orange,stop_023,trip_05587,trip_05586,450,,300,Inbound,1
2025-01-09,Red,stop_024,trip_05588,trip_05587,480,,300,Outbound,0
2025-01-10,Orange,stop_025,trip_05589,trip_05588,510,,300,Inbound,1
2025-01-11,Red,stop_026,trip_05590,trip_05589,540,,300,Outbound,0
2025-01-12,Orange,stop_027,trip_05591,trip_05590,570,,300,Inbound,1
2025-01-13,Red,stop_028,trip_05592,trip_05591,240,,300,Outbound,0
2025-01-14,Orange,stop_029,trip_05593,trip_05592,270,,300,Inbound,1
2025-01-15,Red,stop_030,trip_05594,trip_05593,300,,300,Outbound,0
2025-01-16,Orange,stop_031,trip_05595,trip_05594,330,,300,Inbound,1
2025-01-17,Red,stop_032,trip_05596,trip_05595,360,,300,Outbound,0
2025-01-18,Orange,stop_033,trip_05597,trip_05596,390,,300,Inbound,1
2025-01-19,Red,stop_034,trip_05598,trip_05597,420,,300,Outbound,0
2025-01-20,Orange,stop_035,trip_05599,trip_05598,450,,300,Inbound,1
2025-01-21,Red,stop_001,trip_05600,trip_05599,480,,300,Outbound,0
2025-01-22,Orange,stop_002,trip_05601,trip_05600,510,,300,Inbound,1
2025-01-23,Red,stop_003,trip_05602,trip_05601,540,,300,Outbound,0
2025-01-24,Orange,stop_004,trip_05603,trip_05602,570,,300,Inbound,1
2025-01-25,Red,stop_005,trip_05604,trip_05603,240,,300,Outbound,0
2025-01-26,Orange,stop_006,trip_05605,trip_05604,270,,300,Inbound,1
2025-01-27,Red,stop_007,trip_05606,trip_05605,300,,300,Outbound,0
2025-01-28,Orange,stop_008,trip_05607,trip_05606,330,,300,Inbound,1
2025-01-29,Red,stop_009,trip_05608,trip_05607,360,,300,Outbound,0
2025-01-30,Orange,stop_010,trip_05609,trip_05608,390,,300,Inbound,1
2025-01-31,Red,stop_011,trip_05610,trip_05609,420,,300,Outbound,0
2025-01-01,Orange,stop_012,trip_05611,trip_05610,450,,300,Inbound,1
2025-01-02,Red,stop_013,trip_05612,trip_05611,480,,300,Outbound,0
2025-01-03,Orange,stop_014,trip_05613,trip_05612,510,,300,Inbound,1
2025-01-04,Red,stop_015,trip_05614,trip_05613,540,,300,Outbound,0
2025-01-05,Orange,stop_016,trip_05615,trip_05614,570,,300,Inbound,1
2025-01-06,Red,stop_017,trip_05616,trip_05615,240,,300,Outbound,0
2025-01-07,Orange,stop_018,trip_05617,trip_05616,270,,300,Inbound,1
2025-01-08,Red,stop_019,trip_05618,trip_05617,300,,300,Outbound,0
2025-01-09,Orange,stop_020,trip_05619,trip_05618,330,,300,Inbound,1
2025-01-10,Red,stop_021,trip_05620,trip_05619,360,,300,Outbound,0
2025-01-11,Orange,stop_022,trip_05621,trip_05620,390,,300,Inbound,1
2025-01-12,Red,stop_023,trip_05622,trip_05621,420,,300,Outbound,0
2025-01-13,Orange,stop_024,trip_05623,trip_05622,450,,300,Inbound,1
2025-01-14,Red,stop_025,trip_05624,trip_05623,480,,300,Outbound,0
2025-01-15,Orange,stop_026,trip_05625,trip_05624,510,,300,Inbound,1
2025-01-16,Red,stop_027,trip_05626,trip_05625,540,,300,Outbound,0
2025-01-17,Orange,stop_028,trip_05627,trip_05626,570,,300,Inbound,1
2025-01-18,Red,stop_029,trip_05628,trip_05627,240,,300,Outbound,0
2025-01-19,Orange,stop_030,trip_05629,trip_05628,270,,300,Inbound,1
2025-01-20,Red,stop_031,trip_05630,trip_05629,300,,300,Outbound,0
2025-01-21,Orange,stop_032,trip_05631,trip_05630,330,,300,Inbound,1
2025-01-22,Red,stop_033,trip_05632,trip_05631,360,,300,Outbound,0
2025-01-23,Orange,stop_034,trip_05633,trip_05632,390,,300,Inbound,1
2025-01-24,Red,stop_035,trip_05634,trip_05633,420,,300,Outbound,0
2025-01-25,Orange,stop_001,trip_05635,trip_05634,450,,300,Inbound,1
2025-01-26,Red,stop_002,trip_05636,trip_05635,480,,300,Outbound,0
2025-01-27,Orange,stop_003,trip_05637,trip_05636,510,,300,Inbound,1
2025-01-28,Red,stop_004,trip_05638,trip_05637,540,,300,Outbound,0
2025-01-29,Orange,stop_005,trip_05639,trip_05638,570,,300,Inbound,1
2025-01-30,Red,stop_006,trip_05640,trip_05639,240,,300,Outbound,0
2025-01-31,Orange,stop_007,trip_05641,trip_05640,270,,300,Inbound,1
2025-01-01,Red,stop_008,trip_05642,trip_05641,300,,300,Outbound,0
2025-01-02,Orange,stop_009,trip_05643,trip_05642,330,,300,Inbound,1
2025-01-03,Red,stop_010,trip_05644,trip_05643,360,,300,Outbound,0
2025-01-04,Orange,stop_011,trip_05645,trip_05644,390,,300,Inbound,1
2025-01-05,Red,stop_012,trip_05646,trip_05645,420,,300,Outbound,0
2025-01-06,Orange,stop_013,trip_05647,trip_05646,450,,300,Inbound,1
2025-01-07,Red,stop_014,trip_05648,trip_05647,480,,300,Outbound,0
2025-01-08,Orange,stop_015,trip_05649,trip_05648,510,,300,Inbound,1
2025-01-09,Red,stop_016,trip_05650,trip_05649,540,,300,Outbound,0
2025-01-10,Orange,stop_017,trip_05651,trip_05650,570,,300,Inbound,1
2025-01-11,Red,stop_018,trip_05652,trip_05651,240,,300,Outbound,0
2025-01-12,Orange,stop_019,trip_05653,trip_05652,270,,300,Inbound,1
2025-01-13,Red,stop_020,trip_05654,trip_05653,300,,300,Outbound,0
2025-01-14,Orange,stop_021,trip_05655,trip_05654,330,,300,Inbound,1
2025-01-15,Red,stop_022,trip_05656,trip_05655,360,,300,Outbound,0
2025-01-16,Orange,stop_023,trip_05657,trip_05656,390,,300,Inbound,1
2025-01-17,Red,stop_024,trip_05658,trip_05657,420,,300,Outbound,0
2025-01-18,Orange,stop_025,trip_05659,trip_05658,450,,300,Inbound,1
2025-01-19,Red,stop_026,trip_05660,trip_05659,480,,300,Outbound,0
2025-01-20,Orange,stop_027,trip_05661,trip_05660,510,,300,Inbound,1
2025-01-21,Red,stop_028,trip_05662,trip_05661,540,,300,Outbound,0
2025-01-22,Orange,stop_029,trip_05663,trip_05662,570,,300,Inbound,1
2025-01-23,Red,stop_030,trip_05664,trip_05663,240,,300,Outbound,0
2025-01-24,Orange,stop_031,trip_05665,trip_05664,270,,300,Inbound,1
2025-01-25,Red,stop_032,trip_05666,trip_05665,300,,300,Outbound,0
2025-01-26,Orange,stop_033,trip_05667,trip_05666,330,,300,Inbound,1
2025-01-27,Red,stop_034,trip_05668,trip_05667,360,,300,Outbound,0
2025-01-28,Orange,stop_035,trip_05669,trip_05668,390,,300,Inbound,1
2025-01-29,Red,stop_001,trip_05670,trip_05669,420,,300,Outbound,0
2025-01-30,Orange,stop_002,trip_05671,trip_05670,450,,300,Inbound,1
2025-01-31,Red,stop_003,trip_05672,trip_05671,480,,300,Outbound,0
2025-01-01,Orange,stop_004,trip_05673,trip_05672,510,,300,Inbound,1
2025-01-02,Red,stop_005,trip_05674,trip_05673,540,,300,Outbound,0
2025-01-03,Orange,stop_006,trip_05675,trip_05674,570,,300,Inbound,1
2025-01-04,Red,stop_007,trip_05676,trip_05675,240,,300,Outbound,0
2025-01-05,Orange,stop_008,trip_05677,trip_05676,270,,300,Inbound,1
2025-01-06,Red,stop_009,trip_05678,trip_05677,300,,300,Outbound,0
2025-01-07,Orange,stop_010,trip_05679,trip_05678,330,,300,Inbound,1
2025-01-08,Red,stop_011,trip_05680,trip_05679,360,,300,Outbound,0
2025-01-09,Orange,stop_012,trip_05681,trip_05680,390,,300,Inbound,1
2025-01-10,Red,stop_013,trip_05682,trip_05681,420,,300,Outbound,0
2025-01-11,Orange,stop_014,trip_05683,trip_05682,450,,300,Inbound,1
2025-01-12,Red,stop_015,trip_05684,trip_05683,480,,300,Outbound,0
2025-01-13,Orange,stop_016,trip_05685,trip_05684,510,,300,Inbound,1
2025-01-14,Red,stop_017,trip_05686,trip_05685,540,,300,Outbound,0
2025-01-15,Orange,stop_018,trip_05687,trip_05686,570,,300,Inbound,1
2025-01-16,Red,stop_019,trip_05688,trip_05687,240,,300,Outbound,0
2025-01-17,Orange,stop_020,trip_05689,trip_05688,270,,300,Inbound,1
2025-01-18,Red,stop_021,trip_05690,trip_05689,300,,300,Outbound,0
2025-01-19,Orange,stop_022,trip_05691,trip_05690,330,,300,Inbound,1
2025-01-20,Red,stop_023,trip_05692,trip_05691,360,,300,Outbound,0
2025-01-21,Orange,stop_024,trip_05693,trip_05692,390,,300,Inbound,1
2025-01-22,Red,stop_025,trip_05694,trip_05693,420,,300,Outbound,0
2025-01-23,Orange,stop_026,trip_05695,trip_05694,450,,300,Inbound,1
2025-01-24,Red,stop_027,trip_05696,trip_05695,480,,300,Outbound,0
2025-01-25,Orange,stop_028,trip_05697,trip_05696,510,,300,Inbound,1
2025-01-26,Red,stop_029,trip_05698,trip_05697,540,,300,Outbound,0
2025-01-27,Orange,stop_030,trip_05699,trip_05698,570,,300,Inbound,1
2025-01-28,Red,stop_031,trip_05700,trip_05699,240,,300,Outbound,0
2025-01-29,Orange,stop_032,trip_05701,trip_05700,270,,300,Inbound,1
2025-01-30,Red,stop_033,trip_05702,trip_05701,300,,300,Outbound,0
2025-01-31,Orange,stop_034,trip_05703,trip_05702,330,,300,Inbound,1
2025-01-01,Red,stop_035,trip_05704,trip_05703,360,,300,Outbound,0
2025-01-02,Orange,stop_001,trip_05705,trip_05704,390,,300,Inbound,1
2025-01-03,Red,stop_002,trip_05706,trip_05705,420,,300,Outbound,0
2025-01-04,Orange,stop_003,trip_05707,trip_05706,450,,300,Inbound,1
2025-01-05,Red,stop_004,trip_05708,trip_05707,480,,300,Outbound,0
2025-01-06,Orange,stop_005,trip_05709,trip_05708,510,,300,Inbound,1
2025-01-07,Red,stop_006,trip_05710,trip_05709,540,,300,Outbound,0
2025-01-08,Orange,stop_007,trip_05711,trip_05710,570,,300,Inbound,1
2025-01-09,Red,stop_008,trip_05712,trip_05711,240,,300,Outbound,0
2025-01-10,Orange,stop_009,trip_05713,trip_05712,270,,300,Inbound,1
2025-01-11,Red,stop_010,trip_05714,trip_05713,300,,300,Outbound,0
2025-01-12,Orange,stop_011,trip_05715,trip_05714,330,,300,Inbound,1
2025-01-13,Red,stop_012,trip_05716,trip_05715,360,,300,Outbound,0
2025-01-14,Orange,stop_013,trip_05717,trip_05716,390,,300,Inbound,1
2025-01-15,Red,stop_014,trip_05718,trip_05717,420,,300,Outbound,0
2025-01-16,Orange,stop_015,trip_05719,trip_05718,450,,300,Inbound,1
2025-01-17,Red,stop_016,trip_05720,trip_05719,480,,300,Outbound,0
2025-01-18,Orange,stop_017,trip_05721,trip_05720,510,,300,Inbound,1
2025-01-19,Red,stop_018,trip_05722,trip_05721,540,,300,Outbound,0
2025-01-20,Orange,stop_019,trip_05723,trip_05722,570,,300,Inbound,1
2025-01-21,Red,stop_020,trip_05724,trip_05723,240,,300,Outbound,0
2025-01-22,Orange,stop_021,trip_05725,trip_05724,270,,300,Inbound,1
2025-01-23,Red,stop_022,trip_05726,trip_05725,300,,300,Outbound,0
2025-01-24,Orange,stop_023,trip_05727,trip_05726,330,,300,Inbound,1
2025-01-25,Red,stop_024,trip_05728,trip_05727,360,,300,Outbound,0
2025-01-26,Orange,stop_025,trip_05729,trip_05728,390,,300,Inbound,1
2025-01-27,Red,stop_026,trip_05730,trip_05729,420,,300,Outbound,0
2025-01-28,Orange,stop_027,trip_05731,trip_05730,450,,300,Inbound,1
2025-01-29,Red,stop_028,trip_05732,trip_05731,480,,300,Outbound,0
2025-01-30,Orange,stop_029,trip_05733,trip_05732,510,,300,Inbound,1
2025-01-31,Red,stop_030,trip_05734,trip_05733,540,,300,Outbound,0
2025-01-01,Orange,stop_031,trip_05735,trip_05734,570,,300,Inbound,1
2025-01-02,Red,stop_032,trip_05736,trip_05735,240,,300,Outbound,0
2025-01-03,Orange,stop_033,trip_05737,trip_05736,270,,300,Inbound,1
2025-01-04,Red,stop_034,trip_05738,trip_05737,300,,300,Outbound,0
2025-01-05,Orange,stop_035,trip_05739,trip_05738,330,,300,Inbound,1
2025-01-06,Red,stop_001,trip_05740,trip_05739,360,,300,Outbound,0
2025-01-07,Orange,stop_002,trip_05741,trip_05740,390,,300,Inbound,1
2025-01-08,Red,stop_003,trip_05742,trip_05741,420,,300,Outbound,0
2025-01-09,Orange,stop_004,trip_05743,trip_05742,450,,300,Inbound,1
2025-01-10,Red,stop_005,trip_05744,trip_05743,480,,300,Outbound,0
2025-01-11,Orange,stop_006,trip_05745,trip_05744,510,,300,Inbound,1
2025-01-12,Red,stop_007,trip_05746,trip_05745,540,,300,Outbound,0
2025-01-13,Orange,stop_008,trip_05747,trip_05746,570,,300,Inbound,1
2025-01-14,Red,stop_009,trip_05748,trip_05747,240,,300,Outbound,0
2025-01-15,Orange,stop_010,trip_05749,trip_05748,270,,300,Inbound,1
2025-01-16,Red,stop_011,trip_05750,trip_05749,300,,300,Outbound,0
2025-01-17,Orange,stop_012,trip_05751,trip_05750,330,,300,Inbound,1
2025-01-18,Red,stop_013,trip_05752,trip_05751,360,,300,Outbound,0
2025-01-19,Orange,stop_014,trip_05753,trip_05752,390,,300,Inbound,1
2025-01-20,Red,stop_015,trip_05754,trip_05753,420,,300,Outbound,0
2025-01-21,Orange,stop_016,trip_05755,trip_05754,450,,300,Inbound,1
2025-01-22,Red,stop_017,trip_05756,trip_05755,480,,300,Outbound,0
2025-01-23,Orange,stop_018,trip_05757,trip_05756,510,,300,Inbound,1
2025-01-24,Red,stop_019,trip_05758,trip_05757,540,,300,Outbound,0
2025-01-25,Orange,stop_020,trip_05759,trip_05758,570,,300,Inbound,1
2025-01-26,Red,stop_021,trip_05760,trip_05759,240,,300,Outbound,0
2025-01-27,Orange,stop_022,trip_05761,trip_05760,270,,300,Inbound,1
2025-01-28,Red,stop_023,trip_05762,trip_05761,300,,300,Outbound,0
2025-01-29,Orange,stop_024,trip_05763,trip_05762,330,,300,Inbound,1
2025-01-30,Red,stop_025,trip_05764,trip_05763,360,,300,Outbound,0
2025-01-31,Orange,stop_026,trip_05765,trip_05764,390,,300,Inbound,1
2025-01-01,Red,stop_027,trip_05766,trip_05765,420,,300,Outbound,0
2025-01-02,Orange,stop_028,trip_05767,trip_05766,450,,300,Inbound,1
2025-01-03,Red,stop_029,trip_05768,trip_05767,480,,300,Outbound,0
2025-01-04,Orange,stop_030,trip_05769,trip_05768,510,,300,Inbound,1
2025-01-05,Red,stop_031,trip_05770,trip_05769,540,,300,Outbound,0
2025-01-06,Orange,stop_032,trip_05771,trip_05770,570,,300,Inbound,1
2025-01-07,Red,stop_033,trip_05772,trip_05771,240,,300,Outbound,0
2025-01-08,Orange,stop_034,trip_05773,trip_05772,270,,300,Inbound,1
2025-01-09,Red,stop_035,trip_05774,trip_05773,300,,300,Outbound,0
2025-01-10,Orange,stop_001,trip_05775,trip_05774,330,,300,Inbound,1
2025-01-11,Red,stop_002,trip_05776,trip_05775,360,,300,Outbound,0
2025-01-12,Orange,stop_003,trip_05777,trip_05776,390,,300,Inbound,1
2025-01-13,Red,stop_004,trip_05778,trip_05777,420,,300,Outbound,0
2025-01-14,Orange,stop_005,trip_05779,trip_05778,450,,300,Inbound,1
2025-01-15,Red,stop_006,trip_05780,trip_05779,480,,300,Outbound,0
2025-01-16,Orange,stop_007,trip_05781,trip_05780,510,,300,Inbound,1
2025-01-17,Red,stop_008,trip_05782,trip_05781,540,,300,Outbound,0
2025-01-18,Orange,stop_009,trip_05783,trip_05782,570,,300,Inbound,1
2025-01-19,Red,stop_010,trip_05784,trip_05783,240,,300,Outbound,0
2025-01-20,Orange,stop_011,trip_05785,trip_05784,270,,300,Inbound,1
2025-01-21,Red,stop_012,trip_05786,trip_05785,300,,300,Outbound,0
2025-01-22,Orange,stop_013,trip_05787,trip_05786,330,,300,Inbound,1
2025-01-23,Red,stop_014,trip_05788,trip_05787,360,,300,Outbound,0
2025-01-24,Orange,stop_015,trip_05789,trip_05788,390,,300,Inbound,1
2025-01-25,Red,stop_016,trip_05790,trip_05789,420,,300,Outbound,0
2025-01-26,Orange,stop_017,trip_05791,trip_05790,450,,300,Inbound,1
2025-01-27,Red,stop_018,trip_05792,trip_05791,480,,300,Outbound,0
2025-01-28,Orange,stop_019,trip_05793,trip_05792,510,,300,Inbound,1
2025-01-29,Red,stop_020,trip_05794,trip_05793,540,,300,Outbound,0
2025-01-30,Orange,stop_021,trip_05795,trip_05794,570,,300,Inbound,1
2025-01-31,Red,stop_022,trip_05796,trip_05795,240,,300,Outbound,0
2025-01-01,Orange,stop_023,trip_05797,trip_05796,270,,300,Inbound,1
2025-01-02,Red,stop_024,trip_05798,trip_05797,300,,300,Outbound,0
2025-01-03,Orange,stop_025,trip_05799,trip_05798,330,,300,Inbound,1
2025-01-04,Red,stop_026,trip_05800,trip_05799,360,,300,Outbound,0
2025-01-05,Orange,stop_027,trip_05801,trip_05800,390,,300,Inbound,1
2025-01-06,Red,stop_028,trip_05802,trip_05801,420,,300,Outbound,0
2025-01-07,Orange,stop_029,trip_05803,trip_05802,450,,300,Inbound,1
2025-01-08,Red,stop_030,trip_05804,trip_05803,480,,300,Outbound,0
2025-01-09,Orange,stop_031,trip_05805,trip_05804,510,,300,Inbound,1
2025-01-10,Red,stop_032,trip_05806,trip_05805,540,,300,Outbound,0
2025-01-11,Orange,stop_033,trip_05807,trip_05806,570,,300,Inbound,1
2025-01-12,Red,stop_034,trip_05808,trip_05807,240,,300,Outbound,0
2025-01-13,Orange,stop_035,trip_05809,trip_05808,270,,300,Inbound,1
2025-01-14,Red,stop_001,trip_05810,trip_05809,300,,300,Outbound,0
2025-01-15,Orange,stop_002,trip_05811,trip_05810,330,,300,Inbound,1
2025-01-16,Red,stop_003,trip_05812,trip_05811,360,,300,Outbound,0
2025-01-17,Orange,stop_004,trip_05813,trip_05812,390,,300,Inbound,1
2025-01-18,Red,stop_005,trip_05814,trip_05813,420,,300,Outbound,0
2025-01-19,Orange,stop_006,trip_05815,trip_05814,450,,300,Inbound,1
2025-01-20,Red,stop_007,trip_05816,trip_05815,480,,300,Outbound,0
2025-01-21,Orange,stop_008,trip_05817,trip_05816,510,,300,Inbound,1
2025-01-22,Red,stop_009,trip_05818,trip_05817,540,,300,Outbound,0
2025-01-23,Orange,stop_010,trip_05819,trip_05818,570,,300,Inbound,1
2025-01-24,Red,stop_011,trip_05820,trip_05819,240,,300,Outbound,0
2025-01-25,Orange,stop_012,trip_05821,trip_05820,270,,300,Inbound,1
2025-01-26,Red,stop_013,trip_05822,trip_05821,300,,300,Outbound,0
2025-01-27,Orange,stop_014,trip_05823,trip_05822,330,,300,Inbound,1
2025-01-28,Red,stop_015,trip_05824,trip_05823,360,,300,Outbound,0
2025-01-29,Orange,stop_016,trip_05825,trip_05824,390,,300,Inbound,1
2025-01-30,Red,stop_017,trip_05826,trip_05825,420,,300,Outbound,0
2025-01-31,Orange,stop_018,trip_05827,trip_05826,450,,300,Inbound,1
2025-01-01,Red,stop_019,trip_05828,trip_05827,480,,300,Outbound,0
2025-01-02,Orange,stop_020,trip_05829,trip_05828,510,,300,Inbound,1
2025-01-03,Red,stop_021,trip_05830,trip_05829,540,,300,Outbound,0
2025-01-04,Orange,stop_022,trip_05831,trip_05830,570,,300,Inbound,1
2025-01-05,Red,stop_023,trip_05832,trip_05831,240,,300,Outbound,0
2025-01-06,Orange,stop_024,trip_05833,trip_05832,270,,300,Inbound,1
2025-01-07,Red,stop_025,trip_05834,trip_05833,300,,300,Outbound,0
2025-01-08,Orange,stop_026,trip_05835,trip_05834,330,,300,Inbound,1
2025-01-09,Red,stop_027,trip_05836,trip_05835,360,,300,Outbound,0
2025-01-10,Orange,stop_028,trip_05837,trip_05836,390,,300,Inbound,1
2025-01-11,Red,stop_029,trip_05838,trip_05837,420,,300,Outbound,0
2025-01-12,Orange,stop_030,trip_05839,trip_05838,450,,300,Inbound,1
2025-01-13,Red,stop_031,trip_05840,trip_05839,480,,300,Outbound,0
2025-01-14,Orange,stop_032,trip_05841,trip_05840,510,,300,Inbound,1
2025-01-15,Red,stop_033,trip_05842,trip_05841,540,,300,Outbound,0
2025-01-16,Orange,stop_034,trip_05843,trip_05842,570,,300,Inbound,1
2025-01-17,Red,stop_035,trip_05844,trip_05843,240,,300,Outbound,0
2025-01-18,Orange,stop_001,trip_05845,trip_05844,270,,300,Inbound,1
2025-01-19,Red,stop_002,trip_05846,trip_05845,300,,300,Outbound,0
2025-01-20,Orange,stop_003,trip_05847,trip_05846,330,,300,Inbound,1
2025-01-21,Red,stop_004,trip_05848,trip_05847,360,,300,Outbound,0
2025-01-22,Orange,stop_005,trip_05849,trip_05848,390,,300,Inbound,1
2025-01-23,Red,stop_006,trip_05850,trip_05849,420,,300,Outbound,0
2025-01-24,Orange,stop_007,trip_05851,trip_05850,450,,300,Inbound,1
2025-01-25,Red,stop_008,trip_05852,trip_05851,480,,300,Outbound,0
2025-01-26,Orange,stop_009,trip_05853,trip_05852,510,,300,Inbound,1
2025-01-27,Red,stop_010,trip_05854,trip_05853,540,,300,Outbound,0
2025-01-28,Orange,stop_011,trip_05855,trip_05854,570,,300,Inbound,1
2025-01-29,Red,stop_012,trip_05856,trip_05855,240,,300,Outbound,0
2025-01-30,Orange,stop_013,trip_05857,trip_05856,270,,300,Inbound,1
2025-01-31,Red,stop_014,trip_05858,trip_05857,300,,300,Outbound,0
2025-01-01,Orange,stop_015,trip_05859,trip_05858,330,,300,Inbound,1
2025-01-02,Red,stop_016,trip_05860,trip_05859,360,,300,Outbound,0
2025-01-03,Orange,stop_017,trip_05861,trip_05860,390,,300,Inbound,1
2025-01-04,Red,stop_018,trip_05862,trip_05861,420,,300,Outbound,0
2025-01-05,Orange,stop_019,trip_05863,trip_05862,450,,300,Inbound,1
2025-01-06,Red,stop_020,trip_05864,trip_05863,480,,300,Outbound,0
2025-01-07,Orange,stop_021,trip_05865,trip_05864,510,,300,Inbound,1
2025-01-08,Red,stop_022,trip_05866,trip_05865,540,,300,Outbound,0
2025-01-09,Orange,stop_023,trip_05867,trip_05866,570,,300,Inbound,1
2025-01-10,Red,stop_024,trip_05868,trip_05867,240,,300,Outbound,0
2025-01-11,Orange,stop_025,trip_05869,trip_05868,270,,300,Inbound,1
2025-01-12,Red,stop_026,trip_05870,trip_05869,300,,300,Outbound,0
2025-01-13,Orange,stop_027,trip_05871,trip_05870,330,,300,Inbound,1
2025-01-14,Red,stop_028,trip_05872,trip_05871,360,,300,Outbound,0
2025-01-15,Orange,stop_029,trip_05873,trip_05872,390,,300,Inbound,1
2025-01-16,Red,stop_030,trip_05874,trip_05873,420,,300,Outbound,0
2025-01-17,Orange,stop_031,trip_05875,trip_05874,450,,300,Inbound,1
2025-01-18,Red,stop_032,trip_05876,trip_05875,480,,300,Outbound,0
2025-01-19,Orange,stop_033,trip_05877,trip_05876,510,,300,Inbound,1
2025-01-20,Red,stop_034,trip_05878,trip_05877,540,,300,Outbound,0
2025-01-21,Orange,stop_035,trip_05879,trip_05878,570,,300,Inbound,1
2025-01-22,Red,stop_001,trip_05880,trip_05879,240,,300,Outbound,0
2025-01-23,Orange,stop_002,trip_05881,trip_05880,270,,300,Inbound,1
2025-01-24,Red,stop_003,trip_05882,trip_05881,300,,300,Outbound,0
2025-01-25,Orange,stop_004,trip_05883,trip_05882,330,,300,Inbound,1
2025-01-26,Red,stop_005,trip_05884,trip_05883,360,,300,Outbound,0
2025-01-27,Orange,stop_006,trip_05885,trip_05884,390,,300,Inbound,1
2025-01-28,Red,stop_007,trip_05886,trip_05885,420,,300,Outbound,0
2025-01-29,Orange,stop_008,trip_05887,trip_05886,450,,300,Inbound,1
2025-01-30,Red,stop_009,trip_05888,trip_05887,480,,300,Outbound,0
2025-01-31,Orange,stop_010,trip_05889,trip_05888,510,,300,Inbound,1
2025-01-01,Red,stop_011,trip_05890,trip_05889,540,,300,Outbound,0
2025-01-02,Orange,stop_012,trip_05891,trip_05890,570,,300,Inbound,1
2025-01-03,Red,stop_013,trip_05892,trip_05891,240,,300,Outbound,0
2025-01-04,Orange,stop_014,trip_05893,trip_05892,270,,300,Inbound,1
2025-01-05,Red,stop_015,trip_05894,trip_05893,300,,300,Outbound,0
2025-01-06,Orange,stop_016,trip_05895,trip_05894,330,,300,Inbound,1
2025-01-07,Red,stop_017,trip_05896,trip_05895,360,,300,Outbound,0
2025-01-08,Orange,stop_018,trip_05897,trip_05896,390,,300,Inbound,1
2025-01-09,Red,stop_019,trip_05898,trip_05897,420,,300,Outbound,0
2025-01-10,Orange,stop_020,trip_05899,trip_05898,450,,300,Inbound,1
2025-01-11,Red,stop_021,trip_05900,trip_05899,480,,300,Outbound,0
2025-01-12,Orange,stop_022,trip_05901,trip_05900,510,,300,Inbound,1
2025-01-13,Red,stop_023,trip_05902,trip_05901,540,,300,Outbound,0
2025-01-14,Orange,stop_024,trip_05903,trip_05902,570,,300,Inbound,1
2025-01-15,Red,stop_025,trip_05904,trip_05903,240,,300,Outbound,0
2025-01-16,Orange,stop_026,trip_05905,trip_05904,270,,300,Inbound,1
2025-01-17,Red,stop_027,trip_05906,trip_05905,300,,300,Outbound,0
2025-01-18,Orange,stop_028,trip_05907,trip_05906,330,,300,Inbound,1
2025-01-19,Red,stop_029,trip_05908,trip_05907,360,,300,Outbound,0
2025-01-20,Orange,stop_030,trip_05909,trip_05908,390,,300,Inbound,1
2025-01-21,Red,stop_031,trip_05910,trip_05909,420,,300,Outbound,0
2025-01-22,Orange,stop_032,trip_05911,trip_05910,450,,300,Inbound,1
2025-01-23,Red,stop_033,trip_05912,trip_05911,480,,300,Outbound,0
2025-01-24,Orange,stop_034,trip_05913,trip_05912,510,,300,Inbound,1
2025-01-25,Red,stop_035,trip_05914,trip_05913,540,,300,Outbound,0
2025-01-26,Orange,stop_001,trip_05915,trip_05914,570,,300,Inbound,1
2025-01-27,Red,stop_002,trip_05916,trip_05915,240,,300,Outbound,0
2025-01-28,Orange,stop_003,trip_05917,trip_05916,270,,300,Inbound,1
2025-01-29,Red,stop_004,trip_05918,trip_05917,300,,300,Outbound,0
2025-01-30,Orange,stop_005,trip_05919,trip_05918,330,,300,Inbound,1
2025-01-31,Red,stop_006,trip_05920,trip_05919,360,,300,Outbound,0
2025-01-01,Orange,stop_007,trip_05921,trip_05920,390,,300,Inbound,1
2025-01-02,Red,stop_008,trip_05922,trip_05921,420,,300,Outbound,0
2025-01-03,Orange,stop_009,trip_05923,trip_05922,450,,300,Inbound,1
2025-01-04,Red,stop_010,trip_05924,trip_05923,480,,300,Outbound,0
2025-01-05,Orange,stop_011,trip_05925,trip_05924,510,,300,Inbound,1
2025-01-06,Red,stop_012,trip_05926,trip_05925,540,,300,Outbound,0
2025-01-07,Orange,stop_013,trip_05927,trip_05926,570,,300,Inbound,1
2025-01-08,Red,stop_014,trip_05928,trip_05927,240,,300,Outbound,0
2025-01-09,Orange,stop_015,trip_05929,trip_05928,270,,300,Inbound,1
2025-01-10,Red,stop_016,trip_05930,trip_05929,300,,300,Outbound,0
2025-01-11,Orange,stop_017,trip_05931,trip_05930,330,,300,Inbound,1
2025-01-12,Red,stop_018,trip_05932,trip_05931,360,,300,Outbound,0
2025-01-13,Orange,stop_019,trip_05933,trip_05932,390,,300,Inbound,1
2025-01-14,Red,stop_020,trip_05934,trip_05933,420,,300,Outbound,0
2025-01-15,Orange,stop_021,trip_05935,trip_05934,450,,300,Inbound,1
2025-01-16,Red,stop_022,trip_05936,trip_05935,480,,300,Outbound,0
2025-01-17,Orange,stop_023,trip_05937,trip_05936,510,,300,Inbound,1
2025-01-18,Red,stop_024,trip_05938,trip_05937,540,,300,Outbound,0
2025-01-19,Orange,stop_025,trip_05939,trip_05938,570,,300,Inbound,1
2025-01-20,Red,stop_026,trip_05940,trip_05939,240,,300,Outbound,0
2025-01-21,Orange,stop_027,trip_05941,trip_05940,270,,300,Inbound,1
2025-01-22,Red,stop_028,trip_05942,trip_05941,300,,300,Outbound,0
2025-01-23,Orange,stop_029,trip_05943,trip_05942,330,,300,Inbound,1
2025-01-24,Red,stop_030,trip_05944,trip_05943,360,,300,Outbound,0
2025-01-25,Orange,stop_031,trip_05945,trip_05944,390,,300,Inbound,1
2025-01-26,Red,stop_032,trip_05946,trip_05945,420,,300,Outbound,0
2025-01-27,Orange,stop_033,trip_05947,trip_05946,450,,300,Inbound,1
2025-01-28,Red,stop_034,trip_05948,trip_05947,480,,300,Outbound,0
2025-01-29,Orange,stop_035,trip_05949,trip_05948,510,,300,Inbound,1
2025-01-30,Red,stop_001,trip_05950,trip_05949,540,,300,Outbound,0
2025-01-31,Orange,stop_002,trip_05951,trip_05950,570,,300,Inbound,1
2025-01-01,Red,stop_003,trip_05952,trip_05951,240,,300,Outbound,0
2025-01-02,Orange,stop_004,trip_05953,trip_05952,270,,300,Inbound,1
2025-01-03,Red,stop_005,trip_05954,trip_05953,300,,300,Outbound,0
2025-01-04,Orange,stop_006,trip_05955,trip_05954,330,,300,Inbound,1
2025-01-05,Red,stop_007,trip_05956,trip_05955,360,,300,Outbound,0
2025-01-06,Orange,stop_008,trip_05957,trip_05956,390,,300,Inbound,1
2025-01-07,Red,stop_009,trip_05958,trip_05957,420,,300,Outbound,0
2025-01-08,Orange,stop_010,trip_05959,trip_05958,450,,300,Inbound,1
2025-01-09,Red,stop_011,trip_05960,trip_05959,480,,300,Outbound,0
2025-01-10,Orange,stop_012,trip_05961,trip_05960,510,,300,Inbound,1
2025-01-11,Red,stop_013,trip_05962,trip_05961,540,,300,Outbound,0
2025-01-12,Orange,stop_014,trip_05963,trip_05962,570,,300,Inbound,1
2025-01-13,Red,stop_015,trip_05964,trip_05963,240,,300,Outbound,0
2025-01-14,Orange,stop_016,trip_05965,trip_05964,270,,300,Inbound,1
2025-01-15,Red,stop_017,trip_05966,trip_05965,300,,300,Outbound,0
2025-01-16,Orange,stop_018,trip_05967,trip_05966,330,,300,Inbound,1
2025-01-17,Red,stop_019,trip_05968,trip_05967,360,,300,Outbound,0
2025-01-18,Orange,stop_020,trip_05969,trip_05968,390,,300,Inbound,1
2025-01-19,Red,stop_021,trip_05970,trip_05969,420,,300,Outbound,0
2025-01-20,Orange,stop_022,trip_05971,trip_05970,450,,300,Inbound,1
2025-01-21,Red,stop_023,trip_05972,trip_05971,480,,300,Outbound,0
2025-01-22,Orange,stop_024,trip_05973,trip_05972,510,,300,Inbound,1
2025-01-23,Red,stop_025,trip_05974,trip_05973,540,,300,Outbound,0
2025-01-24,Orange,stop_026,trip_05975,trip_05974,570,,300,Inbound,1
2025-01-25,Red,stop_027,trip_05976,trip_05975,240,,300,Outbound,0
2025-01-26,Orange,stop_028,trip_05977,trip_05976,270,,300,Inbound,1
2025-01-27,Red,stop_029,trip_05978,trip_05977,300,,300,Outbound,0
2025-01-28,Orange,stop_030,trip_05979,trip_05978,330,,300,Inbound,1
2025-01-29,Red,stop_031,trip_05980,trip_05979,360,,300,Outbound,0
2025-01-30,Orange,stop_032,trip_05981,trip_05980,390,,300,Inbound,1
2025-01-31,Red,stop_033,trip_05982,trip_05981,420,,300,Outbound,0
2025-01-01,Orange,stop_034,trip_05983,trip_05982,450,,300,Inbound,1
2025-01-02,Red,stop_035,trip_05984,trip_05983,480,,300,Outbound,0
2025-01-03,Orange,stop_001,trip_05985,trip_05984,510,,300,Inbound,1
2025-01-04,Red,stop_002,trip_05986,trip_05985,540,,300,Outbound,0
2025-01-05,Orange,stop_003,trip_05987,trip_05986,570,,300,Inbound,1
2025-01-06,Red,stop_004,trip_05988,trip_05987,240,,300,Outbound,0
2025-01-07,Orange,stop_005,trip_05989,trip_05988,270,,300,Inbound,1
2025-01-08,Red,stop_006,trip_05990,trip_05989,300,,300,Outbound,0
2025-01-09,Orange,stop_007,trip_05991,trip_05990,330,,300,Inbound,1
2025-01-10,Red,stop_008,trip_05992,trip_05991,360,,300,Outbound,0
2025-01-11,Orange,stop_009,trip_05993,trip_05992,390,,300,Inbound,1
2025-01-12,Red,stop_010,trip_05994,trip_05993,420,,300,Outbound,0
2025-01-13,Orange,stop_011,trip_05995,trip_05994,450,,300,Inbound,1
2025-01-14,Red,stop_012,trip_05996,trip_05995,480,,300,Outbound,0
2025-01-15,Orange,stop_013,trip_05997,trip_05996,510,,300,Inbound,1
2025-01-16,Red,stop_014,trip_05998,trip_05997,540,,300,Outbound,0
2025-01-17,Orange,stop_015,trip_05999,trip_05998,570,,300,Inbound,1
2025-01-18,Red,stop_016,trip_06000,trip_05999,240,,300,Outbound,0
2025-01-19,Orange,stop_017,trip_06001,trip_06000,270,,300,Inbound,1
2025-01-20,Red,stop_018,trip_06002,trip_06001,300,,300,Outbound,0
2025-01-21,Orange,stop_019,trip_06003,trip_06002,330,,300,Inbound,1
2025-01-22,Red,stop_020,trip_06004,trip_06003,360,,300,Outbound,0
2025-01-23,Orange,stop_021,trip_06005,trip_06004,390,,300,Inbound,1
2025-01-24,Red,stop_022,trip_06006,trip_06005,420,,300,Outbound,0
2025-01-25,Orange,stop_023,trip_06007,trip_06006,450,,300,Inbound,1
2025-01-26,Red,stop_024,trip_06008,trip_06007,480,,300,Outbound,0
2025-01-27,Orange,stop_025,trip_06009,trip_06008,510,,300,Inbound,1
2025-01-28,Red,stop_026,trip_06010,trip_06009,540,,300,Outbound,0
2025-01-29,Orange,stop_027,trip_06011,trip_06010,570,,300,Inbound,1
2025-01-30,Red,stop_028,trip_06012,trip_06011,240,,300,Outbound,0
2025-01-31,Orange,stop_029,trip_06013,trip_06012,270,,300,Inbound,1
2025-01-01,Red,stop_030,trip_06014,trip_06013,300,,300,Outbound,0
2025-01-02,Orange,stop_031,trip_06015,trip_06014,330,,300,Inbound,1
2025-01-03,Red,stop_032,trip_06016,trip_06015,360,,300,Outbound,0
2025-01-04,Orange,stop_033,trip_06017,trip_06016,390,,300,Inbound,1
2025-01-05,Red,stop_034,trip_06018,trip_06017,420,,300,Outbound,0
2025-01-06,Orange,stop_035,trip_06019,trip_06018,450,,300,Inbound,1
2025-01-07,Red,stop_001,trip_06020,trip_06019,480,,300,Outbound,0
2025-01-08,Orange,stop_002,trip_06021,trip_06020,510,,300,Inbound,1
2025-01-09,Red,stop_003,trip_06022,trip_06021,540,,300,Outbound,0
2025-01-10,Orange,stop_004,trip_06023,trip_06022,570,,300,Inbound,1
2025-01-11,Red,stop_005,trip_06024,trip_06023,240,,300,Outbound,0
2025-01-12,Orange,stop_006,trip_06025,trip_06024,270,,300,Inbound,1
2025-01-13,Red,stop_007,trip_06026,trip_06025,300,,300,Outbound,0
2025-01-14,Orange,stop_008,trip_06027,trip_06026,330,,300,Inbound,1
2025-01-15,Red,stop_009,trip_06028,trip_06027,360,,300,Outbound,0
2025-01-16,Orange,stop_010,trip_06029,trip_06028,390,,300,Inbound,1
2025-01-17,Red,stop_011,trip_06030,trip_06029,420,,300,Outbound,0
2025-01-18,Orange,stop_012,trip_06031,trip_06030,450,,300,Inbound,1
2025-01-19,Red,stop_013,trip_06032,trip_06031,480,,300,Outbound,0
2025-01-20,Orange,stop_014,trip_06033,trip_06032,510,,300,Inbound,1
2025-01-21,Red,stop_015,trip_06034,trip_06033,540,,300,Outbound,0
2025-01-22,Orange,stop_016,trip_06035,trip_06034,570,,300,Inbound,1
2025-01-23,Red,stop_017,trip_06036,trip_06035,240,,300,Outbound,0
2025-01-24,Orange,stop_018,trip_06037,trip_06036,270,,300,Inbound,1
2025-01-25,Red,stop_019,trip_06038,trip_06037,300,,300,Outbound,0
2025-01-26,Orange,stop_020,trip_06039,trip_06038,330,,300,Inbound,1
2025-01-27,Red,stop_021,trip_06040,trip_06039,360,,300,Outbound,0
2025-01-28,Orange,stop_022,trip_06041,trip_06040,390,,300,Inbound,1
2025-01-29,Red,stop_023,trip_06042,trip_06041,420,,300,Outbound,0
2025-01-30,Orange,stop_024,trip_06043,trip_06042,450,,300,Inbound,1
2025-01-31,Red,stop_025,trip_06044,trip_06043,480,,300,Outbound,0
2025-01-01,Orange,stop_026,trip_06045,trip_06044,510,,300,Inbound,1
2025-01-02,Red,stop_027,trip_06046,trip_06045,540,,300,Outbound,0
2025-01-03,Orange,stop_028,trip_06047,trip_06046,570,,300,Inbound,1
2025-01-04,Red,stop_029,trip_06048,trip_06047,240,,300,Outbound,0
2025-01-05,Orange,stop_030,trip_06049,trip_06048,270,,300,Inbound,1
2025-01-06,Red,stop_031,trip_06050,trip_06049,300,,300,Outbound,0
2025-01-07,Orange,stop_032,trip_06051,trip_06050,330,,300,Inbound,1
2025-01-08,Red,stop_033,trip_06052,trip_06051,360,,300,Outbound,0
2025-01-09,Orange,stop_034,trip_06053,trip_06052,390,,300,Inbound,1
2025-01-10,Red,stop_035,trip_06054,trip_06053,420,,300,Outbound,0
2025-01-11,Orange,stop_001,trip_06055,trip_06054,450,,300,Inbound,1
2025-01-12,Red,stop_002,trip_06056,trip_06055,480,,300,Outbound,0
2025-01-13,Orange,stop_003,trip_06057,trip_06056,510,,300,Inbound,1
2025-01-14,Red,stop_004,trip_06058,trip_06057,540,,300,Outbound,0
2025-01-15,Orange,stop_005,trip_06059,trip_06058,570,,300,Inbound,1
2025-01-16,Red,stop_006,trip_06060,trip_06059,240,,300,Outbound,0
2025-01-17,Orange,stop_007,trip_06061,trip_06060,270,,300,Inbound,1
2025-01-18,Red,stop_008,trip_06062,trip_06061,300,,300,Outbound,0
2025-01-19,Orange,stop_009,trip_06063,trip_06062,330,,300,Inbound,1
2025-01-20,Red,stop_010,trip_06064,trip_06063,360,,300,Outbound,0
2025-01-21,Orange,stop_011,trip_06065,trip_06064,390,,300,Inbound,1
2025-01-22,Red,stop_012,trip_06066,trip_06065,420,,300,Outbound,0
2025-01-23,Orange,stop_013,trip_06067,trip_06066,450,,300,Inbound,1
2025-01-24,Red,stop_014,trip_06068,trip_06067,480,,300,Outbound,0
2025-01-25,Orange,stop_015,trip_06069,trip_06068,510,,300,Inbound,1
2025-01-26,Red,stop_016,trip_06070,trip_06069,540,,300,Outbound,0
2025-01-27,Orange,stop_017,trip_06071,trip_06070,570,,300,Inbound,1
2025-01-28,Red,stop_018,trip_06072,trip_06071,240,,300,Outbound,0
2025-01-29,Orange,stop_019,trip_06073,trip_06072,270,,300,Inbound,1
2025-01-30,Red,stop_020,trip_06074,trip_06073,300,,300,Outbound,0
2025-01-31,Orange,stop_021,trip_06075,trip_06074,330,,300,Inbound,1
2025-01-01,Red,stop_022,trip_06076,trip_06075,360,,300,Outbound,0
2025-01-02,Orange,stop_023,trip_06077,trip_06076,390,,300,Inbound,1
2025-01-03,Red,stop_024,trip_06078,trip_06077,420,,300,Outbound,0
2025-01-04,Orange,stop_025,trip_06079,trip_06078,450,,300,Inbound,1
2025-01-05,Red,stop_026,trip_06080,trip_06079,480,,300,Outbound,0
2025-01-06,Orange,stop_027,trip_06081,trip_06080,510,,300,Inbound,1
2025-01-07,Red,stop_028,trip_06082,trip_06081,540,,300,Outbound,0
2025-01-08,Orange,stop_029,trip_06083,trip_06082,570,,300,Inbound,1
2025-01-09,Red,stop_030,trip_06084,trip_06083,240,,300,Outbound,0
2025-01-10,Orange,stop_031,trip_06085,trip_06084,270,,300,Inbound,1
2025-01-11,Red,stop_032,trip_06086,trip_06085,300,,300,Outbound,0
2025-01-12,Orange,stop_033,trip_06087,trip_06086,330,,300,Inbound,1
2025-01-13,Red,stop_034,trip_06088,trip_06087,360,,300,Outbound,0
2025-01-14,Orange,stop_035,trip_06089,trip_06088,390,,300,Inbound,1
2025-01-15,Red,stop_001,trip_06090,trip_06089,420,,300,Outbound,0
2025-01-16,Orange,stop_002,trip_06091,trip_06090,450,,300,Inbound,1
2025-01-17,Red,stop_003,trip_06092,trip_06091,480,,300,Outbound,0
2025-01-18,Orange,stop_004,trip_06093,trip_06092,510,,300,Inbound,1
2025-01-19,Red,stop_005,trip_06094,trip_06093,540,,300,Outbound,0
2025-01-20,Orange,stop_006,trip_06095,trip_06094,570,,300,Inbound,1
2025-01-21,Red,stop_007,trip_06096,trip_06095,240,,300,Outbound,0
2025-01-22,Orange,stop_008,trip_06097,trip_06096,270,,300,Inbound,1
2025-01-23,Red,stop_009,trip_06098,trip_06097,300,,300,Outbound,0
2025-01-24,Orange,stop_010,trip_06099,trip_06098,330,,300,Inbound,1
2025-01-25,Red,stop_011,trip_06100,trip_06099,360,,300,Outbound,0
2025-01-26,Orange,stop_012,trip_06101,trip_06100,390,,300,Inbound,1
2025-01-27,Red,stop_013,trip_06102,trip_06101,420,,300,Outbound,0
2025-01-28,Orange,stop_014,trip_06103,trip_06102,450,,300,Inbound,1
2025-01-29,Red,stop_015,trip_06104,trip_06103,480,,300,Outbound,0
2025-01-30,Orange,stop_016,trip_06105,trip_06104,510,,300,Inbound,1
2025-01-31,Red,stop_017,trip_06106,trip_06105,540,,300,Outbound,0
2025-01-01,Orange,stop_018,trip_06107,trip_06106,570,,300,Inbound,1
2025-01-02,Red,stop_019,trip_06108,trip_06107,240,,300,Outbound,0
2025-01-03,Orange,stop_020,trip_06109,trip_06108,270,,300,Inbound,1
2025-01-04,Red,stop_021,trip_06110,trip_06109,300,,300,Outbound,0
2025-01-05,Orange,stop_022,trip_06111,trip_06110,330,,300,Inbound,1
2025-01-06,Red,stop_023,trip_06112,trip_06111,360,,300,Outbound,0
2025-01-07,Orange,stop_024,trip_06113,trip_06112,390,,300,Inbound,1
2025-01-08,Red,stop_025,trip_06114,trip_06113,420,,300,Outbound,0
2025-01-09,Orange,stop_026,trip_06115,trip_06114,450,,300,Inbound,1
2025-01-10,Red,stop_027,trip_06116,trip_06115,480,,300,Outbound,0
2025-01-11,Orange,stop_028,trip_06117,trip_06116,510,,300,Inbound,1
2025-01-12,Red,stop_029,trip_06118,trip_06117,540,,300,Outbound,0
2025-01-13,Orange,stop_030,trip_06119,trip_06118,570,,300,Inbound,1
2025-01-14,Red,stop_031,trip_06120,trip_06119,240,,300,Outbound,0
2025-01-15,Orange,stop_032,trip_06121,trip_06120,270,,300,Inbound,1
2025-01-16,Red,stop_033,trip_06122,trip_06121,300,,300,Outbound,0
2025-01-17,Orange,stop_034,trip_06123,trip_06122,330,,300,Inbound,1
2025-01-18,Red,stop_035,trip_06124,trip_06123,360,,300,Outbound,0
2025-01-19,Orange,stop_001,trip_06125,trip_06124,390,,300,Inbound,1
2025-01-20,Red,stop_002,trip_06126,trip_06125,420,,300,Outbound,0
2025-01-21,Orange,stop_003,trip_06127,trip_06126,450,,300,Inbound,1
2025-01-22,Red,stop_004,trip_06128,trip_06127,480,,300,Outbound,0
2025-01-23,Orange,stop_005,trip_06129,trip_06128,510,,300,Inbound,1
2025-01-24,Red,stop_006,trip_06130,trip_06129,540,,300,Outbound,0
2025-01-25,Orange,stop_007,trip_06131,trip_06130,570,,300,Inbound,1
2025-01-26,Red,stop_008,trip_06132,trip_06131,240,,300,Outbound,0
2025-01-27,Orange,stop_009,trip_06133,trip_06132,270,,300,Inbound,1
2025-01-28,Red,stop_010,trip_06134,trip_06133,300,,300,Outbound,0
2025-01-29,Orange,stop_011,trip_06135,trip_06134,330,,300,Inbound,1
2025-01-30,Red,stop_012,trip_06136,trip_06135,360,,300,Outbound,0
2025-01-31,Orange,stop_013,trip_06137,trip_06136,390,,300,Inbound,1
2025-01-01,Red,stop_014,trip_06138,trip_06137,420,,300,Outbound,0
2025-01-02,Orange,stop_015,trip_06139,trip_06138,450,,300,Inbound,1
2025-01-03,Red,stop_016,trip_06140,trip_06139,480,,300,Outbound,0
2025-01-04,Orange,stop_017,trip_06141,trip_06140,510,,300,Inbound,1
2025-01-05,Red,stop_018,trip_06142,trip_06141,540,,300,Outbound,0
2025-01-06,Orange,stop_019,trip_06143,trip_06142,570,,300,Inbound,1
2025-01-07,Red,stop_020,trip_06144,trip_06143,240,,300,Outbound,0
2025-01-08,Orange,stop_021,trip_06145,trip_06144,270,,300,Inbound,1
2025-01-09,Red,stop_022,trip_06146,trip_06145,300,,300,Outbound,0
2025-01-10,Orange,stop_023,trip_06147,trip_06146,330,,300,Inbound,1
2025-01-11,Red,stop_024,trip_06148,trip_06147,360,,300,Outbound,0
2025-01-12,Orange,stop_025,trip_06149,trip_06148,390,,300,Inbound,1
2025-01-13,Red,stop_026,trip_06150,trip_06149,420,,300,Outbound,0
2025-01-14,Orange,stop_027,trip_06151,trip_06150,450,,300,Inbound,1
2025-01-15,Red,stop_028,trip_06152,trip_06151,480,,300,Outbound,0
2025-01-16,Orange,stop_029,trip_06153,trip_06152,510,,300,Inbound,1
2025-01-17,Red,stop_030,trip_06154,trip_06153,540,,300,Outbound,0
2025-01-18,Orange,stop_031,trip_06155,trip_06154,570,,300,Inbound,1
2025-01-19,Red,stop_032,trip_06156,trip_06155,240,,300,Outbound,0
2025-01-20,Orange,stop_033,trip_06157,trip_06156,270,,300,Inbound,1
2025-01-21,Red,stop_034,trip_06158,trip_06157,300,,300,Outbound,0
2025-01-22,Orange,stop_035,trip_06159,trip_06158,330,,300,Inbound,1
2025-01-23,Red,stop_001,trip_06160,trip_06159,360,,300,Outbound,0
2025-01-24,Orange,stop_002,trip_06161,trip_06160,390,,300,Inbound,1
2025-01-25,Red,stop_003,trip_06162,trip_06161,420,,300,Outbound,0
2025-01-26,Orange,stop_004,trip_06163,trip_06162,450,,300,Inbound,1
2025-01-27,Red,stop_005,trip_06164,trip_06163,480,,300,Outbound,0
2025-01-28,Orange,stop_006,trip_06165,trip_06164,510,,300,Inbound,1
2025-01-29,Red,stop_007,trip_06166,trip_06165,540,,300,Outbound,0
2025-01-30,Orange,stop_008,trip_06167,trip_06166,570,,300,Inbound,1
2025-01-31,Red,stop_009,trip_06168,trip_06167,240,,300,Outbound,0
2025-01-01,Orange,stop_010,trip_06169,trip_06168,270,,300,Inbound,1
2025-01-02,Red,stop_011,trip_06170,trip_06169,300,,300,Outbound,0
2025-01-03,Orange,stop_012,trip_06171,trip_06170,330,,300,Inbound,1
2025-01-04,Red,stop_013,trip_06172,trip_06171,360,,300,Outbound,0
2025-01-05,Orange,stop_014,trip_06173,trip_06172,390,,300,Inbound,1
2025-01-06,Red,stop_015,trip_06174,trip_06173,420,,300,Outbound,0
2025-01-07,Orange,stop_016,trip_06175,trip_06174,450,,300,Inbound,1
2025-01-08,Red,stop_017,trip_06176,trip_06175,480,,300,Outbound,0
2025-01-09,Orange,stop_018,trip_06177,trip_06176,510,,300,Inbound,1
2025-01-10,Red,stop_019,trip_06178,trip_06177,540,,300,Outbound,0
2025-01-11,Orange,stop_020,trip_06179,trip_06178,570,,300,Inbound,1
2025-01-12,Red,stop_021,trip_06180,trip_06179,240,,300,Outbound,0
2025-01-13,Orange,stop_022,trip_06181,trip_06180,270,,300,Inbound,1
2025-01-14,Red,stop_023,trip_06182,trip_06181,300,,300,Outbound,0
2025-01-15,Orange,stop_024,trip_06183,trip_06182,330,,300,Inbound,1
2025-01-16,Red,stop_025,trip_06184,trip_06183,360,,300,Outbound,0
2025-01-17,Orange,stop_026,trip_06185,trip_06184,390,,300,Inbound,1
2025-01-18,Red,stop_027,trip_06186,trip_06185,420,,300,Outbound,0
2025-01-19,Orange,stop_028,trip_06187,trip_06186,450,,300,Inbound,1
2025-01-20,Red,stop_029,trip_06188,trip_06187,480,,300,Outbound,0
2025-01-21,Orange,stop_030,trip_06189,trip_06188,510,,300,Inbound,1
2025-01-22,Red,stop_031,trip_06190,trip_06189,540,,300,Outbound,0
2025-01-23,Orange,stop_032,trip_06191,trip_06190,570,,300,Inbound,1
2025-01-24,Red,stop_033,trip_06192,trip_06191,240,,300,Outbound,0
2025-01-25,Orange,stop_034,trip_06193,trip_06192,270,,300,Inbound,1
2025-01-26,Red,stop_035,trip_06194,trip_06193,300,,300,Outbound,0
2025-01-27,Orange,stop_001,trip_06195,trip_06194,330,,300,Inbound,1
2025-01-28,Red,stop_002,trip_06196,trip_06195,360,,300,Outbound,0
2025-01-29,Orange,stop_003,trip_06197,trip_06196,390,,300,Inbound,1
2025-01-30,Red,stop_004,trip_06198,trip_06197,420,,300,Outbound,0
2025-01-31,Orange,stop_005,trip_06199,trip_06198,450,,300,Inbound,1
2025-01-01,Red,stop_006,trip_06200,trip_06199,480,,300,Outbound,0
2025-01-02,Orange,stop_007,trip_06201,trip_06200,510,,300,Inbound,1
2025-01-03,Red,stop_008,trip_06202,trip_06201,540,,300,Outbound,0
2025-01-04,Orange,stop_009,trip_06203,trip_06202,570,,300,Inbound,1
2025-01-05,Red,stop_010,trip_06204,trip_06203,240,,300,Outbound,0
2025-01-06,Orange,stop_011,trip_06205,trip_06204,270,,300,Inbound,1
2025-01-07,Red,stop_012,trip_06206,trip_06205,300,,300,Outbound,0
2025-01-08,Orange,stop_013,trip_06207,trip_06206,330,,300,Inbound,1
2025-01-09,Red,stop_014,trip_06208,trip_06207,360,,300,Outbound,0
2025-01-10,Orange,stop_015,trip_06209,trip_06208,390,,300,Inbound,1
2025-01-11,Red,stop_016,trip_06210,trip_06209,420,,300,Outbound,0
2025-01-12,Orange,stop_017,trip_06211,trip_06210,450,,300,Inbound,1
2025-01-13,Red,stop_018,trip_06212,trip_06211,480,,300,Outbound,0
2025-01-14,Orange,stop_019,trip_06213,trip_06212,510,,300,Inbound,1
2025-01-15,Red,stop_020,trip_06214,trip_06213,540,,300,Outbound,0
2025-01-16,Orange,stop_021,trip_06215,trip_06214,570,,300,Inbound,1
2025-01-17,Red,stop_022,trip_06216,trip_06215,240,,300,Outbound,0
2025-01-18,Orange,stop_023,trip_06217,trip_06216,270,,300,Inbound,1
2025-01-19,Red,stop_024,trip_06218,trip_06217,300,,300,Outbound,0
2025-01-20,Orange,stop_025,trip_06219,trip_06218,330,,300,Inbound,1
2025-01-21,Red,stop_026,trip_06220,trip_06219,360,,300,Outbound,0
2025-01-22,Orange,stop_027,trip_06221,trip_06220,390,,300,Inbound,1
2025-01-23,Red,stop_028,trip_06222,trip_06221,420,,300,Outbound,0
2025-01-24,Orange,stop_029,trip_06223,trip_06222,450,,300,Inbound,1
2025-01-25,Red,stop_030,trip_06224,trip_06223,480,,300,Outbound,0
2025-01-26,Orange,stop_031,trip_06225,trip_06224,510,,300,Inbound,1
2025-01-27,Red,stop_032,trip_06226,trip_06225,540,,300,Outbound,0
2025-01-28,Orange,stop_033,trip_06227,trip_06226,570,,300,Inbound,1
2025-01-29,Red,stop_034,trip_06228,trip_06227,240,,300,Outbound,0
2025-01-30,Orange,stop_035,trip_06229,trip_06228,270,,300,Inbound,1
2025-01-31,Red,stop_001,trip_06230,trip_06229,300,,300,Outbound,0
2025-01-01,Orange,stop_002,trip_06231,trip_06230,330,,300,Inbound,1
2025-01-02,Red,stop_003,trip_06232,trip_06231,360,,300,Outbound,0
2025-01-03,Orange,stop_004,trip_06233,trip_06232,390,,300,Inbound,1
2025-01-04,Red,stop_005,trip_06234,trip_06233,420,,300,Outbound,0
2025-01-05,Orange,stop_006,trip_06235,trip_06234,450,,300,Inbound,1
2025-01-06,Red,stop_007,trip_06236,trip_06235,480,,300,Outbound,0
2025-01-07,Orange,stop_008,trip_06237,trip_06236,510,,300,Inbound,1
2025-01-08,Red,stop_009,trip_06238,trip_06237,540,,300,Outbound,0
2025-01-09,Orange,stop_010,trip_06239,trip_06238,570,,300,Inbound,1
2025-01-10,Red,stop_011,trip_06240,trip_06239,240,,300,Outbound,0
2025-01-11,Orange,stop_012,trip_06241,trip_06240,270,,300,Inbound,1
2025-01-12,Red,stop_013,trip_06242,trip_06241,300,,300,Outbound,0
2025-01-13,Orange,stop_014,trip_06243,trip_06242,330,,300,Inbound,1
2025-01-14,Red,stop_015,trip_06244,trip_06243,360,,300,Outbound,0
2025-01-15,Orange,stop_016,trip_06245,trip_06244,390,,300,Inbound,1
2025-01-16,Red,stop_017,trip_06246,trip_06245,420,,300,Outbound,0
2025-01-17,Orange,stop_018,trip_06247,trip_06246,450,,300,Inbound,1
2025-01-18,Red,stop_019,trip_06248,trip_06247,480,,300,Outbound,0
2025-01-19,Orange,stop_020,trip_06249,trip_06248,510,,300,Inbound,1
2025-01-20,Red,stop_021,trip_06250,trip_06249,540,,300,Outbound,0
2025-01-21,Orange,stop_022,trip_06251,trip_06250,570,,300,Inbound,1
2025-01-22,Red,stop_023,trip_06252,trip_06251,240,,300,Outbound,0
2025-01-23,Orange,stop_024,trip_06253,trip_06252,270,,300,Inbound,1
2025-01-24,Red,stop_025,trip_06254,trip_06253,300,,300,Outbound,0
2025-01-25,Orange,stop_026,trip_06255,trip_06254,330,,300,Inbound,1
2025-01-26,Red,stop_027,trip_06256,trip_06255,360,,300,Outbound,0
2025-01-27,Orange,stop_028,trip_06257,trip_06256,390,,300,Inbound,1
2025-01-28,Red,stop_029,trip_06258,trip_06257,420,,300,Outbound,0
2025-01-29,Orange,stop_030,trip_06259,trip_06258,450,,300,Inbound,1
2025-01-30,Red,stop_031,trip_06260,trip_06259,480,,300,Outbound,0
2025-01-31,Orange,stop_032,trip_06261,trip_06260,510,,300,Inbound,1
2025-01-01,Red,stop_033,trip_06262,trip_06261,540,,300,Outbound,0
2025-01-02,Orange,stop_034,trip_06263,trip_06262,570,,300,Inbound,1
2025-01-03,Red,stop_035,trip_06264,trip_06263,240,,300,Outbound,0
2025-01-04,Orange,stop_001,trip_06265,trip_06264,270,,300,Inbound,1
2025-01-05,Red,stop_002,trip_06266,trip_06265,300,,300,Outbound,0
2025-01-06,Orange,stop_003,trip_06267,trip_06266,330,,300,Inbound,1
2025-01-07,Red,stop_004,trip_06268,trip_06267,360,,300,Outbound,0
2025-01-08,Orange,stop_005,trip_06269,trip_06268,390,,300,Inbound,1
2025-01-09,Red,stop_006,trip_06270,trip_06269,420,,300,Outbound,0
2025-01-10,Orange,stop_007,trip_06271,trip_06270,450,,300,Inbound,1
2025-01-11,Red,stop_008,trip_06272,trip_06271,480,,300,Outbound,0
2025-01-12,Orange,stop_009,trip_06273,trip_06272,510,,300,Inbound,1
2025-01-13,Red,stop_010,trip_06274,trip_06273,540,,300,Outbound,0
2025-01-14,Orange,stop_011,trip_06275,trip_06274,570,,300,Inbound,1
2025-01-15,Red,stop_012,trip_06276,trip_06275,240,,300,Outbound,0
2025-01-16,Orange,stop_013,trip_06277,trip_06276,270,,300,Inbound,1
2025-01-17,Red,stop_014,trip_06278,trip_06277,300,,300,Outbound,0
2025-01-18,Orange,stop_015,trip_06279,trip_06278,330,,300,Inbound,1
2025-01-19,Red,stop_016,trip_06280,trip_06279,360,,300,Outbound,0
2025-01-20,Orange,stop_017,trip_06281,trip_06280,390,,300,Inbound,1
2025-01-21,Red,stop_018,trip_06282,trip_06281,420,,300,Outbound,0
2025-01-22,Orange,stop_019,trip_06283,trip_06282,450,,300,Inbound,1
2025-01-23,Red,stop_020,trip_06284,trip_06283,480,,300,Outbound,0
2025-01-24,Orange,stop_021,trip_06285,trip_06284,510,,300,Inbound,1
2025-01-25,Red,stop_022,trip_06286,trip_06285,540,,300,Outbound,0
2025-01-26,Orange,stop_023,trip_06287,trip_06286,570,,300,Inbound,1
2025-01-27,Red,stop_024,trip_06288,trip_06287,240,,300,Outbound,0
2025-01-28,Orange,stop_025,trip_06289,trip_06288,270,,300,Inbound,1
2025-01-29,Red,stop_026,trip_06290,trip_06289,300,,300,Outbound,0
2025-01-30,Orange,stop_027,trip_06291,trip_06290,330,,300,Inbound,1
2025-01-31,Red,stop_028,trip_06292,trip_06291,360,,300,Outbound,0
2025-01-01,Orange,stop_029,trip_06293,trip_06292,390,,300,Inbound,1
2025-01-02,Red,stop_030,trip_06294,trip_06293,420,,300,Outbound,0
2025-01-03,Orange,stop_031,trip_06295,trip_06294,450,,300,Inbound,1
2025-01-04,Red,stop_032,trip_06296,trip_06295,480,,300,Outbound,0
2025-01-05,Orange,stop_033,trip_06297,trip_06296,510,,300,Inbound,1
2025-01-06,Red,stop_034,trip_06298,trip_06297,540,,300,Outbound,0
2025-01-07,Orange,stop_035,trip_06299,trip_06298,570,,300,Inbound,1
2025-01-08,Red,stop_001,trip_06300,trip_06299,240,,300,Outbound,0
2025-01-09,Orange,stop_002,trip_06301,trip_06300,270,,300,Inbound,1
2025-01-10,Red,stop_003,trip_06302,trip_06301,300,,300,Outbound,0
2025-01-11,Orange,stop_004,trip_06303,trip_06302,330,,300,Inbound,1
2025-01-12,Red,stop_005,trip_06304,trip_06303,360,,300,Outbound,0
2025-01-13,Orange,stop_006,trip_06305,trip_06304,390,,300,Inbound,1
2025-01-14,Red,stop_007,trip_06306,trip_06305,420,,300,Outbound,0
2025-01-15,Orange,stop_008,trip_06307,trip_06306,450,,300,Inbound,1
2025-01-16,Red,stop_009,trip_06308,trip_06307,480,,300,Outbound,0
2025-01-17,Orange,stop_010,trip_06309,trip_06308,510,,300,Inbound,1
2025-01-18,Red,stop_011,trip_06310,trip_06309,540,,300,Outbound,0
2025-01-19,Orange,stop_012,trip_06311,trip_06310,570,,300,Inbound,1
2025-01-20,Red,stop_013,trip_06312,trip_06311,240,,300,Outbound,0
2025-01-21,Orange,stop_014,trip_06313,trip_06312,270,,300,Inbound,1
2025-01-22,Red,stop_015,trip_06314,trip_06313,300,,300,Outbound,0
2025-01-23,Orange,stop_016,trip_06315,trip_06314,330,,300,Inbound,1
2025-01-24,Red,stop_017,trip_06316,trip_06315,360,,300,Outbound,0
2025-01-25,Orange,stop_018,trip_06317,trip_06316,390,,300,Inbound,1
2025-01-26,Red,stop_019,trip_06318,trip_06317,420,,300,Outbound,0
2025-01-27,Orange,stop_020,trip_06319,trip_06318,450,,300,Inbound,1
2025-01-28,Red,stop_021,trip_06320,trip_06319,480,,300,Outbound,0
2025-01-29,Orange,stop_022,trip_06321,trip_06320,510,,300,Inbound,1
2025-01-30,Red,stop_023,trip_06322,trip_06321,540,,300,Outbound,0
2025-01-31,Orange,stop_024,trip_06323,trip_06322,570,,300,Inbound,1
2025-01-01,Red,stop_025,trip_06324,trip_06323,240,,300,Outbound,0
2025-01-02,Orange,stop_026,trip_06325,trip_06324,270,,300,Inbound,1
2025-01-03,Red,stop_027,trip_06326,trip_06325,300,,300,Outbound,0
2025-01-04,Orange,stop_028,trip_06327,trip_06326,330,,300,Inbound,1
2025-01-05,Red,stop_029,trip_06328,trip_06327,360,,300,Outbound,0
2025-01-06,Orange,stop_030,trip_06329,trip_06328,390,,300,Inbound,1
2025-01-07,Red,stop_031,trip_06330,trip_06329,420,,300,Outbound,0
2025-01-08,Orange,stop_032,trip_06331,trip_06330,450,,300,Inbound,1
2025-01-09,Red,stop_033,trip_06332,trip_06331,480,,300,Outbound,0
2025-01-10,Orange,stop_034,trip_06333,trip_06332,510,,300,Inbound,1
2025-01-11,Red,stop_035,trip_06334,trip_06333,540,,300,Outbound,0
2025-01-12,Orange,stop_001,trip_06335,trip_06334,570,,300,Inbound,1
2025-01-13,Red,stop_002,trip_06336,trip_06335,240,,300,Outbound,0
2025-01-14,Orange,stop_003,trip_06337,trip_06336,270,,300,Inbound,1
2025-01-15,Red,stop_004,trip_06338,trip_06337,300,,300,Outbound,0
2025-01-16,Orange,stop_005,trip_06339,trip_06338,330,,300,Inbound,1
2025-01-17,Red,stop_006,trip_06340,trip_06339,360,,300,Outbound,0
2025-01-18,Orange,stop_007,trip_06341,trip_06340,390,,300,Inbound,1
2025-01-19,Red,stop_008,trip_06342,trip_06341,420,,300,Outbound,0
2025-01-20,Orange,stop_009,trip_06343,trip_06342,450,,300,Inbound,1
2025-01-21,Red,stop_010,trip_06344,trip_06343,480,,300,Outbound,0
2025-01-22,Orange,stop_011,trip_06345,trip_06344,510,,300,Inbound,1
2025-01-23,Red,stop_012,trip_06346,trip_06345,540,,300,Outbound,0
2025-01-24,Orange,stop_013,trip_06347,trip_06346,570,,300,Inbound,1
2025-01-25,Red,stop_014,trip_06348,trip_06347,240,,300,Outbound,0
2025-01-26,Orange,stop_015,trip_06349,trip_06348,270,,300,Inbound,1
2025-01-27,Red,stop_016,trip_06350,trip_06349,300,,300,Outbound,0
2025-01-28,Orange,stop_017,trip_06351,trip_06350,330,,300,Inbound,1
2025-01-29,Red,stop_018,trip_06352,trip_06351,360,,300,Outbound,0
2025-01-30,Orange,stop_019,trip_06353,trip_06352,390,,300,Inbound,1
2025-01-31,Red,stop_020,trip_06354,trip_06353,420,,300,Outbound,0
2025-01-01,Orange,stop_021,trip_06355,trip_06354,450,,300,Inbound,1
2025-01-02,Red,stop_022,trip_06356,trip_06355,480,,300,Outbound,0
2025-01-03,Orange,stop_023,trip_06357,trip_06356,510,,300,Inbound,1
2025-01-04,Red,stop_024,trip_06358,trip_06357,540,,300,Outbound,0
2025-01-05,Orange,stop_025,trip_06359,trip_06358,570,,300,Inbound,1
2025-01-06,Red,stop_026,trip_06360,trip_06359,240,,300,Outbound,0
2025-01-07,Orange,stop_027,trip_06361,trip_06360,270,,300,Inbound,1
2025-01-08,Red,stop_028,trip_06362,trip_06361,300,,300,Outbound,0
2025-01-09,Orange,stop_029,trip_06363,trip_06362,330,,300,Inbound,1
2025-01-10,Red,stop_030,trip_06364,trip_06363,360,,300,Outbound,0
2025-01-11,Orange,stop_031,trip_06365,trip_06364,390,,300,Inbound,1
2025-01-12,Red,stop_032,trip_06366,trip_06365,420,,300,Outbound,0
2025-01-13,Orange,stop_033,trip_06367,trip_06366,450,,300,Inbound,1
2025-01-14,Red,stop_034,trip_06368,trip_06367,480,,300,Outbound,0
2025-01-15,Orange,stop_035,trip_06369,trip_06368,510,,300,Inbound,1
2025-01-16,Red,stop_001,trip_06370,trip_06369,540,,300,Outbound,0
2025-01-17,Orange,stop_002,trip_06371,trip_06370,570,,300,Inbound,1
2025-01-18,Red,stop_003,trip_06372,trip_06371,240,,300,Outbound,0
2025-01-19,Orange,stop_004,trip_06373,trip_06372,270,,300,Inbound,1
2025-01-20,Red,stop_005,trip_06374,trip_06373,300,,300,Outbound,0
2025-01-21,Orange,stop_006,trip_06375,trip_06374,330,,300,Inbound,1
2025-01-22,Red,stop_007,trip_06376,trip_06375,360,,300,Outbound,0
2025-01-23,Orange,stop_008,trip_06377,trip_06376,390,,300,Inbound,1
2025-01-24,Red,stop_009,trip_06378,trip_06377,420,,300,Outbound,0
2025-01-25,Orange,stop_010,trip_06379,trip_06378,450,,300,Inbound,1
2025-01-26,Red,stop_011,trip_06380,trip_06379,480,,300,Outbound,0
2025-01-27,Orange,stop_012,trip_06381,trip_06380,510,,300,Inbound,1
2025-01-28,Red,stop_013,trip_06382,trip_06381,540,,300,Outbound,0
2025-01-29,Orange,stop_014,trip_06383,trip_06382,570,,300,Inbound,1
2025-01-30,Red,stop_015,trip_06384,trip_06383,240,,300,Outbound,0
2025-01-31,Orange,stop_016,trip_06385,trip_06384,270,,300,Inbound,1
2025-01-01,Red,stop_017,trip_06386,trip_06385,300,,300,Outbound,0
2025-01-02,Orange,stop_018,trip_06387,trip_06386,330,,300,Inbound,1
2025-01-03,Red,stop_019,trip_06388,trip_06387,360,,300,Outbound,0
2025-01-04,Orange,stop_020,trip_06389,trip_06388,390,,300,Inbound,1
2025-01-05,Red,stop_021,trip_06390,trip_06389,420,,300,Outbound,0
2025-01-06,Orange,stop_022,trip_06391,trip_06390,450,,300,Inbound,1
2025-01-07,Red,stop_023,trip_06392,trip_06391,480,,300,Outbound,0
2025-01-08,Orange,stop_024,trip_06393,trip_06392,510,,300,Inbound,1
2025-01-09,Red,stop_025,trip_06394,trip_06393,540,,300,Outbound,0
2025-01-10,Orange,stop_026,trip_06395,trip_06394,570,,300,Inbound,1
2025-01-11,Red,stop_027,trip_06396,trip_06395,240,,300,Outbound,0
2025-01-12,Orange,stop_028,trip_06397,trip_06396,270,,300,Inbound,1
2025-01-13,Red,stop_029,trip_06398,trip_06397,300,,300,Outbound,0
2025-01-14,Orange,stop_030,trip_06399,trip_06398,330,,300,Inbound,1
2025-01-15,Red,stop_031,trip_06400,trip_06399,360,,300,Outbound,0
2025-01-16,Orange,stop_032,trip_06401,trip_06400,390,,300,Inbound,1
2025-01-17,Red,stop_033,trip_06402,trip_06401,420,,300,Outbound,0
2025-01-18,Orange,stop_034,trip_06403,trip_06402,450,,300,Inbound,1
2025-01-19,Red,stop_035,trip_06404,trip_06403,480,,300,Outbound,0
2025-01-20,Orange,stop_001,trip_06405,trip_06404,510,,300,Inbound,1
2025-01-21,Red,stop_002,trip_06406,trip_06405,540,,300,Outbound,0
2025-01-22,Orange,stop_003,trip_06407,trip_06406,570,,300,Inbound,1
2025-01-23,Red,stop_004,trip_06408,trip_06407,240,,300,Outbound,0
2025-01-24,Orange,stop_005,trip_06409,trip_06408,270,,300,Inbound,1
2025-01-25,Red,stop_006,trip_06410,trip_06409,300,,300,Outbound,0
2025-01-26,Orange,stop_007,trip_06411,trip_06410,330,,300,Inbound,1
2025-01-27,Red,stop_008,trip_06412,trip_06411,360,,300,Outbound,0
2025-01-28,Orange,stop_009,trip_06413,trip_06412,390,,300,Inbound,1
2025-01-29,Red,stop_010,trip_06414,trip_06413,420,,300,Outbound,0
2025-01-30,Orange,stop_011,trip_06415,trip_06414,450,,300,Inbound,1
2025-01-31,Red,stop_012,trip_06416,trip_06415,480,,300,Outbound,0
2025-01-01,Orange,stop_013,trip_06417,trip_06416,510,,300,Inbound,1
2025-01-02,Red,stop_014,trip_06418,trip_06417,540,,300,Outbound,0
2025-01-03,Orange,stop_015,trip_06419,trip_06418,570,,300,Inbound,1
2025-01-04,Red,stop_016,trip_06420,trip_06419,240,,300,Outbound,0
2025-01-05,Orange,stop_017,trip_06421,trip_06420,270,,300,Inbound,1
2025-01-06,Red,stop_018,trip_06422,trip_06421,300,,300,Outbound,0
2025-01-07,Orange,stop_019,trip_06423,trip_06422,330,,300,Inbound,1
2025-01-08,Red,stop_020,trip_06424,trip_06423,360,,300,Outbound,0
2025-01-09,Orange,stop_021,trip_06425,trip_06424,390,,300,Inbound,1
2025-01-10,Red,stop_022,trip_06426,trip_06425,420,,300,Outbound,0
2025-01-11,Orange,stop_023,trip_06427,trip_06426,450,,300,Inbound,1
2025-01-12,Red,stop_024,trip_06428,trip_06427,480,,300,Outbound,0
2025-01-13,Orange,stop_025,trip_06429,trip_06428,510,,300,Inbound,1
2025-01-14,Red,stop_026,trip_06430,trip_06429,540,,300,Outbound,0
2025-01-15,Orange,stop_027,trip_06431,trip_06430,570,,300,Inbound,1
2025-01-16,Red,stop_028,trip_06432,trip_06431,240,,300,Outbound,0
2025-01-17,Orange,stop_029,trip_06433,trip_06432,270,,300,Inbound,1
2025-01-18,Red,stop_030,trip_06434,trip_06433,300,,300,Outbound,0
2025-01-19,Orange,stop_031,trip_06435,trip_06434,330,,300,Inbound,1
2025-01-20,Red,stop_032,trip_06436,trip_06435,360,,300,Outbound,0
2025-01-21,Orange,stop_033,trip_06437,trip_06436,390,,300,Inbound,1
2025-01-22,Red,stop_034,trip_06438,trip_06437,420,,300,Outbound,0
2025-01-23,Orange,stop_035,trip_06439,trip_06438,450,,300,Inbound,1
2025-01-24,Red,stop_001,trip_06440,trip_06439,480,,300,Outbound,0
2025-01-25,Orange,stop_002,trip_06441,trip_06440,510,,300,Inbound,1
2025-01-26,Red,stop_003,trip_06442,trip_06441,540,,300,Outbound,0
2025-01-27,Orange,stop_004,trip_06443,trip_06442,570,,300,Inbound,1
2025-01-28,Red,stop_005,trip_06444,trip_06443,240,,300,Outbound,0
2025-01-29,Orange,stop_006,trip_06445,trip_06444,270,,300,Inbound,1
2025-01-30,Red,stop_007,trip_06446,trip_06445,300,,300,Outbound,0
2025-01-31,Orange,stop_008,trip_06447,trip_06446,330,,300,Inbound,1
2025-01-01,Red,stop_009,trip_06448,trip_06447,360,,300,Outbound,0
2025-01-02,Orange,stop_010,trip_06449,trip_06448,390,,300,Inbound,1
2025-01-03,Red,stop_011,trip_06450,trip_06449,420,,300,Outbound,0
2025-01-04,Orange,stop_012,trip_06451,trip_06450,450,,300,Inbound,1
2025-01-05,Red,stop_013,trip_06452,trip_06451,480,,300,Outbound,0
2025-01-06,Orange,stop_014,trip_06453,trip_06452,510,,300,Inbound,1
2025-01-07,Red,stop_015,trip_06454,trip_06453,540,,300,Outbound,0
2025-01-08,Orange,stop_016,trip_06455,trip_06454,570,,300,Inbound,1
2025-01-09,Red,stop_017,trip_06456,trip_06455,240,,300,Outbound,0
2025-01-10,Orange,stop_018,trip_06457,trip_06456,270,,300,Inbound,1
2025-01-11,Red,stop_019,trip_06458,trip_06457,300,,300,Outbound,0
2025-01-12,Orange,stop_020,trip_06459,trip_06458,330,,300,Inbound,1
2025-01-13,Red,stop_021,trip_06460,trip_06459,360,,300,Outbound,0
2025-01-14,Orange,stop_022,trip_06461,trip_06460,390,,300,Inbound,1
2025-01-15,Red,stop_023,trip_06462,trip_06461,420,,300,Outbound,0
2025-01-16,Orange,stop_024,trip_06463,trip_06462,450,,300,Inbound,1
2025-01-17,Red,stop_025,trip_06464,trip_06463,480,,300,Outbound,0
2025-01-18,Orange,stop_026,trip_06465,trip_06464,510,,300,Inbound,1
2025-01-19,Red,stop_027,trip_06466,trip_06465,540,,300,Outbound,0
2025-01-20,Orange,stop_028,trip_06467,trip_06466,570,,300,Inbound,1
2025-01-21,Red,stop_029,trip_06468,trip_06467,240,,300,Outbound,0
2025-01-22,Orange,stop_030,trip_06469,trip_06468,270,,300,Inbound,1
2025-01-23,Red,stop_031,trip_06470,trip_06469,300,,300,Outbound,0
2025-01-24,Orange,stop_032,trip_06471,trip_06470,330,,300,Inbound,1
2025-01-25,Red,stop_033,trip_06472,trip_06471,360,,300,Outbound,0
2025-01-26,Orange,stop_034,trip_06473,trip_06472,390,,300,Inbound,1
2025-01-27,Red,stop_035,trip_06474,trip_06473,420,,300,Outbound,0
2025-01-28,Orange,stop_001,trip_06475,trip_06474,450,,300,Inbound,1
2025-01-29,Red,stop_002,trip_06476,trip_06475,480,,300,Outbound,0
2025-01-30,Orange,stop_003,trip_06477,trip_06476,510,,300,Inbound,1
2025-01-31,Red,stop_004,trip_06478,trip_06477,540,,300,Outbound,0
2025-01-01,Orange,stop_005,trip_06479,trip_06478,570,,300,Inbound,1
2025-01-02,Red,stop_006,trip_06480,trip_06479,240,,300,Outbound,0
2025-01-03,Orange,stop_007,trip_06481,trip_06480,270,,300,Inbound,1
2025-01-04,Red,stop_008,trip_06482,trip_06481,300,,300,Outbound,0
2025-01-05,Orange,stop_009,trip_06483,trip_06482,330,,300,Inbound,1
2025-01-06,Red,stop_010,trip_06484,trip_06483,360,,300,Outbound,0
2025-01-07,Orange,stop_011,trip_06485,trip_06484,390,,300,Inbound,1
2025-01-08,Red,stop_012,trip_06486,trip_06485,420,,300,Outbound,0
2025-01-09,Orange,stop_013,trip_06487,trip_06486,450,,300,Inbound,1
2025-01-10,Red,stop_014,trip_06488,trip_06487,480,,300,Outbound,0
2025-01-11,Orange,stop_015,trip_06489,trip_06488,510,,300,Inbound,1
2025-01-12,Red,stop_016,trip_06490,trip_06489,540,,300,Outbound,0
2025-01-13,Orange,stop_017,trip_06491,trip_06490,570,,300,Inbound,1
2025-01-14,Red,stop_018,trip_06492,trip_06491,240,,300,Outbound,0
2025-01-15,Orange,stop_019,trip_06493,trip_06492,270,,300,Inbound,1
2025-01-16,Red,stop_020,trip_06494,trip_06493,300,,300,Outbound,0
2025-01-17,Orange,stop_021,trip_06495,trip_06494,330,,300,Inbound,1
2025-01-18,Red,stop_022,trip_06496,trip_06495,360,,300,Outbound,0
2025-01-19,Orange,stop_023,trip_06497,trip_06496,390,,300,Inbound,1
2025-01-20,Red,stop_024,trip_06498,trip_06497,420,,300,Outbound,0
2025-01-21,Orange,stop_025,trip_06499,trip_06498,450,,300,Inbound,1
2025-01-22,Red,stop_026,trip_06500,trip_06499,480,,300,Outbound,0
2025-01-23,Orange,stop_027,trip_06501,trip_06500,510,,300,Inbound,1
2025-01-24,Red,stop_028,trip_06502,trip_06501,540,,300,Outbound,0
2025-01-25,Orange,stop_029,trip_06503,trip_06502,570,,300,Inbound,1
2025-01-26,Red,stop_030,trip_06504,trip_06503,240,,300,Outbound,0
2025-01-27,Orange,stop_031,trip_06505,trip_06504,270,,300,Inbound,1
2025-01-28,Red,stop_032,trip_06506,trip_06505,300,,300,Outbound,0
2025-01-29,Orange,stop_033,trip_06507,trip_06506,330,,300,Inbound,1
2025-01-30,Red,stop_034,trip_06508,trip_06507,360,,300,Outbound,0
2025-01-31,Orange,stop_035,trip_06509,trip_06508,390,,300,Inbound,1
2025-01-01,Red,stop_001,trip_06510,trip_06509,420,,300,Outbound,0
2025-01-02,Orange,stop_002,trip_06511,trip_06510,450,,300,Inbound,1
2025-01-03,Red,stop_003,trip_06512,trip_06511,480,,300,Outbound,0
2025-01-04,Orange,stop_004,trip_06513,trip_06512,510,,300,Inbound,1
2025-01-05,Red,stop_005,trip_06514,trip_06513,540,,300,Outbound,0
2025-01-06,Orange,stop_006,trip_06515,trip_06514,570,,300,Inbound,1
2025-01-07,Red,stop_007,trip_06516,trip_06515,240,,300,Outbound,0
2025-01-08,Orange,stop_008,trip_06517,trip_06516,270,,300,Inbound,1
2025-01-09,Red,stop_009,trip_06518,trip_06517,300,,300,Outbound,0
2025-01-10,Orange,stop_010,trip_06519,trip_06518,330,,300,Inbound,1
2025-01-11,Red,stop_011,trip_06520,trip_06519,360,,300,Outbound,0
2025-01-12,Orange,stop_012,trip_06521,trip_06520,390,,300,Inbound,1
2025-01-13,Red,stop_013,trip_06522,trip_06521,420,,300,Outbound,0
2025-01-14,Orange,stop_014,trip_06523,trip_06522,450,,300,Inbound,1
2025-01-15,Red,stop_015,trip_06524,trip_06523,480,,300,Outbound,0
2025-01-16,Orange,stop_016,trip_06525,trip_06524,510,,300,Inbound,1
2025-01-17,Red,stop_017,trip_06526,trip_06525,540,,300,Outbound,0
2025-01-18,Orange,stop_018,trip_06527,trip_06526,570,,300,Inbound,1
2025-01-19,Red,stop_019,trip_06528,trip_06527,240,,300,Outbound,0
2025-01-20,Orange,stop_020,trip_06529,trip_06528,270,,300,Inbound,1
2025-01-21,Red,stop_021,trip_06530,trip_06529,300,,300,Outbound,0
2025-01-22,Orange,stop_022,trip_06531,trip_06530,330,,300,Inbound,1
2025-01-23,Red,stop_023,trip_06532,trip_06531,360,,300,Outbound,0
2025-01-24,Orange,stop_024,trip_06533,trip_06532,390,,300,Inbound,1
2025-01-25,Red,stop_025,trip_06534,trip_06533,420,,300,Outbound,0
2025-01-26,Orange,stop_026,trip_06535,trip_06534,450,,300,Inbound,1
2025-01-27,Red,stop_027,trip_06536,trip_06535,480,,300,Outbound,0
2025-01-28,Orange,stop_028,trip_06537,trip_06536,510,,300,Inbound,1
2025-01-29,Red,stop_029,trip_06538,trip_06537,540,,300,Outbound,0
2025-01-30,Orange,stop_030,trip_06539,trip_06538,570,,300,Inbound,1
2025-01-31,Red,stop_031,trip_06540,trip_06539,240,,300,Outbound,0
2025-01-01,Orange,stop_032,trip_06541,trip_06540,270,,300,Inbound,1
2025-01-02,Red,stop_033,trip_06542,trip_06541,300,,300,Outbound,0
2025-01-03,Orange,stop_034,trip_06543,trip_06542,330,,300,Inbound,1
2025-01-04,Red,stop_035,trip_06544,trip_06543,360,,300,Outbound,0
2025-01-05,Orange,stop_001,trip_06545,trip_06544,390,,300,Inbound,1
2025-01-06,Red,stop_002,trip_06546,trip_06545,420,,300,Outbound,0
2025-01-07,Orange,stop_003,trip_06547,trip_06546,450,,300,Inbound,1
2025-01-08,Red,stop_004,trip_06548,trip_06547,480,,300,Outbound,0
2025-01-09,Orange,stop_005,trip_06549,trip_06548,510,,300,Inbound,1
2025-01-10,Red,stop_006,trip_06550,trip_06549,540,,300,Outbound,0
2025-01-11,Orange,stop_007,trip_06551,trip_06550,570,,300,Inbound,1
2025-01-12,Red,stop_008,trip_06552,trip_06551,240,,300,Outbound,0
2025-01-13,Orange,stop_009,trip_06553,trip_06552,270,,300,Inbound,1
2025-01-14,Red,stop_010,trip_06554,trip_06553,300,,300,Outbound,0
2025-01-15,Orange,stop_011,trip_06555,trip_06554,330,,300,Inbound,1
2025-01-16,Red,stop_012,trip_06556,trip_06555,360,,300,Outbound,0
2025-01-17,Orange,stop_013,trip_06557,trip_06556,390,,300,Inbound,1
2025-01-18,Red,stop_014,trip_06558,trip_06557,420,,300,Outbound,0
2025-01-19,Orange,stop_015,trip_06559,trip_06558,450,,300,Inbound,1
2025-01-20,Red,stop_016,trip_06560,trip_06559,480,,300,Outbound,0
2025-01-21,Orange,stop_017,trip_06561,trip_06560,510,,300,Inbound,1
2025-01-22,Red,stop_018,trip_06562,trip_06561,540,,300,Outbound,0
2025-01-23,Orange,stop_019,trip_06563,trip_06562,570,,300,Inbound,1
2025-01-24,Red,stop_020,trip_06564,trip_06563,240,,300,Outbound,0
2025-01-25,Orange,stop_021,trip_06565,trip_06564,270,,300,Inbound,1
2025-01-26,Red,stop_022,trip_06566,trip_06565,300,,300,Outbound,0
2025-01-27,Orange,stop_023,trip_06567,trip_06566,330,,300,Inbound,1
2025-01-28,Red,stop_024,trip_06568,trip_06567,360,,300,Outbound,0
2025-01-29,Orange,stop_025,trip_06569,trip_06568,390,,300,Inbound,1
2025-01-30,Red,stop_026,trip_06570,trip_06569,420,,300,Outbound,0
2025-01-31,Orange,stop_027,trip_06571,trip_06570,450,,300,Inbound,1
2025-01-01,Red,stop_028,trip_06572,trip_06571,480,,300,Outbound,0
2025-01-02,Orange,stop_029,trip_06573,trip_06572,510,,300,Inbound,1
2025-01-03,Red,stop_030,trip_06574,trip_06573,540,,300,Outbound,0
2025-01-04,Orange,stop_031,trip_06575,trip_06574,570,,300,Inbound,1
2025-01-05,Red,stop_032,trip_06576,trip_06575,240,,300,Outbound,0
2025-01-06,Orange,stop_033,trip_06577,trip_06576,270,,300,Inbound,1
2025-01-07,Red,stop_034,trip_06578,trip_06577,300,,300,Outbound,0
2025-01-08,Orange,stop_035,trip_06579,trip_06578,330,,300,Inbound,1
2025-01-09,Red,stop_001,trip_06580,trip_06579,360,,300,Outbound,0
2025-01-10,Orange,stop_002,trip_06581,trip_06580,390,,300,Inbound,1
2025-01-11,Red,stop_003,trip_06582,trip_06581,420,,300,Outbound,0
2025-01-12,Orange,stop_004,trip_06583,trip_06582,450,,300,Inbound,1
2025-01-13,Red,stop_005,trip_06584,trip_06583,480,,300,Outbound,0
2025-01-14,Orange,stop_006,trip_06585,trip_06584,510,,300,Inbound,1
2025-01-15,Red,stop_007,trip_06586,trip_06585,540,,300,Outbound,0
2025-01-16,Orange,stop_008,trip_06587,trip_06586,570,,300,Inbound,1
2025-01-17,Red,stop_009,trip_06588,trip_06587,240,,300,Outbound,0
2025-01-18,Orange,stop_010,trip_06589,trip_06588,270,,300,Inbound,1
2025-01-19,Red,stop_011,trip_06590,trip_06589,300,,300,Outbound,0
2025-01-20,Orange,stop_012,trip_06591,trip_06590,330,,300,Inbound,1
2025-01-21,Red,stop_013,trip_06592,trip_06591,360,,300,Outbound,0
2025-01-22,Orange,stop_014,trip_06593,trip_06592,390,,300,Inbound,1
2025-01-23,Red,stop_015,trip_06594,trip_06593,420,,300,Outbound,0
2025-01-24,Orange,stop_016,trip_06595,trip_06594,450,,300,Inbound,1
2025-01-25,Red,stop_017,trip_06596,trip_06595,480,,300,Outbound,0
2025-01-26,Orange,stop_018,trip_06597,trip_06596,510,,300,Inbound,1
2025-01-27,Red,stop_019,trip_06598,trip_06597,540,,300,Outbound,0
2025-01-28,Orange,stop_020,trip_06599,trip_06598,570,,300,Inbound,1
2025-01-29,Red,stop_021,trip_06600,trip_06599,240,,300,Outbound,0
2025-01-30,Orange,stop_022,trip_06601,trip_06600,270,,300,Inbound,1
2025-01-31,Red,stop_023,trip_06602,trip_06601,300,,300,Outbound,0
2025-01-01,Orange,stop_024,trip_06603,trip_06602,330,,300,Inbound,1
2025-01-02,Red,stop_025,trip_06604,trip_06603,360,,300,Outbound,0
2025-01-03,Orange,stop_026,trip_06605,trip_06604,390,,300,Inbound,1
2025-01-04,Red,stop_027,trip_06606,trip_06605,420,,300,Outbound,0
2025-01-05,Orange,stop_028,trip_06607,trip_06606,450,,300,Inbound,1
2025-01-06,Red,stop_029,trip_06608,trip_06607,480,,300,Outbound,0
2025-01-07,Orange,stop_030,trip_06609,trip_06608,510,,300,Inbound,1
2025-01-08,Red,stop_031,trip_06610,trip_06609,540,,300,Outbound,0
2025-01-09,Orange,stop_032,trip_06611,trip_06610,570,,300,Inbound,1
2025-01-10,Red,stop_033,trip_06612,trip_06611,240,,300,Outbound,0
2025-01-11,Orange,stop_034,trip_06613,trip_06612,270,,300,Inbound,1
2025-01-12,Red,stop_035,trip_06614,trip_06613,300,,300,Outbound,0
2025-01-13,Orange,stop_001,trip_06615,trip_06614,330,,300,Inbound,1
2025-01-14,Red,stop_002,trip_06616,trip_06615,360,,300,Outbound,0
2025-01-15,Orange,stop_003,trip_06617,trip_06616,390,,300,Inbound,1
2025-01-16,Red,stop_004,trip_06618,trip_06617,420,,300,Outbound,0
2025-01-17,Orange,stop_005,trip_06619,trip_06618,450,,300,Inbound,1
2025-01-18,Red,stop_006,trip_06620,trip_06619,480,,300,Outbound,0
2025-01-19,Orange,stop_007,trip_06621,trip_06620,510,,300,Inbound,1
2025-01-20,Red,stop_008,trip_06622,trip_06621,540,,300,Outbound,0
2025-01-21,Orange,stop_009,trip_06623,trip_06622,570,,300,Inbound,1
2025-01-22,Red,stop_010,trip_06624,trip_06623,240,,300,Outbound,0
2025-01-23,Orange,stop_011,trip_06625,trip_06624,270,,300,Inbound,1
2025-01-24,Red,stop_012,trip_06626,trip_06625,300,,300,Outbound,0
2025-01-25,Orange,stop_013,trip_06627,trip_06626,330,,300,Inbound,1
2025-01-26,Red,stop_014,trip_06628,trip_06627,360,,300,Outbound,0
2025-01-27,Orange,stop_015,trip_06629,trip_06628,390,,300,Inbound,1
2025-01-28,Red,stop_016,trip_06630,trip_06629,420,,300,Outbound,0
2025-01-29,Orange,stop_017,trip_06631,trip_06630,450,,300,Inbound,1
2025-01-30,Red,stop_018,trip_06632,trip_06631,480,,300,Outbound,0
2025-01-31,Orange,stop_019,trip_06633,trip_06632,510,,300,Inbound,1
2025-01-01,Red,stop_020,trip_06634,trip_06633,540,,300,Outbound,0
2025-01-02,Orange,stop_021,trip_06635,trip_06634,570,,300,Inbound,1
2025-01-03,Red,stop_022,trip_06636,trip_06635,240,,300,Outbound,0
2025-01-04,Orange,stop_023,trip_06637,trip_06636,270,,300,Inbound,1
2025-01-05,Red,stop_024,trip_06638,trip_06637,300,,300,Outbound,0
2025-01-06,Orange,stop_025,trip_06639,trip_06638,330,,300,Inbound,1
2025-01-07,Red,stop_026,trip_06640,trip_06639,360,,300,Outbound,0
2025-01-08,Orange,stop_027,trip_06641,trip_06640,390,,300,Inbound,1
2025-01-09,Red,stop_028,trip_06642,trip_06641,420,,300,Outbound,0
2025-01-10,Orange,stop_029,trip_06643,trip_06642,450,,300,Inbound,1
2025-01-11,Red,stop_030,trip_06644,trip_06643,480,,300,Outbound,0
2025-01-12,Orange,stop_031,trip_06645,trip_06644,510,,300,Inbound,1
2025-01-13,Red,stop_032,trip_06646,trip_06645,540,,300,Outbound,0
2025-01-14,Orange,stop_033,trip_06647,trip_06646,570,,300,Inbound,1
2025-01-15,Red,stop_034,trip_06648,trip_06647,240,,300,Outbound,0
2025-01-16,Orange,stop_035,trip_06649,trip_06648,270,,300,Inbound,1
2025-01-17,Red,stop_001,trip_06650,trip_06649,300,,300,Outbound,0
2025-01-18,Orange,stop_002,trip_06651,trip_06650,330,,300,Inbound,1
2025-01-19,Red,stop_003,trip_06652,trip_06651,360,,300,Outbound,0
2025-01-20,Orange,stop_004,trip_06653,trip_06652,390,,300,Inbound,1
2025-01-21,Red,stop_005,trip_06654,trip_06653,420,,300,Outbound,0
2025-01-22,Orange,stop_006,trip_06655,trip_06654,450,,300,Inbound,1
2025-01-23,Red,stop_007,trip_06656,trip_06655,480,,300,Outbound,0
2025-01-24,Orange,stop_008,trip_06657,trip_06656,510,,300,Inbound,1
2025-01-25,Red,stop_009,trip_06658,trip_06657,540,,300,Outbound,0
2025-01-26,Orange,stop_010,trip_06659,trip_06658,570,,300,Inbound,1
2025-01-27,Red,stop_011,trip_06660,trip_06659,240,,300,Outbound,0
2025-01-28,Orange,stop_012,trip_06661,trip_06660,270,,300,Inbound,1
2025-01-29,Red,stop_013,trip_06662,trip_06661,300,,300,Outbound,0
2025-01-30,Orange,stop_014,trip_06663,trip_06662,330,,300,Inbound,1
2025-01-31,Red,stop_015,trip_06664,trip_06663,360,,300,Outbound,0
2025-01-01,Orange,stop_016,trip_06665,trip_06664,390,,300,Inbound,1
2025-01-02,Red,stop_017,trip_06666,trip_06665,420,,300,Outbound,0
2025-01-03,Orange,stop_018,trip_06667,trip_06666,450,,300,Inbound,1
2025-01-04,Red,stop_019,trip_06668,trip_06667,480,,300,Outbound,0
2025-01-05,Orange,stop_020,trip_06669,trip_06668,510,,300,Inbound,1
2025-01-06,Red,stop_021,trip_06670,trip_06669,540,,300,Outbound,0
2025-01-07,Orange,stop_022,trip_06671,trip_06670,570,,300,Inbound,1
2025-01-08,Red,stop_023,trip_06672,trip_06671,240,,300,Outbound,0
2025-01-09,Orange,stop_024,trip_06673,trip_06672,270,,300,Inbound,1
2025-01-10,Red,stop_025,trip_06674,trip_06673,300,,300,Outbound,0
2025-01-11,Orange,stop_026,trip_06675,trip_06674,330,,300,Inbound,1
2025-01-12,Red,stop_027,trip_06676,trip_06675,360,,300,Outbound,0
2025-01-13,Orange,stop_028,trip_06677,trip_06676,390,,300,Inbound,1
2025-01-14,Red,stop_029,trip_06678,trip_06677,420,,300,Outbound,0
2025-01-15,Orange,stop_030,trip_06679,trip_06678,450,,300,Inbound,1
2025-01-16,Red,stop_031,trip_06680,trip_06679,480,,300,Outbound,0
2025-01-17,Orange,stop_032,trip_06681,trip_06680,510,,300,Inbound,1
2025-01-18,Red,stop_033,trip_06682,trip_06681,540,,300,Outbound,0
2025-01-19,Orange,stop_034,trip_06683,trip_06682,570,,300,Inbound,1
2025-01-20,Red,stop_035,trip_06684,trip_06683,240,,300,Outbound,0
2025-01-21,Orange,stop_001,trip_06685,trip_06684,270,,300,Inbound,1
2025-01-22,Red,stop_002,trip_06686,trip_06685,300,,300,Outbound,0
2025-01-23,Orange,stop_003,trip_06687,trip_06686,330,,300,Inbound,1
2025-01-24,Red,stop_004,trip_06688,trip_06687,360,,300,Outbound,0
2025-01-25,Orange,stop_005,trip_06689,trip_06688,390,,300,Inbound,1
2025-01-26,Red,stop_006,trip_06690,trip_06689,420,,300,Outbound,0
2025-01-27,Orange,stop_007,trip_06691,trip_06690,450,,300,Inbound,1
2025-01-28,Red,stop_008,trip_06692,trip_06691,480,,300,Outbound,0
2025-01-29,Orange,stop_009,trip_06693,trip_06692,510,,300,Inbound,1
2025-01-30,Red,stop_010,trip_06694,trip_06693,540,,300,Outbound,0
2025-01-31,Orange,stop_011,trip_06695,trip_06694,570,,300,Inbound,1
2025-01-01,Red,stop_012,trip_06696,trip_06695,240,,300,Outbound,0
2025-01-02,Orange,stop_013,trip_06697,trip_06696,270,,300,Inbound,1
2025-01-03,Red,stop_014,trip_06698,trip_06697,300,,300,Outbound,0
2025-01-04,Orange,stop_015,trip_06699,trip_06698,330,,300,Inbound,1
2025-01-05,Red,stop_016,trip_06700,trip_06699,360,,300,Outbound,0
2025-01-06,Orange,stop_017,trip_06701,trip_06700,390,,300,Inbound,1
2025-01-07,Red,stop_018,trip_06702,trip_06701,420,,300,Outbound,0
2025-01-08,Orange,stop_019,trip_06703,trip_06702,450,,300,Inbound,1
2025-01-09,Red,stop_020,trip_06704,trip_06703,480,,300,Outbound,0
2025-01-10,Orange,stop_021,trip_06705,trip_06704,510,,300,Inbound,1
2025-01-11,Red,stop_022,trip_06706,trip_06705,540,,300,Outbound,0
2025-01-12,Orange,stop_023,trip_06707,trip_06706,570,,300,Inbound,1
2025-01-13,Red,stop_024,trip_06708,trip_06707,240,,300,Outbound,0
2025-01-14,Orange,stop_025,trip_06709,trip_06708,270,,300,Inbound,1
2025-01-15,Red,stop_026,trip_06710,trip_06709,300,,300,Outbound,0
2025-01-16,Orange,stop_027,trip_06711,trip_06710,330,,300,Inbound,1
2025-01-17,Red,stop_028,trip_06712,trip_06711,360,,300,Outbound,0
2025-01-18,Orange,stop_029,trip_06713,trip_06712,390,,300,Inbound,1
2025-01-19,Red,stop_030,trip_06714,trip_06713,420,,300,Outbound,0
2025-01-20,Orange,stop_031,trip_06715,trip_06714,450,,300,Inbound,1
2025-01-21,Red,stop_032,trip_06716,trip_06715,480,,300,Outbound,0
2025-01-22,Orange,stop_033,trip_06717,trip_06716,510,,300,Inbound,1
2025-01-23,Red,stop_034,trip_06718,trip_06717,540,,300,Outbound,0
2025-01-24,Orange,stop_035,trip_06719,trip_06718,570,,300,Inbound,1
2025-01-25,Red,stop_001,trip_06720,trip_06719,240,,300,Outbound,0
2025-01-26,Orange,stop_002,trip_06721,trip_06720,270,,300,Inbound,1
2025-01-27,Red,stop_003,trip_06722,trip_06721,300,,300,Outbound,0
2025-01-28,Orange,stop_004,trip_06723,trip_06722,330,,300,Inbound,1
2025-01-29,Red,stop_005,trip_06724,trip_06723,360,,300,Outbound,0
2025-01-30,Orange,stop_006,trip_06725,trip_06724,390,,300,Inbound,1
2025-01-31,Red,stop_007,trip_06726,trip_06725,420,,300,Outbound,0
2025-01-01,Orange,stop_008,trip_06727,trip_06726,450,,300,Inbound,1
2025-01-02,Red,stop_009,trip_06728,trip_06727,480,,300,Outbound,0
2025-01-03,Orange,stop_010,trip_06729,trip_06728,510,,300,Inbound,1
2025-01-04,Red,stop_011,trip_06730,trip_06729,540,,300,Outbound,0
2025-01-05,Orange,stop_012,trip_06731,trip_06730,570,,300,Inbound,1
2025-01-06,Red,stop_013,trip_06732,trip_06731,240,,300,Outbound,0
2025-01-07,Orange,stop_014,trip_06733,trip_06732,270,,300,Inbound,1
2025-01-08,Red,stop_015,trip_06734,trip_06733,300,,300,Outbound,0
2025-01-09,Orange,stop_016,trip_06735,trip_06734,330,,300,Inbound,1
2025-01-10,Red,stop_017,trip_06736,trip_06735,360,,300,Outbound,0
2025-01-11,Orange,stop_018,trip_06737,trip_06736,390,,300,Inbound,1
2025-01-12,Red,stop_019,trip_06738,trip_06737,420,,300,Outbound,0
2025-01-13,Orange,stop_020,trip_06739,trip_06738,450,,300,Inbound,1
2025-01-14,Red,stop_021,trip_06740,trip_06739,480,,300,Outbound,0
2025-01-15,Orange,stop_022,trip_06741,trip_06740,510,,300,Inbound,1
2025-01-16,Red,stop_023,trip_06742,trip_06741,540,,300,Outbound,0
2025-01-17,Orange,stop_024,trip_06743,trip_06742,570,,300,Inbound,1
2025-01-18,Red,stop_025,trip_06744,trip_06743,240,,300,Outbound,0
2025-01-19,Orange,stop_026,trip_06745,trip_06744,270,,300,Inbound,1
2025-01-20,Red,stop_027,trip_06746,trip_06745,300,,300,Outbound,0
2025-01-21,Orange,stop_028,trip_06747,trip_06746,330,,300,Inbound,1
2025-01-22,Red,stop_029,trip_06748,trip_06747,360,,300,Outbound,0
2025-01-23,Orange,stop_030,trip_06749,trip_06748,390,,300,Inbound,1
2025-01-24,Red,stop_031,trip_06750,trip_06749,420,,300,Outbound,0
2025-01-25,Orange,stop_032,trip_06751,trip_06750,450,,300,Inbound,1
2025-01-26,Red,stop_033,trip_06752,trip_06751,480,,300,Outbound,0
2025-01-27,Orange,stop_034,trip_06753,trip_06752,510,,300,Inbound,1
2025-01-28,Red,stop_035,trip_06754,trip_06753,540,,300,Outbound,0
2025-01-29,Orange,stop_001,trip_06755,trip_06754,570,,300,Inbound,1
2025-01-30,Red,stop_002,trip_06756,trip_06755,240,,300,Outbound,0
2025-01-31,Orange,stop_003,trip_06757,trip_06756,270,,300,Inbound,1
2025-01-01,Red,stop_004,trip_06758,trip_06757,300,,300,Outbound,0
2025-01-02,Orange,stop_005,trip_06759,trip_06758,330,,300,Inbound,1
2025-01-03,Red,stop_006,trip_06760,trip_06759,360,,300,Outbound,0
2025-01-04,Orange,stop_007,trip_06761,trip_06760,390,,300,Inbound,1
2025-01-05,Red,stop_008,trip_06762,trip_06761,420,,300,Outbound,0
2025-01-06,Orange,stop_009,trip_06763,trip_06762,450,,300,Inbound,1
2025-01-07,Red,stop_010,trip_06764,trip_06763,480,,300,Outbound,0
2025-01-08,Orange,stop_011,trip_06765,trip_06764,510,,300,Inbound,1
2025-01-09,Red,stop_012,trip_06766,trip_06765,540,,300,Outbound,0
2025-01-10,Orange,stop_013,trip_06767,trip_06766,570,,300,Inbound,1
2025-01-11,Red,stop_014,trip_06768,trip_06767,240,,300,Outbound,0
2025-01-12,Orange,stop_015,trip_06769,trip_06768,270,,300,Inbound,1
2025-01-13,Red,stop_016,trip_06770,trip_06769,300,,300,Outbound,0
2025-01-14,Orange,stop_017,trip_06771,trip_06770,330,,300,Inbound,1
2025-01-15,Red,stop_018,trip_06772,trip_06771,360,,300,Outbound,0
2025-01-16,Orange,stop_019,trip_06773,trip_06772,390,,300,Inbound,1
2025-01-17,Red,stop_020,trip_06774,trip_06773,420,,300,Outbound,0
2025-01-18,Orange,stop_021,trip_06775,trip_06774,450,,300,Inbound,1
2025-01-19,Red,stop_022,trip_06776,trip_06775,480,,300,Outbound,0
2025-01-20,Orange,stop_023,trip_06777,trip_06776,510,,300,Inbound,1
2025-01-21,Red,stop_024,trip_06778,trip_06777,540,,300,Outbound,0
2025-01-22,Orange,stop_025,trip_06779,trip_06778,570,,300,Inbound,1
2025-01-23,Red,stop_026,trip_06780,trip_06779,240,,300,Outbound,0
2025-01-24,Orange,stop_027,trip_06781,trip_06780,270,,300,Inbound,1
2025-01-25,Red,stop_028,trip_06782,trip_06781,300,,300,Outbound,0
2025-01-26,Orange,stop_029,trip_06783,trip_06782,330,,300,Inbound,1
2025-01-27,Red,stop_030,trip_06784,trip_06783,360,,300,Outbound,0
2025-01-28,Orange,stop_031,trip_06785,trip_06784,390,,300,Inbound,1
2025-01-29,Red,stop_032,trip_06786,trip_06785,420,,300,Outbound,0
2025-01-30,Orange,stop_033,trip_06787,trip_06786,450,,300,Inbound,1
2025-01-31,Red,stop_034,trip_06788,trip_06787,480,,300,Outbound,0
2025-01-01,Orange,stop_035,trip_06789,trip_06788,510,,300,Inbound,1
2025-01-02,Red,stop_001,trip_06790,trip_06789,540,,300,Outbound,0
2025-01-03,Orange,stop_002,trip_06791,trip_06790,570,,300,Inbound,1
2025-01-04,Red,stop_003,trip_06792,trip_06791,240,,300,Outbound,0
2025-01-05,Orange,stop_004,trip_06793,trip_06792,270,,300,Inbound,1
2025-01-06,Red,stop_005,trip_06794,trip_06793,300,,300,Outbound,0
2025-01-07,Orange,stop_006,trip_06795,trip_06794,330,,300,Inbound,1
2025-01-08,Red,stop_007,trip_06796,trip_06795,360,,300,Outbound,0
2025-01-09,Orange,stop_008,trip_06797,trip_06796,390,,300,Inbound,1
2025-01-10,Red,stop_009,trip_06798,trip_06797,420,,300,Outbound,0
2025-01-11,Orange,stop_010,trip_06799,trip_06798,450,,300,Inbound,1
2025-01-12,Red,stop_011,trip_06800,trip_06799,480,,300,Outbound,0
2025-01-13,Orange,stop_012,trip_06801,trip_06800,510,,300,Inbound,1
2025-01-14,Red,stop_013,trip_06802,trip_06801,540,,300,Outbound,0
2025-01-15,Orange,stop_014,trip_06803,trip_06802,570,,300,Inbound,1
2025-01-16,Red,stop_015,trip_06804,trip_06803,240,,300,Outbound,0
2025-01-17,Orange,stop_016,trip_06805,trip_06804,270,,300,Inbound,1
2025-01-18,Red,stop_017,trip_06806,trip_06805,300,,300,Outbound,0
2025-01-19,Orange,stop_018,trip_06807,trip_06806,330,,300,Inbound,1
2025-01-20,Red,stop_019,trip_06808,trip_06807,360,,300,Outbound,0
2025-01-21,Orange,stop_020,trip_06809,trip_06808,390,,300,Inbound,1
2025-01-22,Red,stop_021,trip_06810,trip_06809,420,,300,Outbound,0
2025-01-23,Orange,stop_022,trip_06811,trip_06810,450,,300,Inbound,1
2025-01-24,Red,stop_023,trip_06812,trip_06811,480,,300,Outbound,0
2025-01-25,Orange,stop_024,trip_06813,trip_06812,510,,300,Inbound,1
2025-01-26,Red,stop_025,trip_06814,trip_06813,540,,300,Outbound,0
2025-01-27,Orange,stop_026,trip_06815,trip_06814,570,,300,Inbound,1
2025-01-28,Red,stop_027,trip_06816,trip_06815,240,,300,Outbound,0
2025-01-29,Orange,stop_028,trip_06817,trip_06816,270,,300,Inbound,1
2025-01-30,Red,stop_029,trip_06818,trip_06817,300,,300,Outbound,0
2025-01-31,Orange,stop_030,trip_06819,trip_06818,330,,300,Inbound,1
2025-01-01,Red,stop_031,trip_06820,trip_06819,360,,300,Outbound,0
2025-01-02,Orange,stop_032,trip_06821,trip_06820,390,,300,Inbound,1
2025-01-03,Red,stop_033,trip_06822,trip_06821,420,,300,Outbound,0
2025-01-04,Orange,stop_034,trip_06823,trip_06822,450,,300,Inbound,1
2025-01-05,Red,stop_035,trip_06824,trip_06823,480,,300,Outbound,0
2025-01-06,Orange,stop_001,trip_06825,trip_06824,510,,300,Inbound,1
2025-01-07,Red,stop_002,trip_06826,trip_06825,540,,300,Outbound,0
2025-01-08,Orange,stop_003,trip_06827,trip_06826,570,,300,Inbound,1
2025-01-09,Red,stop_004,trip_06828,trip_06827,240,,300,Outbound,0
2025-01-10,Orange,stop_005,trip_06829,trip_06828,270,,300,Inbound,1
2025-01-11,Red,stop_006,trip_06830,trip_06829,300,,300,Outbound,0
2025-01-12,Orange,stop_007,trip_06831,trip_06830,330,,300,Inbound,1
2025-01-13,Red,stop_008,trip_06832,trip_06831,360,,300,Outbound,0
2025-01-14,Orange,stop_009,trip_06833,trip_06832,390,,300,Inbound,1
2025-01-15,Red,stop_010,trip_06834,trip_06833,420,,300,Outbound,0
2025-01-16,Orange,stop_011,trip_06835,trip_06834,450,,300,Inbound,1
2025-01-17,Red,stop_012,trip_06836,trip_06835,480,,300,Outbound,0
2025-01-18,Orange,stop_013,trip_06837,trip_06836,510,,300,Inbound,1
2025-01-19,Red,stop_014,trip_06838,trip_06837,540,,300,Outbound,0
2025-01-20,Orange,stop_015,trip_06839,trip_06838,570,,300,Inbound,1
2025-01-21,Red,stop_016,trip_06840,trip_06839,240,,300,Outbound,0
2025-01-22,Orange,stop_017,trip_06841,trip_06840,270,,300,Inbound,1
2025-01-23,Red,stop_018,trip_06842,trip_06841,300,,300,Outbound,0
2025-01-24,Orange,stop_019,trip_06843,trip_06842,330,,300,Inbound,1
2025-01-25,Red,stop_020,trip_06844,trip_06843,360,,300,Outbound,0
2025-01-26,Orange,stop_021,trip_06845,trip_06844,390,,300,Inbound,1
2025-01-27,Red,stop_022,trip_06846,trip_06845,420,,300,Outbound,0
2025-01-28,Orange,stop_023,trip_06847,trip_06846,450,,300,Inbound,1
2025-01-29,Red,stop_024,trip_06848,trip_06847,480,,300,Outbound,0
2025-01-30,Orange,stop_025,trip_06849,trip_06848,510,,300,Inbound,1
2025-01-31,Red,stop_026,trip_06850,trip_06849,540,,300,Outbound,0
2025-01-01,Orange,stop_027,trip_06851,trip_06850,570,,300,Inbound,1
2025-01-02,Red,stop_028,trip_06852,trip_06851,240,,300,Outbound,0
2025-01-03,Orange,stop_029,trip_06853,trip_06852,270,,300,Inbound,1
2025-01-04,Red,stop_030,trip_06854,trip_06853,300,,300,Outbound,0
2025-01-05,Orange,stop_031,trip_06855,trip_06854,330,,300,Inbound,1
2025-01-06,Red,stop_032,trip_06856,trip_06855,360,,300,Outbound,0
2025-01-07,Orange,stop_033,trip_06857,trip_06856,390,,300,Inbound,1
2025-01-08,Red,stop_034,trip_06858,trip_06857,420,,300,Outbound,0
2025-01-09,Orange,stop_035,trip_06859,trip_06858,450,,300,Inbound,1
2025-01-10,Red,stop_001,trip_06860,trip_06859,480,,300,Outbound,0
2025-01-11,Orange,stop_002,trip_06861,trip_06860,510,,300,Inbound,1
2025-01-12,Red,stop_003,trip_06862,trip_06861,540,,300,Outbound,0
2025-01-13,Orange,stop_004,trip_06863,trip_06862,570,,300,Inbound,1
2025-01-14,Red,stop_005,trip_06864,trip_06863,240,,300,Outbound,0
2025-01-15,Orange,stop_006,trip_06865,trip_06864,270,,300,Inbound,1
2025-01-16,Red,stop_007,trip_06866,trip_06865,300,,300,Outbound,0
2025-01-17,Orange,stop_008,trip_06867,trip_06866,330,,300,Inbound,1
2025-01-18,Red,stop_009,trip_06868,trip_06867,360,,300,Outbound,0
2025-01-19,Orange,stop_010,trip_06869,trip_06868,390,,300,Inbound,1
2025-01-20,Red,stop_011,trip_06870,trip_06869,420,,300,Outbound,0
2025-01-21,Orange,stop_012,trip_06871,trip_06870,450,,300,Inbound,1
2025-01-22,Red,stop_013,trip_06872,trip_06871,480,,300,Outbound,0
2025-01-23,Orange,stop_014,trip_06873,trip_06872,510,,300,Inbound,1
2025-01-24,Red,stop_015,trip_06874,trip_06873,540,,300,Outbound,0
2025-01-25,Orange,stop_016,trip_06875,trip_06874,570,,300,Inbound,1
2025-01-26,Red,stop_017,trip_06876,trip_06875,240,,300,Outbound,0
2025-01-27,Orange,stop_018,trip_06877,trip_06876,270,,300,Inbound,1
2025-01-28,Red,stop_019,trip_06878,trip_06877,300,,300,Outbound,0
2025-01-29,Orange,stop_020,trip_06879,trip_06878,330,,300,Inbound,1
2025-01-30,Red,stop_021,trip_06880,trip_06879,360,,300,Outbound,0
2025-01-31,Orange,stop_022,trip_06881,trip_06880,390,,300,Inbound,1
2025-01-01,Red,stop_023,trip_06882,trip_06881,420,,300,Outbound,0
2025-01-02,Orange,stop_024,trip_06883,trip_06882,450,,300,Inbound,1
2025-01-03,Red,stop_025,trip_06884,trip_06883,480,,300,Outbound,0
2025-01-04,Orange,stop_026,trip_06885,trip_06884,510,,300,Inbound,1
2025-01-05,Red,stop_027,trip_06886,trip_06885,540,,300,Outbound,0
2025-01-06,Orange,stop_028,trip_06887,trip_06886,570,,300,Inbound,1
2025-01-07,Red,stop_029,trip_06888,trip_06887,240,,300,Outbound,0
2025-01-08,Orange,stop_030,trip_06889,trip_06888,270,,300,Inbound,1
2025-01-09,Red,stop_031,trip_06890,trip_06889,300,,300,Outbound,0
2025-01-10,Orange,stop_032,trip_06891,trip_06890,330,,300,Inbound,1
2025-01-11,Red,stop_033,trip_06892,trip_06891,360,,300,Outbound,0
2025-01-12,Orange,stop_034,trip_06893,trip_06892,390,,300,Inbound,1
2025-01-13,Red,stop_035,trip_06894,trip_06893,420,,300,Outbound,0
2025-01-14,Orange,stop_001,trip_06895,trip_06894,450,,300,Inbound,1
2025-01-15,Red,stop_002,trip_06896,trip_06895,480,,300,Outbound,0
2025-01-16,Orange,stop_003,trip_06897,trip_06896,510,,300,Inbound,1
2025-01-17,Red,stop_004,trip_06898,trip_06897,540,,300,Outbound,0
2025-01-18,Orange,stop_005,trip_06899,trip_06898,570,,300,Inbound,1
2025-01-19,Red,stop_006,trip_06900,trip_06899,240,,300,Outbound,0
2025-01-20,Orange,stop_007,trip_06901,trip_06900,270,,300,Inbound,1
2025-01-21,Red,stop_008,trip_06902,trip_06901,300,,300,Outbound,0
2025-01-22,Orange,stop_009,trip_06903,trip_06902,330,,300,Inbound,1
2025-01-23,Red,stop_010,trip_06904,trip_06903,360,,300,Outbound,0
2025-01-24,Orange,stop_011,trip_06905,trip_06904,390,,300,Inbound,1
2025-01-25,Red,stop_012,trip_06906,trip_06905,420,,300,Outbound,0
2025-01-26,Orange,stop_013,trip_06907,trip_06906,450,,300,Inbound,1
2025-01-27,Red,stop_014,trip_06908,trip_06907,480,,300,Outbound,0
2025-01-28,Orange,stop_015,trip_06909,trip_06908,510,,300,Inbound,1
2025-01-29,Red,stop_016,trip_06910,trip_06909,540,,300,Outbound,0
2025-01-30,Orange,stop_017,trip_06911,trip_06910,570,,300,Inbound,1
2025-01-31,Red,stop_018,trip_06912,trip_06911,240,,300,Outbound,0
2025-01-01,Orange,stop_019,trip_06913,trip_06912,270,,300,Inbound,1
2025-01-02,Red,stop_020,trip_06914,trip_06913,300,,300,Outbound,0
2025-01-03,Orange,stop_021,trip_06915,trip_06914,330,,300,Inbound,1
2025-01-04,Red,stop_022,trip_06916,trip_06915,360,,300,Outbound,0
2025-01-05,Orange,stop_023,trip_06917,trip_06916,390,,300,Inbound,1
2025-01-06,Red,stop_024,trip_06918,trip_06917,420,,300,Outbound,0
2025-01-07,Orange,stop_025,trip_06919,trip_06918,450,,300,Inbound,1
2025-01-08,Red,stop_026,trip_06920,trip_06919,480,,300,Outbound,0
2025-01-09,Orange,stop_027,trip_06921,trip_06920,510,,300,Inbound,1
2025-01-10,Red,stop_028,trip_06922,trip_06921,540,,300,Outbound,0
2025-01-11,Orange,stop_029,trip_06923,trip_06922,570,,300,Inbound,1
2025-01-12,Red,stop_030,trip_06924,trip_06923,240,,300,Outbound,0
2025-01-13,Orange,stop_031,trip_06925,trip_06924,270,,300,Inbound,1
2025-01-14,Red,stop_032,trip_06926,trip_06925,300,,300,Outbound,0
2025-01-15,Orange,stop_033,trip_06927,trip_06926,330,,300,Inbound,1
2025-01-16,Red,stop_034,trip_06928,trip_06927,360,,300,Outbound,0
2025-01-17,Orange,stop_035,trip_06929,trip_06928,390,,300,Inbound,1
2025-01-18,Red,stop_001,trip_06930,trip_06929,420,,300,Outbound,0
2025-01-19,Orange,stop_002,trip_06931,trip_06930,450,,300,Inbound,1
2025-01-20,Red,stop_003,trip_06932,trip_06931,480,,300,Outbound,0
2025-01-21,Orange,stop_004,trip_06933,trip_06932,510,,300,Inbound,1
2025-01-22,Red,stop_005,trip_06934,trip_06933,540,,300,Outbound,0
2025-01-23,Orange,stop_006,trip_06935,trip_06934,570,,300,Inbound,1
2025-01-24,Red,stop_007,trip_06936,trip_06935,240,,300,Outbound,0
2025-01-25,Orange,stop_008,trip_06937,trip_06936,270,,300,Inbound,1
2025-01-26,Red,stop_009,trip_06938,trip_06937,300,,300,Outbound,0
2025-01-27,Orange,stop_010,trip_06939,trip_06938,330,,300,Inbound,1
2025-01-28,Red,stop_011,trip_06940,trip_06939,360,,300,Outbound,0
2025-01-29,Orange,stop_012,trip_06941,trip_06940,390,,300,Inbound,1
2025-01-30,Red,stop_013,trip_06942,trip_06941,420,,300,Outbound,0
2025-01-31,Orange,stop_014,trip_06943,trip_06942,450,,300,Inbound,1
2025-01-01,Red,stop_015,trip_06944,trip_06943,480,,300,Outbound,0
2025-01-02,Orange,stop_016,trip_06945,trip_06944,510,,300,Inbound,1
2025-01-03,Red,stop_017,trip_06946,trip_06945,540,,300,Outbound,0
2025-01-04,Orange,stop_018,trip_06947,trip_06946,570,,300,Inbound,1
2025-01-05,Red,stop_019,trip_06948,trip_06947,240,,300,Outbound,0
2025-01-06,Orange,stop_020,trip_06949,trip_06948,270,,300,Inbound,1
2025-01-07,Red,stop_021,trip_06950,trip_06949,300,,300,Outbound,0
2025-01-08,Orange,stop_022,trip_06951,trip_06950,330,,300,Inbound,1
2025-01-09,Red,stop_023,trip_06952,trip_06951,360,,300,Outbound,0
2025-01-10,Orange,stop_024,trip_06953,trip_06952,390,,300,Inbound,1
2025-01-11,Red,stop_025,trip_06954,trip_06953,420,,300,Outbound,0
2025-01-12,Orange,stop_026,trip_06955,trip_06954,450,,300,Inbound,1
2025-01-13,Red,stop_027,trip_06956,trip_06955,480,,300,Outbound,0
2025-01-14,Orange,stop_028,trip_06957,trip_06956,510,,300,Inbound,1
2025-01-15,Red,stop_029,trip_06958,trip_06957,540,,300,Outbound,0
2025-01-16,Orange,stop_030,trip_06959,trip_06958,570,,300,Inbound,1
2025-01-17,Red,stop_031,trip_06960,trip_06959,240,,300,Outbound,0
2025-01-18,Orange,stop_032,trip_06961,trip_06960,270,,300,Inbound,1
2025-01-19,Red,stop_033,trip_06962,trip_06961,300,,300,Outbound,0
2025-01-20,Orange,stop_034,trip_06963,trip_06962,330,,300,Inbound,1
2025-01-21,Red,stop_035,trip_06964,trip_06963,360,,300,Outbound,0
2025-01-22,Orange,stop_001,trip_06965,trip_06964,390,,300,Inbound,1
2025-01-23,Red,stop_002,trip_06966,trip_06965,420,,300,Outbound,0
2025-01-24,Orange,stop_003,trip_06967,trip_06966,450,,300,Inbound,1
2025-01-25,Red,stop_004,trip_06968,trip_06967,480,,300,Outbound,0
2025-01-26,Orange,stop_005,trip_06969,trip_06968,510,,300,Inbound,1
2025-01-27,Red,stop_006,trip_06970,trip_06969,540,,300,Outbound,0
2025-01-28,Orange,stop_007,trip_06971,trip_06970,570,,300,Inbound,1
2025-01-29,Red,stop_008,trip_06972,trip_06971,240,,300,Outbound,0
2025-01-30,Orange,stop_009,trip_06973,trip_06972,270,,300,Inbound,1
2025-01-31,Red,stop_010,trip_06974,trip_06973,300,,300,Outbound,0
2025-01-01,Orange,stop_011,trip_06975,trip_06974,330,,300,Inbound,1
2025-01-02,Red,stop_012,trip_06976,trip_06975,360,,300,Outbound,0
2025-01-03,Orange,stop_013,trip_06977,trip_06976,390,,300,Inbound,1
2025-01-04,Red,stop_014,trip_06978,trip_06977,420,,300,Outbound,0
2025-01-05,Orange,stop_015,trip_06979,trip_06978,450,,300,Inbound,1
2025-01-06,Red,stop_016,trip_06980,trip_06979,480,,300,Outbound,0
2025-01-07,Orange,stop_017,trip_06981,trip_06980,510,,300,Inbound,1
2025-01-08,Red,stop_018,trip_06982,trip_06981,540,,300,Outbound,0
2025-01-09,Orange,stop_019,trip_06983,trip_06982,570,,300,Inbound,1
2025-01-10,Red,stop_020,trip_06984,trip_06983,240,,300,Outbound,0
2025-01-11,Orange,stop_021,trip_06985,trip_06984,270,,300,Inbound,1
2025-01-12,Red,stop_022,trip_06986,trip_06985,300,,300,Outbound,0
2025-01-13,Orange,stop_023,trip_06987,trip_06986,330,,300,Inbound,1
2025-01-14,Red,stop_024,trip_06988,trip_06987,360,,300,Outbound,0
2025-01-15,Orange,stop_025,trip_06989,trip_06988,390,,300,Inbound,1
2025-01-16,Red,stop_026,trip_06990,trip_06989,420,,300,Outbound,0
2025-01-17,Orange,stop_027,trip_06991,trip_06990,450,,300,Inbound,1
2025-01-18,Red,stop_028,trip_06992,trip_06991,480,,300,Outbound,0
2025-01-19,Orange,stop_029,trip_06993,trip_06992,510,,300,Inbound,1
2025-01-20,Red,stop_030,trip_06994,trip_06993,540,,300,Outbound,0
2025-01-21,Orange,stop_031,trip_06995,trip_06994,570,,300,Inbound,1
2025-01-22,Red,stop_032,trip_06996,trip_06995,240,,300,Outbound,0
2025-01-23,Orange,stop_033,trip_06997,trip_06996,270,,300,Inbound,1
2025-01-24,Red,stop_034,trip_06998,trip_06997,300,,300,Outbound,0
2025-01-25,Orange,stop_035,trip_06999,trip_06998,330,,300,Inbound,1
2025-01-26,Red,stop_001,trip_07000,trip_06999,360,,300,Outbound,0
2025-01-27,Orange,stop_002,trip_07001,trip_07000,390,,300,Inbound,1
2025-01-28,Red,stop_003,trip_07002,trip_07001,420,,300,Outbound,0
2025-01-29,Orange,stop_004,trip_07003,trip_07002,450,,300,Inbound,1
2025-01-30,Red,stop_005,trip_07004,trip_07003,480,,300,Outbound,0
2025-01-31,Orange,stop_006,trip_07005,trip_07004,510,,300,Inbound,1
2025-01-01,Red,stop_007,trip_07006,trip_07005,540,,300,Outbound,0
2025-01-02,Orange,stop_008,trip_07007,trip_07006,570,,300,Inbound,1
2025-01-03,Red,stop_009,trip_07008,trip_07007,240,,300,Outbound,0
2025-01-04,Orange,stop_010,trip_07009,trip_07008,270,,300,Inbound,1
2025-01-05,Red,stop_011,trip_07010,trip_07009,300,,300,Outbound,0
2025-01-06,Orange,stop_012,trip_07011,trip_07010,330,,300,Inbound,1
2025-01-07,Red,stop_013,trip_07012,trip_07011,360,,300,Outbound,0
2025-01-08,Orange,stop_014,trip_07013,trip_07012,390,,300,Inbound,1
2025-01-09,Red,stop_015,trip_07014,trip_07013,420,,300,Outbound,0
2025-01-10,Orange,stop_016,trip_07015,trip_07014,450,,300,Inbound,1
2025-01-11,Red,stop_017,trip_07016,trip_07015,480,,300,Outbound,0
2025-01-12,Orange,stop_018,trip_07017,trip_07016,510,,300,Inbound,1
2025-01-13,Red,stop_019,trip_07018,trip_07017,540,,300,Outbound,0
2025-01-14,Orange,stop_020,trip_07019,trip_07018,570,,300,Inbound,1
2025-01-15,Red,stop_021,trip_07020,trip_07019,240,,300,Outbound,0
2025-01-16,Orange,stop_022,trip_07021,trip_07020,270,,300,Inbound,1
2025-01-17,Red,stop_023,trip_07022,trip_07021,300,,300,Outbound,0
2025-01-18,Orange,stop_024,trip_07023,trip_07022,330,,300,Inbound,1
2025-01-19,Red,stop_025,trip_07024,trip_07023,360,,300,Outbound,0
2025-01-20,Orange,stop_026,trip_07025,trip_07024,390,,300,Inbound,1
2025-01-21,Red,stop_027,trip_07026,trip_07025,420,,300,Outbound,0
2025-01-22,Orange,stop_028,trip_07027,trip_07026,450,,300,Inbound,1
2025-01-23,Red,stop_029,trip_07028,trip_07027,480,,300,Outbound,0
2025-01-24,Orange,stop_030,trip_07029,trip_07028,510,,300,Inbound,1
2025-01-25,Red,stop_031,trip_07030,trip_07029,540,,300,Outbound,0
2025-01-26,Orange,stop_032,trip_07031,trip_07030,570,,300,Inbound,1
2025-01-27,Red,stop_033,trip_07032,trip_07031,240,,300,Outbound,0
2025-01-28,Orange,stop_034,trip_07033,trip_07032,270,,300,Inbound,1
2025-01-29,Red,stop_035,trip_07034,trip_07033,300,,300,Outbound,0
2025-01-30,Orange,stop_001,trip_07035,trip_07034,330,,300,Inbound,1
2025-01-31,Red,stop_002,trip_07036,trip_07035,360,,300,Outbound,0
2025-01-01,Orange,stop_003,trip_07037,trip_07036,390,,300,Inbound,1
2025-01-02,Red,stop_004,trip_07038,trip_07037,420,,300,Outbound,0
2025-01-03,Orange,stop_005,trip_07039,trip_07038,450,,300,Inbound,1
2025-01-04,Red,stop_006,trip_07040,trip_07039,480,,300,Outbound,0
2025-01-05,Orange,stop_007,trip_07041,trip_07040,510,,300,Inbound,1
2025-01-06,Red,stop_008,trip_07042,trip_07041,540,,300,Outbound,0
2025-01-07,Orange,stop_009,trip_07043,trip_07042,570,,300,Inbound,1
2025-01-08,Red,stop_010,trip_07044,trip_07043,240,,300,Outbound,0
2025-01-09,Orange,stop_011,trip_07045,trip_07044,270,,300,Inbound,1
2025-01-10,Red,stop_012,trip_07046,trip_07045,300,,300,Outbound,0
2025-01-11,Orange,stop_013,trip_07047,trip_07046,330,,300,Inbound,1
2025-01-12,Red,stop_014,trip_07048,trip_07047,360,,300,Outbound,0
2025-01-13,Orange,stop_015,trip_07049,trip_07048,390,,300,Inbound,1
2025-01-14,Red,stop_016,trip_07050,trip_07049,420,,300,Outbound,0
2025-01-15,Orange,stop_017,trip_07051,trip_07050,450,,300,Inbound,1
2025-01-16,Red,stop_018,trip_07052,trip_07051,480,,300,Outbound,0
2025-01-17,Orange,stop_019,trip_07053,trip_07052,510,,300,Inbound,1
2025-01-18,Red,stop_020,trip_07054,trip_07053,540,,300,Outbound,0
2025-01-19,Orange,stop_021,trip_07055,trip_07054,570,,300,Inbound,1
2025-01-20,Red,stop_022,trip_07056,trip_07055,240,,300,Outbound,0
2025-01-21,Orange,stop_023,trip_07057,trip_07056,270,,300,Inbound,1
2025-01-22,Red,stop_024,trip_07058,trip_07057,300,,300,Outbound,0
2025-01-23,Orange,stop_025,trip_07059,trip_07058,330,,300,Inbound,1
2025-01-24,Red,stop_026,trip_07060,trip_07059,360,,300,Outbound,0
2025-01-25,Orange,stop_027,trip_07061,trip_07060,390,,300,Inbound,1
2025-01-26,Red,stop_028,trip_07062,trip_07061,420,,300,Outbound,0
2025-01-27,Orange,stop_029,trip_07063,trip_07062,450,,300,Inbound,1
2025-01-28,Red,stop_030,trip_07064,trip_07063,480,,300,Outbound,0
2025-01-29,Orange,stop_031,trip_07065,trip_07064,510,,300,Inbound,1
2025-01-30,Red,stop_032,trip_07066,trip_07065,540,,300,Outbound,0
2025-01-31,Orange,stop_033,trip_07067,trip_07066,570,,300,Inbound,1
2025-01-01,Red,stop_034,trip_07068,trip_07067,240,,300,Outbound,0
2025-01-02,Orange,stop_035,trip_07069,trip_07068,270,,300,Inbound,1
2025-01-03,Red,stop_001,trip_07070,trip_07069,300,,300,Outbound,0
2025-01-04,Orange,stop_002,trip_07071,trip_07070,330,,300,Inbound,1
2025-01-05,Red,stop_003,trip_07072,trip_07071,360,,300,Outbound,0
2025-01-06,Orange,stop_004,trip_07073,trip_07072,390,,300,Inbound,1
2025-01-07,Red,stop_005,trip_07074,trip_07073,420,,300,Outbound,0
2025-01-08,Orange,stop_006,trip_07075,trip_07074,450,,300,Inbound,1
2025-01-09,Red,stop_007,trip_07076,trip_07075,480,,300,Outbound,0
2025-01-10,Orange,stop_008,trip_07077,trip_07076,510,,300,Inbound,1
2025-01-11,Red,stop_009,trip_07078,trip_07077,540,,300,Outbound,0
2025-01-12,Orange,stop_010,trip_07079,trip_07078,570,,300,Inbound,1
2025-01-13,Red,stop_011,trip_07080,trip_07079,240,,300,Outbound,0
2025-01-14,Orange,stop_012,trip_07081,trip_07080,270,,300,Inbound,1
2025-01-15,Red,stop_013,trip_07082,trip_07081,300,,300,Outbound,0
2025-01-16,Orange,stop_014,trip_07083,trip_07082,330,,300,Inbound,1
2025-01-17,Red,stop_015,trip_07084,trip_07083,360,,300,Outbound,0
2025-01-18,Orange,stop_016,trip_07085,trip_07084,390,,300,Inbound,1
2025-01-19,Red,stop_017,trip_07086,trip_07085,420,,300,Outbound,0
2025-01-20,Orange,stop_018,trip_07087,trip_07086,450,,300,Inbound,1
2025-01-21,Red,stop_019,trip_07088,trip_07087,480,,300,Outbound,0
2025-01-22,Orange,stop_020,trip_07089,trip_07088,510,,300,Inbound,1
2025-01-23,Red,stop_021,trip_07090,trip_07089,540,,300,Outbound,0
2025-01-24,Orange,stop_022,trip_07091,trip_07090,570,,300,Inbound,1
2025-01-25,Red,stop_023,trip_07092,trip_07091,240,,300,Outbound,0
2025-01-26,Orange,stop_024,trip_07093,trip_07092,270,,300,Inbound,1
2025-01-27,Red,stop_025,trip_07094,trip_07093,300,,300,Outbound,0
2025-01-28,Orange,stop_026,trip_07095,trip_07094,330,,300,Inbound,1
2025-01-29,Red,stop_027,trip_07096,trip_07095,360,,300,Outbound,0
2025-01-30,Orange,stop_028,trip_07097,trip_07096,390,,300,Inbound,1
2025-01-31,Red,stop_029,trip_07098,trip_07097,420,,300,Outbound,0
2025-01-01,Orange,stop_030,trip_07099,trip_07098,450,,300,Inbound,1
2025-01-02,Red,stop_031,trip_07100,trip_07099,480,,300,Outbound,0
2025-01-03,Orange,stop_032,trip_07101,trip_07100,510,,300,Inbound,1
2025-01-04,Red,stop_033,trip_07102,trip_07101,540,,300,Outbound,0
2025-01-05,Orange,stop_034,trip_07103,trip_07102,570,,300,Inbound,1
2025-01-06,Red,stop_035,trip_07104,trip_07103,240,,300,Outbound,0
2025-01-07,Orange,stop_001,trip_07105,trip_07104,270,,300,Inbound,1
2025-01-08,Red,stop_002,trip_07106,trip_07105,300,,300,Outbound,0
2025-01-09,Orange,stop_003,trip_07107,trip_07106,330,,300,Inbound,1
2025-01-10,Red,stop_004,trip_07108,trip_07107,360,,300,Outbound,0
2025-01-11,Orange,stop_005,trip_07109,trip_07108,390,,300,Inbound,1
2025-01-12,Red,stop_006,trip_07110,trip_07109,420,,300,Outbound,0
2025-01-13,Orange,stop_007,trip_07111,trip_07110,450,,300,Inbound,1
2025-01-14,Red,stop_008,trip_07112,trip_07111,480,,300,Outbound,0
2025-01-15,Orange,stop_009,trip_07113,trip_07112,510,,300,Inbound,1
2025-01-16,Red,stop_010,trip_07114,trip_07113,540,,300,Outbound,0
2025-01-17,Orange,stop_011,trip_07115,trip_07114,570,,300,Inbound,1
2025-01-18,Red,stop_012,trip_07116,trip_07115,240,,300,Outbound,0
2025-01-19,Orange,stop_013,trip_07117,trip_07116,270,,300,Inbound,1
2025-01-20,Red,stop_014,trip_07118,trip_07117,300,,300,Outbound,0
2025-01-21,Orange,stop_015,trip_07119,trip_07118,330,,300,Inbound,1
2025-01-22,Red,stop_016,trip_07120,trip_07119,360,,300,Outbound,0
2025-01-23,Orange,stop_017,trip_07121,trip_07120,390,,300,Inbound,1
2025-01-24,Red,stop_018,trip_07122,trip_07121,420,,300,Outbound,0
2025-01-25,Orange,stop_019,trip_07123,trip_07122,450,,300,Inbound,1
2025-01-26,Red,stop_020,trip_07124,trip_07123,480,,300,Outbound,0
2025-01-27,Orange,stop_021,trip_07125,trip_07124,510,,300,Inbound,1
2025-01-28,Red,stop_022,trip_07126,trip_07125,540,,300,Outbound,0
2025-01-29,Orange,stop_023,trip_07127,trip_07126,570,,300,Inbound,1
2025-01-30,Red,stop_024,trip_07128,trip_07127,240,,300,Outbound,0
2025-01-31,Orange,stop_025,trip_07129,trip_07128,270,,300,Inbound,1
2025-01-01,Red,stop_026,trip_07130,trip_07129,300,,300,Outbound,0
2025-01-02,Orange,stop_027,trip_07131,trip_07130,330,,300,Inbound,1
2025-01-03,Red,stop_028,trip_07132,trip_07131,360,,300,Outbound,0
2025-01-04,Orange,stop_029,trip_07133,trip_07132,390,,300,Inbound,1
2025-01-05,Red,stop_030,trip_07134,trip_07133,420,,300,Outbound,0
2025-01-06,Orange,stop_031,trip_07135,trip_07134,450,,300,Inbound,1
2025-01-07,Red,stop_032,trip_07136,trip_07135,480,,300,Outbound,0
2025-01-08,Orange,stop_033,trip_07137,trip_07136,510,,300,Inbound,1
2025-01-09,Red,stop_034,trip_07138,trip_07137,540,,300,Outbound,0
2025-01-10,Orange,stop_035,trip_07139,trip_07138,570,,300,Inbound,1
2025-01-11,Red,stop_001,trip_07140,trip_07139,240,,300,Outbound,0
2025-01-12,Orange,stop_002,trip_07141,trip_07140,270,,300,Inbound,1
2025-01-13,Red,stop_003,trip_07142,trip_07141,300,,300,Outbound,0
2025-01-14,Orange,stop_004,trip_07143,trip_07142,330,,300,Inbound,1
2025-01-15,Red,stop_005,trip_07144,trip_07143,360,,300,Outbound,0
2025-01-16,Orange,stop_006,trip_07145,trip_07144,390,,300,Inbound,1
2025-01-17,Red,stop_007,trip_07146,trip_07145,420,,300,Outbound,0
2025-01-18,Orange,stop_008,trip_07147,trip_07146,450,,300,Inbound,1
2025-01-19,Red,stop_009,trip_07148,trip_07147,480,,300,Outbound,0
2025-01-20,Orange,stop_010,trip_07149,trip_07148,510,,300,Inbound,1
2025-01-21,Red,stop_011,trip_07150,trip_07149,540,,300,Outbound,0
2025-01-22,Orange,stop_012,trip_07151,trip_07150,570,,300,Inbound,1
2025-01-23,Red,stop_013,trip_07152,trip_07151,240,,300,Outbound,0
2025-01-24,Orange,stop_014,trip_07153,trip_07152,270,,300,Inbound,1
2025-01-25,Red,stop_015,trip_07154,trip_07153,300,,300,Outbound,0
2025-01-26,Orange,stop_016,trip_07155,trip_07154,330,,300,Inbound,1
2025-01-27,Red,stop_017,trip_07156,trip_07155,360,,300,Outbound,0
2025-01-28,Orange,stop_018,trip_07157,trip_07156,390,,300,Inbound,1
2025-01-29,Red,stop_019,trip_07158,trip_07157,420,,300,Outbound,0
2025-01-30,Orange,stop_020,trip_07159,trip_07158,450,,300,Inbound,1
2025-01-31,Red,stop_021,trip_07160,trip_07159,480,,300,Outbound,0
2025-01-01,Orange,stop_022,trip_07161,trip_07160,510,,300,Inbound,1
2025-01-02,Red,stop_023,trip_07162,trip_07161,540,,300,Outbound,0
2025-01-03,Orange,stop_024,trip_07163,trip_07162,570,,300,Inbound,1
2025-01-04,Red,stop_025,trip_07164,trip_07163,240,,300,Outbound,0
2025-01-05,Orange,stop_026,trip_07165,trip_07164,270,,300,Inbound,1
2025-01-06,Red,stop_027,trip_07166,trip_07165,300,,300,Outbound,0
2025-01-07,Orange,stop_028,trip_07167,trip_07166,330,,300,Inbound,1
2025-01-08,Red,stop_029,trip_07168,trip_07167,360,,300,Outbound,0
2025-01-09,Orange,stop_030,trip_07169,trip_07168,390,,300,Inbound,1
2025-01-10,Red,stop_031,trip_07170,trip_07169,420,,300,Outbound,0
2025-01-11,Orange,stop_032,trip_07171,trip_07170,450,,300,Inbound,1
2025-01-12,Red,stop_033,trip_07172,trip_07171,480,,300,Outbound,0
2025-01-13,Orange,stop_034,trip_07173,trip_07172,510,,300,Inbound,1
2025-01-14,Red,stop_035,trip_07174,trip_07173,540,,300,Outbound,0
2025-01-15,Orange,stop_001,trip_07175,trip_07174,570,,300,Inbound,1
2025-01-16,Red,stop_002,trip_07176,trip_07175,240,,300,Outbound,0
2025-01-17,Orange,stop_003,trip_07177,trip_07176,270,,300,Inbound,1
2025-01-18,Red,stop_004,trip_07178,trip_07177,300,,300,Outbound,0
2025-01-19,Orange,stop_005,trip_07179,trip_07178,330,,300,Inbound,1
2025-01-20,Red,stop_006,trip_07180,trip_07179,360,,300,Outbound,0
2025-01-21,Orange,stop_007,trip_07181,trip_07180,390,,300,Inbound,1
2025-01-22,Red,stop_008,trip_07182,trip_07181,420,,300,Outbound,0
2025-01-23,Orange,stop_009,trip_07183,trip_07182,450,,300,Inbound,1
2025-01-24,Red,stop_010,trip_07184,trip_07183,480,,300,Outbound,0
2025-01-25,Orange,stop_011,trip_07185,trip_07184,510,,300,Inbound,1
2025-01-26,Red,stop_012,trip_07186,trip_07185,540,,300,Outbound,0
2025-01-27,Orange,stop_013,trip_07187,trip_07186,570,,300,Inbound,1
2025-01-28,Red,stop_014,trip_07188,trip_07187,240,,300,Outbound,0
2025-01-29,Orange,stop_015,trip_07189,trip_07188,270,,300,Inbound,1
2025-01-30,Red,stop_016,trip_07190,trip_07189,300,,300,Outbound,0
2025-01-31,Orange,stop_017,trip_07191,trip_07190,330,,300,Inbound,1
2025-01-01,Red,stop_018,trip_07192,trip_07191,360,,300,Outbound,0
2025-01-02,Orange,stop_019,trip_07193,trip_07192,390,,300,Inbound,1
2025-01-03,Red,stop_020,trip_07194,trip_07193,420,,300,Outbound,0
2025-01-04,Orange,stop_021,trip_07195,trip_07194,450,,300,Inbound,1
2025-01-05,Red,stop_022,trip_07196,trip_07195,480,,300,Outbound,0
2025-01-06,Orange,stop_023,trip_07197,trip_07196,510,,300,Inbound,1
2025-01-07,Red,stop_024,trip_07198,trip_07197,540,,300,Outbound,0
2025-01-08,Orange,stop_025,trip_07199,trip_07198,570,,300,Inbound,1
2025-01-09,Red,stop_026,trip_07200,trip_07199,240,,300,Outbound,0
2025-01-10,Orange,stop_027,trip_07201,trip_07200,270,,300,Inbound,1
2025-01-11,Red,stop_028,trip_07202,trip_07201,300,,300,Outbound,0
2025-01-12,Orange,stop_029,trip_07203,trip_07202,330,,300,Inbound,1
2025-01-13,Red,stop_030,trip_07204,trip_07203,360,,300,Outbound,0
2025-01-14,Orange,stop_031,trip_07205,trip_07204,390,,300,Inbound,1
2025-01-15,Red,stop_032,trip_07206,trip_07205,420,,300,Outbound,0
2025-01-16,Orange,stop_033,trip_07207,trip_07206,450,,300,Inbound,1
2025-01-17,Red,stop_034,trip_07208,trip_07207,480,,300,Outbound,0
2025-01-18,Orange,stop_035,trip_07209,trip_07208,510,,300,Inbound,1
2025-01-19,Red,stop_001,trip_07210,trip_07209,540,,300,Outbound,0
2025-01-20,Orange,stop_002,trip_07211,trip_07210,570,,300,Inbound,1
2025-01-21,Red,stop_003,trip_07212,trip_07211,240,,300,Outbound,0
2025-01-22,Orange,stop_004,trip_07213,trip_07212,270,,300,Inbound,1
2025-01-23,Red,stop_005,trip_07214,trip_07213,300,,300,Outbound,0
2025-01-24,Orange,stop_006,trip_07215,trip_07214,330,,300,Inbound,1
2025-01-25,Red,stop_007,trip_07216,trip_07215,360,,300,Outbound,0
2025-01-26,Orange,stop_008,trip_07217,trip_07216,390,,300,Inbound,1
2025-01-27,Red,stop_009,trip_07218,trip_07217,420,,300,Outbound,0
2025-01-28,Orange,stop_010,trip_07219,trip_07218,450,,300,Inbound,1
2025-01-29,Red,stop_011,trip_07220,trip_07219,480,,300,Outbound,0
2025-01-30,Orange,stop_012,trip_07221,trip_07220,510,,300,Inbound,1
2025-01-31,Red,stop_013,trip_07222,trip_07221,540,,300,Outbound,0
2025-01-01,Orange,stop_014,trip_07223,trip_07222,570,,300,Inbound,1
2025-01-02,Red,stop_015,trip_07224,trip_07223,240,,300,Outbound,0
2025-01-03,Orange,stop_016,trip_07225,trip_07224,270,,300,Inbound,1
2025-01-04,Red,stop_017,trip_07226,trip_07225,300,,300,Outbound,0
2025-01-05,Orange,stop_018,trip_07227,trip_07226,330,,300,Inbound,1
2025-01-06,Red,stop_019,trip_07228,trip_07227,360,,300,Outbound,0
2025-01-07,Orange,stop_020,trip_07229,trip_07228,390,,300,Inbound,1
2025-01-08,Red,stop_021,trip_07230,trip_07229,420,,300,Outbound,0
2025-01-09,Orange,stop_022,trip_07231,trip_07230,450,,300,Inbound,1
2025-01-10,Red,stop_023,trip_07232,trip_07231,480,,300,Outbound,0
2025-01-11,Orange,stop_024,trip_07233,trip_07232,510,,300,Inbound,1
2025-01-12,Red,stop_025,trip_07234,trip_07233,540,,300,Outbound,0
2025-01-13,Orange,stop_026,trip_07235,trip_07234,570,,300,Inbound,1
2025-01-14,Red,stop_027,trip_07236,trip_07235,240,,300,Outbound,0
2025-01-15,Orange,stop_028,trip_07237,trip_07236,270,,300,Inbound,1
2025-01-16,Red,stop_029,trip_07238,trip_07237,300,,300,Outbound,0
2025-01-17,Orange,stop_030,trip_07239,trip_07238,330,,300,Inbound,1
2025-01-18,Red,stop_031,trip_07240,trip_07239,360,,300,Outbound,0
2025-01-19,Orange,stop_032,trip_07241,trip_07240,390,,300,Inbound,1
2025-01-20,Red,stop_033,trip_07242,trip_07241,420,,300,Outbound,0
2025-01-21,Orange,stop_034,trip_07243,trip_07242,450,,300,Inbound,1
2025-01-22,Red,stop_035,trip_07244,trip_07243,480,,300,Outbound,0
2025-01-23,Orange,stop_001,trip_07245,trip_07244,510,,300,Inbound,1
2025-01-24,Red,stop_002,trip_07246,trip_07245,540,,300,Outbound,0
2025-01-25,Orange,stop_003,trip_07247,trip_07246,570,,300,Inbound,1
2025-01-26,Red,stop_004,trip_07248,trip_07247,240,,300,Outbound,0
2025-01-27,Orange,stop_005,trip_07249,trip_07248,270,,300,Inbound,1
2025-01-28,Red,stop_006,trip_07250,trip_07249,300,,300,Outbound,0
2025-01-29,Orange,stop_007,trip_07251,trip_07250,330,,300,Inbound,1
2025-01-30,Red,stop_008,trip_07252,trip_07251,360,,300,Outbound,0
2025-01-31,Orange,stop_009,trip_07253,trip_07252,390,,300,Inbound,1
2025-01-01,Red,stop_010,trip_07254,trip_07253,420,,300,Outbound,0
2025-01-02,Orange,stop_011,trip_07255,trip_07254,450,,300,Inbound,1
2025-01-03,Red,stop_012,trip_07256,trip_07255,480,,300,Outbound,0
2025-01-04,Orange,stop_013,trip_07257,trip_07256,510,,300,Inbound,1
2025-01-05,Red,stop_014,trip_07258,trip_07257,540,,300,Outbound,0
2025-01-06,Orange,stop_015,trip_07259,trip_07258,570,,300,Inbound,1
2025-01-07,Red,stop_016,trip_07260,trip_07259,240,,300,Outbound,0
2025-01-08,Orange,stop_017,trip_07261,trip_07260,270,,300,Inbound,1
2025-01-09,Red,stop_018,trip_07262,trip_07261,300,,300,Outbound,0
2025-01-10,Orange,stop_019,trip_07263,trip_07262,330,,300,Inbound,1
2025-01-11,Red,stop_020,trip_07264,trip_07263,360,,300,Outbound,0
2025-01-12,Orange,stop_021,trip_07265,trip_07264,390,,300,Inbound,1
2025-01-13,Red,stop_022,trip_07266,trip_07265,420,,300,Outbound,0
2025-01-14,Orange,stop_023,trip_07267,trip_07266,450,,300,Inbound,1
2025-01-15,Red,stop_024,trip_07268,trip_07267,480,,300,Outbound,0
2025-01-16,Orange,stop_025,trip_07269,trip_07268,510,,300,Inbound,1
2025-01-17,Red,stop_026,trip_07270,trip_07269,540,,300,Outbound,0
2025-01-18,Orange,stop_027,trip_07271,trip_07270,570,,300,Inbound,1
2025-01-19,Red,stop_028,trip_07272,trip_07271,240,,300,Outbound,0
2025-01-20,Orange,stop_029,trip_07273,trip_07272,270,,300,Inbound,1
2025-01-21,Red,stop_030,trip_07274,trip_07273,300,,300,Outbound,0
2025-01-22,Orange,stop_031,trip_07275,trip_07274,330,,300,Inbound,1
2025-01-23,Red,stop_032,trip_07276,trip_07275,360,,300,Outbound,0
2025-01-24,Orange,stop_033,trip_07277,trip_07276,390,,300,Inbound,1
2025-01-25,Red,stop_034,trip_07278,trip_07277,420,,300,Outbound,0
2025-01-26,Orange,stop_035,trip_07279,trip_07278,450,,300,Inbound,1
2025-01-27,Red,stop_001,trip_07280,trip_07279,480,,300,Outbound,0
2025-01-28,Orange,stop_002,trip_07281,trip_07280,510,,300,Inbound,1
2025-01-29,Red,stop_003,trip_07282,trip_07281,540,,300,Outbound,0
2025-01-30,Orange,stop_004,trip_07283,trip_07282,570,,300,Inbound,1
2025-01-31,Red,stop_005,trip_07284,trip_07283,240,,300,Outbound,0
2025-01-01,Orange,stop_006,trip_07285,trip_07284,270,,300,Inbound,1
2025-01-02,Red,stop_007,trip_07286,trip_07285,300,,300,Outbound,0
2025-01-03,Orange,stop_008,trip_07287,trip_07286,330,,300,Inbound,1
2025-01-04,Red,stop_009,trip_07288,trip_07287,360,,300,Outbound,0
2025-01-05,Orange,stop_010,trip_07289,trip_07288,390,,300,Inbound,1
2025-01-06,Red,stop_011,trip_07290,trip_07289,420,,300,Outbound,0
2025-01-07,Orange,stop_012,trip_07291,trip_07290,450,,300,Inbound,1
2025-01-08,Red,stop_013,trip_07292,trip_07291,480,,300,Outbound,0
2025-01-09,Orange,stop_014,trip_07293,trip_07292,510,,300,Inbound,1
2025-01-10,Red,stop_015,trip_07294,trip_07293,540,,300,Outbound,0
2025-01-11,Orange,stop_016,trip_07295,trip_07294,570,,300,Inbound,1
2025-01-12,Red,stop_017,trip_07296,trip_07295,240,,300,Outbound,0
2025-01-13,Orange,stop_018,trip_07297,trip_07296,270,,300,Inbound,1
2025-01-14,Red,stop_019,trip_07298,trip_07297,300,,300,Outbound,0
2025-01-15,Orange,stop_020,trip_07299,trip_07298,330,,300,Inbound,1
2025-01-16,Red,stop_021,trip_07300,trip_07299,360,,300,Outbound,0
2025-01-17,Orange,stop_022,trip_07301,trip_07300,390,,300,Inbound,1
2025-01-18,Red,stop_023,trip_07302,trip_07301,420,,300,Outbound,0
2025-01-19,Orange,stop_024,trip_07303,trip_07302,450,,300,Inbound,1
2025-01-20,Red,stop_025,trip_07304,trip_07303,480,,300,Outbound,0
2025-01-21,Orange,stop_026,trip_07305,trip_07304,510,,300,Inbound,1
2025-01-22,Red,stop_027,trip_07306,trip_07305,540,,300,Outbound,0
2025-01-23,Orange,stop_028,trip_07307,trip_07306,570,,300,Inbound,1
2025-01-24,Red,stop_029,trip_07308,trip_07307,240,,300,Outbound,0
2025-01-25,Orange,stop_030,trip_07309,trip_07308,270,,300,Inbound,1
2025-01-26,Red,stop_031,trip_07310,trip_07309,300,,300,Outbound,0
2025-01-27,Orange,stop_032,trip_07311,trip_07310,330,,300,Inbound,1
2025-01-28,Red,stop_033,trip_07312,trip_07311,360,,300,Outbound,0
2025-01-29,Orange,stop_034,trip_07313,trip_07312,390,,300,Inbound,1
2025-01-30,Red,stop_035,trip_07314,trip_07313,420,,300,Outbound,0
2025-01-31,Orange,stop_001,trip_07315,trip_07314,450,,300,Inbound,1
2025-01-01,Red,stop_002,trip_07316,trip_07315,480,,300,Outbound,0
2025-01-02,Orange,stop_003,trip_07317,trip_07316,510,,300,Inbound,1
2025-01-03,Red,stop_004,trip_07318,trip_07317,540,,300,Outbound,0
2025-01-04,Orange,stop_005,trip_07319,trip_07318,570,,300,Inbound,1
2025-01-05,Red,stop_006,trip_07320,trip_07319,240,,300,Outbound,0
2025-01-06,Orange,stop_007,trip_07321,trip_07320,270,,300,Inbound,1
2025-01-07,Red,stop_008,trip_07322,trip_07321,300,,300,Outbound,0
2025-01-08,Orange,stop_009,trip_07323,trip_07322,330,,300,Inbound,1
2025-01-09,Red,stop_010,trip_07324,trip_07323,360,,300,Outbound,0
2025-01-10,Orange,stop_011,trip_07325,trip_07324,390,,300,Inbound,1
2025-01-11,Red,stop_012,trip_07326,trip_07325,420,,300,Outbound,0
2025-01-12,Orange,stop_013,trip_07327,trip_07326,450,,300,Inbound,1
2025-01-13,Red,stop_014,trip_07328,trip_07327,480,,300,Outbound,0
2025-01-14,Orange,stop_015,trip_07329,trip_07328,510,,300,Inbound,1
2025-01-15,Red,stop_016,trip_07330,trip_07329,540,,300,Outbound,0
2025-01-16,Orange,stop_017,trip_07331,trip_07330,570,,300,Inbound,1
2025-01-17,Red,stop_018,trip_07332,trip_07331,240,,300,Outbound,0
2025-01-18,Orange,stop_019,trip_07333,trip_07332,270,,300,Inbound,1
2025-01-19,Red,stop_020,trip_07334,trip_07333,300,,300,Outbound,0
2025-01-20,Orange,stop_021,trip_07335,trip_07334,330,,300,Inbound,1
2025-01-21,Red,stop_022,trip_07336,trip_07335,360,,300,Outbound,0
2025-01-22,Orange,stop_023,trip_07337,trip_07336,390,,300,Inbound,1
2025-01-23,Red,stop_024,trip_07338,trip_07337,420,,300,Outbound,0
2025-01-24,Orange,stop_025,trip_07339,trip_07338,450,,300,Inbound,1
2025-01-25,Red,stop_026,trip_07340,trip_07339,480,,300,Outbound,0
2025-01-26,Orange,stop_027,trip_07341,trip_07340,510,,300,Inbound,1
2025-01-27,Red,stop_028,trip_07342,trip_07341,540,,300,Outbound,0
2025-01-28,Orange,stop_029,trip_07343,trip_07342,570,,300,Inbound,1
2025-01-29,Red,stop_030,trip_07344,trip_07343,240,,300,Outbound,0
2025-01-30,Orange,stop_031,trip_07345,trip_07344,270,,300,Inbound,1
2025-01-31,Red,stop_032,trip_07346,trip_07345,300,,300,Outbound,0
2025-01-01,Orange,stop_033,trip_07347,trip_07346,330,,300,Inbound,1
2025-01-02,Red,stop_034,trip_07348,trip_07347,360,,300,Outbound,0
2025-01-03,Orange,stop_035,trip_07349,trip_07348,390,,300,Inbound,1
2025-01-04,Red,stop_001,trip_07350,trip_07349,420,,300,Outbound,0
2025-01-05,Orange,stop_002,trip_07351,trip_07350,450,,300,Inbound,1
2025-01-06,Red,stop_003,trip_07352,trip_07351,480,,300,Outbound,0
2025-01-07,Orange,stop_004,trip_07353,trip_07352,510,,300,Inbound,1
2025-01-08,Red,stop_005,trip_07354,trip_07353,540,,300,Outbound,0
2025-01-09,Orange,stop_006,trip_07355,trip_07354,570,,300,Inbound,1
2025-01-10,Red,stop_007,trip_07356,trip_07355,240,,300,Outbound,0
2025-01-11,Orange,stop_008,trip_07357,trip_07356,270,,300,Inbound,1
2025-01-12,Red,stop_009,trip_07358,trip_07357,300,,300,Outbound,0
2025-01-13,Orange,stop_010,trip_07359,trip_07358,330,,300,Inbound,1
2025-01-14,Red,stop_011,trip_07360,trip_07359,360,,300,Outbound,0
2025-01-15,Orange,stop_012,trip_07361,trip_07360,390,,300,Inbound,1
2025-01-16,Red,stop_013,trip_07362,trip_07361,420,,300,Outbound,0
2025-01-17,Orange,stop_014,trip_07363,trip_07362,450,,300,Inbound,1
2025-01-18,Red,stop_015,trip_07364,trip_07363,480,,300,Outbound,0
2025-01-19,Orange,stop_016,trip_07365,trip_07364,510,,300,Inbound,1
2025-01-20,Red,stop_017,trip_07366,trip_07365,540,,300,Outbound,0
2025-01-21,Orange,stop_018,trip_07367,trip_07366,570,,300,Inbound,1
2025-01-22,Red,stop_019,trip_07368,trip_07367,240,,300,Outbound,0
2025-01-23,Orange,stop_020,trip_07369,trip_07368,270,,300,Inbound,1
2025-01-24,Red,stop_021,trip_07370,trip_07369,300,,300,Outbound,0
2025-01-25,Orange,stop_022,trip_07371,trip_07370,330,,300,Inbound,1
2025-01-26,Red,stop_023,trip_07372,trip_07371,360,,300,Outbound,0
2025-01-27,Orange,stop_024,trip_07373,trip_07372,390,,300,Inbound,1
2025-01-28,Red,stop_025,trip_07374,trip_07373,420,,300,Outbound,0
2025-01-29,Orange,stop_026,trip_07375,trip_07374,450,,300,Inbound,1
2025-01-30,Red,stop_027,trip_07376,trip_07375,480,,300,Outbound,0
2025-01-31,Orange,stop_028,trip_07377,trip_07376,510,,300,Inbound,1
2025-01-01,Red,stop_029,trip_07378,trip_07377,540,,300,Outbound,0
2025-01-02,Orange,stop_030,trip_07379,trip_07378,570,,300,Inbound,1
2025-01-03,Red,stop_031,trip_07380,trip_07379,240,,300,Outbound,0
2025-01-04,Orange,stop_032,trip_07381,trip_07380,270,,300,Inbound,1
2025-01-05,Red,stop_033,trip_07382,trip_07381,300,,300,Outbound,0
2025-01-06,Orange,stop_034,trip_07383,trip_07382,330,,300,Inbound,1
2025-01-07,Red,stop_035,trip_07384,trip_07383,360,,300,Outbound,0
2025-01-08,Orange,stop_001,trip_07385,trip_07384,390,,300,Inbound,1
2025-01-09,Red,stop_002,trip_07386,trip_07385,420,,300,Outbound,0
2025-01-10,Orange,stop_003,trip_07387,trip_07386,450,,300,Inbound,1
2025-01-11,Red,stop_004,trip_07388,trip_07387,480,,300,Outbound,0
2025-01-12,Orange,stop_005,trip_07389,trip_07388,510,,300,Inbound,1
2025-01-13,Red,stop_006,trip_07390,trip_07389,540,,300,Outbound,0
2025-01-14,Orange,stop_007,trip_07391,trip_07390,570,,300,Inbound,1
2025-01-15,Red,stop_008,trip_07392,trip_07391,240,,300,Outbound,0
2025-01-16,Orange,stop_009,trip_07393,trip_07392,270,,300,Inbound,1
2025-01-17,Red,stop_010,trip_07394,trip_07393,300,,300,Outbound,0
2025-01-18,Orange,stop_011,trip_07395,trip_07394,330,,300,Inbound,1
2025-01-19,Red,stop_012,trip_07396,trip_07395,360,,300,Outbound,0
2025-01-20,Orange,stop_013,trip_07397,trip_07396,390,,300,Inbound,1
2025-01-21,Red,stop_014,trip_07398,trip_07397,420,,300,Outbound,0
2025-01-22,Orange,stop_015,trip_07399,trip_07398,450,,300,Inbound,1
2025-01-23,Red,stop_016,trip_07400,trip_07399,480,,300,Outbound,0
2025-01-24,Orange,stop_017,trip_07401,trip_07400,510,,300,Inbound,1
2025-01-25,Red,stop_018,trip_07402,trip_07401,540,,300,Outbound,0
2025-01-26,Orange,stop_019,trip_07403,trip_07402,570,,300,Inbound,1
2025-01-27,Red,stop_020,trip_07404,trip_07403,240,,300,Outbound,0
2025-01-28,Orange,stop_021,trip_07405,trip_07404,270,,300,Inbound,1
2025-01-29,Red,stop_022,trip_07406,trip_07405,300,,300,Outbound,0
2025-01-30,Orange,stop_023,trip_07407,trip_07406,330,,300,Inbound,1
2025-01-31,Red,stop_024,trip_07408,trip_07407,360,,300,Outbound,0
2025-01-01,Orange,stop_025,trip_07409,trip_07408,390,,300,Inbound,1
2025-01-02,Red,stop_026,trip_07410,trip_07409,420,,300,Outbound,0
2025-01-03,Orange,stop_027,trip_07411,trip_07410,450,,300,Inbound,1
2025-01-04,Red,stop_028,trip_07412,trip_07411,480,,300,Outbound,0
2025-01-05,Orange,stop_029,trip_07413,trip_07412,510,,300,Inbound,1
2025-01-06,Red,stop_030,trip_07414,trip_07413,540,,300,Outbound,0
2025-01-07,Orange,stop_031,trip_07415,trip_07414,570,,300,Inbound,1
2025-01-08,Red,stop_032,trip_07416,trip_07415,240,,300,Outbound,0
2025-01-09,Orange,stop_033,trip_07417,trip_07416,270,,300,Inbound,1
2025-01-10,Red,stop_034,trip_07418,trip_07417,300,,300,Outbound,0
2025-01-11,Orange,stop_035,trip_07419,trip_07418,330,,300,Inbound,1
2025-01-12,Red,stop_001,trip_07420,trip_07419,360,,300,Outbound,0
2025-01-13,Orange,stop_002,trip_07421,trip_07420,390,,300,Inbound,1
2025-01-14,Red,stop_003,trip_07422,trip_07421,420,,300,Outbound,0
2025-01-15,Orange,stop_004,trip_07423,trip_07422,450,,300,Inbound,1
2025-01-16,Red,stop_005,trip_07424,trip_07423,480,,300,Outbound,0
2025-01-17,Orange,stop_006,trip_07425,trip_07424,510,,300,Inbound,1
2025-01-18,Red,stop_007,trip_07426,trip_07425,540,,300,Outbound,0
2025-01-19,Orange,stop_008,trip_07427,trip_07426,570,,300,Inbound,1
2025-01-20,Red,stop_009,trip_07428,trip_07427,240,,300,Outbound,0
2025-01-21,Orange,stop_010,trip_07429,trip_07428,270,,300,Inbound,1
2025-01-22,Red,stop_011,trip_07430,trip_07429,300,,300,Outbound,0
2025-01-23,Orange,stop_012,trip_07431,trip_07430,330,,300,Inbound,1
2025-01-24,Red,stop_013,trip_07432,trip_07431,360,,300,Outbound,0
2025-01-25,Orange,stop_014,trip_07433,trip_07432,390,,300,Inbound,1
2025-01-26,Red,stop_015,trip_07434,trip_07433,420,,300,Outbound,0
2025-01-27,Orange,stop_016,trip_07435,trip_07434,450,,300,Inbound,1
2025-01-28,Red,stop_017,trip_07436,trip_07435,480,,300,Outbound,0
2025-01-29,Orange,stop_018,trip_07437,trip_07436,510,,300,Inbound,1
2025-01-30,Red,stop_019,trip_07438,trip_07437,540,,300,Outbound,0
2025-01-31,Orange,stop_020,trip_07439,trip_07438,570,,300,Inbound,1
2025-01-01,Red,stop_021,trip_07440,trip_07439,240,,300,Outbound,0
2025-01-02,Orange,stop_022,trip_07441,trip_07440,270,,300,Inbound,1
2025-01-03,Red,stop_023,trip_07442,trip_07441,300,,300,Outbound,0
2025-01-04,Orange,stop_024,trip_07443,trip_07442,330,,300,Inbound,1
2025-01-05,Red,stop_025,trip_07444,trip_07443,360,,300,Outbound,0
2025-01-06,Orange,stop_026,trip_07445,trip_07444,390,,300,Inbound,1
2025-01-07,Red,stop_027,trip_07446,trip_07445,420,,300,Outbound,0
2025-01-08,Orange,stop_028,trip_07447,trip_07446,450,,300,Inbound,1
2025-01-09,Red,stop_029,trip_07448,trip_07447,480,,300,Outbound,0
2025-01-10,Orange,stop_030,trip_07449,trip_07448,510,,300,Inbound,1
2025-01-11,Red,stop_031,trip_07450,trip_07449,540,,300,Outbound,0
2025-01-12,Orange,stop_032,trip_07451,trip_07450,570,,300,Inbound,1
2025-01-13,Red,stop_033,trip_07452,trip_07451,240,,300,Outbound,0
2025-01-14,Orange,stop_034,trip_07453,trip_07452,270,,300,Inbound,1
2025-01-15,Red,stop_035,trip_07454,trip_07453,300,,300,Outbound,0
2025-01-16,Orange,stop_001,trip_07455,trip_07454,330,,300,Inbound,1
2025-01-17,Red,stop_002,trip_07456,trip_07455,360,,300,Outbound,0
2025-01-18,Orange,stop_003,trip_07457,trip_07456,390,,300,Inbound,1
2025-01-19,Red,stop_004,trip_07458,trip_07457,420,,300,Outbound,0
2025-01-20,Orange,stop_005,trip_07459,trip_07458,450,,300,Inbound,1
2025-01-21,Red,stop_006,trip_07460,trip_07459,480,,300,Outbound,0
2025-01-22,Orange,stop_007,trip_07461,trip_07460,510,,300,Inbound,1
2025-01-23,Red,stop_008,trip_07462,trip_07461,540,,300,Outbound,0
2025-01-24,Orange,stop_009,trip_07463,trip_07462,570,,300,Inbound,1
2025-01-25,Red,stop_010,trip_07464,trip_07463,240,,300,Outbound,0
2025-01-26,Orange,stop_011,trip_07465,trip_07464,270,,300,Inbound,1
2025-01-27,Red,stop_012,trip_07466,trip_07465,300,,300,Outbound,0
2025-01-28,Orange,stop_013,trip_07467,trip_07466,330,,300,Inbound,1
2025-01-29,Red,stop_014,trip_07468,trip_07467,360,,300,Outbound,0
2025-01-30,Orange,stop_015,trip_07469,trip_07468,390,,300,Inbound,1
2025-01-31,Red,stop_016,trip_07470,trip_07469,420,,300,Outbound,0
2025-01-01,Orange,stop_017,trip_07471,trip_07470,450,,300,Inbound,1
2025-01-02,Red,stop_018,trip_07472,trip_07471,480,,300,Outbound,0
2025-01-03,Orange,stop_019,trip_07473,trip_07472,510,,300,Inbound,1
2025-01-04,Red,stop_020,trip_07474,trip_07473,540,,300,Outbound,0
2025-01-05,Orange,stop_021,trip_07475,trip_07474,570,,300,Inbound,1
2025-01-06,Red,stop_022,trip_07476,trip_07475,240,,300,Outbound,0
2025-01-07,Orange,stop_023,trip_07477,trip_07476,270,,300,Inbound,1
2025-01-08,Red,stop_024,trip_07478,trip_07477,300,,300,Outbound,0
2025-01-09,Orange,stop_025,trip_07479,trip_07478,330,,300,Inbound,1
2025-01-10,Red,stop_026,trip_07480,trip_07479,360,,300,Outbound,0
2025-01-11,Orange,stop_027,trip_07481,trip_07480,390,,300,Inbound,1
2025-01-12,Red,stop_028,trip_07482,trip_07481,420,,300,Outbound,0
2025-01-13,Orange,stop_029,trip_07483,trip_07482,450,,300,Inbound,1
2025-01-14,Red,stop_030,trip_07484,trip_07483,480,,300,Outbound,0
2025-01-15,Orange,stop_031,trip_07485,trip_07484,510,,300,Inbound,1
2025-01-16,Red,stop_032,trip_07486,trip_07485,540,,300,Outbound,0
2025-01-17,Orange,stop_033,trip_07487,trip_07486,570,,300,Inbound,1
2025-01-18,Red,stop_034,trip_07488,trip_07487,240,,300,Outbound,0
2025-01-19,Orange,stop_035,trip_07489,trip_07488,270,,300,Inbound,1
2025-01-20,Red,stop_001,trip_07490,trip_07489,300,,300,Outbound,0
2025-01-21,Orange,stop_002,trip_07491,trip_07490,330,,300,Inbound,1
2025-01-22,Red,stop_003,trip_07492,trip_07491,360,,300,Outbound,0
2025-01-23,Orange,stop_004,trip_07493,trip_07492,390,,300,Inbound,1
2025-01-24,Red,stop_005,trip_07494,trip_07493,420,,300,Outbound,0
2025-01-25,Orange,stop_006,trip_07495,trip_07494,450,,300,Inbound,1
2025-01-26,Red,stop_007,trip_07496,trip_07495,480,,300,Outbound,0
2025-01-27,Orange,stop_008,trip_07497,trip_07496,510,,300,Inbound,1
2025-01-28,Red,stop_009,trip_07498,trip_07497,540,,300,Outbound,0
2025-01-29,Orange,stop_010,trip_07499,trip_07498,570,,300,Inbound,1
2025-01-30,Red,stop_011,trip_07500,trip_07499,240,,300,Outbound,0
2025-01-31,Orange,stop_012,trip_07501,trip_07500,270,,300,Inbound,1
2025-01-01,Red,stop_013,trip_07502,trip_07501,300,,300,Outbound,0
2025-01-02,Orange,stop_014,trip_07503,trip_07502,330,,300,Inbound,1
2025-01-03,Red,stop_015,trip_07504,trip_07503,360,,300,Outbound,0
2025-01-04,Orange,stop_016,trip_07505,trip_07504,390,,300,Inbound,1
2025-01-05,Red,stop_017,trip_07506,trip_07505,420,,300,Outbound,0
2025-01-06,Orange,stop_018,trip_07507,trip_07506,450,,300,Inbound,1
2025-01-07,Red,stop_019,trip_07508,trip_07507,480,,300,Outbound,0
2025-01-08,Orange,stop_020,trip_07509,trip_07508,510,,300,Inbound,1
2025-01-09,Red,stop_021,trip_07510,trip_07509,540,,300,Outbound,0
2025-01-10,Orange,stop_022,trip_07511,trip_07510,570,,300,Inbound,1
2025-01-11,Red,stop_023,trip_07512,trip_07511,240,,300,Outbound,0
2025-01-12,Orange,stop_024,trip_07513,trip_07512,270,,300,Inbound,1
2025-01-13,Red,stop_025,trip_07514,trip_07513,300,,300,Outbound,0
2025-01-14,Orange,stop_026,trip_07515,trip_07514,330,,300,Inbound,1
2025-01-15,Red,stop_027,trip_07516,trip_07515,360,,300,Outbound,0
2025-01-16,Orange,stop_028,trip_07517,trip_07516,390,,300,Inbound,1
2025-01-17,Red,stop_029,trip_07518,trip_07517,420,,300,Outbound,0
2025-01-18,Orange,stop_030,trip_07519,trip_07518,450,,300,Inbound,1
2025-01-19,Red,stop_031,trip_07520,trip_07519,480,,300,Outbound,0
2025-01-20,Orange,stop_032,trip_07521,trip_07520,510,,300,Inbound,1
2025-01-21,Red,stop_033,trip_07522,trip_07521,540,,300,Outbound,0
2025-01-22,Orange,stop_034,trip_07523,trip_07522,570,,300,Inbound,1
2025-01-23,Red,stop_035,trip_07524,trip_07523,240,,300,Outbound,0
2025-01-24,Orange,stop_001,trip_07525,trip_07524,270,,300,Inbound,1
2025-01-25,Red,stop_002,trip_07526,trip_07525,300,,300,Outbound,0
2025-01-26,Orange,stop_003,trip_07527,trip_07526,330,,300,Inbound,1
2025-01-27,Red,stop_004,trip_07528,trip_07527,360,,300,Outbound,0
2025-01-28,Orange,stop_005,trip_07529,trip_07528,390,,300,Inbound,1
2025-01-29,Red,stop_006,trip_07530,trip_07529,420,,300,Outbound,0
2025-01-30,Orange,stop_007,trip_07531,trip_07530,450,,300,Inbound,1
2025-01-31,Red,stop_008,trip_07532,trip_07531,480,,300,Outbound,0
2025-01-01,Orange,stop_009,trip_07533,trip_07532,510,,300,Inbound,1
2025-01-02,Red,stop_010,trip_07534,trip_07533,540,,300,Outbound,0
2025-01-03,Orange,stop_011,trip_07535,trip_07534,570,,300,Inbound,1
2025-01-04,Red,stop_012,trip_07536,trip_07535,240,,300,Outbound,0
2025-01-05,Orange,stop_013,trip_07537,trip_07536,270,,300,Inbound,1
2025-01-06,Red,stop_014,trip_07538,trip_07537,300,,300,Outbound,0
2025-01-07,Orange,stop_015,trip_07539,trip_07538,330,,300,Inbound,1
2025-01-08,Red,stop_016,trip_07540,trip_07539,360,,300,Outbound,0
2025-01-09,Orange,stop_017,trip_07541,trip_07540,390,,300,Inbound,1
2025-01-10,Red,stop_018,trip_07542,trip_07541,420,,300,Outbound,0
2025-01-11,Orange,stop_019,trip_07543,trip_07542,450,,300,Inbound,1
2025-01-12,Red,stop_020,trip_07544,trip_07543,480,,300,Outbound,0
2025-01-13,Orange,stop_021,trip_07545,trip_07544,510,,300,Inbound,1
2025-01-14,Red,stop_022,trip_07546,trip_07545,540,,300,Outbound,0
2025-01-15,Orange,stop_023,trip_07547,trip_07546,570,,300,Inbound,1
2025-01-16,Red,stop_024,trip_07548,trip_07547,240,,300,Outbound,0
2025-01-17,Orange,stop_025,trip_07549,trip_07548,270,,300,Inbound,1
2025-01-18,Red,stop_026,trip_07550,trip_07549,300,,300,Outbound,0
2025-01-19,Orange,stop_027,trip_07551,trip_07550,330,,300,Inbound,1
2025-01-20,Red,stop_028,trip_07552,trip_07551,360,,300,Outbound,0
2025-01-21,Orange,stop_029,trip_07553,trip_07552,390,,300,Inbound,1
2025-01-22,Red,stop_030,trip_07554,trip_07553,420,,300,Outbound,0
2025-01-23,Orange,stop_031,trip_07555,trip_07554,450,,300,Inbound,1
2025-01-24,Red,stop_032,trip_07556,trip_07555,480,,300,Outbound,0
2025-01-25,Orange,stop_033,trip_07557,trip_07556,510,,300,Inbound,1
2025-01-26,Red,stop_034,trip_07558,trip_07557,540,,300,Outbound,0
2025-01-27,Orange,stop_035,trip_07559,trip_07558,570,,300,Inbound,1
2025-01-28,Red,stop_001,trip_07560,trip_07559,240,,300,Outbound,0
2025-01-29,Orange,stop_002,trip_07561,trip_07560,270,,300,Inbound,1
2025-01-30,Red,stop_003,trip_07562,trip_07561,300,,300,Outbound,0
2025-01-31,Orange,stop_004,trip_07563,trip_07562,330,,300,Inbound,1
2025-01-01,Red,stop_005,trip_07564,trip_07563,360,,300,Outbound,0
2025-01-02,Orange,stop_006,trip_07565,trip_07564,390,,300,Inbound,1
2025-01-03,Red,stop_007,trip_07566,trip_07565,420,,300,Outbound,0
2025-01-04,Orange,stop_008,trip_07567,trip_07566,450,,300,Inbound,1
2025-01-05,Red,stop_009,trip_07568,trip_07567,480,,300,Outbound,0
2025-01-06,Orange,stop_010,trip_07569,trip_07568,510,,300,Inbound,1
2025-01-07,Red,stop_011,trip_07570,trip_07569,540,,300,Outbound,0
2025-01-08,Orange,stop_012,trip_07571,trip_07570,570,,300,Inbound,1
2025-01-09,Red,stop_013,trip_07572,trip_07571,240,,300,Outbound,0
2025-01-10,Orange,stop_014,trip_07573,trip_07572,270,,300,Inbound,1
2025-01-11,Red,stop_015,trip_07574,trip_07573,300,,300,Outbound,0
2025-01-12,Orange,stop_016,trip_07575,trip_07574,330,,300,Inbound,1
2025-01-13,Red,stop_017,trip_07576,trip_07575,360,,300,Outbound,0
2025-01-14,Orange,stop_018,trip_07577,trip_07576,390,,300,Inbound,1
2025-01-15,Red,stop_019,trip_07578,trip_07577,420,,300,Outbound,0
2025-01-16,Orange,stop_020,trip_07579,trip_07578,450,,300,Inbound,1
2025-01-17,Red,stop_021,trip_07580,trip_07579,480,,300,Outbound,0
2025-01-18,Orange,stop_022,trip_07581,trip_07580,510,,300,Inbound,1
2025-01-19,Red,stop_023,trip_07582,trip_07581,540,,300,Outbound,0
2025-01-20,Orange,stop_024,trip_07583,trip_07582,570,,300,Inbound,1
2025-01-21,Red,stop_025,trip_07584,trip_07583,240,,300,Outbound,0
2025-01-22,Orange,stop_026,trip_07585,trip_07584,270,,300,Inbound,1
2025-01-23,Red,stop_027,trip_07586,trip_07585,300,,300,Outbound,0
2025-01-24,Orange,stop_028,trip_07587,trip_07586,330,,300,Inbound,1
2025-01-25,Red,stop_029,trip_07588,trip_07587,360,,300,Outbound,0
2025-01-26,Orange,stop_030,trip_07589,trip_07588,390,,300,Inbound,1
2025-01-27,Red,stop_031,trip_07590,trip_07589,420,,300,Outbound,0
2025-01-28,Orange,stop_032,trip_07591,trip_07590,450,,300,Inbound,1
2025-01-29,Red,stop_033,trip_07592,trip_07591,480,,300,Outbound,0
2025-01-30,Orange,stop_034,trip_07593,trip_07592,510,,300,Inbound,1
2025-01-31,Red,stop_035,trip_07594,trip_07593,540,,300,Outbound,0
2025-01-01,Orange,stop_001,trip_07595,trip_07594,570,,300,Inbound,1
2025-01-02,Red,stop_002,trip_07596,trip_07595,240,,300,Outbound,0
2025-01-03,Orange,stop_003,trip_07597,trip_07596,270,,300,Inbound,1
2025-01-04,Red,stop_004,trip_07598,trip_07597,300,,300,Outbound,0
2025-01-05,Orange,stop_005,trip_07599,trip_07598,330,,300,Inbound,1
2025-01-06,Red,stop_006,trip_07600,trip_07599,360,,300,Outbound,0
2025-01-07,Orange,stop_007,trip_07601,trip_07600,390,,300,Inbound,1
2025-01-08,Red,stop_008,trip_07602,trip_07601,420,,300,Outbound,0
2025-01-09,Orange,stop_009,trip_07603,trip_07602,450,,300,Inbound,1
2025-01-10,Red,stop_010,trip_07604,trip_07603,480,,300,Outbound,0
2025-01-11,Orange,stop_011,trip_07605,trip_07604,510,,300,Inbound,1
2025-01-12,Red,stop_012,trip_07606,trip_07605,540,,300,Outbound,0
2025-01-13,Orange,stop_013,trip_07607,trip_07606,570,,300,Inbound,1
2025-01-14,Red,stop_014,trip_07608,trip_07607,240,,300,Outbound,0
2025-01-15,Orange,stop_015,trip_07609,trip_07608,270,,300,Inbound,1
2025-01-16,Red,stop_016,trip_07610,trip_07609,300,,300,Outbound,0
2025-01-17,Orange,stop_017,trip_07611,trip_07610,330,,300,Inbound,1
2025-01-18,Red,stop_018,trip_07612,trip_07611,360,,300,Outbound,0
2025-01-19,Orange,stop_019,trip_07613,trip_07612,390,,300,Inbound,1
2025-01-20,Red,stop_020,trip_07614,trip_07613,420,,300,Outbound,0
2025-01-21,Orange,stop_021,trip_07615,trip_07614,450,,300,Inbound,1
2025-01-22,Red,stop_022,trip_07616,trip_07615,480,,300,Outbound,0
2025-01-23,Orange,stop_023,trip_07617,trip_07616,510,,300,Inbound,1
2025-01-24,Red,stop_024,trip_07618,trip_07617,540,,300,Outbound,0
2025-01-25,Orange,stop_025,trip_07619,trip_07618,570,,300,Inbound,1
2025-01-26,Red,stop_026,trip_07620,trip_07619,240,,300,Outbound,0
2025-01-27,Orange,stop_027,trip_07621,trip_07620,270,,300,Inbound,1
2025-01-28,Red,stop_028,trip_07622,trip_07621,300,,300,Outbound,0
2025-01-29,Orange,stop_029,trip_07623,trip_07622,330,,300,Inbound,1
2025-01-30,Red,stop_030,trip_07624,trip_07623,360,,300,Outbound,0
2025-01-31,Orange,stop_031,trip_07625,trip_07624,390,,300,Inbound,1
2025-01-01,Red,stop_032,trip_07626,trip_07625,420,,300,Outbound,0
2025-01-02,Orange,stop_033,trip_07627,trip_07626,450,,300,Inbound,1
2025-01-03,Red,stop_034,trip_07628,trip_07627,480,,300,Outbound,0
2025-01-04,Orange,stop_035,trip_07629,trip_07628,510,,300,Inbound,1
2025-01-05,Red,stop_001,trip_07630,trip_07629,540,,300,Outbound,0
2025-01-06,Orange,stop_002,trip_07631,trip_07630,570,,300,Inbound,1
2025-01-07,Red,stop_003,trip_07632,trip_07631,240,,300,Outbound,0
2025-01-08,Orange,stop_004,trip_07633,trip_07632,270,,300,Inbound,1
2025-01-09,Red,stop_005,trip_07634,trip_07633,300,,300,Outbound,0
2025-01-10,Orange,stop_006,trip_07635,trip_07634,330,,300,Inbound,1
2025-01-11,Red,stop_007,trip_07636,trip_07635,360,,300,Outbound,0
2025-01-12,Orange,stop_008,trip_07637,trip_07636,390,,300,Inbound,1
2025-01-13,Red,stop_009,trip_07638,trip_07637,420,,300,Outbound,0
2025-01-14,Orange,stop_010,trip_07639,trip_07638,450,,300,Inbound,1
2025-01-15,Red,stop_011,trip_07640,trip_07639,480,,300,Outbound,0
2025-01-16,Orange,stop_012,trip_07641,trip_07640,510,,300,Inbound,1
2025-01-17,Red,stop_013,trip_07642,trip_07641,540,,300,Outbound,0
2025-01-18,Orange,stop_014,trip_07643,trip_07642,570,,300,Inbound,1
2025-01-19,Red,stop_015,trip_07644,trip_07643,240,,300,Outbound,0
2025-01-20,Orange,stop_016,trip_07645,trip_07644,270,,300,Inbound,1
2025-01-21,Red,stop_017,trip_07646,trip_07645,300,,300,Outbound,0
2025-01-22,Orange,stop_018,trip_07647,trip_07646,330,,300,Inbound,1
2025-01-23,Red,stop_019,trip_07648,trip_07647,360,,300,Outbound,0
2025-01-24,Orange,stop_020,trip_07649,trip_07648,390,,300,Inbound,1
2025-01-25,Red,stop_021,trip_07650,trip_07649,420,,300,Outbound,0
2025-01-26,Orange,stop_022,trip_07651,trip_07650,450,,300,Inbound,1
2025-01-27,Red,stop_023,trip_07652,trip_07651,480,,300,Outbound,0
2025-01-28,Orange,stop_024,trip_07653,trip_07652,510,,300,Inbound,1
2025-01-29,Red,stop_025,trip_07654,trip_07653,540,,300,Outbound,0
2025-01-30,Orange,stop_026,trip_07655,trip_07654,570,,300,Inbound,1
2025-01-31,Red,stop_027,trip_07656,trip_07655,240,,300,Outbound,0
2025-01-01,Orange,stop_028,trip_07657,trip_07656,270,,300,Inbound,1
2025-01-02,Red,stop_029,trip_07658,trip_07657,300,,300,Outbound,0
2025-01-03,Orange,stop_030,trip_07659,trip_07658,330,,300,Inbound,1
2025-01-04,Red,stop_031,trip_07660,trip_07659,360,,300,Outbound,0
2025-01-05,Orange,stop_032,trip_07661,trip_07660,390,,300,Inbound,1
2025-01-06,Red,stop_033,trip_07662,trip_07661,420,,300,Outbound,0
2025-01-07,Orange,stop_034,trip_07663,trip_07662,450,,300,Inbound,1
2025-01-08,Red,stop_035,trip_07664,trip_07663,480,,300,Outbound,0
2025-01-09,Orange,stop_001,trip_07665,trip_07664,510,,300,Inbound,1
2025-01-10,Red,stop_002,trip_07666,trip_07665,540,,300,Outbound,0
2025-01-11,Orange,stop_003,trip_07667,trip_07666,570,,300,Inbound,1
2025-01-12,Red,stop_004,trip_07668,trip_07667,240,,300,Outbound,0
2025-01-13,Orange,stop_005,trip_07669,trip_07668,270,,300,Inbound,1
2025-01-14,Red,stop_006,trip_07670,trip_07669,300,,300,Outbound,0
2025-01-15,Orange,stop_007,trip_07671,trip_07670,330,,300,Inbound,1
2025-01-16,Red,stop_008,trip_07672,trip_07671,360,,300,Outbound,0
2025-01-17,Orange,stop_009,trip_07673,trip_07672,390,,300,Inbound,1
2025-01-18,Red,stop_010,trip_07674,trip_07673,420,,300,Outbound,0
2025-01-19,Orange,stop_011,trip_07675,trip_07674,450,,300,Inbound,1
2025-01-20,Red,stop_012,trip_07676,trip_07675,480,,300,Outbound,0
2025-01-21,Orange,stop_013,trip_07677,trip_07676,510,,300,Inbound,1
2025-01-22,Red,stop_014,trip_07678,trip_07677,540,,300,Outbound,0
2025-01-23,Orange,stop_015,trip_07679,trip_07678,570,,300,Inbound,1
2025-01-24,Red,stop_016,trip_07680,trip_07679,240,,300,Outbound,0
2025-01-25,Orange,stop_017,trip_07681,trip_07680,270,,300,Inbound,1
2025-01-26,Red,stop_018,trip_07682,trip_07681,300,,300,Outbound,0
2025-01-27,Orange,stop_019,trip_07683,trip_07682,330,,300,Inbound,1
2025-01-28,Red,stop_020,trip_07684,trip_07683,360,,300,Outbound,0
2025-01-29,Orange,stop_021,trip_07685,trip_07684,390,,300,Inbound,1
2025-01-30,Red,stop_022,trip_07686,trip_07685,420,,300,Outbound,0
2025-01-31,Orange,stop_023,trip_07687,trip_07686,450,,300,Inbound,1
2025-01-01,Red,stop_024,trip_07688,trip_07687,480,,300,Outbound,0
2025-01-02,Orange,stop_025,trip_07689,trip_07688,510,,300,Inbound,1
2025-01-03,Red,stop_026,trip_07690,trip_07689,540,,300,Outbound,0
2025-01-04,Orange,stop_027,trip_07691,trip_07690,570,,300,Inbound,1
2025-01-05,Red,stop_028,trip_07692,trip_07691,240,,300,Outbound,0
2025-01-06,Orange,stop_029,trip_07693,trip_07692,270,,300,Inbound,1
2025-01-07,Red,stop_030,trip_07694,trip_07693,300,,300,Outbound,0
2025-01-08,Orange,stop_031,trip_07695,trip_07694,330,,300,Inbound,1
2025-01-09,Red,stop_032,trip_07696,trip_07695,360,,300,Outbound,0
2025-01-10,Orange,stop_033,trip_07697,trip_07696,390,,300,Inbound,1
2025-01-11,Red,stop_034,trip_07698,trip_07697,420,,300,Outbound,0
2025-01-12,Orange,stop_035,trip_07699,trip_07698,450,,300,Inbound,1
2025-01-13,Red,stop_001,trip_07700,trip_07699,480,,300,Outbound,0
2025-01-14,Orange,stop_002,trip_07701,trip_07700,510,,300,Inbound,1
2025-01-15,Red,stop_003,trip_07702,trip_07701,540,,300,Outbound,0
2025-01-16,Orange,stop_004,trip_07703,trip_07702,570,,300,Inbound,1
2025-01-17,Red,stop_005,trip_07704,trip_07703,240,,300,Outbound,0
2025-01-18,Orange,stop_006,trip_07705,trip_07704,270,,300,Inbound,1
2025-01-19,Red,stop_007,trip_07706,trip_07705,300,,300,Outbound,0
2025-01-20,Orange,stop_008,trip_07707,trip_07706,330,,300,Inbound,1
2025-01-21,Red,stop_009,trip_07708,trip_07707,360,,300,Outbound,0
2025-01-22,Orange,stop_010,trip_07709,trip_07708,390,,300,Inbound,1
2025-01-23,Red,stop_011,trip_07710,trip_07709,420,,300,Outbound,0
2025-01-24,Orange,stop_012,trip_07711,trip_07710,450,,300,Inbound,1
2025-01-25,Red,stop_013,trip_07712,trip_07711,480,,300,Outbound,0
2025-01-26,Orange,stop_014,trip_07713,trip_07712,510,,300,Inbound,1
2025-01-27,Red,stop_015,trip_07714,trip_07713,540,,300,Outbound,0
2025-01-28,Orange,stop_016,trip_07715,trip_07714,570,,300,Inbound,1
2025-01-29,Red,stop_017,trip_07716,trip_07715,240,,300,Outbound,0
2025-01-30,Orange,stop_018,trip_07717,trip_07716,270,,300,Inbound,1
2025-01-31,Red,stop_019,trip_07718,trip_07717,300,,300,Outbound,0
2025-01-01,Orange,stop_020,trip_07719,trip_07718,330,,300,Inbound,1
2025-01-02,Red,stop_021,trip_07720,trip_07719,360,,300,Outbound,0
2025-01-03,Orange,stop_022,trip_07721,trip_07720,390,,300,Inbound,1
2025-01-04,Red,stop_023,trip_07722,trip_07721,420,,300,Outbound,0
2025-01-05,Orange,stop_024,trip_07723,trip_07722,450,,300,Inbound,1
2025-01-06,Red,stop_025,trip_07724,trip_07723,480,,300,Outbound,0
2025-01-07,Orange,stop_026,trip_07725,trip_07724,510,,300,Inbound,1
2025-01-08,Red,stop_027,trip_07726,trip_07725,540,,300,Outbound,0
2025-01-09,Orange,stop_028,trip_07727,trip_07726,570,,300,Inbound,1
2025-01-10,Red,stop_029,trip_07728,trip_07727,240,,300,Outbound,0
2025-01-11,Orange,stop_030,trip_07729,trip_07728,270,,300,Inbound,1
2025-01-12,Red,stop_031,trip_07730,trip_07729,300,,300,Outbound,0
2025-01-13,Orange,stop_032,trip_07731,trip_07730,330,,300,Inbound,1
2025-01-14,Red,stop_033,trip_07732,trip_07731,360,,300,Outbound,0
2025-01-15,Orange,stop_034,trip_07733,trip_07732,390,,300,Inbound,1
2025-01-16,Red,stop_035,trip_07734,trip_07733,420,,300,Outbound,0
2025-01-17,Orange,stop_001,trip_07735,trip_07734,450,,300,Inbound,1
2025-01-18,Red,stop_002,trip_07736,trip_07735,480,,300,Outbound,0
2025-01-19,Orange,stop_003,trip_07737,trip_07736,510,,300,Inbound,1
2025-01-20,Red,stop_004,trip_07738,trip_07737,540,,300,Outbound,0
2025-01-21,Orange,stop_005,trip_07739,trip_07738,570,,300,Inbound,1
2025-01-22,Red,stop_006,trip_07740,trip_07739,240,,300,Outbound,0
2025-01-23,Orange,stop_007,trip_07741,trip_07740,270,,300,Inbound,1
2025-01-24,Red,stop_008,trip_07742,trip_07741,300,,300,Outbound,0
2025-01-25,Orange,stop_009,trip_07743,trip_07742,330,,300,Inbound,1
2025-01-26,Red,stop_010,trip_07744,trip_07743,360,,300,Outbound,0
2025-01-27,Orange,stop_011,trip_07745,trip_07744,390,,300,Inbound,1
2025-01-28,Red,stop_012,trip_07746,trip_07745,420,,300,Outbound,0
2025-01-29,Orange,stop_013,trip_07747,trip_07746,450,,300,Inbound,1
2025-01-30,Red,stop_014,trip_07748,trip_07747,480,,300,Outbound,0
2025-01-31,Orange,stop_015,trip_07749,trip_07748,510,,300,Inbound,1
2025-01-01,Red,stop_016,trip_07750,trip_07749,540,,300,Outbound,0
2025-01-02,Orange,stop_017,trip_07751,trip_07750,570,,300,Inbound,1
2025-01-03,Red,stop_018,trip_07752,trip_07751,240,,300,Outbound,0
2025-01-04,Orange,stop_019,trip_07753,trip_07752,270,,300,Inbound,1
2025-01-05,Red,stop_020,trip_07754,trip_07753,300,,300,Outbound,0
2025-01-06,Orange,stop_021,trip_07755,trip_07754,330,,300,Inbound,1
2025-01-07,Red,stop_022,trip_07756,trip_07755,360,,300,Outbound,0
2025-01-08,Orange,stop_023,trip_07757,trip_07756,390,,300,Inbound,1
2025-01-09,Red,stop_024,trip_07758,trip_07757,420,,300,Outbound,0
2025-01-10,Orange,stop_025,trip_07759,trip_07758,450,,300,Inbound,1
2025-01-11,Red,stop_026,trip_07760,trip_07759,480,,300,Outbound,0
2025-01-12,Orange,stop_027,trip_07761,trip_07760,510,,300,Inbound,1
2025-01-13,Red,stop_028,trip_07762,trip_07761,540,,300,Outbound,0
2025-01-14,Orange,stop_029,trip_07763,trip_07762,570,,300,Inbound,1
2025-01-15,Red,stop_030,trip_07764,trip_07763,240,,300,Outbound,0
2025-01-16,Orange,stop_031,trip_07765,trip_07764,270,,300,Inbound,1
2025-01-17,Red,stop_032,trip_07766,trip_07765,300,,300,Outbound,0
2025-01-18,Orange,stop_033,trip_07767,trip_07766,330,,300,Inbound,1
2025-01-19,Red,stop_034,trip_07768,trip_07767,360,,300,Outbound,0
2025-01-20,Orange,stop_035,trip_07769,trip_07768,390,,300,Inbound,1
2025-01-21,Red,stop_001,trip_07770,trip_07769,420,,300,Outbound,0
2025-01-22,Orange,stop_002,trip_07771,trip_07770,450,,300,Inbound,1
2025-01-23,Red,stop_003,trip_07772,trip_07771,480,,300,Outbound,0
2025-01-24,Orange,stop_004,trip_07773,trip_07772,510,,300,Inbound,1
2025-01-25,Red,stop_005,trip_07774,trip_07773,540,,300,Outbound,0
2025-01-26,Orange,stop_006,trip_07775,trip_07774,570,,300,Inbound,1
2025-01-27,Red,stop_007,trip_07776,trip_07775,240,,300,Outbound,0
2025-01-28,Orange,stop_008,trip_07777,trip_07776,270,,300,Inbound,1
2025-01-29,Red,stop_009,trip_07778,trip_07777,300,,300,Outbound,0
2025-01-30,Orange,stop_010,trip_07779,trip_07778,330,,300,Inbound,1
2025-01-31,Red,stop_011,trip_07780,trip_07779,360,,300,Outbound,0
2025-01-01,Orange,stop_012,trip_07781,trip_07780,390,,300,Inbound,1
2025-01-02,Red,stop_013,trip_07782,trip_07781,420,,300,Outbound,0
2025-01-03,Orange,stop_014,trip_07783,trip_07782,450,,300,Inbound,1
2025-01-04,Red,stop_015,trip_07784,trip_07783,480,,300,Outbound,0
2025-01-05,Orange,stop_016,trip_07785,trip_07784,510,,300,Inbound,1
2025-01-06,Red,stop_017,trip_07786,trip_07785,540,,300,Outbound,0
2025-01-07,Orange,stop_018,trip_07787,trip_07786,570,,300,Inbound,1
2025-01-08,Red,stop_019,trip_07788,trip_07787,240,,300,Outbound,0
2025-01-09,Orange,stop_020,trip_07789,trip_07788,270,,300,Inbound,1
2025-01-10,Red,stop_021,trip_07790,trip_07789,300,,300,Outbound,0
2025-01-11,Orange,stop_022,trip_07791,trip_07790,330,,300,Inbound,1
2025-01-12,Red,stop_023,trip_07792,trip_07791,360,,300,Outbound,0
2025-01-13,Orange,stop_024,trip_07793,trip_07792,390,,300,Inbound,1
2025-01-14,Red,stop_025,trip_07794,trip_07793,420,,300,Outbound,0
2025-01-15,Orange,stop_026,trip_07795,trip_07794,450,,300,Inbound,1
2025-01-16,Red,stop_027,trip_07796,trip_07795,480,,300,Outbound,0
2025-01-17,Orange,stop_028,trip_07797,trip_07796,510,,300,Inbound,1
2025-01-18,Red,stop_029,trip_07798,trip_07797,540,,300,Outbound,0
2025-01-19,Orange,stop_030,trip_07799,trip_07798,570,,300,Inbound,1
2025-01-20,Red,stop_031,trip_07800,trip_07799,240,,300,Outbound,0
2025-01-21,Orange,stop_032,trip_07801,trip_07800,270,,300,Inbound,1
2025-01-22,Red,stop_033,trip_07802,trip_07801,300,,300,Outbound,0
2025-01-23,Orange,stop_034,trip_07803,trip_07802,330,,300,Inbound,1
2025-01-24,Red,stop_035,trip_07804,trip_07803,360,,300,Outbound,0
2025-01-25,Orange,stop_001,trip_07805,trip_07804,390,,300,Inbound,1
2025-01-26,Red,stop_002,trip_07806,trip_07805,420,,300,Outbound,0
2025-01-27,Orange,stop_003,trip_07807,trip_07806,450,,300,Inbound,1
2025-01-28,Red,stop_004,trip_07808,trip_07807,480,,300,Outbound,0
2025-01-29,Orange,stop_005,trip_07809,trip_07808,510,,300,Inbound,1
2025-01-30,Red,stop_006,trip_07810,trip_07809,540,,300,Outbound,0
2025-01-31,Orange,stop_007,trip_07811,trip_07810,570,,300,Inbound,1
2025-01-01,Red,stop_008,trip_07812,trip_07811,240,,300,Outbound,0
2025-01-02,Orange,stop_009,trip_07813,trip_07812,270,,300,Inbound,1
2025-01-03,Red,stop_010,trip_07814,trip_07813,300,,300,Outbound,0
2025-01-04,Orange,stop_011,trip_07815,trip_07814,330,,300,Inbound,1
2025-01-05,Red,stop_012,trip_07816,trip_07815,360,,300,Outbound,0
2025-01-06,Orange,stop_013,trip_07817,trip_07816,390,,300,Inbound,1
2025-01-07,Red,stop_014,trip_07818,trip_07817,420,,300,Outbound,0
2025-01-08,Orange,stop_015,trip_07819,trip_07818,450,,300,Inbound,1
2025-01-09,Red,stop_016,trip_07820,trip_07819,480,,300,Outbound,0
2025-01-10,Orange,stop_017,trip_07821,trip_07820,510,,300,Inbound,1
2025-01-11,Red,stop_018,trip_07822,trip_07821,540,,300,Outbound,0
2025-01-12,Orange,stop_019,trip_07823,trip_07822,570,,300,Inbound,1
2025-01-13,Red,stop_020,trip_07824,trip_07823,240,,300,Outbound,0
2025-01-14,Orange,stop_021,trip_07825,trip_07824,270,,300,Inbound,1
2025-01-15,Red,stop_022,trip_07826,trip_07825,300,,300,Outbound,0
2025-01-16,Orange,stop_023,trip_07827,trip_07826,330,,300,Inbound,1
2025-01-17,Red,stop_024,trip_07828,trip_07827,360,,300,Outbound,0
2025-01-18,Orange,stop_025,trip_07829,trip_07828,390,,300,Inbound,1
2025-01-19,Red,stop_026,trip_07830,trip_07829,420,,300,Outbound,0
2025-01-20,Orange,stop_027,trip_07831,trip_07830,450,,300,Inbound,1
2025-01-21,Red,stop_028,trip_07832,trip_07831,480,,300,Outbound,0
2025-01-22,Orange,stop_029,trip_07833,trip_07832,510,,300,Inbound,1
2025-01-23,Red,stop_030,trip_07834,trip_07833,540,,300,Outbound,0
2025-01-24,Orange,stop_031,trip_07835,trip_07834,570,,300,Inbound,1
2025-01-25,Red,stop_032,trip_07836,trip_07835,240,,300,Outbound,0
2025-01-26,Orange,stop_033,trip_07837,trip_07836,270,,300,Inbound,1
2025-01-27,Red,stop_034,trip_07838,trip_07837,300,,300,Outbound,0
2025-01-28,Orange,stop_035,trip_07839,trip_07838,330,,300,Inbound,1
2025-01-29,Red,stop_001,trip_07840,trip_07839,360,,300,Outbound,0
2025-01-30,Orange,stop_002,trip_07841,trip_07840,390,,300,Inbound,1
2025-01-31,Red,stop_003,trip_07842,trip_07841,420,,300,Outbound,0
2025-01-01,Orange,stop_004,trip_07843,trip_07842,450,,300,Inbound,1
2025-01-02,Red,stop_005,trip_07844,trip_07843,480,,300,Outbound,0
2025-01-03,Orange,stop_006,trip_07845,trip_07844,510,,300,Inbound,1
2025-01-04,Red,stop_007,trip_07846,trip_07845,540,,300,Outbound,0
2025-01-05,Orange,stop_008,trip_07847,trip_07846,570,,300,Inbound,1
2025-01-06,Red,stop_009,trip_07848,trip_07847,240,,300,Outbound,0
2025-01-07,Orange,stop_010,trip_07849,trip_07848,270,,300,Inbound,1
2025-01-08,Red,stop_011,trip_07850,trip_07849,300,,300,Outbound,0
2025-01-09,Orange,stop_012,trip_07851,trip_07850,330,,300,Inbound,1
2025-01-10,Red,stop_013,trip_07852,trip_07851,360,,300,Outbound,0
2025-01-11,Orange,stop_014,trip_07853,trip_07852,390,,300,Inbound,1
2025-01-12,Red,stop_015,trip_07854,trip_07853,420,,300,Outbound,0
2025-01-13,Orange,stop_016,trip_07855,trip_07854,450,,300,Inbound,1
2025-01-14,Red,stop_017,trip_07856,trip_07855,480,,300,Outbound,0
2025-01-15,Orange,stop_018,trip_07857,trip_07856,510,,300,Inbound,1
2025-01-16,Red,stop_019,trip_07858,trip_07857,540,,300,Outbound,0
2025-01-17,Orange,stop_020,trip_07859,trip_07858,570,,300,Inbound,1
2025-01-18,Red,stop_021,trip_07860,trip_07859,240,,300,Outbound,0
2025-01-19,Orange,stop_022,trip_07861,trip_07860,270,,300,Inbound,1
2025-01-20,Red,stop_023,trip_07862,trip_07861,300,,300,Outbound,0
2025-01-21,Orange,stop_024,trip_07863,trip_07862,330,,300,Inbound,1
2025-01-22,Red,stop_025,trip_07864,trip_07863,360,,300,Outbound,0
2025-01-23,Orange,stop_026,trip_07865,trip_07864,390,,300,Inbound,1
2025-01-24,Red,stop_027,trip_07866,trip_07865,420,,300,Outbound,0
2025-01-25,Orange,stop_028,trip_07867,trip_07866,450,,300,Inbound,1
2025-01-26,Red,stop_029,trip_07868,trip_07867,480,,300,Outbound,0
2025-01-27,Orange,stop_030,trip_07869,trip_07868,510,,300,Inbound,1
2025-01-28,Red,stop_031,trip_07870,trip_07869,540,,300,Outbound,0
2025-01-29,Orange,stop_032,trip_07871,trip_07870,570,,300,Inbound,1
2025-01-30,Red,stop_033,trip_07872,trip_07871,240,,300,Outbound,0
2025-01-31,Orange,stop_034,trip_07873,trip_07872,270,,300,Inbound,1
2025-01-01,Red,stop_035,trip_07874,trip_07873,300,,300,Outbound,0
2025-01-02,Orange,stop_001,trip_07875,trip_07874,330,,300,Inbound,1
2025-01-03,Red,stop_002,trip_07876,trip_07875,360,,300,Outbound,0
2025-01-04,Orange,stop_003,trip_07877,trip_07876,390,,300,Inbound,1
2025-01-05,Red,stop_004,trip_07878,trip_07877,420,,300,Outbound,0
2025-01-06,Orange,stop_005,trip_07879,trip_07878,450,,300,Inbound,1
2025-01-07,Red,stop_006,trip_07880,trip_07879,480,,300,Outbound,0
2025-01-08,Orange,stop_007,trip_07881,trip_07880,510,,300,Inbound,1
2025-01-09,Red,stop_008,trip_07882,trip_07881,540,,300,Outbound,0
2025-01-10,Orange,stop_009,trip_07883,trip_07882,570,,300,Inbound,1
2025-01-11,Red,stop_010,trip_07884,trip_07883,240,,300,Outbound,0
2025-01-12,Orange,stop_011,trip_07885,trip_07884,270,,300,Inbound,1
2025-01-13,Red,stop_012,trip_07886,trip_07885,300,,300,Outbound,0
2025-01-14,Orange,stop_013,trip_07887,trip_07886,330,,300,Inbound,1
2025-01-15,Red,stop_014,trip_07888,trip_07887,360,,300,Outbound,0
2025-01-16,Orange,stop_015,trip_07889,trip_07888,390,,300,Inbound,1
2025-01-17,Red,stop_016,trip_07890,trip_07889,420,,300,Outbound,0
2025-01-18,Orange,stop_017,trip_07891,trip_07890,450,,300,Inbound,1
2025-01-19,Red,stop_018,trip_07892,trip_07891,480,,300,Outbound,0
2025-01-20,Orange,stop_019,trip_07893,trip_07892,510,,300,Inbound,1
2025-01-21,Red,stop_020,trip_07894,trip_07893,540,,300,Outbound,0
2025-01-22,Orange,stop_021,trip_07895,trip_07894,570,,300,Inbound,1
2025-01-23,Red,stop_022,trip_07896,trip_07895,240,,300,Outbound,0
2025-01-24,Orange,stop_023,trip_07897,trip_07896,270,,300,Inbound,1
2025-01-25,Red,stop_024,trip_07898,trip_07897,300,,300,Outbound,0
2025-01-26,Orange,stop_025,trip_07899,trip_07898,330,,300,Inbound,1
2025-01-27,Red,stop_026,trip_07900,trip_07899,360,,300,Outbound,0
2025-01-28,Orange,stop_027,trip_07901,trip_07900,390,,300,Inbound,1
2025-01-29,Red,stop_028,trip_07902,trip_07901,420,,300,Outbound,0
2025-01-30,Orange,stop_029,trip_07903,trip_07902,450,,300,Inbound,1
2025-01-31,Red,stop_030,trip_07904,trip_07903,480,,300,Outbound,0
2025-01-01,Orange,stop_031,trip_07905,trip_07904,510,,300,Inbound,1
2025-01-02,Red,stop_032,trip_07906,trip_07905,540,,300,Outbound,0
2025-01-03,Orange,stop_033,trip_07907,trip_07906,570,,300,Inbound,1
2025-01-04,Red,stop_034,trip_07908,trip_07907,240,,300,Outbound,0
2025-01-05,Orange,stop_035,trip_07909,trip_07908,270,,300,Inbound,1
2025-01-06,Red,stop_001,trip_07910,trip_07909,300,,300,Outbound,0
2025-01-07,Orange,stop_002,trip_07911,trip_07910,330,,300,Inbound,1
2025-01-08,Red,stop_003,trip_07912,trip_07911,360,,300,Outbound,0
2025-01-09,Orange,stop_004,trip_07913,trip_07912,390,,300,Inbound,1
2025-01-10,Red,stop_005,trip_07914,trip_07913,420,,300,Outbound,0
2025-01-11,Orange,stop_006,trip_07915,trip_07914,450,,300,Inbound,1
2025-01-12,Red,stop_007,trip_07916,trip_07915,480,,300,Outbound,0
2025-01-13,Orange,stop_008,trip_07917,trip_07916,510,,300,Inbound,1
2025-01-14,Red,stop_009,trip_07918,trip_07917,540,,300,Outbound,0
2025-01-15,Orange,stop_010,trip_07919,trip_07918,570,,300,Inbound,1
2025-01-16,Red,stop_011,trip_07920,trip_07919,240,,300,Outbound,0
2025-01-17,Orange,stop_012,trip_07921,trip_07920,270,,300,Inbound,1
2025-01-18,Red,stop_013,trip_07922,trip_07921,300,,300,Outbound,0
2025-01-19,Orange,stop_014,trip_07923,trip_07922,330,,300,Inbound,1
2025-01-20,Red,stop_015,trip_07924,trip_07923,360,,300,Outbound,0
2025-01-21,Orange,stop_016,trip_07925,trip_07924,390,,300,Inbound,1
2025-01-22,Red,stop_017,trip_07926,trip_07925,420,,300,Outbound,0
2025-01-23,Orange,stop_018,trip_07927,trip_07926,450,,300,Inbound,1
2025-01-24,Red,stop_019,trip_07928,trip_07927,480,,300,Outbound,0
2025-01-25,Orange,stop_020,trip_07929,trip_07928,510,,300,Inbound,1
2025-01-26,Red,stop_021,trip_07930,trip_07929,540,,300,Outbound,0
2025-01-27,Orange,stop_022,trip_07931,trip_07930,570,,300,Inbound,1
2025-01-28,Red,stop_023,trip_07932,trip_07931,240,,300,Outbound,0
2025-01-29,Orange,stop_024,trip_07933,trip_07932,270,,300,Inbound,1
2025-01-30,Red,stop_025,trip_07934,trip_07933,300,,300,Outbound,0
2025-01-31,Orange,stop_026,trip_07935,trip_07934,330,,300,Inbound,1
2025-01-01,Red,stop_027,trip_07936,trip_07935,360,,300,Outbound,0
2025-01-02,Orange,stop_028,trip_07937,trip_07936,390,,300,Inbound,1
2025-01-03,Red,stop_029,trip_07938,trip_07937,420,,300,Outbound,0
2025-01-04,Orange,stop_030,trip_07939,trip_07938,450,,300,Inbound,1
2025-01-05,Red,stop_031,trip_07940,trip_07939,480,,300,Outbound,0
2025-01-06,Orange,stop_032,trip_07941,trip_07940,510,,300,Inbound,1
2025-01-07,Red,stop_033,trip_07942,trip_07941,540,,300,Outbound,0
2025-01-08,Orange,stop_034,trip_07943,trip_07942,570,,300,Inbound,1
2025-01-09,Red,stop_035,trip_07944,trip_07943,240,,300,Outbound,0
2025-01-10,Orange,stop_001,trip_07945,trip_07944,270,,300,Inbound,1
2025-01-11,Red,stop_002,trip_07946,trip_07945,300,,300,Outbound,0
2025-01-12,Orange,stop_003,trip_07947,trip_07946,330,,300,Inbound,1
2025-01-13,Red,stop_004,trip_07948,trip_07947,360,,300,Outbound,0
2025-01-14,Orange,stop_005,trip_07949,trip_07948,390,,300,Inbound,1
2025-01-15,Red,stop_006,trip_07950,trip_07949,420,,300,Outbound,0
2025-01-16,Orange,stop_007,trip_07951,trip_07950,450,,300,Inbound,1
2025-01-17,Red,stop_008,trip_07952,trip_07951,480,,300,Outbound,0
2025-01-18,Orange,stop_009,trip_07953,trip_07952,510,,300,Inbound,1
2025-01-19,Red,stop_010,trip_07954,trip_07953,540,,300,Outbound,0
2025-01-20,Orange,stop_011,trip_07955,trip_07954,570,,300,Inbound,1
2025-01-21,Red,stop_012,trip_07956,trip_07955,240,,300,Outbound,0
2025-01-22,Orange,stop_013,trip_07957,trip_07956,270,,300,Inbound,1
2025-01-23,Red,stop_014,trip_07958,trip_07957,300,,300,Outbound,0
2025-01-24,Orange,stop_015,trip_07959,trip_07958,330,,300,Inbound,1
2025-01-25,Red,stop_016,trip_07960,trip_07959,360,,300,Outbound,0
2025-01-26,Orange,stop_017,trip_07961,trip_07960,390,,300,Inbound,1
2025-01-27,Red,stop_018,trip_07962,trip_07961,420,,300,Outbound,0
2025-01-28,Orange,stop_019,trip_07963,trip_07962,450,,300,Inbound,1
2025-01-29,Red,stop_020,trip_07964,trip_07963,480,,300,Outbound,0
2025-01-30,Orange,stop_021,trip_07965,trip_07964,510,,300,Inbound,1
2025-01-31,Red,stop_022,trip_07966,trip_07965,540,,300,Outbound,0
2025-01-01,Orange,stop_023,trip_07967,trip_07966,570,,300,Inbound,1
2025-01-02,Red,stop_024,trip_07968,trip_07967,240,,300,Outbound,0
2025-01-03,Orange,stop_025,trip_07969,trip_07968,270,,300,Inbound,1
2025-01-04,Red,stop_026,trip_07970,trip_07969,300,,300,Outbound,0
2025-01-05,Orange,stop_027,trip_07971,trip_07970,330,,300,Inbound,1
2025-01-06,Red,stop_028,trip_07972,trip_07971,360,,300,Outbound,0
2025-01-07,Orange,stop_029,trip_07973,trip_07972,390,,300,Inbound,1
2025-01-08,Red,stop_030,trip_07974,trip_07973,420,,300,Outbound,0
2025-01-09,Orange,stop_031,trip_07975,trip_07974,450,,300,Inbound,1
2025-01-10,Red,stop_032,trip_07976,trip_07975,480,,300,Outbound,0
2025-01-11,Orange,stop_033,trip_07977,trip_07976,510,,300,Inbound,1
2025-01-12,Red,stop_034,trip_07978,trip_07977,540,,300,Outbound,0
2025-01-13,Orange,stop_035,trip_07979,trip_07978,570,,300,Inbound,1
2025-01-14,Red,stop_001,trip_07980,trip_07979,240,,300,Outbound,0
2025-01-15,Orange,stop_002,trip_07981,trip_07980,270,,300,Inbound,1
2025-01-16,Red,stop_003,trip_07982,trip_07981,300,,300,Outbound,0
2025-01-17,Orange,stop_004,trip_07983,trip_07982,330,,300,Inbound,1
2025-01-18,Red,stop_005,trip_07984,trip_07983,360,,300,Outbound,0
2025-01-19,Orange,stop_006,trip_07985,trip_07984,390,,300,Inbound,1
2025-01-20,Red,stop_007,trip_07986,trip_07985,420,,300,Outbound,0
2025-01-21,Orange,stop_008,trip_07987,trip_07986,450,,300,Inbound,1
2025-01-22,Red,stop_009,trip_07988,trip_07987,480,,300,Outbound,0
2025-01-23,Orange,stop_010,trip_07989,trip_07988,510,,300,Inbound,1
2025-01-24,Red,stop_011,trip_07990,trip_07989,540,,300,Outbound,0
2025-01-25,Orange,stop_012,trip_07991,trip_07990,570,,300,Inbound,1
2025-01-26,Red,stop_013,trip_07992,trip_07991,240,,300,Outbound,0
2025-01-27,Orange,stop_014,trip_07993,trip_07992,270,,300,Inbound,1
2025-01-28,Red,stop_015,trip_07994,trip_07993,300,,300,Outbound,0
2025-01-29,Orange,stop_016,trip_07995,trip_07994,330,,300,Inbound,1
2025-01-30,Red,stop_017,trip_07996,trip_07995,360,,300,Outbound,0
2025-01-31,Orange,stop_018,trip_07997,trip_07996,390,,300,Inbound,1
2025-01-01,Red,stop_019,trip_07998,trip_07997,420,,300,Outbound,0
2025-01-02,Orange,stop_020,trip_07999,trip_07998,450,,300,Inbound,1
2025-01-03,Red,stop_021,trip_08000,trip_07999,480,,300,Outbound,0
2025-01-04,Orange,stop_022,trip_08001,trip_08000,510,,300,Inbound,1
2025-01-05,Red,stop_023,trip_08002,trip_08001,540,,300,Outbound,0
2025-01-06,Orange,stop_024,trip_08003,trip_08002,570,,300,Inbound,1
2025-01-07,Red,stop_025,trip_08004,trip_08003,240,,300,Outbound,0
2025-01-08,Orange,stop_026,trip_08005,trip_08004,270,,300,Inbound,1
2025-01-09,Red,stop_027,trip_08006,trip_08005,300,,300,Outbound,0
2025-01-10,Orange,stop_028,trip_08007,trip_08006,330,,300,Inbound,1
2025-01-11,Red,stop_029,trip_08008,trip_08007,360,,300,Outbound,0
2025-01-12,Orange,stop_030,trip_08009,trip_08008,390,,300,Inbound,1
2025-01-13,Red,stop_031,trip_08010,trip_08009,420,,300,Outbound,0
2025-01-14,Orange,stop_032,trip_08011,trip_08010,450,,300,Inbound,1
2025-01-15,Red,stop_033,trip_08012,trip_08011,480,,300,Outbound,0
2025-01-16,Orange,stop_034,trip_08013,trip_08012,510,,300,Inbound,1
2025-01-17,Red,stop_035,trip_08014,trip_08013,540,,300,Outbound,0
2025-01-18,Orange,stop_001,trip_08015,trip_08014,570,,300,Inbound,1
2025-01-19,Red,stop_002,trip_08016,trip_08015,240,,300,Outbound,0
2025-01-20,Orange,stop_003,trip_08017,trip_08016,270,,300,Inbound,1
2025-01-21,Red,stop_004,trip_08018,trip_08017,300,,300,Outbound,0
2025-01-22,Orange,stop_005,trip_08019,trip_08018,330,,300,Inbound,1
2025-01-23,Red,stop_006,trip_08020,trip_08019,360,,300,Outbound,0
2025-01-24,Orange,stop_007,trip_08021,trip_08020,390,,300,Inbound,1
2025-01-25,Red,stop_008,trip_08022,trip_08021,420,,300,Outbound,0
2025-01-26,Orange,stop_009,trip_08023,trip_08022,450,,300,Inbound,1
2025-01-27,Red,stop_010,trip_08024,trip_08023,480,,300,Outbound,0
2025-01-28,Orange,stop_011,trip_08025,trip_08024,510,,300,Inbound,1
2025-01-29,Red,stop_012,trip_08026,trip_08025,540,,300,Outbound,0
2025-01-30,Orange,stop_013,trip_08027,trip_08026,570,,300,Inbound,1
2025-01-31,Red,stop_014,trip_08028,trip_08027,240,,300,Outbound,0
2025-01-01,Orange,stop_015,trip_08029,trip_08028,270,,300,Inbound,1
2025-01-02,Red,stop_016,trip_08030,trip_08029,300,,300,Outbound,0
2025-01-03,Orange,stop_017,trip_08031,trip_08030,330,,300,Inbound,1
2025-01-04,Red,stop_018,trip_08032,trip_08031,360,,300,Outbound,0
2025-01-05,Orange,stop_019,trip_08033,trip_08032,390,,300,Inbound,1
2025-01-06,Red,stop_020,trip_08034,trip_08033,420,,300,Outbound,0
2025-01-07,Orange,stop_021,trip_08035,trip_08034,450,,300,Inbound,1
2025-01-08,Red,stop_022,trip_08036,trip_08035,480,,300,Outbound,0
2025-01-09,Orange,stop_023,trip_08037,trip_08036,510,,300,Inbound,1
2025-01-10,Red,stop_024,trip_08038,trip_08037,540,,300,Outbound,0
2025-01-11,Orange,stop_025,trip_08039,trip_08038,570,,300,Inbound,1
2025-01-12,Red,stop_026,trip_08040,trip_08039,240,,300,Outbound,0
2025-01-13,Orange,stop_027,trip_08041,trip_08040,270,,300,Inbound,1
2025-01-14,Red,stop_028,trip_08042,trip_08041,300,,300,Outbound,0
2025-01-15,Orange,stop_029,trip_08043,trip_08042,330,,300,Inbound,1
2025-01-16,Red,stop_030,trip_08044,trip_08043,360,,300,Outbound,0
2025-01-17,Orange,stop_031,trip_08045,trip_08044,390,,300,Inbound,1
2025-01-18,Red,stop_032,trip_08046,trip_08045,420,,300,Outbound,0
2025-01-19,Orange,stop_033,trip_08047,trip_08046,450,,300,Inbound,1
2025-01-20,Red,stop_034,trip_08048,trip_08047,480,,300,Outbound,0
2025-01-21,Orange,stop_035,trip_08049,trip_08048,510,,300,Inbound,1
2025-01-22,Red,stop_001,trip_08050,trip_08049,540,,300,Outbound,0
2025-01-23,Orange,stop_002,trip_08051,trip_08050,570,,300,Inbound,1
2025-01-24,Red,stop_003,trip_08052,trip_08051,240,,300,Outbound,0
2025-01-25,Orange,stop_004,trip_08053,trip_08052,270,,300,Inbound,1
2025-01-26,Red,stop_005,trip_08054,trip_08053,300,,300,Outbound,0
2025-01-27,Orange,stop_006,trip_08055,trip_08054,330,,300,Inbound,1
2025-01-28,Red,stop_007,trip_08056,trip_08055,360,,300,Outbound,0
2025-01-29,Orange,stop_008,trip_08057,trip_08056,390,,300,Inbound,1
2025-01-30,Red,stop_009,trip_08058,trip_08057,420,,300,Outbound,0
2025-01-31,Orange,stop_010,trip_08059,trip_08058,450,,300,Inbound,1
2025-01-01,Red,stop_011,trip_08060,trip_08059,480,,300,Outbound,0
2025-01-02,Orange,stop_012,trip_08061,trip_08060,510,,300,Inbound,1
2025-01-03,Red,stop_013,trip_08062,trip_08061,540,,300,Outbound,0
2025-01-04,Orange,stop_014,trip_08063,trip_08062,570,,300,Inbound,1
2025-01-05,Red,stop_015,trip_08064,trip_08063,240,,300,Outbound,0
2025-01-06,Orange,stop_016,trip_08065,trip_08064,270,,300,Inbound,1
2025-01-07,Red,stop_017,trip_08066,trip_08065,300,,300,Outbound,0
2025-01-08,Orange,stop_018,trip_08067,trip_08066,330,,300,Inbound,1
2025-01-09,Red,stop_019,trip_08068,trip_08067,360,,300,Outbound,0
2025-01-10,Orange,stop_020,trip_08069,trip_08068,390,,300,Inbound,1
2025-01-11,Red,stop_021,trip_08070,trip_08069,420,,300,Outbound,0
2025-01-12,Orange,stop_022,trip_08071,trip_08070,450,,300,Inbound,1
2025-01-13,Red,stop_023,trip_08072,trip_08071,480,,300,Outbound,0
2025-01-14,Orange,stop_024,trip_08073,trip_08072,510,,300,Inbound,1
2025-01-15,Red,stop_025,trip_08074,trip_08073,540,,300,Outbound,0
2025-01-16,Orange,stop_026,trip_08075,trip_08074,570,,300,Inbound,1
2025-01-17,Red,stop_027,trip_08076,trip_08075,240,,300,Outbound,0
2025-01-18,Orange,stop_028,trip_08077,trip_08076,270,,300,Inbound,1
2025-01-19,Red,stop_029,trip_08078,trip_08077,300,,300,Outbound,0
2025-01-20,Orange,stop_030,trip_08079,trip_08078,330,,300,Inbound,1
2025-01-21,Red,stop_031,trip_08080,trip_08079,360,,300,Outbound,0
2025-01-22,Orange,stop_032,trip_08081,trip_08080,390,,300,Inbound,1
2025-01-23,Red,stop_033,trip_08082,trip_08081,420,,300,Outbound,0
2025-01-24,Orange,stop_034,trip_08083,trip_08082,450,,300,Inbound,1
2025-01-25,Red,stop_035,trip_08084,trip_08083,480,,300,Outbound,0
2025-01-26,Orange,stop_001,trip_08085,trip_08084,510,,300,Inbound,1
2025-01-27,Red,stop_002,trip_08086,trip_08085,540,,300,Outbound,0
2025-01-28,Orange,stop_003,trip_08087,trip_08086,570,,300,Inbound,1
2025-01-29,Red,stop_004,trip_08088,trip_08087,240,,300,Outbound,0
2025-01-30,Orange,stop_005,trip_08089,trip_08088,270,,300,Inbound,1
2025-01-31,Red,stop_006,trip_08090,trip_08089,300,,300,Outbound,0
2025-01-01,Orange,stop_007,trip_08091,trip_08090,330,,300,Inbound,1
2025-01-02,Red,stop_008,trip_08092,trip_08091,360,,300,Outbound,0
2025-01-03,Orange,stop_009,trip_08093,trip_08092,390,,300,Inbound,1
2025-01-04,Red,stop_010,trip_08094,trip_08093,420,,300,Outbound,0
2025-01-05,Orange,stop_011,trip_08095,trip_08094,450,,300,Inbound,1
2025-01-06,Red,stop_012,trip_08096,trip_08095,480,,300,Outbound,0
2025-01-07,Orange,stop_013,trip_08097,trip_08096,510,,300,Inbound,1
2025-01-08,Red,stop_014,trip_08098,trip_08097,540,,300,Outbound,0
2025-01-09,Orange,stop_015,trip_08099,trip_08098,570,,300,Inbound,1
2025-01-10,Red,stop_016,trip_08100,trip_08099,240,,300,Outbound,0
2025-01-11,Orange,stop_017,trip_08101,trip_08100,270,,300,Inbound,1
2025-01-12,Red,stop_018,trip_08102,trip_08101,300,,300,Outbound,0
2025-01-13,Orange,stop_019,trip_08103,trip_08102,330,,300,Inbound,1
2025-01-14,Red,stop_020,trip_08104,trip_08103,360,,300,Outbound,0
2025-01-15,Orange,stop_021,trip_08105,trip_08104,390,,300,Inbound,1
2025-01-16,Red,stop_022,trip_08106,trip_08105,420,,300,Outbound,0
2025-01-17,Orange,stop_023,trip_08107,trip_08106,450,,300,Inbound,1
2025-01-18,Red,stop_024,trip_08108,trip_08107,480,,300,Outbound,0
2025-01-19,Orange,stop_025,trip_08109,trip_08108,510,,300,Inbound,1
2025-01-20,Red,stop_026,trip_08110,trip_08109,540,,300,Outbound,0
2025-01-21,Orange,stop_027,trip_08111,trip_08110,570,,300,Inbound,1
2025-01-22,Red,stop_028,trip_08112,trip_08111,240,,300,Outbound,0
2025-01-23,Orange,stop_029,trip_08113,trip_08112,270,,300,Inbound,1
2025-01-24,Red,stop_030,trip_08114,trip_08113,300,,300,Outbound,0
2025-01-25,Orange,stop_031,trip_08115,trip_08114,330,,300,Inbound,1
2025-01-26,Red,stop_032,trip_08116,trip_08115,360,,300,Outbound,0
2025-01-27,Orange,stop_033,trip_08117,trip_08116,390,,300,Inbound,1
2025-01-28,Red,stop_034,trip_08118,trip_08117,420,,300,Outbound,0
2025-01-29,Orange,stop_035,trip_08119,trip_08118,450,,300,Inbound,1
2025-01-30,Red,stop_001,trip_08120,trip_08119,480,,300,Outbound,0
2025-01-31,Orange,stop_002,trip_08121,trip_08120,510,,300,Inbound,1
2025-01-01,Red,stop_003,trip_08122,trip_08121,540,,300,Outbound,0
2025-01-02,Orange,stop_004,trip_08123,trip_08122,570,,300,Inbound,1
2025-01-03,Red,stop_005,trip_08124,trip_08123,240,,300,Outbound,0
2025-01-04,Orange,stop_006,trip_08125,trip_08124,270,,300,Inbound,1
2025-01-05,Red,stop_007,trip_08126,trip_08125,300,,300,Outbound,0
2025-01-06,Orange,stop_008,trip_08127,trip_08126,330,,300,Inbound,1
2025-01-07,Red,stop_009,trip_08128,trip_08127,360,,300,Outbound,0
2025-01-08,Orange,stop_010,trip_08129,trip_08128,390,,300,Inbound,1
2025-01-09,Red,stop_011,trip_08130,trip_08129,420,,300,Outbound,0
2025-01-10,Orange,stop_012,trip_08131,trip_08130,450,,300,Inbound,1
2025-01-11,Red,stop_013,trip_08132,trip_08131,480,,300,Outbound,0
2025-01-12,Orange,stop_014,trip_08133,trip_08132,510,,300,Inbound,1
2025-01-13,Red,stop_015,trip_08134,trip_08133,540,,300,Outbound,0
2025-01-14,Orange,stop_016,trip_08135,trip_08134,570,,300,Inbound,1
2025-01-15,Red,stop_017,trip_08136,trip_08135,240,,300,Outbound,0
2025-01-16,Orange,stop_018,trip_08137,trip_08136,270,,300,Inbound,1
2025-01-17,Red,stop_019,trip_08138,trip_08137,300,,300,Outbound,0
2025-01-18,Orange,stop_020,trip_08139,trip_08138,330,,300,Inbound,1
2025-01-19,Red,stop_021,trip_08140,trip_08139,360,,300,Outbound,0
2025-01-20,Orange,stop_022,trip_08141,trip_08140,390,,300,Inbound,1
2025-01-21,Red,stop_023,trip_08142,trip_08141,420,,300,Outbound,0
2025-01-22,Orange,stop_024,trip_08143,trip_08142,450,,300,Inbound,1
2025-01-23,Red,stop_025,trip_08144,trip_08143,480,,300,Outbound,0
2025-01-24,Orange,stop_026,trip_08145,trip_08144,510,,300,Inbound,1
2025-01-25,Red,stop_027,trip_08146,trip_08145,540,,300,Outbound,0
2025-01-26,Orange,stop_028,trip_08147,trip_08146,570,,300,Inbound,1
2025-01-27,Red,stop_029,trip_08148,trip_08147,240,,300,Outbound,0
2025-01-28,Orange,stop_030,trip_08149,trip_08148,270,,300,Inbound,1
2025-01-29,Red,stop_031,trip_08150,trip_08149,300,,300,Outbound,0
2025-01-30,Orange,stop_032,trip_08151,trip_08150,330,,300,Inbound,1
2025-01-31,Red,stop_033,trip_08152,trip_08151,360,,300,Outbound,0
2025-01-01,Orange,stop_034,trip_08153,trip_08152,390,,300,Inbound,1
2025-01-02,Red,stop_035,trip_08154,trip_08153,420,,300,Outbound,0
2025-01-03,Orange,stop_001,trip_08155,trip_08154,450,,300,Inbound,1
2025-01-04,Red,stop_002,trip_08156,trip_08155,480,,300,Outbound,0
2025-01-05,Orange,stop_003,trip_08157,trip_08156,510,,300,Inbound,1
2025-01-06,Red,stop_004,trip_08158,trip_08157,540,,300,Outbound,0
2025-01-07,Orange,stop_005,trip_08159,trip_08158,570,,300,Inbound,1
2025-01-08,Red,stop_006,trip_08160,trip_08159,240,,300,Outbound,0
2025-01-09,Orange,stop_007,trip_08161,trip_08160,270,,300,Inbound,1
2025-01-10,Red,stop_008,trip_08162,trip_08161,300,,300,Outbound,0
2025-01-11,Orange,stop_009,trip_08163,trip_08162,330,,300,Inbound,1
2025-01-12,Red,stop_010,trip_08164,trip_08163,360,,300,Outbound,0
2025-01-13,Orange,stop_011,trip_08165,trip_08164,390,,300,Inbound,1
2025-01-14,Red,stop_012,trip_08166,trip_08165,420,,300,Outbound,0
2025-01-15,Orange,stop_013,trip_08167,trip_08166,450,,300,Inbound,1
2025-01-16,Red,stop_014,trip_08168,trip_08167,480,,300,Outbound,0
2025-01-17,Orange,stop_015,trip_08169,trip_08168,510,,300,Inbound,1
2025-01-18,Red,stop_016,trip_08170,trip_08169,540,,300,Outbound,0
2025-01-19,Orange,stop_017,trip_08171,trip_08170,570,,300,Inbound,1
2025-01-20,Red,stop_018,trip_08172,trip_08171,240,,300,Outbound,0
2025-01-21,Orange,stop_019,trip_08173,trip_08172,270,,300,Inbound,1
2025-01-22,Red,stop_020,trip_08174,trip_08173,300,,300,Outbound,0
2025-01-23,Orange,stop_021,trip_08175,trip_08174,330,,300,Inbound,1
2025-01-24,Red,stop_022,trip_08176,trip_08175,360,,300,Outbound,0
2025-01-25,Orange,stop_023,trip_08177,trip_08176,390,,300,Inbound,1
2025-01-26,Red,stop_024,trip_08178,trip_08177,420,,300,Outbound,0
2025-01-27,Orange,stop_025,trip_08179,trip_08178,450,,300,Inbound,1
2025-01-28,Red,stop_026,trip_08180,trip_08179,480,,300,Outbound,0
2025-01-29,Orange,stop_027,trip_08181,trip_08180,510,,300,Inbound,1
2025-01-30,Red,stop_028,trip_08182,trip_08181,540,,300,Outbound,0
2025-01-31,Orange,stop_029,trip_08183,trip_08182,570,,300,Inbound,1
2025-01-01,Red,stop_030,trip_08184,trip_08183,240,,300,Outbound,0
2025-01-02,Orange,stop_031,trip_08185,trip_08184,270,,300,Inbound,1
2025-01-03,Red,stop_032,trip_08186,trip_08185,300,,300,Outbound,0
2025-01-04,Orange,stop_033,trip_08187,trip_08186,330,,300,Inbound,1
2025-01-05,Red,stop_034,trip_08188,trip_08187,360,,300,Outbound,0
2025-01-06,Orange,stop_035,trip_08189,trip_08188,390,,300,Inbound,1
2025-01-07,Red,stop_001,trip_08190,trip_08189,420,,300,Outbound,0
2025-01-08,Orange,stop_002,trip_08191,trip_08190,450,,300,Inbound,1
2025-01-09,Red,stop_003,trip_08192,trip_08191,480,,300,Outbound,0
2025-01-10,Orange,stop_004,trip_08193,trip_08192,510,,300,Inbound,1
2025-01-11,Red,stop_005,trip_08194,trip_08193,540,,300,Outbound,0
2025-01-12,Orange,stop_006,trip_08195,trip_08194,570,,300,Inbound,1
2025-01-13,Red,stop_007,trip_08196,trip_08195,240,,300,Outbound,0
2025-01-14,Orange,stop_008,trip_08197,trip_08196,270,,300,Inbound,1
2025-01-15,Red,stop_009,trip_08198,trip_08197,300,,300,Outbound,0
2025-01-16,Orange,stop_010,trip_08199,trip_08198,330,,300,Inbound,1
2025-01-17,Red,stop_011,trip_08200,trip_08199,360,,300,Outbound,0
2025-01-18,Orange,stop_012,trip_08201,trip_08200,390,,300,Inbound,1
2025-01-19,Red,stop_013,trip_08202,trip_08201,420,,300,Outbound,0
2025-01-20,Orange,stop_014,trip_08203,trip_08202,450,,300,Inbound,1
2025-01-21,Red,stop_015,trip_08204,trip_08203,480,,300,Outbound,0
2025-01-22,Orange,stop_016,trip_08205,trip_08204,510,,300,Inbound,1
2025-01-23,Red,stop_017,trip_08206,trip_08205,540,,300,Outbound,0
2025-01-24,Orange,stop_018,trip_08207,trip_08206,570,,300,Inbound,1
2025-01-25,Red,stop_019,trip_08208,trip_08207,240,,300,Outbound,0
2025-01-26,Orange,stop_020,trip_08209,trip_08208,270,,300,Inbound,1
2025-01-27,Red,stop_021,trip_08210,trip_08209,300,,300,Outbound,0
2025-01-28,Orange,stop_022,trip_08211,trip_08210,330,,300,Inbound,1
2025-01-29,Red,stop_023,trip_08212,trip_08211,360,,300,Outbound,0
2025-01-30,Orange,stop_024,trip_08213,trip_08212,390,,300,Inbound,1
2025-01-31,Red,stop_025,trip_08214,trip_08213,420,,300,Outbound,0
2025-01-01,Orange,stop_026,trip_08215,trip_08214,450,,300,Inbound,1
2025-01-02,Red,stop_027,trip_08216,trip_08215,480,,300,Outbound,0
2025-01-03,Orange,stop_028,trip_08217,trip_08216,510,,300,Inbound,1
2025-01-04,Red,stop_029,trip_08218,trip_08217,540,,300,Outbound,0
2025-01-05,Orange,stop_030,trip_08219,trip_08218,570,,300,Inbound,1
2025-01-06,Red,stop_031,trip_08220,trip_08219,240,,300,Outbound,0
2025-01-07,Orange,stop_032,trip_08221,trip_08220,270,,300,Inbound,1
2025-01-08,Red,stop_033,trip_08222,trip_08221,300,,300,Outbound,0
2025-01-09,Orange,stop_034,trip_08223,trip_08222,330,,300,Inbound,1
2025-01-10,Red,stop_035,trip_08224,trip_08223,360,,300,Outbound,0
2025-01-11,Orange,stop_001,trip_08225,trip_08224,390,,300,Inbound,1
2025-01-12,Red,stop_002,trip_08226,trip_08225,420,,300,Outbound,0
2025-01-13,Orange,stop_003,trip_08227,trip_08226,450,,300,Inbound,1
2025-01-14,Red,stop_004,trip_08228,trip_08227,480,,300,Outbound,0
2025-01-15,Orange,stop_005,trip_08229,trip_08228,510,,300,Inbound,1
2025-01-16,Red,stop_006,trip_08230,trip_08229,540,,300,Outbound,0
2025-01-17,Orange,stop_007,trip_08231,trip_08230,570,,300,Inbound,1
2025-01-18,Red,stop_008,trip_08232,trip_08231,240,,300,Outbound,0
2025-01-19,Orange,stop_009,trip_08233,trip_08232,270,,300,Inbound,1
2025-01-20,Red,stop_010,trip_08234,trip_08233,300,,300,Outbound,0
2025-01-21,Orange,stop_011,trip_08235,trip_08234,330,,300,Inbound,1
2025-01-22,Red,stop_012,trip_08236,trip_08235,360,,300,Outbound,0
2025-01-23,Orange,stop_013,trip_08237,trip_08236,390,,300,Inbound,1
2025-01-24,Red,stop_014,trip_08238,trip_08237,420,,300,Outbound,0
2025-01-25,Orange,stop_015,trip_08239,trip_08238,450,,300,Inbound,1
2025-01-26,Red,stop_016,trip_08240,trip_08239,480,,300,Outbound,0
2025-01-27,Orange,stop_017,trip_08241,trip_08240,510,,300,Inbound,1
2025-01-28,Red,stop_018,trip_08242,trip_08241,540,,300,Outbound,0
2025-01-29,Orange,stop_019,trip_08243,trip_08242,570,,300,Inbound,1
2025-01-30,Red,stop_020,trip_08244,trip_08243,240,,300,Outbound,0
2025-01-31,Orange,stop_021,trip_08245,trip_08244,270,,300,Inbound,1
2025-01-01,Red,stop_022,trip_08246,trip_08245,300,,300,Outbound,0
2025-01-02,Orange,stop_023,trip_08247,trip_08246,330,,300,Inbound,1
2025-01-03,Red,stop_024,trip_08248,trip_08247,360,,300,Outbound,0
2025-01-04,Orange,stop_025,trip_08249,trip_08248,390,,300,Inbound,1
2025-01-05,Red,stop_026,trip_08250,trip_08249,420,,300,Outbound,0
2025-01-06,Orange,stop_027,trip_08251,trip_08250,450,,300,Inbound,1
2025-01-07,Red,stop_028,trip_08252,trip_08251,480,,300,Outbound,0
2025-01-08,Orange,stop_029,trip_08253,trip_08252,510,,300,Inbound,1
2025-01-09,Red,stop_030,trip_08254,trip_08253,540,,300,Outbound,0
2025-01-10,Orange,stop_031,trip_08255,trip_08254,570,,300,Inbound,1
2025-01-11,Red,stop_032,trip_08256,trip_08255,240,,300,Outbound,0
2025-01-12,Orange,stop_033,trip_08257,trip_08256,270,,300,Inbound,1
2025-01-13,Red,stop_034,trip_08258,trip_08257,300,,300,Outbound,0
2025-01-14,Orange,stop_035,trip_08259,trip_08258,330,,300,Inbound,1
2025-01-15,Red,stop_001,trip_08260,trip_08259,360,,300,Outbound,0
2025-01-16,Orange,stop_002,trip_08261,trip_08260,390,,300,Inbound,1
2025-01-17,Red,stop_003,trip_08262,trip_08261,420,,300,Outbound,0
2025-01-18,Orange,stop_004,trip_08263,trip_08262,450,,300,Inbound,1
2025-01-19,Red,stop_005,trip_08264,trip_08263,480,,300,Outbound,0
2025-01-20,Orange,stop_006,trip_08265,trip_08264,510,,300,Inbound,1
2025-01-21,Red,stop_007,trip_08266,trip_08265,540,,300,Outbound,0
2025-01-22,Orange,stop_008,trip_08267,trip_08266,570,,300,Inbound,1
2025-01-23,Red,stop_009,trip_08268,trip_08267,240,,300,Outbound,0
2025-01-24,Orange,stop_010,trip_08269,trip_08268,270,,300,Inbound,1
2025-01-25,Red,stop_011,trip_08270,trip_08269,300,,300,Outbound,0
2025-01-26,Orange,stop_012,trip_08271,trip_08270,330,,300,Inbound,1
2025-01-27,Red,stop_013,trip_08272,trip_08271,360,,300,Outbound,0
2025-01-28,Orange,stop_014,trip_08273,trip_08272,390,,300,Inbound,1
2025-01-29,Red,stop_015,trip_08274,trip_08273,420,,300,Outbound,0
2025-01-30,Orange,stop_016,trip_08275,trip_08274,450,,300,Inbound,1
2025-01-31,Red,stop_017,trip_08276,trip_08275,480,,300,Outbound,0
2025-01-01,Orange,stop_018,trip_08277,trip_08276,510,,300,Inbound,1
2025-01-02,Red,stop_019,trip_08278,trip_08277,540,,300,Outbound,0
2025-01-03,Orange,stop_020,trip_08279,trip_08278,570,,300,Inbound,1
2025-01-04,Red,stop_021,trip_08280,trip_08279,240,,300,Outbound,0
2025-01-05,Orange,stop_022,trip_08281,trip_08280,270,,300,Inbound,1
2025-01-06,Red,stop_023,trip_08282,trip_08281,300,,300,Outbound,0
2025-01-07,Orange,stop_024,trip_08283,trip_08282,330,,300,Inbound,1
2025-01-08,Red,stop_025,trip_08284,trip_08283,360,,300,Outbound,0
2025-01-09,Orange,stop_026,trip_08285,trip_08284,390,,300,Inbound,1
2025-01-10,Red,stop_027,trip_08286,trip_08285,420,,300,Outbound,0
2025-01-11,Orange,stop_028,trip_08287,trip_08286,450,,300,Inbound,1
2025-01-12,Red,stop_029,trip_08288,trip_08287,480,,300,Outbound,0
2025-01-13,Orange,stop_030,trip_08289,trip_08288,510,,300,Inbound,1
2025-01-14,Red,stop_031,trip_08290,trip_08289,540,,300,Outbound,0
2025-01-15,Orange,stop_032,trip_08291,trip_08290,570,,300,Inbound,1
2025-01-16,Red,stop_033,trip_08292,trip_08291,240,,300,Outbound,0
2025-01-17,Orange,stop_034,trip_08293,trip_08292,270,,300,Inbound,1
2025-01-18,Red,stop_035,trip_08294,trip_08293,300,,300,Outbound,0
2025-01-19,Orange,stop_001,trip_08295,trip_08294,330,,300,Inbound,1
2025-01-20,Red,stop_002,trip_08296,trip_08295,360,,300,Outbound,0
2025-01-21,Orange,stop_003,trip_08297,trip_08296,390,,300,Inbound,1
2025-01-22,Red,stop_004,trip_08298,trip_08297,420,,300,Outbound,0
2025-01-23,Orange,stop_005,trip_08299,trip_08298,450,,300,Inbound,1
2025-01-24,Red,stop_006,trip_08300,trip_08299,480,,300,Outbound,0
2025-01-25,Orange,stop_007,trip_08301,trip_08300,510,,300,Inbound,1
2025-01-26,Red,stop_008,trip_08302,trip_08301,540,,300,Outbound,0
2025-01-27,Orange,stop_009,trip_08303,trip_08302,570,,300,Inbound,1
2025-01-28,Red,stop_010,trip_08304,trip_08303,240,,300,Outbound,0
2025-01-29,Orange,stop_011,trip_08305,trip_08304,270,,300,Inbound,1
2025-01-30,Red,stop_012,trip_08306,trip_08305,300,,300,Outbound,0
2025-01-31,Orange,stop_013,trip_08307,trip_08306,330,,300,Inbound,1
2025-01-01,Red,stop_014,trip_08308,trip_08307,360,,300,Outbound,0
2025-01-02,Orange,stop_015,trip_08309,trip_08308,390,,300,Inbound,1
2025-01-03,Red,stop_016,trip_08310,trip_08309,420,,300,Outbound,0
2025-01-04,Orange,stop_017,trip_08311,trip_08310,450,,300,Inbound,1
2025-01-05,Red,stop_018,trip_08312,trip_08311,480,,300,Outbound,0
2025-01-06,Orange,stop_019,trip_08313,trip_08312,510,,300,Inbound,1
2025-01-07,Red,stop_020,trip_08314,trip_08313,540,,300,Outbound,0
2025-01-08,Orange,stop_021,trip_08315,trip_08314,570,,300,Inbound,1
2025-01-09,Red,stop_022,trip_08316,trip_08315,240,,300,Outbound,0
2025-01-10,Orange,stop_023,trip_08317,trip_08316,270,,300,Inbound,1
2025-01-11,Red,stop_024,trip_08318,trip_08317,300,,300,Outbound,0
2025-01-12,Orange,stop_025,trip_08319,trip_08318,330,,300,Inbound,1
2025-01-13,Red,stop_026,trip_08320,trip_08319,360,,300,Outbound,0
2025-01-14,Orange,stop_027,trip_08321,trip_08320,390,,300,Inbound,1
2025-01-15,Red,stop_028,trip_08322,trip_08321,420,,300,Outbound,0
2025-01-16,Orange,stop_029,trip_08323,trip_08322,450,,300,Inbound,1
2025-01-17,Red,stop_030,trip_08324,trip_08323,480,,300,Outbound,0
2025-01-18,Orange,stop_031,trip_08325,trip_08324,510,,300,Inbound,1
2025-01-19,Red,stop_032,trip_08326,trip_08325,540,,300,Outbound,0
2025-01-20,Orange,stop_033,trip_08327,trip_08326,570,,300,Inbound,1
2025-01-21,Red,stop_034,trip_08328,trip_08327,240,,300,Outbound,0
2025-01-22,Orange,stop_035,trip_08329,trip_08328,270,,300,Inbound,1
2025-01-23,Red,stop_001,trip_08330,trip_08329,300,,300,Outbound,0
2025-01-24,Orange,stop_002,trip_08331,trip_08330,330,,300,Inbound,1
2025-01-25,Red,stop_003,trip_08332,trip_08331,360,,300,Outbound,0
2025-01-26,Orange,stop_004,trip_08333,trip_08332,390,,300,Inbound,1
2025-01-27,Red,stop_005,trip_08334,trip_08333,420,,300,Outbound,0
2025-01-28,Orange,stop_006,trip_08335,trip_08334,450,,300,Inbound,1
2025-01-29,Red,stop_007,trip_08336,trip_08335,480,,300,Outbound,0
2025-01-30,Orange,stop_008,trip_08337,trip_08336,510,,300,Inbound,1
2025-01-31,Red,stop_009,trip_08338,trip_08337,540,,300,Outbound,0
2025-01-01,Orange,stop_010,trip_08339,trip_08338,570,,300,Inbound,1
2025-01-02,Red,stop_011,trip_08340,trip_08339,240,,300,Outbound,0
2025-01-03,Orange,stop_012,trip_08341,trip_08340,270,,300,Inbound,1
2025-01-04,Red,stop_013,trip_08342,trip_08341,300,,300,Outbound,0
2025-01-05,Orange,stop_014,trip_08343,trip_08342,330,,300,Inbound,1
2025-01-06,Red,stop_015,trip_08344,trip_08343,360,,300,Outbound,0
2025-01-07,Orange,stop_016,trip_08345,trip_08344,390,,300,Inbound,1
2025-01-08,Red,stop_017,trip_08346,trip_08345,420,,300,Outbound,0
2025-01-09,Orange,stop_018,trip_08347,trip_08346,450,,300,Inbound,1
2025-01-10,Red,stop_019,trip_08348,trip_08347,480,,300,Outbound,0
2025-01-11,Orange,stop_020,trip_08349,trip_08348,510,,300,Inbound,1
2025-01-12,Red,stop_021,trip_08350,trip_08349,540,,300,Outbound,0
2025-01-13,Orange,stop_022,trip_08351,trip_08350,570,,300,Inbound,1
2025-01-14,Red,stop_023,trip_08352,trip_08351,240,,300,Outbound,0
2025-01-15,Orange,stop_024,trip_08353,trip_08352,270,,300,Inbound,1
2025-01-16,Red,stop_025,trip_08354,trip_08353,300,,300,Outbound,0
2025-01-17,Orange,stop_026,trip_08355,trip_08354,330,,300,Inbound,1
2025-01-18,Red,stop_027,trip_08356,trip_08355,360,,300,Outbound,0
2025-01-19,Orange,stop_028,trip_08357,trip_08356,390,,300,Inbound,1
2025-01-20,Red,stop_029,trip_08358,trip_08357,420,,300,Outbound,0
2025-01-21,Orange,stop_030,trip_08359,trip_08358,450,,300,Inbound,1
2025-01-22,Red,stop_031,trip_08360,trip_08359,480,,300,Outbound,0
2025-01-23,Orange,stop_032,trip_08361,trip_08360,510,,300,Inbound,1
2025-01-24,Red,stop_033,trip_08362,trip_08361,540,,300,Outbound,0
2025-01-25,Orange,stop_034,trip_08363,trip_08362,570,,300,Inbound,1
2025-01-26,Red,stop_035,trip_08364,trip_08363,240,,300,Outbound,0
2025-01-27,Orange,stop_001,trip_08365,trip_08364,270,,300,Inbound,1
2025-01-28,Red,stop_002,trip_08366,trip_08365,300,,300,Outbound,0
2025-01-29,Orange,stop_003,trip_08367,trip_08366,330,,300,Inbound,1
2025-01-30,Red,stop_004,trip_08368,trip_08367,360,,300,Outbound,0
2025-01-31,Orange,stop_005,trip_08369,trip_08368,390,,300,Inbound,1
2025-01-01,Red,stop_006,trip_08370,trip_08369,420,,300,Outbound,0
2025-01-02,Orange,stop_007,trip_08371,trip_08370,450,,300,Inbound,1
2025-01-03,Red,stop_008,trip_08372,trip_08371,480,,300,Outbound,0
2025-01-04,Orange,stop_009,trip_08373,trip_08372,510,,300,Inbound,1
2025-01-05,Red,stop_010,trip_08374,trip_08373,540,,300,Outbound,0
2025-01-06,Orange,stop_011,trip_08375,trip_08374,570,,300,Inbound,1
2025-01-07,Red,stop_012,trip_08376,trip_08375,240,,300,Outbound,0
2025-01-08,Orange,stop_013,trip_08377,trip_08376,270,,300,Inbound,1
2025-01-09,Red,stop_014,trip_08378,trip_08377,300,,300,Outbound,0
2025-01-10,Orange,stop_015,trip_08379,trip_08378,330,,300,Inbound,1
2025-01-11,Red,stop_016,trip_08380,trip_08379,360,,300,Outbound,0
2025-01-12,Orange,stop_017,trip_08381,trip_08380,390,,300,Inbound,1
2025-01-13,Red,stop_018,trip_08382,trip_08381,420,,300,Outbound,0
2025-01-14,Orange,stop_019,trip_08383,trip_08382,450,,300,Inbound,1
2025-01-15,Red,stop_020,trip_08384,trip_08383,480,,300,Outbound,0
2025-01-16,Orange,stop_021,trip_08385,trip_08384,510,,300,Inbound,1
2025-01-17,Red,stop_022,trip_08386,trip_08385,540,,300,Outbound,0
2025-01-18,Orange,stop_023,trip_08387,trip_08386,570,,300,Inbound,1
2025-01-19,Red,stop_024,trip_08388,trip_08387,240,,300,Outbound,0
2025-01-20,Orange,stop_025,trip_08389,trip_08388,270,,300,Inbound,1
2025-01-21,Red,stop_026,trip_08390,trip_08389,300,,300,Outbound,0
2025-01-22,Orange,stop_027,trip_08391,trip_08390,330,,300,Inbound,1
2025-01-23,Red,stop_028,trip_08392,trip_08391,360,,300,Outbound,0
2025-01-24,Orange,stop_029,trip_08393,trip_08392,390,,300,Inbound,1
2025-01-25,Red,stop_030,trip_08394,trip_08393,420,,300,Outbound,0
2025-01-26,Orange,stop_031,trip_08395,trip_08394,450,,300,Inbound,1
2025-01-27,Red,stop_032,trip_08396,trip_08395,480,,300,Outbound,0
2025-01-28,Orange,stop_033,trip_08397,trip_08396,510,,300,Inbound,1
2025-01-29,Red,stop_034,trip_08398,trip_08397,540,,300,Outbound,0
2025-01-30,Orange,stop_035,trip_08399,trip_08398,570,,300,Inbound,1
2025-01-31,Red,stop_001,trip_08400,trip_08399,240,,300,Outbound,0
2025-01-01,Orange,stop_002,trip_08401,trip_08400,270,,300,Inbound,1
2025-01-02,Red,stop_003,trip_08402,trip_08401,300,,300,Outbound,0
2025-01-03,Orange,stop_004,trip_08403,trip_08402,330,,300,Inbound,1
2025-01-04,Red,stop_005,trip_08404,trip_08403,360,,300,Outbound,0
2025-01-05,Orange,stop_006,trip_08405,trip_08404,390,,300,Inbound,1
2025-01-06,Red,stop_007,trip_08406,trip_08405,420,,300,Outbound,0
2025-01-07,Orange,stop_008,trip_08407,trip_08406,450,,300,Inbound,1
2025-01-08,Red,stop_009,trip_08408,trip_08407,480,,300,Outbound,0
2025-01-09,Orange,stop_010,trip_08409,trip_08408,510,,300,Inbound,1
2025-01-10,Red,stop_011,trip_08410,trip_08409,540,,300,Outbound,0
2025-01-11,Orange,stop_012,trip_08411,trip_08410,570,,300,Inbound,1
2025-01-12,Red,stop_013,trip_08412,trip_08411,240,,300,Outbound,0
2025-01-13,Orange,stop_014,trip_08413,trip_08412,270,,300,Inbound,1
2025-01-14,Red,stop_015,trip_08414,trip_08413,300,,300,Outbound,0
2025-01-15,Orange,stop_016,trip_08415,trip_08414,330,,300,Inbound,1
2025-01-16,Red,stop_017,trip_08416,trip_08415,360,,300,Outbound,0
2025-01-17,Orange,stop_018,trip_08417,trip_08416,390,,300,Inbound,1
2025-01-18,Red,stop_019,trip_08418,trip_08417,420,,300,Outbound,0
2025-01-19,Orange,stop_020,trip_08419,trip_08418,450,,300,Inbound,1
2025-01-20,Red,stop_021,trip_08420,trip_08419,480,,300,Outbound,0
2025-01-21,Orange,stop_022,trip_08421,trip_08420,510,,300,Inbound,1
2025-01-22,Red,stop_023,trip_08422,trip_08421,540,,300,Outbound,0
2025-01-23,Orange,stop_024,trip_08423,trip_08422,570,,300,Inbound,1
2025-01-24,Red,stop_025,trip_08424,trip_08423,240,,300,Outbound,0
2025-01-25,Orange,stop_026,trip_08425,trip_08424,270,,300,Inbound,1
2025-01-26,Red,stop_027,trip_08426,trip_08425,300,,300,Outbound,0
2025-01-27,Orange,stop_028,trip_08427,trip_08426,330,,300,Inbound,1
2025-01-28,Red,stop_029,trip_08428,trip_08427,360,,300,Outbound,0
2025-01-29,Orange,stop_030,trip_08429,trip_08428,390,,300,Inbound,1
2025-01-30,Red,stop_031,trip_08430,trip_08429,420,,300,Outbound,0
2025-01-31,Orange,stop_032,trip_08431,trip_08430,450,,300,Inbound,1
2025-01-01,Red,stop_033,trip_08432,trip_08431,480,,300,Outbound,0
2025-01-02,Orange,stop_034,trip_08433,trip_08432,510,,300,Inbound,1
2025-01-03,Red,stop_035,trip_08434,trip_08433,540,,300,Outbound,0
2025-01-04,Orange,stop_001,trip_08435,trip_08434,570,,300,Inbound,1
2025-01-05,Red,stop_002,trip_08436,trip_08435,240,,300,Outbound,0
2025-01-06,Orange,stop_003,trip_08437,trip_08436,270,,300,Inbound,1
2025-01-07,Red,stop_004,trip_08438,trip_08437,300,,300,Outbound,0
2025-01-08,Orange,stop_005,trip_08439,trip_08438,330,,300,Inbound,1
2025-01-09,Red,stop_006,trip_08440,trip_08439,360,,300,Outbound,0
2025-01-10,Orange,stop_007,trip_08441,trip_08440,390,,300,Inbound,1
2025-01-11,Red,stop_008,trip_08442,trip_08441,420,,300,Outbound,0
2025-01-12,Orange,stop_009,trip_08443,trip_08442,450,,300,Inbound,1
2025-01-13,Red,stop_010,trip_08444,trip_08443,480,,300,Outbound,0
2025-01-14,Orange,stop_011,trip_08445,trip_08444,510,,300,Inbound,1
2025-01-15,Red,stop_012,trip_08446,trip_08445,540,,300,Outbound,0
2025-01-16,Orange,stop_013,trip_08447,trip_08446,570,,300,Inbound,1
2025-01-17,Red,stop_014,trip_08448,trip_08447,240,,300,Outbound,0
2025-01-18,Orange,stop_015,trip_08449,trip_08448,270,,300,Inbound,1
2025-01-19,Red,stop_016,trip_08450,trip_08449,300,,300,Outbound,0
2025-01-20,Orange,stop_017,trip_08451,trip_08450,330,,300,Inbound,1
2025-01-21,Red,stop_018,trip_08452,trip_08451,360,,300,Outbound,0
2025-01-22,Orange,stop_019,trip_08453,trip_08452,390,,300,Inbound,1
2025-01-23,Red,stop_020,trip_08454,trip_08453,420,,300,Outbound,0
2025-01-24,Orange,stop_021,trip_08455,trip_08454,450,,300,Inbound,1
2025-01-25,Red,stop_022,trip_08456,trip_08455,480,,300,Outbound,0
2025-01-26,Orange,stop_023,trip_08457,trip_08456,510,,300,Inbound,1
2025-01-27,Red,stop_024,trip_08458,trip_08457,540,,300,Outbound,0
2025-01-28,Orange,stop_025,trip_08459,trip_08458,570,,300,Inbound,1
2025-01-29,Red,stop_026,trip_08460,trip_08459,240,,300,Outbound,0
2025-01-30,Orange,stop_027,trip_08461,trip_08460,270,,300,Inbound,1
2025-01-31,Red,stop_028,trip_08462,trip_08461,300,,300,Outbound,0
2025-01-01,Orange,stop_029,trip_08463,trip_08462,330,,300,Inbound,1
2025-01-02,Red,stop_030,trip_08464,trip_08463,360,,300,Outbound,0
2025-01-03,Orange,stop_031,trip_08465,trip_08464,390,,300,Inbound,1
2025-01-04,Red,stop_032,trip_08466,trip_08465,420,,300,Outbound,0
2025-01-05,Orange,stop_033,trip_08467,trip_08466,450,,300,Inbound,1
2025-01-06,Red,stop_034,trip_08468,trip_08467,480,,300,Outbound,0
2025-01-07,Orange,stop_035,trip_08469,trip_08468,510,,300,Inbound,1
2025-01-08,Red,stop_001,trip_08470,trip_08469,540,,300,Outbound,0
2025-01-09,Orange,stop_002,trip_08471,trip_08470,570,,300,Inbound,1
2025-01-10,Red,stop_003,trip_08472,trip_08471,240,,300,Outbound,0
2025-01-11,Orange,stop_004,trip_08473,trip_08472,270,,300,Inbound,1
2025-01-12,Red,stop_005,trip_08474,trip_08473,300,,300,Outbound,0
2025-01-13,Orange,stop_006,trip_08475,trip_08474,330,,300,Inbound,1
2025-01-14,Red,stop_007,trip_08476,trip_08475,360,,300,Outbound,0
2025-01-15,Orange,stop_008,trip_08477,trip_08476,390,,300,Inbound,1
2025-01-16,Red,stop_009,trip_08478,trip_08477,420,,300,Outbound,0
2025-01-17,Orange,stop_010,trip_08479,trip_08478,450,,300,Inbound,1
2025-01-18,Red,stop_011,trip_08480,trip_08479,480,,300,Outbound,0
2025-01-19,Orange,stop_012,trip_08481,trip_08480,510,,300,Inbound,1
2025-01-20,Red,stop_013,trip_08482,trip_08481,540,,300,Outbound,0
2025-01-21,Orange,stop_014,trip_08483,trip_08482,570,,300,Inbound,1
2025-01-22,Red,stop_015,trip_08484,trip_08483,240,,300,Outbound,0
2025-01-23,Orange,stop_016,trip_08485,trip_08484,270,,300,Inbound,1
2025-01-24,Red,stop_017,trip_08486,trip_08485,300,,300,Outbound,0
2025-01-25,Orange,stop_018,trip_08487,trip_08486,330,,300,Inbound,1
2025-01-26,Red,stop_019,trip_08488,trip_08487,360,,300,Outbound,0
2025-01-27,Orange,stop_020,trip_08489,trip_08488,390,,300,Inbound,1
2025-01-28,Red,stop_021,trip_08490,trip_08489,420,,300,Outbound,0
2025-01-29,Orange,stop_022,trip_08491,trip_08490,450,,300,Inbound,1
2025-01-30,Red,stop_023,trip_08492,trip_08491,480,,300,Outbound,0
2025-01-31,Orange,stop_024,trip_08493,trip_08492,510,,300,Inbound,1
2025-01-01,Red,stop_025,trip_08494,trip_08493,540,,300,Outbound,0
2025-01-02,Orange,stop_026,trip_08495,trip_08494,570,,300,Inbound,1
2025-01-03,Red,stop_027,trip_08496,trip_08495,240,,300,Outbound,0
2025-01-04,Orange,stop_028,trip_08497,trip_08496,270,,300,Inbound,1
2025-01-05,Red,stop_029,trip_08498,trip_08497,300,,300,Outbound,0
2025-01-06,Orange,stop_030,trip_08499,trip_08498,330,,300,Inbound,1
2025-01-07,Red,stop_031,trip_08500,trip_08499,360,,300,Outbound,0
2025-01-08,Orange,stop_032,trip_08501,trip_08500,390,,300,Inbound,1
2025-01-09,Red,stop_033,trip_08502,trip_08501,420,,300,Outbound,0
2025-01-10,Orange,stop_034,trip_08503,trip_08502,450,,300,Inbound,1
2025-01-11,Red,stop_035,trip_08504,trip_08503,480,,300,Outbound,0
2025-01-12,Orange,stop_001,trip_08505,trip_08504,510,,300,Inbound,1
2025-01-13,Red,stop_002,trip_08506,trip_08505,540,,300,Outbound,0
2025-01-14,Orange,stop_003,trip_08507,trip_08506,570,,300,Inbound,1
2025-01-15,Red,stop_004,trip_08508,trip_08507,240,,300,Outbound,0
2025-01-16,Orange,stop_005,trip_08509,trip_08508,270,,300,Inbound,1
2025-01-17,Red,stop_006,trip_08510,trip_08509,300,,300,Outbound,0
2025-01-18,Orange,stop_007,trip_08511,trip_08510,330,,300,Inbound,1
2025-01-19,Red,stop_008,trip_08512,trip_08511,360,,300,Outbound,0
2025-01-20,Orange,stop_009,trip_08513,trip_08512,390,,300,Inbound,1
2025-01-21,Red,stop_010,trip_08514,trip_08513,420,,300,Outbound,0
2025-01-22,Orange,stop_011,trip_08515,trip_08514,450,,300,Inbound,1
2025-01-23,Red,stop_012,trip_08516,trip_08515,480,,300,Outbound,0
2025-01-24,Orange,stop_013,trip_08517,trip_08516,510,,300,Inbound,1
2025-01-25,Red,stop_014,trip_08518,trip_08517,540,,300,Outbound,0
2025-01-26,Orange,stop_015,trip_08519,trip_08518,570,,300,Inbound,1
2025-01-27,Red,stop_016,trip_08520,trip_08519,240,,300,Outbound,0
2025-01-28,Orange,stop_017,trip_08521,trip_08520,270,,300,Inbound,1
2025-01-29,Red,stop_018,trip_08522,trip_08521,300,,300,Outbound,0
2025-01-30,Orange,stop_019,trip_08523,trip_08522,330,,300,Inbound,1
2025-01-31,Red,stop_020,trip_08524,trip_08523,360,,300,Outbound,0
2025-01-01,Orange,stop_021,trip_08525,trip_08524,390,,300,Inbound,1
2025-01-02,Red,stop_022,trip_08526,trip_08525,420,,300,Outbound,0
2025-01-03,Orange,stop_023,trip_08527,trip_08526,450,,300,Inbound,1
2025-01-04,Red,stop_024,trip_08528,trip_08527,480,,300,Outbound,0
2025-01-05,Orange,stop_025,trip_08529,trip_08528,510,,300,Inbound,1
2025-01-06,Red,stop_026,trip_08530,trip_08529,540,,300,Outbound,0
2025-01-07,Orange,stop_027,trip_08531,trip_08530,570,,300,Inbound,1
2025-01-08,Red,stop_028,trip_08532,trip_08531,240,,300,Outbound,0
2025-01-09,Orange,stop_029,trip_08533,trip_08532,270,,300,Inbound,1
2025-01-10,Red,stop_030,trip_08534,trip_08533,300,,300,Outbound,0
2025-01-11,Orange,stop_031,trip_08535,trip_08534,330,,300,Inbound,1
2025-01-12,Red,stop_032,trip_08536,trip_08535,360,,300,Outbound,0
2025-01-13,Orange,stop_033,trip_08537,trip_08536,390,,300,Inbound,1
2025-01-14,Red,stop_034,trip_08538,trip_08537,420,,300,Outbound,0
2025-01-15,Orange,stop_035,trip_08539,trip_08538,450,,300,Inbound,1
2025-01-16,Red,stop_001,trip_08540,trip_08539,480,,300,Outbound,0
2025-01-17,Orange,stop_002,trip_08541,trip_08540,510,,300,Inbound,1
2025-01-18,Red,stop_003,trip_08542,trip_08541,540,,300,Outbound,0
2025-01-19,Orange,stop_004,trip_08543,trip_08542,570,,300,Inbound,1
2025-01-20,Red,stop_005,trip_08544,trip_08543,240,,300,Outbound,0
2025-01-21,Orange,stop_006,trip_08545,trip_08544,270,,300,Inbound,1
2025-01-22,Red,stop_007,trip_08546,trip_08545,300,,300,Outbound,0
2025-01-23,Orange,stop_008,trip_08547,trip_08546,330,,300,Inbound,1
2025-01-24,Red,stop_009,trip_08548,trip_08547,360,,300,Outbound,0
2025-01-25,Orange,stop_010,trip_08549,trip_08548,390,,300,Inbound,1
2025-01-26,Red,stop_011,trip_08550,trip_08549,420,,300,Outbound,0
2025-01-27,Orange,stop_012,trip_08551,trip_08550,450,,300,Inbound,1
2025-01-28,Red,stop_013,trip_08552,trip_08551,480,,300,Outbound,0
2025-01-29,Orange,stop_014,trip_08553,trip_08552,510,,300,Inbound,1
2025-01-30,Red,stop_015,trip_08554,trip_08553,540,,300,Outbound,0
2025-01-31,Orange,stop_016,trip_08555,trip_08554,570,,300,Inbound,1
2025-01-01,Red,stop_017,trip_08556,trip_08555,240,,300,Outbound,0
2025-01-02,Orange,stop_018,trip_08557,trip_08556,270,,300,Inbound,1
2025-01-03,Red,stop_019,trip_08558,trip_08557,300,,300,Outbound,0
2025-01-04,Orange,stop_020,trip_08559,trip_08558,330,,300,Inbound,1
2025-01-05,Red,stop_021,trip_08560,trip_08559,360,,300,Outbound,0
2025-01-06,Orange,stop_022,trip_08561,trip_08560,390,,300,Inbound,1
2025-01-07,Red,stop_023,trip_08562,trip_08561,420,,300,Outbound,0
2025-01-08,Orange,stop_024,trip_08563,trip_08562,450,,300,Inbound,1
2025-01-09,Red,stop_025,trip_08564,trip_08563,480,,300,Outbound,0
2025-01-10,Orange,stop_026,trip_08565,trip_08564,510,,300,Inbound,1
2025-01-11,Red,stop_027,trip_08566,trip_08565,540,,300,Outbound,0
2025-01-12,Orange,stop_028,trip_08567,trip_08566,570,,300,Inbound,1
2025-01-13,Red,stop_029,trip_08568,trip_08567,240,,300,Outbound,0
2025-01-14,Orange,stop_030,trip_08569,trip_08568,270,,300,Inbound,1
2025-01-15,Red,stop_031,trip_08570,trip_08569,300,,300,Outbound,0
2025-01-16,Orange,stop_032,trip_08571,trip_08570,330,,300,Inbound,1
2025-01-17,Red,stop_033,trip_08572,trip_08571,360,,300,Outbound,0
2025-01-18,Orange,stop_034,trip_08573,trip_08572,390,,300,Inbound,1
2025-01-19,Red,stop_035,trip_08574,trip_08573,420,,300,Outbound,0
2025-01-20,Orange,stop_001,trip_08575,trip_08574,450,,300,Inbound,1
2025-01-21,Red,stop_002,trip_08576,trip_08575,480,,300,Outbound,0
2025-01-22,Orange,stop_003,trip_08577,trip_08576,510,,300,Inbound,1
2025-01-23,Red,stop_004,trip_08578,trip_08577,540,,300,Outbound,0
2025-01-24,Orange,stop_005,trip_08579,trip_08578,570,,300,Inbound,1
2025-01-25,Red,stop_006,trip_08580,trip_08579,240,,300,Outbound,0
2025-01-26,Orange,stop_007,trip_08581,trip_08580,270,,300,Inbound,1
2025-01-27,Red,stop_008,trip_08582,trip_08581,300,,300,Outbound,0
2025-01-28,Orange,stop_009,trip_08583,trip_08582,330,,300,Inbound,1
2025-01-29,Red,stop_010,trip_08584,trip_08583,360,,300,Outbound,0
2025-01-30,Orange,stop_011,trip_08585,trip_08584,390,,300,Inbound,1
2025-01-31,Red,stop_012,trip_08586,trip_08585,420,,300,Outbound,0
2025-01-01,Orange,stop_013,trip_08587,trip_08586,450,,300,Inbound,1
2025-01-02,Red,stop_014,trip_08588,trip_08587,480,,300,Outbound,0
2025-01-03,Orange,stop_015,trip_08589,trip_08588,510,,300,Inbound,1
2025-01-04,Red,stop_016,trip_08590,trip_08589,540,,300,Outbound,0
2025-01-05,Orange,stop_017,trip_08591,trip_08590,570,,300,Inbound,1
2025-01-06,Red,stop_018,trip_08592,trip_08591,240,,300,Outbound,0
2025-01-07,Orange,stop_019,trip_08593,trip_08592,270,,300,Inbound,1
2025-01-08,Red,stop_020,trip_08594,trip_08593,300,,300,Outbound,0
2025-01-09,Orange,stop_021,trip_08595,trip_08594,330,,300,Inbound,1
2025-01-10,Red,stop_022,trip_08596,trip_08595,360,,300,Outbound,0
2025-01-11,Orange,stop_023,trip_08597,trip_08596,390,,300,Inbound,1
2025-01-12,Red,stop_024,trip_08598,trip_08597,420,,300,Outbound,0
2025-01-13,Orange,stop_025,trip_08599,trip_08598,450,,300,Inbound,1
2025-01-14,Red,stop_026,trip_08600,trip_08599,480,,300,Outbound,0
2025-01-15,Orange,stop_027,trip_08601,trip_08600,510,,300,Inbound,1
2025-01-16,Red,stop_028,trip_08602,trip_08601,540,,300,Outbound,0
2025-01-17,Orange,stop_029,trip_08603,trip_08602,570,,300,Inbound,1
2025-01-18,Red,stop_030,trip_08604,trip_08603,240,,300,Outbound,0
2025-01-19,Orange,stop_031,trip_08605,trip_08604,270,,300,Inbound,1
2025-01-20,Red,stop_032,trip_08606,trip_08605,300,,300,Outbound,0
2025-01-21,Orange,stop_033,trip_08607,trip_08606,330,,300,Inbound,1
2025-01-22,Red,stop_034,trip_08608,trip_08607,360,,300,Outbound,0
2025-01-23,Orange,stop_035,trip_08609,trip_08608,390,,300,Inbound,1
2025-01-24,Red,stop_001,trip_08610,trip_08609,420,,300,Outbound,0
2025-01-25,Orange,stop_002,trip_08611,trip_08610,450,,300,Inbound,1
2025-01-26,Red,stop_003,trip_08612,trip_08611,480,,300,Outbound,0
2025-01-27,Orange,stop_004,trip_08613,trip_08612,510,,300,Inbound,1
2025-01-28,Red,stop_005,trip_08614,trip_08613,540,,300,Outbound,0
2025-01-29,Orange,stop_006,trip_08615,trip_08614,570,,300,Inbound,1
2025-01-30,Red,stop_007,trip_08616,trip_08615,240,,300,Outbound,0
2025-01-31,Orange,stop_008,trip_08617,trip_08616,270,,300,Inbound,1
2025-01-01,Red,stop_009,trip_08618,trip_08617,300,,300,Outbound,0
2025-01-02,Orange,stop_010,trip_08619,trip_08618,330,,300,Inbound,1
2025-01-03,Red,stop_011,trip_08620,trip_08619,360,,300,Outbound,0
2025-01-04,Orange,stop_012,trip_08621,trip_08620,390,,300,Inbound,1
2025-01-05,Red,stop_013,trip_08622,trip_08621,420,,300,Outbound,0
2025-01-06,Orange,stop_014,trip_08623,trip_08622,450,,300,Inbound,1
2025-01-07,Red,stop_015,trip_08624,trip_08623,480,,300,Outbound,0
2025-01-08,Orange,stop_016,trip_08625,trip_08624,510,,300,Inbound,1
2025-01-09,Red,stop_017,trip_08626,trip_08625,540,,300,Outbound,0
2025-01-10,Orange,stop_018,trip_08627,trip_08626,570,,300,Inbound,1
2025-01-11,Red,stop_019,trip_08628,trip_08627,240,,300,Outbound,0
2025-01-12,Orange,stop_020,trip_08629,trip_08628,270,,300,Inbound,1
2025-01-13,Red,stop_021,trip_08630,trip_08629,300,,300,Outbound,0
2025-01-14,Orange,stop_022,trip_08631,trip_08630,330,,300,Inbound,1
2025-01-15,Red,stop_023,trip_08632,trip_08631,360,,300,Outbound,0
2025-01-16,Orange,stop_024,trip_08633,trip_08632,390,,300,Inbound,1
2025-01-17,Red,stop_025,trip_08634,trip_08633,420,,300,Outbound,0
2025-01-18,Orange,stop_026,trip_08635,trip_08634,450,,300,Inbound,1
2025-01-19,Red,stop_027,trip_08636,trip_08635,480,,300,Outbound,0
2025-01-20,Orange,stop_028,trip_08637,trip_08636,510,,300,Inbound,1
2025-01-21,Red,stop_029,trip_08638,trip_08637,540,,300,Outbound,0
2025-01-22,Orange,stop_030,trip_08639,trip_08638,570,,300,Inbound,1
2025-01-23,Red,stop_031,trip_08640,trip_08639,240,,300,Outbound,0
2025-01-24,Orange,stop_032,trip_08641,trip_08640,270,,300,Inbound,1
2025-01-25,Red,stop_033,trip_08642,trip_08641,300,,300,Outbound,0
2025-01-26,Orange,stop_034,trip_08643,trip_08642,330,,300,Inbound,1
2025-01-27,Red,stop_035,trip_08644,trip_08643,360,,300,Outbound,0
2025-01-28,Orange,stop_001,trip_08645,trip_08644,390,,300,Inbound,1
2025-01-29,Red,stop_002,trip_08646,trip_08645,420,,300,Outbound,0
2025-01-30,Orange,stop_003,trip_08647,trip_08646,450,,300,Inbound,1
2025-01-31,Red,stop_004,trip_08648,trip_08647,480,,300,Outbound,0
2025-01-01,Orange,stop_005,trip_08649,trip_08648,510,,300,Inbound,1
2025-01-02,Red,stop_006,trip_08650,trip_08649,540,,300,Outbound,0
2025-01-03,Orange,stop_007,trip_08651,trip_08650,570,,300,Inbound,1
2025-01-04,Red,stop_008,trip_08652,trip_08651,240,,300,Outbound,0
2025-01-05,Orange,stop_009,trip_08653,trip_08652,270,,300,Inbound,1
2025-01-06,Red,stop_010,trip_08654,trip_08653,300,,300,Outbound,0
2025-01-07,Orange,stop_011,trip_08655,trip_08654,330,,300,Inbound,1
2025-01-08,Red,stop_012,trip_08656,trip_08655,360,,300,Outbound,0
2025-01-09,Orange,stop_013,trip_08657,trip_08656,390,,300,Inbound,1
2025-01-10,Red,stop_014,trip_08658,trip_08657,420,,300,Outbound,0
2025-01-11,Orange,stop_015,trip_08659,trip_08658,450,,300,Inbound,1
2025-01-12,Red,stop_016,trip_08660,trip_08659,480,,300,Outbound,0
2025-01-13,Orange,stop_017,trip_08661,trip_08660,510,,300,Inbound,1
2025-01-14,Red,stop_018,trip_08662,trip_08661,540,,300,Outbound,0
2025-01-15,Orange,stop_019,trip_08663,trip_08662,570,,300,Inbound,1
2025-01-16,Red,stop_020,trip_08664,trip_08663,240,,300,Outbound,0
2025-01-17,Orange,stop_021,trip_08665,trip_08664,270,,300,Inbound,1
2025-01-18,Red,stop_022,trip_08666,trip_08665,300,,300,Outbound,0
2025-01-19,Orange,stop_023,trip_08667,trip_08666,330,,300,Inbound,1
2025-01-20,Red,stop_024,trip_08668,trip_08667,360,,300,Outbound,0
2025-01-21,Orange,stop_025,trip_08669,trip_08668,390,,300,Inbound,1
2025-01-22,Red,stop_026,trip_08670,trip_08669,420,,300,Outbound,0
2025-01-23,Orange,stop_027,trip_08671,trip_08670,450,,300,Inbound,1
2025-01-24,Red,stop_028,trip_08672,trip_08671,480,,300,Outbound,0
2025-01-25,Orange,stop_029,trip_08673,trip_08672,510,,300,Inbound,1
2025-01-26,Red,stop_030,trip_08674,trip_08673,540,,300,Outbound,0
2025-01-27,Orange,stop_031,trip_08675,trip_08674,570,,300,Inbound,1
2025-01-28,Red,stop_032,trip_08676,trip_08675,240,,300,Outbound,0
2025-01-29,Orange,stop_033,trip_08677,trip_08676,270,,300,Inbound,1
2025-01-30,Red,stop_034,trip_08678,trip_08677,300,,300,Outbound,0
2025-01-31,Orange,stop_035,trip_08679,trip_08678,330,,300,Inbound,1
2025-01-01,Red,stop_001,trip_08680,trip_08679,360,,300,Outbound,0
2025-01-02,Orange,stop_002,trip_08681,trip_08680,390,,300,Inbound,1
2025-01-03,Red,stop_003,trip_08682,trip_08681,420,,300,Outbound,0
2025-01-04,Orange,stop_004,trip_08683,trip_08682,450,,300,Inbound,1
2025-01-05,Red,stop_005,trip_08684,trip_08683,480,,300,Outbound,0
2025-01-06,Orange,stop_006,trip_08685,trip_08684,510,,300,Inbound,1
2025-01-07,Red,stop_007,trip_08686,trip_08685,540,,300,Outbound,0
2025-01-08,Orange,stop_008,trip_08687,trip_08686,570,,300,Inbound,1
2025-01-09,Red,stop_009,trip_08688,trip_08687,240,,300,Outbound,0
2025-01-10,Orange,stop_010,trip_08689,trip_08688,270,,300,Inbound,1
2025-01-11,Red,stop_011,trip_08690,trip_08689,300,,300,Outbound,0
2025-01-12,Orange,stop_012,trip_08691,trip_08690,330,,300,Inbound,1
2025-01-13,Red,stop_013,trip_08692,trip_08691,360,,300,Outbound,0
2025-01-14,Orange,stop_014,trip_08693,trip_08692,390,,300,Inbound,1
2025-01-15,Red,stop_015,trip_08694,trip_08693,420,,300,Outbound,0
2025-01-16,Orange,stop_016,trip_08695,trip_08694,450,,300,Inbound,1
2025-01-17,Red,stop_017,trip_08696,trip_08695,480,,300,Outbound,0
2025-01-18,Orange,stop_018,trip_08697,trip_08696,510,,300,Inbound,1
2025-01-19,Red,stop_019,trip_08698,trip_08697,540,,300,Outbound,0
2025-01-20,Orange,stop_020,trip_08699,trip_08698,570,,300,Inbound,1
2025-01-21,Red,stop_021,trip_08700,trip_08699,240,,300,Outbound,0
2025-01-22,Orange,stop_022,trip_08701,trip_08700,270,,300,Inbound,1
2025-01-23,Red,stop_023,trip_08702,trip_08701,300,,300,Outbound,0
2025-01-24,Orange,stop_024,trip_08703,trip_08702,330,,300,Inbound,1
2025-01-25,Red,stop_025,trip_08704,trip_08703,360,,300,Outbound,0
2025-01-26,Orange,stop_026,trip_08705,trip_08704,390,,300,Inbound,1
2025-01-27,Red,stop_027,trip_08706,trip_08705,420,,300,Outbound,0
2025-01-28,Orange,stop_028,trip_08707,trip_08706,450,,300,Inbound,1
2025-01-29,Red,stop_029,trip_08708,trip_08707,480,,300,Outbound,0
2025-01-30,Orange,stop_030,trip_08709,trip_08708,510,,300,Inbound,1
2025-01-31,Red,stop_031,trip_08710,trip_08709,540,,300,Outbound,0
2025-01-01,Orange,stop_032,trip_08711,trip_08710,570,,300,Inbound,1
2025-01-02,Red,stop_033,trip_08712,trip_08711,240,,300,Outbound,0
2025-01-03,Orange,stop_034,trip_08713,trip_08712,270,,300,Inbound,1
2025-01-04,Red,stop_035,trip_08714,trip_08713,300,,300,Outbound,0
2025-01-05,Orange,stop_001,trip_08715,trip_08714,330,,300,Inbound,1
2025-01-06,Red,stop_002,trip_08716,trip_08715,360,,300,Outbound,0
2025-01-07,Orange,stop_003,trip_08717,trip_08716,390,,300,Inbound,1
2025-01-08,Red,stop_004,trip_08718,trip_08717,420,,300,Outbound,0
2025-01-09,Orange,stop_005,trip_08719,trip_08718,450,,300,Inbound,1
2025-01-10,Red,stop_006,trip_08720,trip_08719,480,,300,Outbound,0
2025-01-11,Orange,stop_007,trip_08721,trip_08720,510,,300,Inbound,1
2025-01-12,Red,stop_008,trip_08722,trip_08721,540,,300,Outbound,0
2025-01-13,Orange,stop_009,trip_08723,trip_08722,570,,300,Inbound,1
2025-01-14,Red,stop_010,trip_08724,trip_08723,240,,300,Outbound,0
2025-01-15,Orange,stop_011,trip_08725,trip_08724,270,,300,Inbound,1
2025-01-16,Red,stop_012,trip_08726,trip_08725,300,,300,Outbound,0
2025-01-17,Orange,stop_013,trip_08727,trip_08726,330,,300,Inbound,1
2025-01-18,Red,stop_014,trip_08728,trip_08727,360,,300,Outbound,0
2025-01-19,Orange,stop_015,trip_08729,trip_08728,390,,300,Inbound,1
2025-01-20,Red,stop_016,trip_08730,trip_08729,420,,300,Outbound,0
2025-01-21,Orange,stop_017,trip_08731,trip_08730,450,,300,Inbound,1
2025-01-22,Red,stop_018,trip_08732,trip_08731,480,,300,Outbound,0
2025-01-23,Orange,stop_019,trip_08733,trip_08732,510,,300,Inbound,1
2025-01-24,Red,stop_020,trip_08734,trip_08733,540,,300,Outbound,0
2025-01-25,Orange,stop_021,trip_08735,trip_08734,570,,300,Inbound,1
2025-01-26,Red,stop_022,trip_08736,trip_08735,240,,300,Outbound,0
2025-01-27,Orange,stop_023,trip_08737,trip_08736,270,,300,Inbound,1
2025-01-28,Red,stop_024,trip_08738,trip_08737,300,,300,Outbound,0
2025-01-29,Orange,stop_025,trip_08739,trip_08738,330,,300,Inbound,1
2025-01-30,Red,stop_026,trip_08740,trip_08739,360,,300,Outbound,0
2025-01-31,Orange,stop_027,trip_08741,trip_08740,390,,300,Inbound,1
2025-01-01,Red,stop_028,trip_08742,trip_08741,420,,300,Outbound,0
2025-01-02,Orange,stop_029,trip_08743,trip_08742,450,,300,Inbound,1
2025-01-03,Red,stop_030,trip_08744,trip_08743,480,,300,Outbound,0
2025-01-04,Orange,stop_031,trip_08745,trip_08744,510,,300,Inbound,1
2025-01-05,Red,stop_032,trip_08746,trip_08745,540,,300,Outbound,0
2025-01-06,Orange,stop_033,trip_08747,trip_08746,570,,300,Inbound,1
2025-01-07,Red,stop_034,trip_08748,trip_08747,240,,300,Outbound,0
2025-01-08,Orange,stop_035,trip_08749,trip_08748,270,,300,Inbound,1
2025-01-09,Red,stop_001,trip_08750,trip_08749,300,,300,Outbound,0
2025-01-10,Orange,stop_002,trip_08751,trip_08750,330,,300,Inbound,1
2025-01-11,Red,stop_003,trip_08752,trip_08751,360,,300,Outbound,0
2025-01-12,Orange,stop_004,trip_08753,trip_08752,390,,300,Inbound,1
2025-01-13,Red,stop_005,trip_08754,trip_08753,420,,300,Outbound,0
2025-01-14,Orange,stop_006,trip_08755,trip_08754,450,,300,Inbound,1
2025-01-15,Red,stop_007,trip_08756,trip_08755,480,,300,Outbound,0
2025-01-16,Orange,stop_008,trip_08757,trip_08756,510,,300,Inbound,1
2025-01-17,Red,stop_009,trip_08758,trip_08757,540,,300,Outbound,0
2025-01-18,Orange,stop_010,trip_08759,trip_08758,570,,300,Inbound,1
2025-01-19,Red,stop_011,trip_08760,trip_08759,240,,300,Outbound,0
2025-01-20,Orange,stop_012,trip_08761,trip_08760,270,,300,Inbound,1
2025-01-21,Red,stop_013,trip_08762,trip_08761,300,,300,Outbound,0
2025-01-22,Orange,stop_014,trip_08763,trip_08762,330,,300,Inbound,1
2025-01-23,Red,stop_015,trip_08764,trip_08763,360,,300,Outbound,0
2025-01-24,Orange,stop_016,trip_08765,trip_08764,390,,300,Inbound,1
2025-01-25,Red,stop_017,trip_08766,trip_08765,420,,300,Outbound,0
2025-01-26,Orange,stop_018,trip_08767,trip_08766,450,,300,Inbound,1
2025-01-27,Red,stop_019,trip_08768,trip_08767,480,,300,Outbound,0
2025-01-28,Orange,stop_020,trip_08769,trip_08768,510,,300,Inbound,1
2025-01-29,Red,stop_021,trip_08770,trip_08769,540,,300,Outbound,0
2025-01-30,Orange,stop_022,trip_08771,trip_08770,570,,300,Inbound,1
2025-01-31,Red,stop_023,trip_08772,trip_08771,240,,300,Outbound,0
2025-01-01,Orange,stop_024,trip_08773,trip_08772,270,,300,Inbound,1
2025-01-02,Red,stop_025,trip_08774,trip_08773,300,,300,Outbound,0
2025-01-03,Orange,stop_026,trip_08775,trip_08774,330,,300,Inbound,1
2025-01-04,Red,stop_027,trip_08776,trip_08775,360,,300,Outbound,0
2025-01-05,Orange,stop_028,trip_08777,trip_08776,390,,300,Inbound,1
2025-01-06,Red,stop_029,trip_08778,trip_08777,420,,300,Outbound,0
2025-01-07,Orange,stop_030,trip_08779,trip_08778,450,,300,Inbound,1
2025-01-08,Red,stop_031,trip_08780,trip_08779,480,,300,Outbound,0
2025-01-09,Orange,stop_032,trip_08781,trip_08780,510,,300,Inbound,1
2025-01-10,Red,stop_033,trip_08782,trip_08781,540,,300,Outbound,0
2025-01-11,Orange,stop_034,trip_08783,trip_08782,570,,300,Inbound,1
2025-01-12,Red,stop_035,trip_08784,trip_08783,240,,300,Outbound,0
2025-01-13,Orange,stop_001,trip_08785,trip_08784,270,,300,Inbound,1
2025-01-14,Red,stop_002,trip_08786,trip_08785,300,,300,Outbound,0
2025-01-15,Orange,stop_003,trip_08787,trip_08786,330,,300,Inbound,1
2025-01-16,Red,stop_004,trip_08788,trip_08787,360,,300,Outbound,0
2025-01-17,Orange,stop_005,trip_08789,trip_08788,390,,300,Inbound,1
2025-01-18,Red,stop_006,trip_08790,trip_08789,420,,300,Outbound,0
2025-01-19,Orange,stop_007,trip_08791,trip_08790,450,,300,Inbound,1
2025-01-20,Red,stop_008,trip_08792,trip_08791,480,,300,Outbound,0
2025-01-21,Orange,stop_009,trip_08793,trip_08792,510,,300,Inbound,1
2025-01-22,Red,stop_010,trip_08794,trip_08793,540,,300,Outbound,0
2025-01-23,Orange,stop_011,trip_08795,trip_08794,570,,300,Inbound,1
2025-01-24,Red,stop_012,trip_08796,trip_08795,240,,300,Outbound,0
2025-01-25,Orange,stop_013,trip_08797,trip_08796,270,,300,Inbound,1
2025-01-26,Red,stop_014,trip_08798,trip_08797,300,,300,Outbound,0
2025-01-27,Orange,stop_015,trip_08799,trip_08798,330,,300,Inbound,1
2025-01-28,Red,stop_016,trip_08800,trip_08799,360,,300,Outbound,0
2025-01-29,Orange,stop_017,trip_08801,trip_08800,390,,300,Inbound,1
2025-01-30,Red,stop_018,trip_08802,trip_08801,420,,300,Outbound,0
2025-01-31,Orange,stop_019,trip_08803,trip_08802,450,,300,Inbound,1
2025-01-01,Red,stop_020,trip_08804,trip_08803,480,,300,Outbound,0
2025-01-02,Orange,stop_021,trip_08805,trip_08804,510,,300,Inbound,1
2025-01-03,Red,stop_022,trip_08806,trip_08805,540,,300,Outbound,0
2025-01-04,Orange,stop_023,trip_08807,trip_08806,570,,300,Inbound,1
2025-01-05,Red,stop_024,trip_08808,trip_08807,240,,300,Outbound,0
2025-01-06,Orange,stop_025,trip_08809,trip_08808,270,,300,Inbound,1
2025-01-07,Red,stop_026,trip_08810,trip_08809,300,,300,Outbound,0
2025-01-08,Orange,stop_027,trip_08811,trip_08810,330,,300,Inbound,1
2025-01-09,Red,stop_028,trip_08812,trip_08811,360,,300,Outbound,0
2025-01-10,Orange,stop_029,trip_08813,trip_08812,390,,300,Inbound,1
2025-01-11,Red,stop_030,trip_08814,trip_08813,420,,300,Outbound,0
2025-01-12,Orange,stop_031,trip_08815,trip_08814,450,,300,Inbound,1
2025-01-13,Red,stop_032,trip_08816,trip_08815,480,,300,Outbound,0
2025-01-14,Orange,stop_033,trip_08817,trip_08816,510,,300,Inbound,1
2025-01-15,Red,stop_034,trip_08818,trip_08817,540,,300,Outbound,0
2025-01-16,Orange,stop_035,trip_08819,trip_08818,570,,300,Inbound,1
2025-01-17,Red,stop_001,trip_08820,trip_08819,240,,300,Outbound,0
2025-01-18,Orange,stop_002,trip_08821,trip_08820,270,,300,Inbound,1
2025-01-19,Red,stop_003,trip_08822,trip_08821,300,,300,Outbound,0
2025-01-20,Orange,stop_004,trip_08823,trip_08822,330,,300,Inbound,1
2025-01-21,Red,stop_005,trip_08824,trip_08823,360,,300,Outbound,0
2025-01-22,Orange,stop_006,trip_08825,trip_08824,390,,300,Inbound,1
2025-01-23,Red,stop_007,trip_08826,trip_08825,420,,300,Outbound,0
2025-01-24,Orange,stop_008,trip_08827,trip_08826,450,,300,Inbound,1
2025-01-25,Red,stop_009,trip_08828,trip_08827,480,,300,Outbound,0
2025-01-26,Orange,stop_010,trip_08829,trip_08828,510,,300,Inbound,1
2025-01-27,Red,stop_011,trip_08830,trip_08829,540,,300,Outbound,0
2025-01-28,Orange,stop_012,trip_08831,trip_08830,570,,300,Inbound,1
2025-01-29,Red,stop_013,trip_08832,trip_08831,240,,300,Outbound,0
2025-01-30,Orange,stop_014,trip_08833,trip_08832,270,,300,Inbound,1
2025-01-31,Red,stop_015,trip_08834,trip_08833,300,,300,Outbound,0
2025-01-01,Orange,stop_016,trip_08835,trip_08834,330,,300,Inbound,1
2025-01-02,Red,stop_017,trip_08836,trip_08835,360,,300,Outbound,0
2025-01-03,Orange,stop_018,trip_08837,trip_08836,390,,300,Inbound,1
2025-01-04,Red,stop_019,trip_08838,trip_08837,420,,300,Outbound,0
2025-01-05,Orange,stop_020,trip_08839,trip_08838,450,,300,Inbound,1
2025-01-06,Red,stop_021,trip_08840,trip_08839,480,,300,Outbound,0
2025-01-07,Orange,stop_022,trip_08841,trip_08840,510,,300,Inbound,1
2025-01-08,Red,stop_023,trip_08842,trip_08841,540,,300,Outbound,0
2025-01-09,Orange,stop_024,trip_08843,trip_08842,570,,300,Inbound,1
2025-01-10,Red,stop_025,trip_08844,trip_08843,240,,300,Outbound,0
2025-01-11,Orange,stop_026,trip_08845,trip_08844,270,,300,Inbound,1
2025-01-12,Red,stop_027,trip_08846,trip_08845,300,,300,Outbound,0
2025-01-13,Orange,stop_028,trip_08847,trip_08846,330,,300,Inbound,1
2025-01-14,Red,stop_029,trip_08848,trip_08847,360,,300,Outbound,0
2025-01-15,Orange,stop_030,trip_08849,trip_08848,390,,300,Inbound,1
2025-01-16,Red,stop_031,trip_08850,trip_08849,420,,300,Outbound,0
2025-01-17,Orange,stop_032,trip_08851,trip_08850,450,,300,Inbound,1
2025-01-18,Red,stop_033,trip_08852,trip_08851,480,,300,Outbound,0
2025-01-19,Orange,stop_034,trip_08853,trip_08852,510,,300,Inbound,1
2025-01-20,Red,stop_035,trip_08854,trip_08853,540,,300,Outbound,0
2025-01-21,Orange,stop_001,trip_08855,trip_08854,570,,300,Inbound,1
2025-01-22,Red,stop_002,trip_08856,trip_08855,240,,300,Outbound,0
2025-01-23,Orange,stop_003,trip_08857,trip_08856,270,,300,Inbound,1
2025-01-24,Red,stop_004,trip_08858,trip_08857,300,,300,Outbound,0
2025-01-25,Orange,stop_005,trip_08859,trip_08858,330,,300,Inbound,1
2025-01-26,Red,stop_006,trip_08860,trip_08859,360,,300,Outbound,0
2025-01-27,Orange,stop_007,trip_08861,trip_08860,390,,300,Inbound,1
2025-01-28,Red,stop_008,trip_08862,trip_08861,420,,300,Outbound,0
2025-01-29,Orange,stop_009,trip_08863,trip_08862,450,,300,Inbound,1
2025-01-30,Red,stop_010,trip_08864,trip_08863,480,,300,Outbound,0
2025-01-31,Orange,stop_011,trip_08865,trip_08864,510,,300,Inbound,1
2025-01-01,Red,stop_012,trip_08866,trip_08865,540,,300,Outbound,0
2025-01-02,Orange,stop_013,trip_08867,trip_08866,570,,300,Inbound,1
2025-01-03,Red,stop_014,trip_08868,trip_08867,240,,300,Outbound,0
2025-01-04,Orange,stop_015,trip_08869,trip_08868,270,,300,Inbound,1
2025-01-05,Red,stop_016,trip_08870,trip_08869,300,,300,Outbound,0
2025-01-06,Orange,stop_017,trip_08871,trip_08870,330,,300,Inbound,1
2025-01-07,Red,stop_018,trip_08872,trip_08871,360,,300,Outbound,0
2025-01-08,Orange,stop_019,trip_08873,trip_08872,390,,300,Inbound,1
2025-01-09,Red,stop_020,trip_08874,trip_08873,420,,300,Outbound,0
2025-01-10,Orange,stop_021,trip_08875,trip_08874,450,,300,Inbound,1
2025-01-11,Red,stop_022,trip_08876,trip_08875,480,,300,Outbound,0
2025-01-12,Orange,stop_023,trip_08877,trip_08876,510,,300,Inbound,1
2025-01-13,Red,stop_024,trip_08878,trip_08877,540,,300,Outbound,0
2025-01-14,Orange,stop_025,trip_08879,trip_08878,570,,300,Inbound,1
2025-01-15,Red,stop_026,trip_08880,trip_08879,240,,300,Outbound,0
2025-01-16,Orange,stop_027,trip_08881,trip_08880,270,,300,Inbound,1
2025-01-17,Red,stop_028,trip_08882,trip_08881,300,,300,Outbound,0
2025-01-18,Orange,stop_029,trip_08883,trip_08882,330,,300,Inbound,1
2025-01-19,Red,stop_030,trip_08884,trip_08883,360,,300,Outbound,0
2025-01-20,Orange,stop_031,trip_08885,trip_08884,390,,300,Inbound,1
2025-01-21,Red,stop_032,trip_08886,trip_08885,420,,300,Outbound,0
2025-01-22,Orange,stop_033,trip_08887,trip_08886,450,,300,Inbound,1
2025-01-23,Red,stop_034,trip_08888,trip_08887,480,,300,Outbound,0
2025-01-24,Orange,stop_035,trip_08889,trip_08888,510,,300,Inbound,1
2025-01-25,Red,stop_001,trip_08890,trip_08889,540,,300,Outbound,0
2025-01-26,Orange,stop_002,trip_08891,trip_08890,570,,300,Inbound,1
2025-01-27,Red,stop_003,trip_08892,trip_08891,240,,300,Outbound,0
2025-01-28,Orange,stop_004,trip_08893,trip_08892,270,,300,Inbound,1
2025-01-29,Red,stop_005,trip_08894,trip_08893,300,,300,Outbound,0
2025-01-30,Orange,stop_006,trip_08895,trip_08894,330,,300,Inbound,1
2025-01-31,Red,stop_007,trip_08896,trip_08895,360,,300,Outbound,0
2025-01-01,Orange,stop_008,trip_08897,trip_08896,390,,300,Inbound,1
2025-01-02,Red,stop_009,trip_08898,trip_08897,420,,300,Outbound,0
2025-01-03,Orange,stop_010,trip_08899,trip_08898,450,,300,Inbound,1
2025-01-04,Red,stop_011,trip_08900,trip_08899,480,,300,Outbound,0
2025-01-05,Orange,stop_012,trip_08901,trip_08900,510,,300,Inbound,1
2025-01-06,Red,stop_013,trip_08902,trip_08901,540,,300,Outbound,0
2025-01-07,Orange,stop_014,trip_08903,trip_08902,570,,300,Inbound,1
2025-01-08,Red,stop_015,trip_08904,trip_08903,240,,300,Outbound,0
2025-01-09,Orange,stop_016,trip_08905,trip_08904,270,,300,Inbound,1
2025-01-10,Red,stop_017,trip_08906,trip_08905,300,,300,Outbound,0
2025-01-11,Orange,stop_018,trip_08907,trip_08906,330,,300,Inbound,1
2025-01-12,Red,stop_019,trip_08908,trip_08907,360,,300,Outbound,0
2025-01-13,Orange,stop_020,trip_08909,trip_08908,390,,300,Inbound,1
2025-01-14,Red,stop_021,trip_08910,trip_08909,420,,300,Outbound,0
2025-01-15,Orange,stop_022,trip_08911,trip_08910,450,,300,Inbound,1
2025-01-16,Red,stop_023,trip_08912,trip_08911,480,,300,Outbound,0
2025-01-17,Orange,stop_024,trip_08913,trip_08912,510,,300,Inbound,1
2025-01-18,Red,stop_025,trip_08914,trip_08913,540,,300,Outbound,0
2025-01-19,Orange,stop_026,trip_08915,trip_08914,570,,300,Inbound,1
2025-01-20,Red,stop_027,trip_08916,trip_08915,240,,300,Outbound,0
2025-01-21,Orange,stop_028,trip_08917,trip_08916,270,,300,Inbound,1
2025-01-22,Red,stop_029,trip_08918,trip_08917,300,,300,Outbound,0
2025-01-23,Orange,stop_030,trip_08919,trip_08918,330,,300,Inbound,1
2025-01-24,Red,stop_031,trip_08920,trip_08919,360,,300,Outbound,0
2025-01-25,Orange,stop_032,trip_08921,trip_08920,390,,300,Inbound,1
2025-01-26,Red,stop_033,trip_08922,trip_08921,420,,300,Outbound,0
2025-01-27,Orange,stop_034,trip_08923,trip_08922,450,,300,Inbound,1
2025-01-28,Red,stop_035,trip_08924,trip_08923,480,,300,Outbound,0
2025-01-29,Orange,stop_001,trip_08925,trip_08924,510,,300,Inbound,1
2025-01-30,Red,stop_002,trip_08926,trip_08925,540,,300,Outbound,0
2025-01-31,Orange,stop_003,trip_08927,trip_08926,570,,300,Inbound,1
2025-01-01,Red,stop_004,trip_08928,trip_08927,240,,300,Outbound,0
2025-01-02,Orange,stop_005,trip_08929,trip_08928,270,,300,Inbound,1
2025-01-03,Red,stop_006,trip_08930,trip_08929,300,,300,Outbound,0
2025-01-04,Orange,stop_007,trip_08931,trip_08930,330,,300,Inbound,1
2025-01-05,Red,stop_008,trip_08932,trip_08931,360,,300,Outbound,0
2025-01-06,Orange,stop_009,trip_08933,trip_08932,390,,300,Inbound,1
2025-01-07,Red,stop_010,trip_08934,trip_08933,420,,300,Outbound,0
2025-01-08,Orange,stop_011,trip_08935,trip_08934,450,,300,Inbound,1
2025-01-09,Red,stop_012,trip_08936,trip_08935,480,,300,Outbound,0
2025-01-10,Orange,stop_013,trip_08937,trip_08936,510,,300,Inbound,1
2025-01-11,Red,stop_014,trip_08938,trip_08937,540,,300,Outbound,0
2025-01-12,Orange,stop_015,trip_08939,trip_08938,570,,300,Inbound,1
2025-01-13,Red,stop_016,trip_08940,trip_08939,240,,300,Outbound,0
2025-01-14,Orange,stop_017,trip_08941,trip_08940,270,,300,Inbound,1
2025-01-15,Red,stop_018,trip_08942,trip_08941,300,,300,Outbound,0
2025-01-16,Orange,stop_019,trip_08943,trip_08942,330,,300,Inbound,1
2025-01-17,Red,stop_020,trip_08944,trip_08943,360,,300,Outbound,0
2025-01-18,Orange,stop_021,trip_08945,trip_08944,390,,300,Inbound,1
2025-01-19,Red,stop_022,trip_08946,trip_08945,420,,300,Outbound,0
2025-01-20,Orange,stop_023,trip_08947,trip_08946,450,,300,Inbound,1
2025-01-21,Red,stop_024,trip_08948,trip_08947,480,,300,Outbound,0
2025-01-22,Orange,stop_025,trip_08949,trip_08948,510,,300,Inbound,1
2025-01-23,Red,stop_026,trip_08950,trip_08949,540,,300,Outbound,0
2025-01-24,Orange,stop_027,trip_08951,trip_08950,570,,300,Inbound,1
2025-01-25,Red,stop_028,trip_08952,trip_08951,240,,300,Outbound,0
2025-01-26,Orange,stop_029,trip_08953,trip_08952,270,,300,Inbound,1
2025-01-27,Red,stop_030,trip_08954,trip_08953,300,,300,Outbound,0
2025-01-28,Orange,stop_031,trip_08955,trip_08954,330,,300,Inbound,1
2025-01-29,Red,stop_032,trip_08956,trip_08955,360,,300,Outbound,0
2025-01-30,Orange,stop_033,trip_08957,trip_08956,390,,300,Inbound,1
2025-01-31,Red,stop_034,trip_08958,trip_08957,420,,300,Outbound,0
2025-01-01,Orange,stop_035,trip_08959,trip_08958,450,,300,Inbound,1
2025-01-02,Red,stop_001,trip_08960,trip_08959,480,,300,Outbound,0
2025-01-03,Orange,stop_002,trip_08961,trip_08960,510,,300,Inbound,1
2025-01-04,Red,stop_003,trip_08962,trip_08961,540,,300,Outbound,0
2025-01-05,Orange,stop_004,trip_08963,trip_08962,570,,300,Inbound,1
2025-01-06,Red,stop_005,trip_08964,trip_08963,240,,300,Outbound,0
2025-01-07,Orange,stop_006,trip_08965,trip_08964,270,,300,Inbound,1
2025-01-08,Red,stop_007,trip_08966,trip_08965,300,,300,Outbound,0
2025-01-09,Orange,stop_008,trip_08967,trip_08966,330,,300,Inbound,1
2025-01-10,Red,stop_009,trip_08968,trip_08967,360,,300,Outbound,0
2025-01-11,Orange,stop_010,trip_08969,trip_08968,390,,300,Inbound,1
2025-01-12,Red,stop_011,trip_08970,trip_08969,420,,300,Outbound,0
2025-01-13,Orange,stop_012,trip_08971,trip_08970,450,,300,Inbound,1
2025-01-14,Red,stop_013,trip_08972,trip_08971,480,,300,Outbound,0
2025-01-15,Orange,stop_014,trip_08973,trip_08972,510,,300,Inbound,1
2025-01-16,Red,stop_015,trip_08974,trip_08973,540,,300,Outbound,0
2025-01-17,Orange,stop_016,trip_08975,trip_08974,570,,300,Inbound,1
2025-01-18,Red,stop_017,trip_08976,trip_08975,240,,300,Outbound,0
2025-01-19,Orange,stop_018,trip_08977,trip_08976,270,,300,Inbound,1
2025-01-20,Red,stop_019,trip_08978,trip_08977,300,,300,Outbound,0
2025-01-21,Orange,stop_020,trip_08979,trip_08978,330,,300,Inbound,1
2025-01-22,Red,stop_021,trip_08980,trip_08979,360,,300,Outbound,0
2025-01-23,Orange,stop_022,trip_08981,trip_08980,390,,300,Inbound,1
2025-01-24,Red,stop_023,trip_08982,trip_08981,420,,300,Outbound,0
2025-01-25,Orange,stop_024,trip_08983,trip_08982,450,,300,Inbound,1
2025-01-26,Red,stop_025,trip_08984,trip_08983,480,,300,Outbound,0
2025-01-27,Orange,stop_026,trip_08985,trip_08984,510,,300,Inbound,1
2025-01-28,Red,stop_027,trip_08986,trip_08985,540,,300,Outbound,0
2025-01-29,Orange,stop_028,trip_08987,trip_08986,570,,300,Inbound,1
2025-01-30,Red,stop_029,trip_08988,trip_08987,240,,300,Outbound,0
2025-01-31,Orange,stop_030,trip_08989,trip_08988,270,,300,Inbound,1
2025-01-01,Red,stop_031,trip_08990,trip_08989,300,,300,Outbound,0
2025-01-02,Orange,stop_032,trip_08991,trip_08990,330,,300,Inbound,1
2025-01-03,Red,stop_033,trip_08992,trip_08991,360,,300,Outbound,0
2025-01-04,Orange,stop_034,trip_08993,trip_08992,390,,300,Inbound,1
2025-01-05,Red,stop_035,trip_08994,trip_08993,420,,300,Outbound,0
2025-01-06,Orange,stop_001,trip_08995,trip_08994,450,,300,Inbound,1
2025-01-07,Red,stop_002,trip_08996,trip_08995,480,,300,Outbound,0
2025-01-08,Orange,stop_003,trip_08997,trip_08996,510,,300,Inbound,1
2025-01-09,Red,stop_004,trip_08998,trip_08997,540,,300,Outbound,0
2025-01-10,Orange,stop_005,trip_08999,trip_08998,570,,300,Inbound,1
2025-01-11,Red,stop_006,trip_09000,trip_08999,240,,300,Outbound,0
2025-01-12,Orange,stop_007,trip_09001,trip_09000,270,,300,Inbound,1
2025-01-13,Red,stop_008,trip_09002,trip_09001,300,,300,Outbound,0
2025-01-14,Orange,stop_009,trip_09003,trip_09002,330,,300,Inbound,1
2025-01-15,Red,stop_010,trip_09004,trip_09003,360,,300,Outbound,0
2025-01-16,Orange,stop_011,trip_09005,trip_09004,390,,300,Inbound,1
2025-01-17,Red,stop_012,trip_09006,trip_09005,420,,300,Outbound,0
2025-01-18,Orange,stop_013,trip_09007,trip_09006,450,,300,Inbound,1
2025-01-19,Red,stop_014,trip_09008,trip_09007,480,,300,Outbound,0
2025-01-20,Orange,stop_015,trip_09009,trip_09008,510,,300,Inbound,1
2025-01-21,Red,stop_016,trip_09010,trip_09009,540,,300,Outbound,0
2025-01-22,Orange,stop_017,trip_09011,trip_09010,570,,300,Inbound,1
2025-01-23,Red,stop_018,trip_09012,trip_09011,240,,300,Outbound,0
2025-01-24,Orange,stop_019,trip_09013,trip_09012,270,,300,Inbound,1
2025-01-25,Red,stop_020,trip_09014,trip_09013,300,,300,Outbound,0
2025-01-26,Orange,stop_021,trip_09015,trip_09014,330,,300,Inbound,1
2025-01-27,Red,stop_022,trip_09016,trip_09015,360,,300,Outbound,0
2025-01-28,Orange,stop_023,trip_09017,trip_09016,390,,300,Inbound,1
2025-01-29,Red,stop_024,trip_09018,trip_09017,420,,300,Outbound,0
2025-01-30,Orange,stop_025,trip_09019,trip_09018,450,,300,Inbound,1
2025-01-31,Red,stop_026,trip_09020,trip_09019,480,,300,Outbound,0
2025-01-01,Orange,stop_027,trip_09021,trip_09020,510,,300,Inbound,1
2025-01-02,Red,stop_028,trip_09022,trip_09021,540,,300,Outbound,0
2025-01-03,Orange,stop_029,trip_09023,trip_09022,570,,300,Inbound,1
2025-01-04,Red,stop_030,trip_09024,trip_09023,240,,300,Outbound,0
2025-01-05,Orange,stop_031,trip_09025,trip_09024,270,,300,Inbound,1
2025-01-06,Red,stop_032,trip_09026,trip_09025,300,,300,Outbound,0
2025-01-07,Orange,stop_033,trip_09027,trip_09026,330,,300,Inbound,1
2025-01-08,Red,stop_034,trip_09028,trip_09027,360,,300,Outbound,0
2025-01-09,Orange,stop_035,trip_09029,trip_09028,390,,300,Inbound,1
2025-01-10,Red,stop_001,trip_09030,trip_09029,420,,300,Outbound,0
2025-01-11,Orange,stop_002,trip_09031,trip_09030,450,,300,Inbound,1
2025-01-12,Red,stop_003,trip_09032,trip_09031,480,,300,Outbound,0
2025-01-13,Orange,stop_004,trip_09033,trip_09032,510,,300,Inbound,1
2025-01-14,Red,stop_005,trip_09034,trip_09033,540,,300,Outbound,0
2025-01-15,Orange,stop_006,trip_09035,trip_09034,570,,300,Inbound,1
2025-01-16,Red,stop_007,trip_09036,trip_09035,240,,300,Outbound,0
2025-01-17,Orange,stop_008,trip_09037,trip_09036,270,,300,Inbound,1
2025-01-18,Red,stop_009,trip_09038,trip_09037,300,,300,Outbound,0
2025-01-19,Orange,stop_010,trip_09039,trip_09038,330,,300,Inbound,1
2025-01-20,Red,stop_011,trip_09040,trip_09039,360,,300,Outbound,0
2025-01-21,Orange,stop_012,trip_09041,trip_09040,390,,300,Inbound,1
2025-01-22,Red,stop_013,trip_09042,trip_09041,420,,300,Outbound,0
2025-01-23,Orange,stop_014,trip_09043,trip_09042,450,,300,Inbound,1
2025-01-24,Red,stop_015,trip_09044,trip_09043,480,,300,Outbound,0
2025-01-25,Orange,stop_016,trip_09045,trip_09044,510,,300,Inbound,1
2025-01-26,Red,stop_017,trip_09046,trip_09045,540,,300,Outbound,0
2025-01-27,Orange,stop_018,trip_09047,trip_09046,570,,300,Inbound,1
2025-01-28,Red,stop_019,trip_09048,trip_09047,240,,300,Outbound,0
2025-01-29,Orange,stop_020,trip_09049,trip_09048,270,,300,Inbound,1
2025-01-30,Red,stop_021,trip_09050,trip_09049,300,,300,Outbound,0
2025-01-31,Orange,stop_022,trip_09051,trip_09050,330,,300,Inbound,1
2025-01-01,Red,stop_023,trip_09052,trip_09051,360,,300,Outbound,0
2025-01-02,Orange,stop_024,trip_09053,trip_09052,390,,300,Inbound,1
2025-01-03,Red,stop_025,trip_09054,trip_09053,420,,300,Outbound,0
2025-01-04,Orange,stop_026,trip_09055,trip_09054,450,,300,Inbound,1
2025-01-05,Red,stop_027,trip_09056,trip_09055,480,,300,Outbound,0
2025-01-06,Orange,stop_028,trip_09057,trip_09056,510,,300,Inbound,1
2025-01-07,Red,stop_029,trip_09058,trip_09057,540,,300,Outbound,0
2025-01-08,Orange,stop_030,trip_09059,trip_09058,570,,300,Inbound,1
2025-01-09,Red,stop_031,trip_09060,trip_09059,240,,300,Outbound,0
2025-01-10,Orange,stop_032,trip_09061,trip_09060,270,,300,Inbound,1
2025-01-11,Red,stop_033,trip_09062,trip_09061,300,,300,Outbound,0
2025-01-12,Orange,stop_034,trip_09063,trip_09062,330,,300,Inbound,1
2025-01-13,Red,stop_035,trip_09064,trip_09063,360,,300,Outbound,0
2025-01-14,Orange,stop_001,trip_09065,trip_09064,390,,300,Inbound,1
2025-01-15,Red,stop_002,trip_09066,trip_09065,420,,300,Outbound,0
2025-01-16,Orange,stop_003,trip_09067,trip_09066,450,,300,Inbound,1
2025-01-17,Red,stop_004,trip_09068,trip_09067,480,,300,Outbound,0
2025-01-18,Orange,stop_005,trip_09069,trip_09068,510,,300,Inbound,1
2025-01-19,Red,stop_006,trip_09070,trip_09069,540,,300,Outbound,0
2025-01-20,Orange,stop_007,trip_09071,trip_09070,570,,300,Inbound,1
2025-01-21,Red,stop_008,trip_09072,trip_09071,240,,300,Outbound,0
2025-01-22,Orange,stop_009,trip_09073,trip_09072,270,,300,Inbound,1
2025-01-23,Red,stop_010,trip_09074,trip_09073,300,,300,Outbound,0
2025-01-24,Orange,stop_011,trip_09075,trip_09074,330,,300,Inbound,1
2025-01-25,Red,stop_012,trip_09076,trip_09075,360,,300,Outbound,0
2025-01-26,Orange,stop_013,trip_09077,trip_09076,390,,300,Inbound,1
2025-01-27,Red,stop_014,trip_09078,trip_09077,420,,300,Outbound,0
2025-01-28,Orange,stop_015,trip_09079,trip_09078,450,,300,Inbound,1
2025-01-29,Red,stop_016,trip_09080,trip_09079,480,,300,Outbound,0
2025-01-30,Orange,stop_017,trip_09081,trip_09080,510,,300,Inbound,1
2025-01-31,Red,stop_018,trip_09082,trip_09081,540,,300,Outbound,0
2025-01-01,Orange,stop_019,trip_09083,trip_09082,570,,300,Inbound,1
2025-01-02,Red,stop_020,trip_09084,trip_09083,240,,300,Outbound,0
2025-01-03,Orange,stop_021,trip_09085,trip_09084,270,,300,Inbound,1
2025-01-04,Red,stop_022,trip_09086,trip_09085,300,,300,Outbound,0
2025-01-05,Orange,stop_023,trip_09087,trip_09086,330,,300,Inbound,1
2025-01-06,Red,stop_024,trip_09088,trip_09087,360,,300,Outbound,0
2025-01-07,Orange,stop_025,trip_09089,trip_09088,390,,300,Inbound,1
2025-01-08,Red,stop_026,trip_09090,trip_09089,420,,300,Outbound,0
2025-01-09,Orange,stop_027,trip_09091,trip_09090,450,,300,Inbound,1
2025-01-10,Red,stop_028,trip_09092,trip_09091,480,,300,Outbound,0
2025-01-11,Orange,stop_029,trip_09093,trip_09092,510,,300,Inbound,1
2025-01-12,Red,stop_030,trip_09094,trip_09093,540,,300,Outbound,0
2025-01-13,Orange,stop_031,trip_09095,trip_09094,570,,300,Inbound,1
2025-01-14,Red,stop_032,trip_09096,trip_09095,240,,300,Outbound,0
2025-01-15,Orange,stop_033,trip_09097,trip_09096,270,,300,Inbound,1
2025-01-16,Red,stop_034,trip_09098,trip_09097,300,,300,Outbound,0
2025-01-17,Orange,stop_035,trip_09099,trip_09098,330,,300,Inbound,1
2025-01-18,Red,stop_001,trip_09100,trip_09099,360,,300,Outbound,0
2025-01-19,Orange,stop_002,trip_09101,trip_09100,390,,300,Inbound,1
2025-01-20,Red,stop_003,trip_09102,trip_09101,420,,300,Outbound,0
2025-01-21,Orange,stop_004,trip_09103,trip_09102,450,,300,Inbound,1
2025-01-22,Red,stop_005,trip_09104,trip_09103,480,,300,Outbound,0
2025-01-23,Orange,stop_006,trip_09105,trip_09104,510,,300,Inbound,1
2025-01-24,Red,stop_007,trip_09106,trip_09105,540,,300,Outbound,0
2025-01-25,Orange,stop_008,trip_09107,trip_09106,570,,300,Inbound,1
2025-01-26,Red,stop_009,trip_09108,trip_09107,240,,300,Outbound,0
2025-01-27,Orange,stop_010,trip_09109,trip_09108,270,,300,Inbound,1
2025-01-28,Red,stop_011,trip_09110,trip_09109,300,,300,Outbound,0
2025-01-29,Orange,stop_012,trip_09111,trip_09110,330,,300,Inbound,1
2025-01-30,Red,stop_013,trip_09112,trip_09111,360,,300,Outbound,0
2025-01-31,Orange,stop_014,trip_09113,trip_09112,390,,300,Inbound,1
2025-01-01,Red,stop_015,trip_09114,trip_09113,420,,300,Outbound,0
2025-01-02,Orange,stop_016,trip_09115,trip_09114,450,,300,Inbound,1
2025-01-03,Red,stop_017,trip_09116,trip_09115,480,,300,Outbound,0
2025-01-04,Orange,stop_018,trip_09117,trip_09116,510,,300,Inbound,1
2025-01-05,Red,stop_019,trip_09118,trip_09117,540,,300,Outbound,0
2025-01-06,Orange,stop_020,trip_09119,trip_09118,570,,300,Inbound,1
2025-01-07,Red,stop_021,trip_09120,trip_09119,240,,300,Outbound,0
2025-01-08,Orange,stop_022,trip_09121,trip_09120,270,,300,Inbound,1
2025-01-09,Red,stop_023,trip_09122,trip_09121,300,,300,Outbound,0
2025-01-10,Orange,stop_024,trip_09123,trip_09122,330,,300,Inbound,1
2025-01-11,Red,stop_025,trip_09124,trip_09123,360,,300,Outbound,0
2025-01-12,Orange,stop_026,trip_09125,trip_09124,390,,300,Inbound,1
2025-01-13,Red,stop_027,trip_09126,trip_09125,420,,300,Outbound,0
2025-01-14,Orange,stop_028,trip_09127,trip_09126,450,,300,Inbound,1
2025-01-15,Red,stop_029,trip_09128,trip_09127,480,,300,Outbound,0
2025-01-16,Orange,stop_030,trip_09129,trip_09128,510,,300,Inbound,1
2025-01-17,Red,stop_031,trip_09130,trip_09129,540,,300,Outbound,0
2025-01-18,Orange,stop_032,trip_09131,trip_09130,570,,300,Inbound,1
2025-01-19,Red,stop_033,trip_09132,trip_09131,240,,300,Outbound,0
2025-01-20,Orange,stop_034,trip_09133,trip_09132,270,,300,Inbound,1
2025-01-21,Red,stop_035,trip_09134,trip_09133,300,,300,Outbound,0
2025-01-22,Orange,stop_001,trip_09135,trip_09134,330,,300,Inbound,1
2025-01-23,Red,stop_002,trip_09136,trip_09135,360,,300,Outbound,0
2025-01-24,Orange,stop_003,trip_09137,trip_09136,390,,300,Inbound,1
2025-01-25,Red,stop_004,trip_09138,trip_09137,420,,300,Outbound,0
2025-01-26,Orange,stop_005,trip_09139,trip_09138,450,,300,Inbound,1
2025-01-27,Red,stop_006,trip_09140,trip_09139,480,,300,Outbound,0
2025-01-28,Orange,stop_007,trip_09141,trip_09140,510,,300,Inbound,1
2025-01-29,Red,stop_008,trip_09142,trip_09141,540,,300,Outbound,0
2025-01-30,Orange,stop_009,trip_09143,trip_09142,570,,300,Inbound,1
2025-01-31,Red,stop_010,trip_09144,trip_09143,240,,300,Outbound,0
2025-01-01,Orange,stop_011,trip_09145,trip_09144,270,,300,Inbound,1
2025-01-02,Red,stop_012,trip_09146,trip_09145,300,,300,Outbound,0
2025-01-03,Orange,stop_013,trip_09147,trip_09146,330,,300,Inbound,1
2025-01-04,Red,stop_014,trip_09148,trip_09147,360,,300,Outbound,0
2025-01-05,Orange,stop_015,trip_09149,trip_09148,390,,300,Inbound,1
2025-01-06,Red,stop_016,trip_09150,trip_09149,420,,300,Outbound,0
2025-01-07,Orange,stop_017,trip_09151,trip_09150,450,,300,Inbound,1
2025-01-08,Red,stop_018,trip_09152,trip_09151,480,,300,Outbound,0
2025-01-09,Orange,stop_019,trip_09153,trip_09152,510,,300,Inbound,1
2025-01-10,Red,stop_020,trip_09154,trip_09153,540,,300,Outbound,0
2025-01-11,Orange,stop_021,trip_09155,trip_09154,570,,300,Inbound,1
2025-01-12,Red,stop_022,trip_09156,trip_09155,240,,300,Outbound,0
2025-01-13,Orange,stop_023,trip_09157,trip_09156,270,,300,Inbound,1
2025-01-14,Red,stop_024,trip_09158,trip_09157,300,,300,Outbound,0
2025-01-15,Orange,stop_025,trip_09159,trip_09158,330,,300,Inbound,1
2025-01-16,Red,stop_026,trip_09160,trip_09159,360,,300,Outbound,0
2025-01-17,Orange,stop_027,trip_09161,trip_09160,390,,300,Inbound,1
2025-01-18,Red,stop_028,trip_09162,trip_09161,420,,300,Outbound,0
2025-01-19,Orange,stop_029,trip_09163,trip_09162,450,,300,Inbound,1
2025-01-20,Red,stop_030,trip_09164,trip_09163,480,,300,Outbound,0
2025-01-21,Orange,stop_031,trip_09165,trip_09164,510,,300,Inbound,1
2025-01-22,Red,stop_032,trip_09166,trip_09165,540,,300,Outbound,0
2025-01-23,Orange,stop_033,trip_09167,trip_09166,570,,300,Inbound,1
2025-01-24,Red,stop_034,trip_09168,trip_09167,240,,300,Outbound,0
2025-01-25,Orange,stop_035,trip_09169,trip_09168,270,,300,Inbound,1
2025-01-26,Red,stop_001,trip_09170,trip_09169,300,,300,Outbound,0
2025-01-27,Orange,stop_002,trip_09171,trip_09170,330,,300,Inbound,1
2025-01-28,Red,stop_003,trip_09172,trip_09171,360,,300,Outbound,0
2025-01-29,Orange,stop_004,trip_09173,trip_09172,390,,300,Inbound,1
2025-01-30,Red,stop_005,trip_09174,trip_09173,420,,300,Outbound,0
2025-01-31,Orange,stop_006,trip_09175,trip_09174,450,,300,Inbound,1
2025-01-01,Red,stop_007,trip_09176,trip_09175,480,,300,Outbound,0
2025-01-02,Orange,stop_008,trip_09177,trip_09176,510,,300,Inbound,1
2025-01-03,Red,stop_009,trip_09178,trip_09177,540,,300,Outbound,0
2025-01-04,Orange,stop_010,trip_09179,trip_09178,570,,300,Inbound,1
2025-01-05,Red,stop_011,trip_09180,trip_09179,240,,300,Outbound,0
2025-01-06,Orange,stop_012,trip_09181,trip_09180,270,,300,Inbound,1
2025-01-07,Red,stop_013,trip_09182,trip_09181,300,,300,Outbound,0
2025-01-08,Orange,stop_014,trip_09183,trip_09182,330,,300,Inbound,1
2025-01-09,Red,stop_015,trip_09184,trip_09183,360,,300,Outbound,0
2025-01-10,Orange,stop_016,trip_09185,trip_09184,390,,300,Inbound,1
2025-01-11,Red,stop_017,trip_09186,trip_09185,420,,300,Outbound,0
2025-01-12,Orange,stop_018,trip_09187,trip_09186,450,,300,Inbound,1
2025-01-13,Red,stop_019,trip_09188,trip_09187,480,,300,Outbound,0
2025-01-14,Orange,stop_020,trip_09189,trip_09188,510,,300,Inbound,1
2025-01-15,Red,stop_021,trip_09190,trip_09189,540,,300,Outbound,0
2025-01-16,Orange,stop_022,trip_09191,trip_09190,570,,300,Inbound,1
2025-01-17,Red,stop_023,trip_09192,trip_09191,240,,300,Outbound,0
2025-01-18,Orange,stop_024,trip_09193,trip_09192,270,,300,Inbound,1
2025-01-19,Red,stop_025,trip_09194,trip_09193,300,,300,Outbound,0
2025-01-20,Orange,stop_026,trip_09195,trip_09194,330,,300,Inbound,1
2025-01-21,Red,stop_027,trip_09196,trip_09195,360,,300,Outbound,0
2025-01-22,Orange,stop_028,trip_09197,trip_09196,390,,300,Inbound,1
2025-01-23,Red,stop_029,trip_09198,trip_09197,420,,300,Outbound,0
2025-01-24,Orange,stop_030,trip_09199,trip_09198,450,,300,Inbound,1
2025-01-25,Red,stop_031,trip_09200,trip_09199,480,,300,Outbound,0
2025-01-26,Orange,stop_032,trip_09201,trip_09200,510,,300,Inbound,1
2025-01-27,Red,stop_033,trip_09202,trip_09201,540,,300,Outbound,0
2025-01-28,Orange,stop_034,trip_09203,trip_09202,570,,300,Inbound,1
2025-01-29,Red,stop_035,trip_09204,trip_09203,240,,300,Outbound,0
2025-01-30,Orange,stop_001,trip_09205,trip_09204,270,,300,Inbound,1
2025-01-31,Red,stop_002,trip_09206,trip_09205,300,,300,Outbound,0
2025-01-01,Orange,stop_003,trip_09207,trip_09206,330,,300,Inbound,1
2025-01-02,Red,stop_004,trip_09208,trip_09207,360,,300,Outbound,0
2025-01-03,Orange,stop_005,trip_09209,trip_09208,390,,300,Inbound,1
2025-01-04,Red,stop_006,trip_09210,trip_09209,420,,300,Outbound,0
2025-01-05,Orange,stop_007,trip_09211,trip_09210,450,,300,Inbound,1
2025-01-06,Red,stop_008,trip_09212,trip_09211,480,,300,Outbound,0
2025-01-07,Orange,stop_009,trip_09213,trip_09212,510,,300,Inbound,1
2025-01-08,Red,stop_010,trip_09214,trip_09213,540,,300,Outbound,0
2025-01-09,Orange,stop_011,trip_09215,trip_09214,570,,300,Inbound,1
2025-01-10,Red,stop_012,trip_09216,trip_09215,240,,300,Outbound,0
2025-01-11,Orange,stop_013,trip_09217,trip_09216,270,,300,Inbound,1
2025-01-12,Red,stop_014,trip_09218,trip_09217,300,,300,Outbound,0
2025-01-13,Orange,stop_015,trip_09219,trip_09218,330,,300,Inbound,1
2025-01-14,Red,stop_016,trip_09220,trip_09219,360,,300,Outbound,0
2025-01-15,Orange,stop_017,trip_09221,trip_09220,390,,300,Inbound,1
2025-01-16,Red,stop_018,trip_09222,trip_09221,420,,300,Outbound,0
2025-01-17,Orange,stop_019,trip_09223,trip_09222,450,,300,Inbound,1
2025-01-18,Red,stop_020,trip_09224,trip_09223,480,,300,Outbound,0
2025-01-19,Orange,stop_021,trip_09225,trip_09224,510,,300,Inbound,1
2025-01-20,Red,stop_022,trip_09226,trip_09225,540,,300,Outbound,0
2025-01-21,Orange,stop_023,trip_09227,trip_09226,570,,300,Inbound,1
2025-01-22,Red,stop_024,trip_09228,trip_09227,240,,300,Outbound,0
2025-01-23,Orange,stop_025,trip_09229,trip_09228,270,,300,Inbound,1
2025-01-24,Red,stop_026,trip_09230,trip_09229,300,,300,Outbound,0
2025-01-25,Orange,stop_027,trip_09231,trip_09230,330,,300,Inbound,1
2025-01-26,Red,stop_028,trip_09232,trip_09231,360,,300,Outbound,0
2025-01-27,Orange,stop_029,trip_09233,trip_09232,390,,300,Inbound,1
2025-01-28,Red,stop_030,trip_09234,trip_09233,420,,300,Outbound,0
2025-01-29,Orange,stop_031,trip_09235,trip_09234,450,,300,Inbound,1
2025-01-30,Red,stop_032,trip_09236,trip_09235,480,,300,Outbound,0
2025-01-31,Orange,stop_033,trip_09237,trip_09236,510,,300,Inbound,1
2025-01-01,Red,stop_034,trip_09238,trip_09237,540,,300,Outbound,0
2025-01-02,Orange,stop_035,trip_09239,trip_09238,570,,300,Inbound,1
2025-01-03,Red,stop_001,trip_09240,trip_09239,240,,300,Outbound,0
2025-01-04,Orange,stop_002,trip_09241,trip_09240,270,,300,Inbound,1
2025-01-05,Red,stop_003,trip_09242,trip_09241,300,,300,Outbound,0
2025-01-06,Orange,stop_004,trip_09243,trip_09242,330,,300,Inbound,1
2025-01-07,Red,stop_005,trip_09244,trip_09243,360,,300,Outbound,0
2025-01-08,Orange,stop_006,trip_09245,trip_09244,390,,300,Inbound,1
2025-01-09,Red,stop_007,trip_09246,trip_09245,420,,300,Outbound,0
2025-01-10,Orange,stop_008,trip_09247,trip_09246,450,,300,Inbound,1
2025-01-11,Red,stop_009,trip_09248,trip_09247,480,,300,Outbound,0
2025-01-12,Orange,stop_010,trip_09249,trip_09248,510,,300,Inbound,1
2025-01-13,Red,stop_011,trip_09250,trip_09249,540,,300,Outbound,0
2025-01-14,Orange,stop_012,trip_09251,trip_09250,570,,300,Inbound,1
2025-01-15,Red,stop_013,trip_09252,trip_09251,240,,300,Outbound,0
2025-01-16,Orange,stop_014,trip_09253,trip_09252,270,,300,Inbound,1
2025-01-17,Red,stop_015,trip_09254,trip_09253,300,,300,Outbound,0
2025-01-18,Orange,stop_016,trip_09255,trip_09254,330,,300,Inbound,1
2025-01-19,Red,stop_017,trip_09256,trip_09255,360,,300,Outbound,0
2025-01-20,Orange,stop_018,trip_09257,trip_09256,390,,300,Inbound,1
2025-01-21,Red,stop_019,trip_09258,trip_09257,420,,300,Outbound,0
2025-01-22,Orange,stop_020,trip_09259,trip_09258,450,,300,Inbound,1
2025-01-23,Red,stop_021,trip_09260,trip_09259,480,,300,Outbound,0
2025-01-24,Orange,stop_022,trip_09261,trip_09260,510,,300,Inbound,1
2025-01-25,Red,stop_023,trip_09262,trip_09261,540,,300,Outbound,0
2025-01-26,Orange,stop_024,trip_09263,trip_09262,570,,300,Inbound,1
2025-01-27,Red,stop_025,trip_09264,trip_09263,240,,300,Outbound,0
2025-01-28,Orange,stop_026,trip_09265,trip_09264,270,,300,Inbound,1
2025-01-29,Red,stop_027,trip_09266,trip_09265,300,,300,Outbound,0
2025-01-30,Orange,stop_028,trip_09267,trip_09266,330,,300,Inbound,1
2025-01-31,Red,stop_029,trip_09268,trip_09267,360,,300,Outbound,0
2025-01-01,Orange,stop_030,trip_09269,trip_09268,390,,300,Inbound,1
2025-01-02,Red,stop_031,trip_09270,trip_09269,420,,300,Outbound,0
2025-01-03,Orange,stop_032,trip_09271,trip_09270,450,,300,Inbound,1
2025-01-04,Red,stop_033,trip_09272,trip_09271,480,,300,Outbound,0
2025-01-05,Orange,stop_034,trip_09273,trip_09272,510,,300,Inbound,1
2025-01-06,Red,stop_035,trip_09274,trip_09273,540,,300,Outbound,0
2025-01-07,Orange,stop_001,trip_09275,trip_09274,570,,300,Inbound,1
2025-01-08,Red,stop_002,trip_09276,trip_09275,240,,300,Outbound,0
2025-01-09,Orange,stop_003,trip_09277,trip_09276,270,,300,Inbound,1
2025-01-10,Red,stop_004,trip_09278,trip_09277,300,,300,Outbound,0
2025-01-11,Orange,stop_005,trip_09279,trip_09278,330,,300,Inbound,1
2025-01-12,Red,stop_006,trip_09280,trip_09279,360,,300,Outbound,0
2025-01-13,Orange,stop_007,trip_09281,trip_09280,390,,300,Inbound,1
2025-01-14,Red,stop_008,trip_09282,trip_09281,420,,300,Outbound,0
2025-01-15,Orange,stop_009,trip_09283,trip_09282,450,,300,Inbound,1
2025-01-16,Red,stop_010,trip_09284,trip_09283,480,,300,Outbound,0
2025-01-17,Orange,stop_011,trip_09285,trip_09284,510,,300,Inbound,1
2025-01-18,Red,stop_012,trip_09286,trip_09285,540,,300,Outbound,0
2025-01-19,Orange,stop_013,trip_09287,trip_09286,570,,300,Inbound,1
2025-01-20,Red,stop_014,trip_09288,trip_09287,240,,300,Outbound,0
2025-01-21,Orange,stop_015,trip_09289,trip_09288,270,,300,Inbound,1
2025-01-22,Red,stop_016,trip_09290,trip_09289,300,,300,Outbound,0
2025-01-23,Orange,stop_017,trip_09291,trip_09290,330,,300,Inbound,1
2025-01-24,Red,stop_018,trip_09292,trip_09291,360,,300,Outbound,0
2025-01-25,Orange,stop_019,trip_09293,trip_09292,390,,300,Inbound,1
2025-01-26,Red,stop_020,trip_09294,trip_09293,420,,300,Outbound,0
2025-01-27,Orange,stop_021,trip_09295,trip_09294,450,,300,Inbound,1
2025-01-28,Red,stop_022,trip_09296,trip_09295,480,,300,Outbound,0
2025-01-29,Orange,stop_023,trip_09297,trip_09296,510,,300,Inbound,1
2025-01-30,Red,stop_024,trip_09298,trip_09297,540,,300,Outbound,0
2025-01-31,Orange,stop_025,trip_09299,trip_09298,570,,300,Inbound,1
2025-01-01,Red,stop_026,trip_09300,trip_09299,240,,300,Outbound,0
2025-01-02,Orange,stop_027,trip_09301,trip_09300,270,,300,Inbound,1
2025-01-03,Red,stop_028,trip_09302,trip_09301,300,,300,Outbound,0
2025-01-04,Orange,stop_029,trip_09303,trip_09302,330,,300,Inbound,1
2025-01-05,Red,stop_030,trip_09304,trip_09303,360,,300,Outbound,0
2025-01-06,Orange,stop_031,trip_09305,trip_09304,390,,300,Inbound,1
2025-01-07,Red,stop_032,trip_09306,trip_09305,420,,300,Outbound,0
2025-01-08,Orange,stop_033,trip_09307,trip_09306,450,,300,Inbound,1
2025-01-09,Red,stop_034,trip_09308,trip_09307,480,,300,Outbound,0
2025-01-10,Orange,stop_035,trip_09309,trip_09308,510,,300,Inbound,1
2025-01-11,Red,stop_001,trip_09310,trip_09309,540,,300,Outbound,0
2025-01-12,Orange,stop_002,trip_09311,trip_09310,570,,300,Inbound,1
2025-01-13,Red,stop_003,trip_09312,trip_09311,240,,300,Outbound,0
2025-01-14,Orange,stop_004,trip_09313,trip_09312,270,,300,Inbound,1
2025-01-15,Red,stop_005,trip_09314,trip_09313,300,,300,Outbound,0
2025-01-16,Orange,stop_006,trip_09315,trip_09314,330,,300,Inbound,1
2025-01-17,Red,stop_007,trip_09316,trip_09315,360,,300,Outbound,0
2025-01-18,Orange,stop_008,trip_09317,trip_09316,390,,300,Inbound,1
2025-01-19,Red,stop_009,trip_09318,trip_09317,420,,300,Outbound,0
2025-01-20,Orange,stop_010,trip_09319,trip_09318,450,,300,Inbound,1
2025-01-21,Red,stop_011,trip_09320,trip_09319,480,,300,Outbound,0
2025-01-22,Orange,stop_012,trip_09321,trip_09320,510,,300,Inbound,1
2025-01-23,Red,stop_013,trip_09322,trip_09321,540,,300,Outbound,0
2025-01-24,Orange,stop_014,trip_09323,trip_09322,570,,300,Inbound,1
2025-01-25,Red,stop_015,trip_09324,trip_09323,240,,300,Outbound,0
2025-01-26,Orange,stop_016,trip_09325,trip_09324,270,,300,Inbound,1
2025-01-27,Red,stop_017,trip_09326,trip_09325,300,,300,Outbound,0
2025-01-28,Orange,stop_018,trip_09327,trip_09326,330,,300,Inbound,1
2025-01-29,Red,stop_019,trip_09328,trip_09327,360,,300,Outbound,0
2025-01-30,Orange,stop_020,trip_09329,trip_09328,390,,300,Inbound,1
2025-01-31,Red,stop_021,trip_09330,trip_09329,420,,300,Outbound,0
2025-01-01,Orange,stop_022,trip_09331,trip_09330,450,,300,Inbound,1
2025-01-02,Red,stop_023,trip_09332,trip_09331,480,,300,Outbound,0
2025-01-03,Orange,stop_024,trip_09333,trip_09332,510,,300,Inbound,1
2025-01-04,Red,stop_025,trip_09334,trip_09333,540,,300,Outbound,0
2025-01-05,Orange,stop_026,trip_09335,trip_09334,570,,300,Inbound,1
2025-01-06,Red,stop_027,trip_09336,trip_09335,240,,300,Outbound,0
2025-01-07,Orange,stop_028,trip_09337,trip_09336,270,,300,Inbound,1
2025-01-08,Red,stop_029,trip_09338,trip_09337,300,,300,Outbound,0
2025-01-09,Orange,stop_030,trip_09339,trip_09338,330,,300,Inbound,1
2025-01-10,Red,stop_031,trip_09340,trip_09339,360,,300,Outbound,0
2025-01-11,Orange,stop_032,trip_09341,trip_09340,390,,300,Inbound,1
2025-01-12,Red,stop_033,trip_09342,trip_09341,420,,300,Outbound,0
2025-01-13,Orange,stop_034,trip_09343,trip_09342,450,,300,Inbound,1
2025-01-14,Red,stop_035,trip_09344,trip_09343,480,,300,Outbound,0
2025-01-15,Orange,stop_001,trip_09345,trip_09344,510,,300,Inbound,1
2025-01-16,Red,stop_002,trip_09346,trip_09345,540,,300,Outbound,0
2025-01-17,Orange,stop_003,trip_09347,trip_09346,570,,300,Inbound,1
2025-01-18,Red,stop_004,trip_09348,trip_09347,240,,300,Outbound,0
2025-01-19,Orange,stop_005,trip_09349,trip_09348,270,,300,Inbound,1
2025-01-20,Red,stop_006,trip_09350,trip_09349,300,,300,Outbound,0
2025-01-21,Orange,stop_007,trip_09351,trip_09350,330,,300,Inbound,1
2025-01-22,Red,stop_008,trip_09352,trip_09351,360,,300,Outbound,0
2025-01-23,Orange,stop_009,trip_09353,trip_09352,390,,300,Inbound,1
2025-01-24,Red,stop_010,trip_09354,trip_09353,420,,300,Outbound,0
2025-01-25,Orange,stop_011,trip_09355,trip_09354,450,,300,Inbound,1
2025-01-26,Red,stop_012,trip_09356,trip_09355,480,,300,Outbound,0
2025-01-27,Orange,stop_013,trip_09357,trip_09356,510,,300,Inbound,1
2025-01-28,Red,stop_014,trip_09358,trip_09357,540,,300,Outbound,0
2025-01-29,Orange,stop_015,trip_09359,trip_09358,570,,300,Inbound,1
2025-01-30,Red,stop_016,trip_09360,trip_09359,240,,300,Outbound,0
2025-01-31,Orange,stop_017,trip_09361,trip_09360,270,,300,Inbound,1
2025-01-01,Red,stop_018,trip_09362,trip_09361,300,,300,Outbound,0
2025-01-02,Orange,stop_019,trip_09363,trip_09362,330,,300,Inbound,1
2025-01-03,Red,stop_020,trip_09364,trip_09363,360,,300,Outbound,0
2025-01-04,Orange,stop_021,trip_09365,trip_09364,390,,300,Inbound,1
2025-01-05,Red,stop_022,trip_09366,trip_09365,420,,300,Outbound,0
2025-01-06,Orange,stop_023,trip_09367,trip_09366,450,,300,Inbound,1
2025-01-07,Red,stop_024,trip_09368,trip_09367,480,,300,Outbound,0
2025-01-08,Orange,stop_025,trip_09369,trip_09368,510,,300,Inbound,1
2025-01-09,Red,stop_026,trip_09370,trip_09369,540,,300,Outbound,0
2025-01-10,Orange,stop_027,trip_09371,trip_09370,570,,300,Inbound,1
2025-01-11,Red,stop_028,trip_09372,trip_09371,240,,300,Outbound,0
2025-01-12,Orange,stop_029,trip_09373,trip_09372,270,,300,Inbound,1
2025-01-13,Red,stop_030,trip_09374,trip_09373,300,,300,Outbound,0
2025-01-14,Orange,stop_031,trip_09375,trip_09374,330,,300,Inbound,1
2025-01-15,Red,stop_032,trip_09376,trip_09375,360,,300,Outbound,0
2025-01-16,Orange,stop_033,trip_09377,trip_09376,390,,300,Inbound,1
2025-01-17,Red,stop_034,trip_09378,trip_09377,420,,300,Outbound,0
2025-01-18,Orange,stop_035,trip_09379,trip_09378,450,,300,Inbound,1
2025-01-19,Red,stop_001,trip_09380,trip_09379,480,,300,Outbound,0
2025-01-20,Orange,stop_002,trip_09381,trip_09380,510,,300,Inbound,1
2025-01-21,Red,stop_003,trip_09382,trip_09381,540,,300,Outbound,0
2025-01-22,Orange,stop_004,trip_09383,trip_09382,570,,300,Inbound,1
2025-01-23,Red,stop_005,trip_09384,trip_09383,240,,300,Outbound,0
2025-01-24,Orange,stop_006,trip_09385,trip_09384,270,,300,Inbound,1
2025-01-25,Red,stop_007,trip_09386,trip_09385,300,,300,Outbound,0
2025-01-26,Orange,stop_008,trip_09387,trip_09386,330,,300,Inbound,1
2025-01-27,Red,stop_009,trip_09388,trip_09387,360,,300,Outbound,0
2025-01-28,Orange,stop_010,trip_09389,trip_09388,390,,300,Inbound,1
2025-01-29,Red,stop_011,trip_09390,trip_09389,420,,300,Outbound,0
2025-01-30,Orange,stop_012,trip_09391,trip_09390,450,,300,Inbound,1
2025-01-31,Red,stop_013,trip_09392,trip_09391,480,,300,Outbound,0
2025-01-01,Orange,stop_014,trip_09393,trip_09392,510,,300,Inbound,1
2025-01-02,Red,stop_015,trip_09394,trip_09393,540,,300,Outbound,0
2025-01-03,Orange,stop_016,trip_09395,trip_09394,570,,300,Inbound,1
2025-01-04,Red,stop_017,trip_09396,trip_09395,240,,300,Outbound,0
2025-01-05,Orange,stop_018,trip_09397,trip_09396,270,,300,Inbound,1
2025-01-06,Red,stop_019,trip_09398,trip_09397,300,,300,Outbound,0
2025-01-07,Orange,stop_020,trip_09399,trip_09398,330,,300,Inbound,1
2025-01-08,Red,stop_021,trip_09400,trip_09399,360,,300,Outbound,0
2025-01-09,Orange,stop_022,trip_09401,trip_09400,390,,300,Inbound,1
2025-01-10,Red,stop_023,trip_09402,trip_09401,420,,300,Outbound,0
2025-01-11,Orange,stop_024,trip_09403,trip_09402,450,,300,Inbound,1
2025-01-12,Red,stop_025,trip_09404,trip_09403,480,,300,Outbound,0
2025-01-13,Orange,stop_026,trip_09405,trip_09404,510,,300,Inbound,1
2025-01-14,Red,stop_027,trip_09406,trip_09405,540,,300,Outbound,0
2025-01-15,Orange,stop_028,trip_09407,trip_09406,570,,300,Inbound,1
2025-01-16,Red,stop_029,trip_09408,trip_09407,240,,300,Outbound,0
2025-01-17,Orange,stop_030,trip_09409,trip_09408,270,,300,Inbound,1
2025-01-18,Red,stop_031,trip_09410,trip_09409,300,,300,Outbound,0
2025-01-19,Orange,stop_032,trip_09411,trip_09410,330,,300,Inbound,1
2025-01-20,Red,stop_033,trip_09412,trip_09411,360,,300,Outbound,0
2025-01-21,Orange,stop_034,trip_09413,trip_09412,390,,300,Inbound,1
2025-01-22,Red,stop_035,trip_09414,trip_09413,420,,300,Outbound,0
2025-01-23,Orange,stop_001,trip_09415,trip_09414,450,,300,Inbound,1
2025-01-24,Red,stop_002,trip_09416,trip_09415,480,,300,Outbound,0
2025-01-25,Orange,stop_003,trip_09417,trip_09416,510,,300,Inbound,1
2025-01-26,Red,stop_004,trip_09418,trip_09417,540,,300,Outbound,0
2025-01-27,Orange,stop_005,trip_09419,trip_09418,570,,300,Inbound,1
2025-01-28,Red,stop_006,trip_09420,trip_09419,240,,300,Outbound,0
2025-01-29,Orange,stop_007,trip_09421,trip_09420,270,,300,Inbound,1
2025-01-30,Red,stop_008,trip_09422,trip_09421,300,,300,Outbound,0
2025-01-31,Orange,stop_009,trip_09423,trip_09422,330,,300,Inbound,1
2025-01-01,Red,stop_010,trip_09424,trip_09423,360,,300,Outbound,0
2025-01-02,Orange,stop_011,trip_09425,trip_09424,390,,300,Inbound,1
2025-01-03,Red,stop_012,trip_09426,trip_09425,420,,300,Outbound,0
2025-01-04,Orange,stop_013,trip_09427,trip_09426,450,,300,Inbound,1
2025-01-05,Red,stop_014,trip_09428,trip_09427,480,,300,Outbound,0
2025-01-06,Orange,stop_015,trip_09429,trip_09428,510,,300,Inbound,1
2025-01-07,Red,stop_016,trip_09430,trip_09429,540,,300,Outbound,0
2025-01-08,Orange,stop_017,trip_09431,trip_09430,570,,300,Inbound,1
2025-01-09,Red,stop_018,trip_09432,trip_09431,240,,300,Outbound,0
2025-01-10,Orange,stop_019,trip_09433,trip_09432,270,,300,Inbound,1
2025-01-11,Red,stop_020,trip_09434,trip_09433,300,,300,Outbound,0
2025-01-12,Orange,stop_021,trip_09435,trip_09434,330,,300,Inbound,1
2025-01-13,Red,stop_022,trip_09436,trip_09435,360,,300,Outbound,0
2025-01-14,Orange,stop_023,trip_09437,trip_09436,390,,300,Inbound,1
2025-01-15,Red,stop_024,trip_09438,trip_09437,420,,300,Outbound,0
2025-01-16,Orange,stop_025,trip_09439,trip_09438,450,,300,Inbound,1
2025-01-17,Red,stop_026,trip_09440,trip_09439,480,,300,Outbound,0
2025-01-18,Orange,stop_027,trip_09441,trip_09440,510,,300,Inbound,1
2025-01-19,Red,stop_028,trip_09442,trip_09441,540,,300,Outbound,0
2025-01-20,Orange,stop_029,trip_09443,trip_09442,570,,300,Inbound,1
2025-01-21,Red,stop_030,trip_09444,trip_09443,240,,300,Outbound,0
2025-01-22,Orange,stop_031,trip_09445,trip_09444,270,,300,Inbound,1
2025-01-23,Red,stop_032,trip_09446,trip_09445,300,,300,Outbound,0
2025-01-24,Orange,stop_033,trip_09447,trip_09446,330,,300,Inbound,1
2025-01-25,Red,stop_034,trip_09448,trip_09447,360,,300,Outbound,0
2025-01-26,Orange,stop_035,trip_09449,trip_09448,390,,300,Inbound,1
2025-01-27,Red,stop_001,trip_09450,trip_09449,420,,300,Outbound,0
2025-01-28,Orange,stop_002,trip_09451,trip_09450,450,,300,Inbound,1
2025-01-29,Red,stop_003,trip_09452,trip_09451,480,,300,Outbound,0
2025-01-30,Orange,stop_004,trip_09453,trip_09452,510,,300,Inbound,1
2025-01-31,Red,stop_005,trip_09454,trip_09453,540,,300,Outbound,0
2025-01-01,Orange,stop_006,trip_09455,trip_09454,570,,300,Inbound,1
2025-01-02,Red,stop_007,trip_09456,trip_09455,240,,300,Outbound,0
2025-01-03,Orange,stop_008,trip_09457,trip_09456,270,,300,Inbound,1
2025-01-04,Red,stop_009,trip_09458,trip_09457,300,,300,Outbound,0
2025-01-05,Orange,stop_010,trip_09459,trip_09458,330,,300,Inbound,1
2025-01-06,Red,stop_011,trip_09460,trip_09459,360,,300,Outbound,0
2025-01-07,Orange,stop_012,trip_09461,trip_09460,390,,300,Inbound,1
2025-01-08,Red,stop_013,trip_09462,trip_09461,420,,300,Outbound,0
2025-01-09,Orange,stop_014,trip_09463,trip_09462,450,,300,Inbound,1
2025-01-10,Red,stop_015,trip_09464,trip_09463,480,,300,Outbound,0
2025-01-11,Orange,stop_016,trip_09465,trip_09464,510,,300,Inbound,1
2025-01-12,Red,stop_017,trip_09466,trip_09465,540,,300,Outbound,0
2025-01-13,Orange,stop_018,trip_09467,trip_09466,570,,300,Inbound,1
2025-01-14,Red,stop_019,trip_09468,trip_09467,240,,300,Outbound,0
2025-01-15,Orange,stop_020,trip_09469,trip_09468,270,,300,Inbound,1
2025-01-16,Red,stop_021,trip_09470,trip_09469,300,,300,Outbound,0
2025-01-17,Orange,stop_022,trip_09471,trip_09470,330,,300,Inbound,1
2025-01-18,Red,stop_023,trip_09472,trip_09471,360,,300,Outbound,0
2025-01-19,Orange,stop_024,trip_09473,trip_09472,390,,300,Inbound,1
2025-01-20,Red,stop_025,trip_09474,trip_09473,420,,300,Outbound,0
2025-01-21,Orange,stop_026,trip_09475,trip_09474,450,,300,Inbound,1
2025-01-22,Red,stop_027,trip_09476,trip_09475,480,,300,Outbound,0
2025-01-23,Orange,stop_028,trip_09477,trip_09476,510,,300,Inbound,1
2025-01-24,Red,stop_029,trip_09478,trip_09477,540,,300,Outbound,0
2025-01-25,Orange,stop_030,trip_09479,trip_09478,570,,300,Inbound,1
2025-01-26,Red,stop_031,trip_09480,trip_09479,240,,300,Outbound,0
2025-01-27,Orange,stop_032,trip_09481,trip_09480,270,,300,Inbound,1
2025-01-28,Red,stop_033,trip_09482,trip_09481,300,,300,Outbound,0
2025-01-29,Orange,stop_034,trip_09483,trip_09482,330,,300,Inbound,1
2025-01-30,Red,stop_035,trip_09484,trip_09483,360,,300,Outbound,0
2025-01-31,Orange,stop_001,trip_09485,trip_09484,390,,300,Inbound,1
2025-01-01,Red,stop_002,trip_09486,trip_09485,420,,300,Outbound,0
2025-01-02,Orange,stop_003,trip_09487,trip_09486,450,,300,Inbound,1
2025-01-03,Red,stop_004,trip_09488,trip_09487,480,,300,Outbound,0
2025-01-04,Orange,stop_005,trip_09489,trip_09488,510,,300,Inbound,1
2025-01-05,Red,stop_006,trip_09490,trip_09489,540,,300,Outbound,0
2025-01-06,Orange,stop_007,trip_09491,trip_09490,570,,300,Inbound,1
2025-01-07,Red,stop_008,trip_09492,trip_09491,240,,300,Outbound,0
2025-01-08,Orange,stop_009,trip_09493,trip_09492,270,,300,Inbound,1
2025-01-09,Red,stop_010,trip_09494,trip_09493,300,,300,Outbound,0
2025-01-10,Orange,stop_011,trip_09495,trip_09494,330,,300,Inbound,1
2025-01-11,Red,stop_012,trip_09496,trip_09495,360,,300,Outbound,0
2025-01-12,Orange,stop_013,trip_09497,trip_09496,390,,300,Inbound,1
2025-01-13,Red,stop_014,trip_09498,trip_09497,420,,300,Outbound,0
2025-01-14,Orange,stop_015,trip_09499,trip_09498,450,,300,Inbound,1
2025-01-15,Red,stop_016,trip_09500,trip_09499,480,,300,Outbound,0
2025-01-16,Orange,stop_017,trip_09501,trip_09500,510,,300,Inbound,1
2025-01-17,Red,stop_018,trip_09502,trip_09501,540,,300,Outbound,0
2025-01-18,Orange,stop_019,trip_09503,trip_09502,570,,300,Inbound,1
2025-01-19,Red,stop_020,trip_09504,trip_09503,240,,300,Outbound,0
2025-01-20,Orange,stop_021,trip_09505,trip_09504,270,,300,Inbound,1
2025-01-21,Red,stop_022,trip_09506,trip_09505,300,,300,Outbound,0
2025-01-22,Orange,stop_023,trip_09507,trip_09506,330,,300,Inbound,1
2025-01-23,Red,stop_024,trip_09508,trip_09507,360,,300,Outbound,0
2025-01-24,Orange,stop_025,trip_09509,trip_09508,390,,300,Inbound,1
2025-01-25,Red,stop_026,trip_09510,trip_09509,420,,300,Outbound,0
2025-01-26,Orange,stop_027,trip_09511,trip_09510,450,,300,Inbound,1
2025-01-27,Red,stop_028,trip_09512,trip_09511,480,,300,Outbound,0
2025-01-28,Orange,stop_029,trip_09513,trip_09512,510,,300,Inbound,1
2025-01-29,Red,stop_030,trip_09514,trip_09513,540,,300,Outbound,0
2025-01-30,Orange,stop_031,trip_09515,trip_09514,570,,300,Inbound,1
2025-01-31,Red,stop_032,trip_09516,trip_09515,240,,300,Outbound,0
2025-01-01,Orange,stop_033,trip_09517,trip_09516,270,,300,Inbound,1
2025-01-02,Red,stop_034,trip_09518,trip_09517,300,,300,Outbound,0
2025-01-03,Orange,stop_035,trip_09519,trip_09518,330,,300,Inbound,1
2025-01-04,Red,stop_001,trip_09520,trip_09519,360,,300,Outbound,0
2025-01-05,Orange,stop_002,trip_09521,trip_09520,390,,300,Inbound,1
2025-01-06,Red,stop_003,trip_09522,trip_09521,420,,300,Outbound,0
2025-01-07,Orange,stop_004,trip_09523,trip_09522,450,,300,Inbound,1
2025-01-08,Red,stop_005,trip_09524,trip_09523,480,,300,Outbound,0
2025-01-09,Orange,stop_006,trip_09525,trip_09524,510,,300,Inbound,1
2025-01-10,Red,stop_007,trip_09526,trip_09525,540,,300,Outbound,0
2025-01-11,Orange,stop_008,trip_09527,trip_09526,570,,300,Inbound,1
2025-01-12,Red,stop_009,trip_09528,trip_09527,240,,300,Outbound,0
2025-01-13,Orange,stop_010,trip_09529,trip_09528,270,,300,Inbound,1
2025-01-14,Red,stop_011,trip_09530,trip_09529,300,,300,Outbound,0
2025-01-15,Orange,stop_012,trip_09531,trip_09530,330,,300,Inbound,1
2025-01-16,Red,stop_013,trip_09532,trip_09531,360,,300,Outbound,0
2025-01-17,Orange,stop_014,trip_09533,trip_09532,390,,300,Inbound,1
2025-01-18,Red,stop_015,trip_09534,trip_09533,420,,300,Outbound,0
2025-01-19,Orange,stop_016,trip_09535,trip_09534,450,,300,Inbound,1
2025-01-20,Red,stop_017,trip_09536,trip_09535,480,,300,Outbound,0
2025-01-21,Orange,stop_018,trip_09537,trip_09536,510,,300,Inbound,1
2025-01-22,Red,stop_019,trip_09538,trip_09537,540,,300,Outbound,0
2025-01-23,Orange,stop_020,trip_09539,trip_09538,570,,300,Inbound,1
2025-01-24,Red,stop_021,trip_09540,trip_09539,240,,300,Outbound,0
2025-01-25,Orange,stop_022,trip_09541,trip_09540,270,,300,Inbound,1
2025-01-26,Red,stop_023,trip_09542,trip_09541,300,,300,Outbound,0
2025-01-27,Orange,stop_024,trip_09543,trip_09542,330,,300,Inbound,1
2025-01-28,Red,stop_025,trip_09544,trip_09543,360,,300,Outbound,0
2025-01-29,Orange,stop_026,trip_09545,trip_09544,390,,300,Inbound,1
2025-01-30,Red,stop_027,trip_09546,trip_09545,420,,300,Outbound,0
2025-01-31,Orange,stop_028,trip_09547,trip_09546,450,,300,Inbound,1
2025-01-01,Red,stop_029,trip_09548,trip_09547,480,,300,Outbound,0
2025-01-02,Orange,stop_030,trip_09549,trip_09548,510,,300,Inbound,1
2025-01-03,Red,stop_031,trip_09550,trip_09549,540,,300,Outbound,0
2025-01-04,Orange,stop_032,trip_09551,trip_09550,570,,300,Inbound,1
2025-01-05,Red,stop_033,trip_09552,trip_09551,240,,300,Outbound,0
2025-01-06,Orange,stop_034,trip_09553,trip_09552,270,,300,Inbound,1
2025-01-07,Red,stop_035,trip_09554,trip_09553,300,,300,Outbound,0
2025-01-08,Orange,stop_001,trip_09555,trip_09554,330,,300,Inbound,1
2025-01-09,Red,stop_002,trip_09556,trip_09555,360,,300,Outbound,0
2025-01-10,Orange,stop_003,trip_09557,trip_09556,390,,300,Inbound,1
2025-01-11,Red,stop_004,trip_09558,trip_09557,420,,300,Outbound,0
2025-01-12,Orange,stop_005,trip_09559,trip_09558,450,,300,Inbound,1
2025-01-13,Red,stop_006,trip_09560,trip_09559,480,,300,Outbound,0
2025-01-14,Orange,stop_007,trip_09561,trip_09560,510,,300,Inbound,1
2025-01-15,Red,stop_008,trip_09562,trip_09561,540,,300,Outbound,0
2025-01-16,Orange,stop_009,trip_09563,trip_09562,570,,300,Inbound,1
2025-01-17,Red,stop_010,trip_09564,trip_09563,240,,300,Outbound,0
2025-01-18,Orange,stop_011,trip_09565,trip_09564,270,,300,Inbound,1
2025-01-19,Red,stop_012,trip_09566,trip_09565,300,,300,Outbound,0
2025-01-20,Orange,stop_013,trip_09567,trip_09566,330,,300,Inbound,1
2025-01-21,Red,stop_014,trip_09568,trip_09567,360,,300,Outbound,0
2025-01-22,Orange,stop_015,trip_09569,trip_09568,390,,300,Inbound,1
2025-01-23,Red,stop_016,trip_09570,trip_09569,420,,300,Outbound,0
2025-01-24,Orange,stop_017,trip_09571,trip_09570,450,,300,Inbound,1
2025-01-25,Red,stop_018,trip_09572,trip_09571,480,,300,Outbound,0
2025-01-26,Orange,stop_019,trip_09573,trip_09572,510,,300,Inbound,1
2025-01-27,Red,stop_020,trip_09574,trip_09573,540,,300,Outbound,0
2025-01-28,Orange,stop_021,trip_09575,trip_09574,570,,300,Inbound,1
2025-01-29,Red,stop_022,trip_09576,trip_09575,240,,300,Outbound,0
2025-01-30,Orange,stop_023,trip_09577,trip_09576,270,,300,Inbound,1
2025-01-31,Red,stop_024,trip_09578,trip_09577,300,,300,Outbound,0
2025-01-01,Orange,stop_025,trip_09579,trip_09578,330,,300,Inbound,1
2025-01-02,Red,stop_026,trip_09580,trip_09579,360,,300,Outbound,0
2025-01-03,Orange,stop_027,trip_09581,trip_09580,390,,300,Inbound,1
2025-01-04,Red,stop_028,trip_09582,trip_09581,420,,300,Outbound,0
2025-01-05,Orange,stop_029,trip_09583,trip_09582,450,,300,Inbound,1
2025-01-06,Red,stop_030,trip_09584,trip_09583,480,,300,Outbound,0
2025-01-07,Orange,stop_031,trip_09585,trip_09584,510,,300,Inbound,1
2025-01-08,Red,stop_032,trip_09586,trip_09585,540,,300,Outbound,0
2025-01-09,Orange,stop_033,trip_09587,trip_09586,570,,300,Inbound,1
2025-01-10,Red,stop_034,trip_09588,trip_09587,240,,300,Outbound,0
2025-01-11,Orange,stop_035,trip_09589,trip_09588,270,,300,Inbound,1
2025-01-12,Red,stop_001,trip_09590,trip_09589,300,,300,Outbound,0
2025-01-13,Orange,stop_002,trip_09591,trip_09590,330,,300,Inbound,1
2025-01-14,Red,stop_003,trip_09592,trip_09591,360,,300,Outbound,0
2025-01-15,Orange,stop_004,trip_09593,trip_09592,390,,300,Inbound,1
2025-01-16,Red,stop_005,trip_09594,trip_09593,420,,300,Outbound,0
2025-01-17,Orange,stop_006,trip_09595,trip_09594,450,,300,Inbound,1
2025-01-18,Red,stop_007,trip_09596,trip_09595,480,,300,Outbound,0
2025-01-19,Orange,stop_008,trip_09597,trip_09596,510,,300,Inbound,1
2025-01-20,Red,stop_009,trip_09598,trip_09597,540,,300,Outbound,0
2025-01-21,Orange,stop_010,trip_09599,trip_09598,570,,300,Inbound,1
2025-01-22,Red,stop_011,trip_09600,trip_09599,240,,300,Outbound,0
2025-01-23,Orange,stop_012,trip_09601,trip_09600,270,,300,Inbound,1
2025-01-24,Red,stop_013,trip_09602,trip_09601,300,,300,Outbound,0
2025-01-25,Orange,stop_014,trip_09603,trip_09602,330,,300,Inbound,1
2025-01-26,Red,stop_015,trip_09604,trip_09603,360,,300,Outbound,0
2025-01-27,Orange,stop_016,trip_09605,trip_09604,390,,300,Inbound,1
2025-01-28,Red,stop_017,trip_09606,trip_09605,420,,300,Outbound,0
2025-01-29,Orange,stop_018,trip_09607,trip_09606,450,,300,Inbound,1
2025-01-30,Red,stop_019,trip_09608,trip_09607,480,,300,Outbound,0
2025-01-31,Orange,stop_020,trip_09609,trip_09608,510,,300,Inbound,1
2025-01-01,Red,stop_021,trip_09610,trip_09609,540,,300,Outbound,0
2025-01-02,Orange,stop_022,trip_09611,trip_09610,570,,300,Inbound,1
2025-01-03,Red,stop_023,trip_09612,trip_09611,240,,300,Outbound,0
2025-01-04,Orange,stop_024,trip_09613,trip_09612,270,,300,Inbound,1
2025-01-05,Red,stop_025,trip_09614,trip_09613,300,,300,Outbound,0
2025-01-06,Orange,stop_026,trip_09615,trip_09614,330,,300,Inbound,1
2025-01-07,Red,stop_027,trip_09616,trip_09615,360,,300,Outbound,0
2025-01-08,Orange,stop_028,trip_09617,trip_09616,390,,300,Inbound,1
2025-01-09,Red,stop_029,trip_09618,trip_09617,420,,300,Outbound,0
2025-01-10,Orange,stop_030,trip_09619,trip_09618,450,,300,Inbound,1
2025-01-11,Red,stop_031,trip_09620,trip_09619,480,,300,Outbound,0
2025-01-12,Orange,stop_032,trip_09621,trip_09620,510,,300,Inbound,1
2025-01-13,Red,stop_033,trip_09622,trip_09621,540,,300,Outbound,0
2025-01-14,Orange,stop_034,trip_09623,trip_09622,570,,300,Inbound,1
2025-01-15,Red,stop_035,trip_09624,trip_09623,240,,300,Outbound,0
2025-01-16,Orange,stop_001,trip_09625,trip_09624,270,,300,Inbound,1
2025-01-17,Red,stop_002,trip_09626,trip_09625,300,,300,Outbound,0
2025-01-18,Orange,stop_003,trip_09627,trip_09626,330,,300,Inbound,1
2025-01-19,Red,stop_004,trip_09628,trip_09627,360,,300,Outbound,0
2025-01-20,Orange,stop_005,trip_09629,trip_09628,390,,300,Inbound,1
2025-01-21,Red,stop_006,trip_09630,trip_09629,420,,300,Outbound,0
2025-01-22,Orange,stop_007,trip_09631,trip_09630,450,,300,Inbound,1
2025-01-23,Red,stop_008,trip_09632,trip_09631,480,,300,Outbound,0
2025-01-24,Orange,stop_009,trip_09633,trip_09632,510,,300,Inbound,1
2025-01-25,Red,stop_010,trip_09634,trip_09633,540,,300,Outbound,0
2025-01-26,Orange,stop_011,trip_09635,trip_09634,570,,300,Inbound,1
2025-01-27,Red,stop_012,trip_09636,trip_09635,240,,300,Outbound,0
2025-01-28,Orange,stop_013,trip_09637,trip_09636,270,,300,Inbound,1
2025-01-29,Red,stop_014,trip_09638,trip_09637,300,,300,Outbound,0
2025-01-30,Orange,stop_015,trip_09639,trip_09638,330,,300,Inbound,1
2025-01-31,Red,stop_016,trip_09640,trip_09639,360,,300,Outbound,0
2025-01-01,Orange,stop_017,trip_09641,trip_09640,390,,300,Inbound,1
2025-01-02,Red,stop_018,trip_09642,trip_09641,420,,300,Outbound,0
2025-01-03,Orange,stop_019,trip_09643,trip_09642,450,,300,Inbound,1
2025-01-04,Red,stop_020,trip_09644,trip_09643,480,,300,Outbound,0
2025-01-05,Orange,stop_021,trip_09645,trip_09644,510,,300,Inbound,1
2025-01-06,Red,stop_022,trip_09646,trip_09645,540,,300,Outbound,0
2025-01-07,Orange,stop_023,trip_09647,trip_09646,570,,300,Inbound,1
2025-01-08,Red,stop_024,trip_09648,trip_09647,240,,300,Outbound,0
2025-01-09,Orange,stop_025,trip_09649,trip_09648,270,,300,Inbound,1
2025-01-10,Red,stop_026,trip_09650,trip_09649,300,,300,Outbound,0
2025-01-11,Orange,stop_027,trip_09651,trip_09650,330,,300,Inbound,1
2025-01-12,Red,stop_028,trip_09652,trip_09651,360,,300,Outbound,0
2025-01-13,Orange,stop_029,trip_09653,trip_09652,390,,300,Inbound,1
2025-01-14,Red,stop_030,trip_09654,trip_09653,420,,300,Outbound,0
2025-01-15,Orange,stop_031,trip_09655,trip_09654,450,,300,Inbound,1
2025-01-16,Red,stop_032,trip_09656,trip_09655,480,,300,Outbound,0
2025-01-17,Orange,stop_033,trip_09657,trip_09656,510,,300,Inbound,1
2025-01-18,Red,stop_034,trip_09658,trip_09657,540,,300,Outbound,0
2025-01-19,Orange,stop_035,trip_09659,trip_09658,570,,300,Inbound,1
2025-01-20,Red,stop_001,trip_09660,trip_09659,240,,300,Outbound,0
2025-01-21,Orange,stop_002,trip_09661,trip_09660,270,,300,Inbound,1
2025-01-22,Red,stop_003,trip_09662,trip_09661,300,,300,Outbound,0
2025-01-23,Orange,stop_004,trip_09663,trip_09662,330,,300,Inbound,1
2025-01-24,Red,stop_005,trip_09664,trip_09663,360,,300,Outbound,0
2025-01-25,Orange,stop_006,trip_09665,trip_09664,390,,300,Inbound,1
2025-01-26,Red,stop_007,trip_09666,trip_09665,420,,300,Outbound,0
2025-01-27,Orange,stop_008,trip_09667,trip_09666,450,,300,Inbound,1
2025-01-28,Red,stop_009,trip_09668,trip_09667,480,,300,Outbound,0
2025-01-29,Orange,stop_010,trip_09669,trip_09668,510,,300,Inbound,1
2025-01-30,Red,stop_011,trip_09670,trip_09669,540,,300,Outbound,0
2025-01-31,Orange,stop_012,trip_09671,trip_09670,570,,300,Inbound,1
2025-01-01,Red,stop_013,trip_09672,trip_09671,240,,300,Outbound,0
2025-01-02,Orange,stop_014,trip_09673,trip_09672,270,,300,Inbound,1
2025-01-03,Red,stop_015,trip_09674,trip_09673,300,,300,Outbound,0
2025-01-04,Orange,stop_016,trip_09675,trip_09674,330,,300,Inbound,1
2025-01-05,Red,stop_017,trip_09676,trip_09675,360,,300,Outbound,0
2025-01-06,Orange,stop_018,trip_09677,trip_09676,390,,300,Inbound,1
2025-01-07,Red,stop_019,trip_09678,trip_09677,420,,300,Outbound,0
2025-01-08,Orange,stop_020,trip_09679,trip_09678,450,,300,Inbound,1
2025-01-09,Red,stop_021,trip_09680,trip_09679,480,,300,Outbound,0
2025-01-10,Orange,stop_022,trip_09681,trip_09680,510,,300,Inbound,1
2025-01-11,Red,stop_023,trip_09682,trip_09681,540,,300,Outbound,0
2025-01-12,Orange,stop_024,trip_09683,trip_09682,570,,300,Inbound,1
2025-01-13,Red,stop_025,trip_09684,trip_09683,240,,300,Outbound,0
2025-01-14,Orange,stop_026,trip_09685,trip_09684,270,,300,Inbound,1
2025-01-15,Red,stop_027,trip_09686,trip_09685,300,,300,Outbound,0
2025-01-16,Orange,stop_028,trip_09687,trip_09686,330,,300,Inbound,1
2025-01-17,Red,stop_029,trip_09688,trip_09687,360,,300,Outbound,0
2025-01-18,Orange,stop_030,trip_09689,trip_09688,390,,300,Inbound,1
2025-01-19,Red,stop_031,trip_09690,trip_09689,420,,300,Outbound,0
2025-01-20,Orange,stop_032,trip_09691,trip_09690,450,,300,Inbound,1
2025-01-21,Red,stop_033,trip_09692,trip_09691,480,,300,Outbound,0
2025-01-22,Orange,stop_034,trip_09693,trip_09692,510,,300,Inbound,1
2025-01-23,Red,stop_035,trip_09694,trip_09693,540,,300,Outbound,0
2025-01-24,Orange,stop_001,trip_09695,trip_09694,570,,300,Inbound,1
2025-01-25,Red,stop_002,trip_09696,trip_09695,240,,300,Outbound,0
2025-01-26,Orange,stop_003,trip_09697,trip_09696,270,,300,Inbound,1
2025-01-27,Red,stop_004,trip_09698,trip_09697,300,,300,Outbound,0
2025-01-28,Orange,stop_005,trip_09699,trip_09698,330,,300,Inbound,1
2025-01-29,Red,stop_006,trip_09700,trip_09699,360,,300,Outbound,0
2025-01-30,Orange,stop_007,trip_09701,trip_09700,390,,300,Inbound,1
2025-01-31,Red,stop_008,trip_09702,trip_09701,420,,300,Outbound,0
2025-01-01,Orange,stop_009,trip_09703,trip_09702,450,,300,Inbound,1
2025-01-02,Red,stop_010,trip_09704,trip_09703,480,,300,Outbound,0
2025-01-03,Orange,stop_011,trip_09705,trip_09704,510,,300,Inbound,1
2025-01-04,Red,stop_012,trip_09706,trip_09705,540,,300,Outbound,0
2025-01-05,Orange,stop_013,trip_09707,trip_09706,570,,300,Inbound,1
2025-01-06,Red,stop_014,trip_09708,trip_09707,240,,300,Outbound,0
2025-01-07,Orange,stop_015,trip_09709,trip_09708,270,,300,Inbound,1
2025-01-08,Red,stop_016,trip_09710,trip_09709,300,,300,Outbound,0
2025-01-09,Orange,stop_017,trip_09711,trip_09710,330,,300,Inbound,1
2025-01-10,Red,stop_018,trip_09712,trip_09711,360,,300,Outbound,0
2025-01-11,Orange,stop_019,trip_09713,trip_09712,390,,300,Inbound,1
2025-01-12,Red,stop_020,trip_09714,trip_09713,420,,300,Outbound,0
2025-01-13,Orange,stop_021,trip_09715,trip_09714,450,,300,Inbound,1
2025-01-14,Red,stop_022,trip_09716,trip_09715,480,,300,Outbound,0
2025-01-15,Orange,stop_023,trip_09717,trip_09716,510,,300,Inbound,1
2025-01-16,Red,stop_024,trip_09718,trip_09717,540,,300,Outbound,0
2025-01-17,Orange,stop_025,trip_09719,trip_09718,570,,300,Inbound,1
2025-01-18,Red,stop_026,trip_09720,trip_09719,240,,300,Outbound,0
2025-01-19,Orange,stop_027,trip_09721,trip_09720,270,,300,Inbound,1
2025-01-20,Red,stop_028,trip_09722,trip_09721,300,,300,Outbound,0
2025-01-21,Orange,stop_029,trip_09723,trip_09722,330,,300,Inbound,1
2025-01-22,Red,stop_030,trip_09724,trip_09723,360,,300,Outbound,0
2025-01-23,Orange,stop_031,trip_09725,trip_09724,390,,300,Inbound,1
2025-01-24,Red,stop_032,trip_09726,trip_09725,420,,300,Outbound,0
2025-01-25,Orange,stop_033,trip_09727,trip_09726,450,,300,Inbound,1
2025-01-26,Red,stop_034,trip_09728,trip_09727,480,,300,Outbound,0
2025-01-27,Orange,stop_035,trip_09729,trip_09728,510,,300,Inbound,1
2025-01-28,Red,stop_001,trip_09730,trip_09729,540,,300,Outbound,0
2025-01-29,Orange,stop_002,trip_09731,trip_09730,570,,300,Inbound,1
2025-01-30,Red,stop_003,trip_09732,trip_09731,240,,300,Outbound,0
2025-01-31,Orange,stop_004,trip_09733,trip_09732,270,,300,Inbound,1
2025-01-01,Red,stop_005,trip_09734,trip_09733,300,,300,Outbound,0
2025-01-02,Orange,stop_006,trip_09735,trip_09734,330,,300,Inbound,1
2025-01-03,Red,stop_007,trip_09736,trip_09735,360,,300,Outbound,0
2025-01-04,Orange,stop_008,trip_09737,trip_09736,390,,300,Inbound,1
2025-01-05,Red,stop_009,trip_09738,trip_09737,420,,300,Outbound,0
2025-01-06,Orange,stop_010,trip_09739,trip_09738,450,,300,Inbound,1
2025-01-07,Red,stop_011,trip_09740,trip_09739,480,,300,Outbound,0
2025-01-08,Orange,stop_012,trip_09741,trip_09740,510,,300,Inbound,1
2025-01-09,Red,stop_013,trip_09742,trip_09741,540,,300,Outbound,0
2025-01-10,Orange,stop_014,trip_09743,trip_09742,570,,300,Inbound,1
2025-01-11,Red,stop_015,trip_09744,trip_09743,240,,300,Outbound,0
2025-01-12,Orange,stop_016,trip_09745,trip_09744,270,,300,Inbound,1
2025-01-13,Red,stop_017,trip_09746,trip_09745,300,,300,Outbound,0
2025-01-14,Orange,stop_018,trip_09747,trip_09746,330,,300,Inbound,1
2025-01-15,Red,stop_019,trip_09748,trip_09747,360,,300,Outbound,0
2025-01-16,Orange,stop_020,trip_09749,trip_09748,390,,300,Inbound,1
2025-01-17,Red,stop_021,trip_09750,trip_09749,420,,300,Outbound,0
2025-01-18,Orange,stop_022,trip_09751,trip_09750,450,,300,Inbound,1
2025-01-19,Red,stop_023,trip_09752,trip_09751,480,,300,Outbound,0
2025-01-20,Orange,stop_024,trip_09753,trip_09752,510,,300,Inbound,1
2025-01-21,Red,stop_025,trip_09754,trip_09753,540,,300,Outbound,0
2025-01-22,Orange,stop_026,trip_09755,trip_09754,570,,300,Inbound,1
2025-01-23,Red,stop_027,trip_09756,trip_09755,240,,300,Outbound,0
2025-01-24,Orange,stop_028,trip_09757,trip_09756,270,,300,Inbound,1
2025-01-25,Red,stop_029,trip_09758,trip_09757,300,,300,Outbound,0
2025-01-26,Orange,stop_030,trip_09759,trip_09758,330,,300,Inbound,1
2025-01-27,Red,stop_031,trip_09760,trip_09759,360,,300,Outbound,0
2025-01-28,Orange,stop_032,trip_09761,trip_09760,390,,300,Inbound,1
2025-01-29,Red,stop_033,trip_09762,trip_09761,420,,300,Outbound,0
2025-01-30,Orange,stop_034,trip_09763,trip_09762,450,,300,Inbound,1
2025-01-31,Red,stop_035,trip_09764,trip_09763,480,,300,Outbound,0
2025-01-01,Orange,stop_001,trip_09765,trip_09764,510,,300,Inbound,1
2025-01-02,Red,stop_002,trip_09766,trip_09765,540,,300,Outbound,0
2025-01-03,Orange,stop_003,trip_09767,trip_09766,570,,300,Inbound,1
2025-01-04,Red,stop_004,trip_09768,trip_09767,240,,300,Outbound,0
2025-01-05,Orange,stop_005,trip_09769,trip_09768,270,,300,Inbound,1
2025-01-06,Red,stop_006,trip_09770,trip_09769,300,,300,Outbound,0
2025-01-07,Orange,stop_007,trip_09771,trip_09770,330,,300,Inbound,1
2025-01-08,Red,stop_008,trip_09772,trip_09771,360,,300,Outbound,0
2025-01-09,Orange,stop_009,trip_09773,trip_09772,390,,300,Inbound,1
2025-01-10,Red,stop_010,trip_09774,trip_09773,420,,300,Outbound,0
2025-01-11,Orange,stop_011,trip_09775,trip_09774,450,,300,Inbound,1
2025-01-12,Red,stop_012,trip_09776,trip_09775,480,,300,Outbound,0
2025-01-13,Orange,stop_013,trip_09777,trip_09776,510,,300,Inbound,1
2025-01-14,Red,stop_014,trip_09778,trip_09777,540,,300,Outbound,0
2025-01-15,Orange,stop_015,trip_09779,trip_09778,570,,300,Inbound,1
2025-01-16,Red,stop_016,trip_09780,trip_09779,240,,300,Outbound,0
2025-01-17,Orange,stop_017,trip_09781,trip_09780,270,,300,Inbound,1
2025-01-18,Red,stop_018,trip_09782,trip_09781,300,,300,Outbound,0
2025-01-19,Orange,stop_019,trip_09783,trip_09782,330,,300,Inbound,1
2025-01-20,Red,stop_020,trip_09784,trip_09783,360,,300,Outbound,0
2025-01-21,Orange,stop_021,trip_09785,trip_09784,390,,300,Inbound,1
2025-01-22,Red,stop_022,trip_09786,trip_09785,420,,300,Outbound,0
2025-01-23,Orange,stop_023,trip_09787,trip_09786,450,,300,Inbound,1
2025-01-24,Red,stop_024,trip_09788,trip_09787,480,,300,Outbound,0
2025-01-25,Orange,stop_025,trip_09789,trip_09788,510,,300,Inbound,1
2025-01-26,Red,stop_026,trip_09790,trip_09789,540,,300,Outbound,0
2025-01-27,Orange,stop_027,trip_09791,trip_09790,570,,300,Inbound,1
2025-01-28,Red,stop_028,trip_09792,trip_09791,240,,300,Outbound,0
2025-01-29,Orange,stop_029,trip_09793,trip_09792,270,,300,Inbound,1
2025-01-30,Red,stop_030,trip_09794,trip_09793,300,,300,Outbound,0
2025-01-31,Orange,stop_031,trip_09795,trip_09794,330,,300,Inbound,1
2025-01-01,Red,stop_032,trip_09796,trip_09795,360,,300,Outbound,0
2025-01-02,Orange,stop_033,trip_09797,trip_09796,390,,300,Inbound,1
2025-01-03,Red,stop_034,trip_09798,trip_09797,420,,300,Outbound,0
2025-01-04,Orange,stop_035,trip_09799,trip_09798,450,,300,Inbound,1
2025-01-05,Red,stop_001,trip_09800,trip_09799,480,,300,Outbound,0
2025-01-06,Orange,stop_002,trip_09801,trip_09800,510,,300,Inbound,1
2025-01-07,Red,stop_003,trip_09802,trip_09801,540,,300,Outbound,0
2025-01-08,Orange,stop_004,trip_09803,trip_09802,570,,300,Inbound,1
2025-01-09,Red,stop_005,trip_09804,trip_09803,240,,300,Outbound,0
2025-01-10,Orange,stop_006,trip_09805,trip_09804,270,,300,Inbound,1
2025-01-11,Red,stop_007,trip_09806,trip_09805,300,,300,Outbound,0
2025-01-12,Orange,stop_008,trip_09807,trip_09806,330,,300,Inbound,1
2025-01-13,Red,stop_009,trip_09808,trip_09807,360,,300,Outbound,0
2025-01-14,Orange,stop_010,trip_09809,trip_09808,390,,300,Inbound,1
2025-01-15,Red,stop_011,trip_09810,trip_09809,420,,300,Outbound,0
2025-01-16,Orange,stop_012,trip_09811,trip_09810,450,,300,Inbound,1
2025-01-17,Red,stop_013,trip_09812,trip_09811,480,,300,Outbound,0
2025-01-18,Orange,stop_014,trip_09813,trip_09812,510,,300,Inbound,1
2025-01-19,Red,stop_015,trip_09814,trip_09813,540,,300,Outbound,0
2025-01-20,Orange,stop_016,trip_09815,trip_09814,570,,300,Inbound,1
2025-01-21,Red,stop_017,trip_09816,trip_09815,240,,300,Outbound,0
2025-01-22,Orange,stop_018,trip_09817,trip_09816,270,,300,Inbound,1
2025-01-23,Red,stop_019,trip_09818,trip_09817,300,,300,Outbound,0
2025-01-24,Orange,stop_020,trip_09819,trip_09818,330,,300,Inbound,1
2025-01-25,Red,stop_021,trip_09820,trip_09819,360,,300,Outbound,0
2025-01-26,Orange,stop_022,trip_09821,trip_09820,390,,300,Inbound,1
2025-01-27,Red,stop_023,trip_09822,trip_09821,420,,300,Outbound,0
2025-01-28,Orange,stop_024,trip_09823,trip_09822,450,,300,Inbound,1
2025-01-29,Red,stop_025,trip_09824,trip_09823,480,,300,Outbound,0
2025-01-30,Orange,stop_026,trip_09825,trip_09824,510,,300,Inbound,1
2025-01-31,Red,stop_027,trip_09826,trip_09825,540,,300,Outbound,0
2025-01-01,Orange,stop_028,trip_09827,trip_09826,570,,300,Inbound,1
2025-01-02,Red,stop_029,trip_09828,trip_09827,240,,300,Outbound,0
2025-01-03,Orange,stop_030,trip_09829,trip_09828,270,,300,Inbound,1
2025-01-04,Red,stop_031,trip_09830,trip_09829,300,,300,Outbound,0
2025-01-05,Orange,stop_032,trip_09831,trip_09830,330,,300,Inbound,1
2025-01-06,Red,stop_033,trip_09832,trip_09831,360,,300,Outbound,0
2025-01-07,Orange,stop_034,trip_09833,trip_09832,390,,300,Inbound,1
2025-01-08,Red,stop_035,trip_09834,trip_09833,420,,300,Outbound,0
2025-01-09,Orange,stop_001,trip_09835,trip_09834,450,,300,Inbound,1
2025-01-10,Red,stop_002,trip_09836,trip_09835,480,,300,Outbound,0
2025-01-11,Orange,stop_003,trip_09837,trip_09836,510,,300,Inbound,1
2025-01-12,Red,stop_004,trip_09838,trip_09837,540,,300,Outbound,0
2025-01-13,Orange,stop_005,trip_09839,trip_09838,570,,300,Inbound,1
2025-01-14,Red,stop_006,trip_09840,trip_09839,240,,300,Outbound,0
2025-01-15,Orange,stop_007,trip_09841,trip_09840,270,,300,Inbound,1
2025-01-16,Red,stop_008,trip_09842,trip_09841,300,,300,Outbound,0
2025-01-17,Orange,stop_009,trip_09843,trip_09842,330,,300,Inbound,1
2025-01-18,Red,stop_010,trip_09844,trip_09843,360,,300,Outbound,0
2025-01-19,Orange,stop_011,trip_09845,trip_09844,390,,300,Inbound,1
2025-01-20,Red,stop_012,trip_09846,trip_09845,420,,300,Outbound,0
2025-01-21,Orange,stop_013,trip_09847,trip_09846,450,,300,Inbound,1
2025-01-22,Red,stop_014,trip_09848,trip_09847,480,,300,Outbound,0
2025-01-23,Orange,stop_015,trip_09849,trip_09848,510,,300,Inbound,1
2025-01-24,Red,stop_016,trip_09850,trip_09849,540,,300,Outbound,0
2025-01-25,Orange,stop_017,trip_09851,trip_09850,570,,300,Inbound,1
2025-01-26,Red,stop_018,trip_09852,trip_09851,240,,300,Outbound,0
2025-01-27,Orange,stop_019,trip_09853,trip_09852,270,,300,Inbound,1
2025-01-28,Red,stop_020,trip_09854,trip_09853,300,,300,Outbound,0
2025-01-29,Orange,stop_021,trip_09855,trip_09854,330,,300,Inbound,1
2025-01-30,Red,stop_022,trip_09856,trip_09855,360,,300,Outbound,0
2025-01-31,Orange,stop_023,trip_09857,trip_09856,390,,300,Inbound,1
2025-01-01,Red,stop_024,trip_09858,trip_09857,420,,300,Outbound,0
2025-01-02,Orange,stop_025,trip_09859,trip_09858,450,,300,Inbound,1
2025-01-03,Red,stop_026,trip_09860,trip_09859,480,,300,Outbound,0
2025-01-04,Orange,stop_027,trip_09861,trip_09860,510,,300,Inbound,1
2025-01-05,Red,stop_028,trip_09862,trip_09861,540,,300,Outbound,0
2025-01-06,Orange,stop_029,trip_09863,trip_09862,570,,300,Inbound,1
2025-01-07,Red,stop_030,trip_09864,trip_09863,240,,300,Outbound,0
2025-01-08,Orange,stop_031,trip_09865,trip_09864,270,,300,Inbound,1
2025-01-09,Red,stop_032,trip_09866,trip_09865,300,,300,Outbound,0
2025-01-10,Orange,stop_033,trip_09867,trip_09866,330,,300,Inbound,1
2025-01-11,Red,stop_034,trip_09868,trip_09867,360,,300,Outbound,0
2025-01-12,Orange,stop_035,trip_09869,trip_09868,390,,300,Inbound,1
2025-01-13,Red,stop_001,trip_09870,trip_09869,420,,300,Outbound,0
2025-01-14,Orange,stop_002,trip_09871,trip_09870,450,,300,Inbound,1
2025-01-15,Red,stop_003,trip_09872,trip_09871,480,,300,Outbound,0
2025-01-16,Orange,stop_004,trip_09873,trip_09872,510,,300,Inbound,1
2025-01-17,Red,stop_005,trip_09874,trip_09873,540,,300,Outbound,0
2025-01-18,Orange,stop_006,trip_09875,trip_09874,570,,300,Inbound,1
2025-01-19,Red,stop_007,trip_09876,trip_09875,240,,300,Outbound,0
2025-01-20,Orange,stop_008,trip_09877,trip_09876,270,,300,Inbound,1
2025-01-21,Red,stop_009,trip_09878,trip_09877,300,,300,Outbound,0
2025-01-22,Orange,stop_010,trip_09879,trip_09878,330,,300,Inbound,1
2025-01-23,Red,stop_011,trip_09880,trip_09879,360,,300,Outbound,0
2025-01-24,Orange,stop_012,trip_09881,trip_09880,390,,300,Inbound,1
2025-01-25,Red,stop_013,trip_09882,trip_09881,420,,300,Outbound,0
2025-01-26,Orange,stop_014,trip_09883,trip_09882,450,,300,Inbound,1
2025-01-27,Red,stop_015,trip_09884,trip_09883,480,,300,Outbound,0
2025-01-28,Orange,stop_016,trip_09885,trip_09884,510,,300,Inbound,1
2025-01-29,Red,stop_017,trip_09886,trip_09885,540,,300,Outbound,0
2025-01-30,Orange,stop_018,trip_09887,trip_09886,570,,300,Inbound,1
2025-01-31,Red,stop_019,trip_09888,trip_09887,240,,300,Outbound,0
2025-01-01,Orange,stop_020,trip_09889,trip_09888,270,,300,Inbound,1
2025-01-02,Red,stop_021,trip_09890,trip_09889,300,,300,Outbound,0
2025-01-03,Orange,stop_022,trip_09891,trip_09890,330,,300,Inbound,1
2025-01-04,Red,stop_023,trip_09892,trip_09891,360,,300,Outbound,0
2025-01-05,Orange,stop_024,trip_09893,trip_09892,390,,300,Inbound,1
2025-01-06,Red,stop_025,trip_09894,trip_09893,420,,300,Outbound,0
2025-01-07,Orange,stop_026,trip_09895,trip_09894,450,,300,Inbound,1
2025-01-08,Red,stop_027,trip_09896,trip_09895,480,,300,Outbound,0
2025-01-09,Orange,stop_028,trip_09897,trip_09896,510,,300,Inbound,1
2025-01-10,Red,stop_029,trip_09898,trip_09897,540,,300,Outbound,0
2025-01-11,Orange,stop_030,trip_09899,trip_09898,570,,300,Inbound,1
2025-01-12,Red,stop_031,trip_09900,trip_09899,240,,300,Outbound,0
2025-01-13,Orange,stop_032,trip_09901,trip_09900,270,,300,Inbound,1
2025-01-14,Red,stop_033,trip_09902,trip_09901,300,,300,Outbound,0
2025-01-15,Orange,stop_034,trip_09903,trip_09902,330,,300,Inbound,1
2025-01-16,Red,stop_035,trip_09904,trip_09903,360,,300,Outbound,0
2025-01-17,Orange,stop_001,trip_09905,trip_09904,390,,300,Inbound,1
2025-01-18,Red,stop_002,trip_09906,trip_09905,420,,300,Outbound,0
2025-01-19,Orange,stop_003,trip_09907,trip_09906,450,,300,Inbound,1
2025-01-20,Red,stop_004,trip_09908,trip_09907,480,,300,Outbound,0
2025-01-21,Orange,stop_005,trip_09909,trip_09908,510,,300,Inbound,1
2025-01-22,Red,stop_006,trip_09910,trip_09909,540,,300,Outbound,0
2025-01-23,Orange,stop_007,trip_09911,trip_09910,570,,300,Inbound,1
2025-01-24,Red,stop_008,trip_09912,trip_09911,240,,300,Outbound,0
2025-01-25,Orange,stop_009,trip_09913,trip_09912,270,,300,Inbound,1
2025-01-26,Red,stop_010,trip_09914,trip_09913,300,,300,Outbound,0
2025-01-27,Orange,stop_011,trip_09915,trip_09914,330,,300,Inbound,1
2025-01-28,Red,stop_012,trip_09916,trip_09915,360,,300,Outbound,0
2025-01-29,Orange,stop_013,trip_09917,trip_09916,390,,300,Inbound,1
2025-01-30,Red,stop_014,trip_09918,trip_09917,420,,300,Outbound,0
2025-01-31,Orange,stop_015,trip_09919,trip_09918,450,,300,Inbound,1
2025-01-01,Red,stop_016,trip_09920,trip_09919,480,,300,Outbound,0
2025-01-02,Orange,stop_017,trip_09921,trip_09920,510,,300,Inbound,1
2025-01-03,Red,stop_018,trip_09922,trip_09921,540,,300,Outbound,0
2025-01-04,Orange,stop_019,trip_09923,trip_09922,570,,300,Inbound,1
2025-01-05,Red,stop_020,trip_09924,trip_09923,240,,300,Outbound,0
2025-01-06,Orange,stop_021,trip_09925,trip_09924,270,,300,Inbound,1
2025-01-07,Red,stop_022,trip_09926,trip_09925,300,,300,Outbound,0
2025-01-08,Orange,stop_023,trip_09927,trip_09926,330,,300,Inbound,1
2025-01-09,Red,stop_024,trip_09928,trip_09927,360,,300,Outbound,0
2025-01-10,Orange,stop_025,trip_09929,trip_09928,390,,300,Inbound,1
2025-01-11,Red,stop_026,trip_09930,trip_09929,420,,300,Outbound,0
2025-01-12,Orange,stop_027,trip_09931,trip_09930,450,,300,Inbound,1
2025-01-13,Red,stop_028,trip_09932,trip_09931,480,,300,Outbound,0
2025-01-14,Orange,stop_029,trip_09933,trip_09932,510,,300,Inbound,1
2025-01-15,Red,stop_030,trip_09934,trip_09933,540,,300,Outbound,0
2025-01-16,Orange,stop_031,trip_09935,trip_09934,570,,300,Inbound,1
2025-01-17,Red,stop_032,trip_09936,trip_09935,240,,300,Outbound,0
2025-01-18,Orange,stop_033,trip_09937,trip_09936,270,,300,Inbound,1
2025-01-19,Red,stop_034,trip_09938,trip_09937,300,,300,Outbound,0
2025-01-20,Orange,stop_035,trip_09939,trip_09938,330,,300,Inbound,1
2025-01-21,Red,stop_001,trip_09940,trip_09939,360,,300,Outbound,0
2025-01-22,Orange,stop_002,trip_09941,trip_09940,390,,300,Inbound,1
2025-01-23,Red,stop_003,trip_09942,trip_09941,420,,300,Outbound,0
2025-01-24,Orange,stop_004,trip_09943,trip_09942,450,,300,Inbound,1
2025-01-25,Red,stop_005,trip_09944,trip_09943,480,,300,Outbound,0
2025-01-26,Orange,stop_006,trip_09945,trip_09944,510,,300,Inbound,1
2025-01-27,Red,stop_007,trip_09946,trip_09945,540,,300,Outbound,0
2025-01-28,Orange,stop_008,trip_09947,trip_09946,570,,300,Inbound,1
2025-01-29,Red,stop_009,trip_09948,trip_09947,240,,300,Outbound,0
2025-01-30,Orange,stop_010,trip_09949,trip_09948,270,,300,Inbound,1
2025-01-31,Red,stop_011,trip_09950,trip_09949,300,,300,Outbound,0
2025-01-01,Orange,stop_012,trip_09951,trip_09950,330,,300,Inbound,1
2025-01-02,Red,stop_013,trip_09952,trip_09951,360,,300,Outbound,0
2025-01-03,Orange,stop_014,trip_09953,trip_09952,390,,300,Inbound,1
2025-01-04,Red,stop_015,trip_09954,trip_09953,420,,300,Outbound,0
2025-01-05,Orange,stop_016,trip_09955,trip_09954,450,,300,Inbound,1
2025-01-06,Red,stop_017,trip_09956,trip_09955,480,,300,Outbound,0
2025-01-07,Orange,stop_018,trip_09957,trip_09956,510,,300,Inbound,1
2025-01-08,Red,stop_019,trip_09958,trip_09957,540,,300,Outbound,0
2025-01-09,Orange,stop_020,trip_09959,trip_09958,570,,300,Inbound,1
2025-01-10,Red,stop_021,trip_09960,trip_09959,240,,300,Outbound,0
2025-01-11,Orange,stop_022,trip_09961,trip_09960,270,,300,Inbound,1
2025-01-12,Red,stop_023,trip_09962,trip_09961,300,,300,Outbound,0
2025-01-13,Orange,stop_024,trip_09963,trip_09962,330,,300,Inbound,1
2025-01-14,Red,stop_025,trip_09964,trip_09963,360,,300,Outbound,0
2025-01-15,Orange,stop_026,trip_09965,trip_09964,390,,300,Inbound,1
2025-01-16,Red,stop_027,trip_09966,trip_09965,420,,300,Outbound,0
2025-01-17,Orange,stop_028,trip_09967,trip_09966,450,,300,Inbound,1
2025-01-18,Red,stop_029,trip_09968,trip_09967,480,,300,Outbound,0
2025-01-19,Orange,stop_030,trip_09969,trip_09968,510,,300,Inbound,1
2025-01-20,Red,stop_031,trip_09970,trip_09969,540,,300,Outbound,0
2025-01-21,Orange,stop_032,trip_09971,trip_09970,570,,300,Inbound,1
2025-01-22,Red,stop_033,trip_09972,trip_09971,240,,300,Outbound,0
2025-01-23,Orange,stop_034,trip_09973,trip_09972,270,,300,Inbound,1
2025-01-24,Red,stop_035,trip_09974,trip_09973,300,,300,Outbound,0
2025-01-25,Orange,stop_001,trip_09975,trip_09974,330,,300,Inbound,1
2025-01-26,Red,stop_002,trip_09976,trip_09975,360,,300,Outbound,0
2025-01-27,Orange,stop_003,trip_09977,trip_09976,390,,300,Inbound,1
2025-01-28,Red,stop_004,trip_09978,trip_09977,420,,300,Outbound,0
2025-01-29,Orange,stop_005,trip_09979,trip_09978,450,,300,Inbound,1
2025-01-30,Red,stop_006,trip_09980,trip_09979,480,,300,Outbound,0
2025-01-31,Orange,stop_007,trip_09981,trip_09980,510,,300,Inbound,1
2025-01-01,Red,stop_008,trip_09982,trip_09981,540,,300,Outbound,0
2025-01-02,Orange,stop_009,trip_09983,trip_09982,570,,300,Inbound,1
2025-01-03,Red,stop_010,trip_09984,trip_09983,240,,300,Outbound,0
2025-01-04,Orange,stop_011,trip_09985,trip_09984,270,,300,Inbound,1
2025-01-05,Red,stop_012,trip_09986,trip_09985,300,,300,Outbound,0
2025-01-06,Orange,stop_013,trip_09987,trip_09986,330,,300,Inbound,1
2025-01-07,Red,stop_014,trip_09988,trip_09987,360,,300,Outbound,0
2025-01-08,Orange,stop_015,trip_09989,trip_09988,390,,300,Inbound,1
2025-01-09,Red,stop_016,trip_09990,trip_09989,420,,300,Outbound,0
2025-01-10,Orange,stop_017,trip_09991,trip_09990,450,,300,Inbound,1
2025-01-11,Red,stop_018,trip_09992,trip_09991,480,,300,Outbound,0
2025-01-12,Orange,stop_019,trip_09993,trip_09992,510,,300,Inbound,1
2025-01-13,Red,stop_020,trip_09994,trip_09993,540,,300,Outbound,0
2025-01-14,Orange,stop_021,trip_09995,trip_09994,570,,300,Inbound,1
2025-01-15,Red,stop_022,trip_09996,trip_09995,240,,300,Outbound,0
2025-01-16,Orange,stop_023,trip_09997,trip_09996,270,,300,Inbound,1
2025-01-17,Red,stop_024,trip_09998,trip_09997,300,,300,Outbound,0
2025-01-18,Orange,stop_025,trip_09999,trip_09998,330,,300,Inbound,1
